HDFCBANK.NS_Return,HDFCBANK.NS_MA7,HDFCBANK.NS_MA21,HDFCBANK.NS_EMA21,HDFCBANK.NS_STD21,HDFCBANK.NS_RSI,Target_Reg,Target_Cls,Split,Date,HDFCBANK_Return_3,HDFCBANK_Return_5,HDFCBANK_Return_10,HDFCBANK_Volatility_7,HDFCBANK_Volatility_14,HDFCBANK_Momentum_5,HDFCBANK_Momentum_10,HDFCBANK_BB_upper,HDFCBANK_BB_lower,HDFCBANK_BB_width,NIFTY_Close,NIFTY_Return,NIFTY_MA7,NIFTY_MA21,NIFTY_RSI
-0.0127389889477901,494.08438982282365,496.4794296991257,496.2500703859672,4.896800391134525,32.22216497903328,477.7651672363281,0,Train,2019-01-01,-0.012512417046049884,-0.011107030540539742,0.008245450646420682,0.0040306974695354615,0.003612789531805609,-5.487810407366055,4.073948451450917,497.5635037951552,486.7996946214184,10.763809173736831,10652.2001953125,0.0,10652.2001953125,10652.2001953125,0.0
-0.0111295082046946,490.27880859375,495.21146065848217,494.5696246450909,6.055646512293277,29.62447045719901,488.3902587890625,1,Train,2019-01-02,-0.012512417046049884,-0.011107030540539742,0.008245450646420682,0.0040306974695354615,0.003612789531805609,-5.487810407366055,4.073948451450917,497.5635037951552,486.7996946214184,10.763809173736831,10652.2001953125,0.0,10652.2001953125,10652.2001953125,0.0
0.0222391506986499,488.4036865234375,494.6686052594866,494.0078641127247,6.1351132831880975,42.83477437648067,490.8557434082031,1,Train,2019-01-03,-0.012512417046049884,-0.011107030540539742,0.008245450646420682,0.0040306974695354615,0.003612789531805609,-5.487810407366055,4.073948451450917,496.7113030265984,485.133286933409,11.578016093189376,10652.2001953125,0.0,10652.2001953125,10652.2001953125,0.0
0.0050481854925887,487.9021998814174,494.4298793247768,493.7213076850409,6.183415339135869,47.490990484763984,494.2487487792969,1,Train,2019-01-04,-0.012512417046049884,-0.011107030540539742,0.008245450646420682,0.0040306974695354615,0.003612789531805609,-5.487810407366055,4.073948451450917,495.7764348845696,484.5581075261446,11.218327358424972,10652.2001953125,0.0,10652.2001953125,10652.2001953125,0.0
0.0069124287871926,487.9910932268416,494.289552234468,493.7692568754279,6.150863676085409,46.09021909120909,496.3973693847656,1,Train,2019-01-05,-0.00466615184423369,-0.011107030540539742,0.008245450646420682,0.0040306974695354615,0.003612789531805609,-5.487810407366055,4.073948451450917,494.96516453606966,484.4989066832384,10.46625785283129,10652.2001953125,0.0,10652.2001953125,10652.2001953125,0.0
0.0043472454119013,488.5965794154576,494.21576218377976,494.00817619445854,6.113977400687332,48.63252981406382,498.4166259765625,1,Train,2019-01-06,0.00039494561024544517,-0.011107030540539742,0.008245450646420682,0.0040306974695354615,0.003612789531805609,-5.487810407366055,4.073948451450917,494.3143773296255,484.77120849161713,9.543168838008341,10652.2001953125,0.0,10652.2001953125,10652.2001953125,0.0
0.0040678229103017,489.8880310058594,494.4354785737537,494.408944356468,6.180926914934128,47.82021028428363,497.1486511230469,0,Train,2019-01-07,0.004070141772110514,-0.0007970517612447825,0.008245450646420682,0.0040306974695354615,0.003612789531805609,-0.390777587890625,4.073948451450917,493.95576436828287,485.228460908742,8.727303459540849,10652.2001953125,0.0,10652.2001953125,10652.2001953125,0.0
-0.0025440059328503,491.8889378138951,494.4405096144904,494.6580086079752,6.183198040374694,47.10737204977745,498.4166259765625,1,Train,2019-01-08,0.007987532233998396,0.0071360052895308446,0.008245450646420682,0.0040306974695354615,0.003612789531805609,3.4852512904575974,4.073948451450917,494.2334035744547,485.5250279964159,8.70837557803884,10652.2001953125,0.0,10652.2001953125,10652.2001953125,0.0
0.0025504944057501,494.8391462053572,494.5987272716704,494.99970109602856,6.242977856303871,43.99153801584356,502.4083557128906,1,Train,2019-01-09,0.012776525773815273,0.01421790335363493,0.008245450646420682,0.003279953861458286,0.003612789531805609,6.9369463239398215,4.073948451450917,495.6765387629133,485.18409956793994,10.492439194973372,10652.2001953125,0.0,10652.2001953125,10652.2001953125,0.0
0.0080088213921576,496.8417314801897,494.9090140206473,495.6732151521069,6.468347907891038,50.87594831734154,500.0719909667969,0,Train,2019-01-10,0.014194469009689126,0.01813688482472764,0.008245450646420682,0.0024677349640664205,0.003612789531805609,8.850638253348109,4.073948451450917,497.46733501220547,484.67558578160026,12.791749230605205,10652.2001953125,0.0,10652.2001953125,10652.2001953125,0.0
-0.0046503301936102,498.15833827427457,495.22264898391,496.0731038625333,6.554979685131675,56.18633552703415,495.4931640625,0,Train,2019-01-11,0.012745560996436645,0.01956984404241302,0.008245450646420682,0.0019381974648489107,0.003612789531805609,9.561758858816972,4.073948451450917,499.1372922549685,484.2941517892685,14.843140465700003,10652.2001953125,0.0,10652.2001953125,10652.2001953125,0.0
-0.0091563354617093,498.3361118861607,495.0918259393601,496.0203820625303,6.519056039485728,51.8683256085872,493.2508544921875,0,Train,2019-01-12,0.00706687356410618,0.01724492199361438,0.016434125136921995,0.0018968913096484897,0.003612789531805609,8.448080880301347,8.057303292410722,500.30995267079487,484.2248896841159,16.085062986678963,10652.2001953125,0.0,10652.2001953125,10652.2001953125,0.0
-0.0045254096987494,497.8866097586496,494.8732314336868,495.76860682886274,6.499183530988579,51.07616695792365,490.7265625,0,Train,2019-01-13,0.002103040490071262,0.012193142564681514,0.019416158184049737,0.0023479129205882993,0.003612789531805609,5.997671944754529,9.482923235212127,501.00674722485013,484.3925856810136,16.61416154383653,10652.2001953125,0.0,10652.2001953125,10652.2001953125,0.0
-0.0051176636982946,496.7880292619978,494.3991379510789,495.3102391626025,6.416831921926507,51.33746585290052,489.3529968261719,0,Train,2019-01-14,-0.002750749926266005,0.00393841730506872,0.018212316695313202,0.002993183270729741,0.003612789531805609,1.9488830566405682,8.88582938058039,501.26665135771805,484.71673337801224,16.54991797970581,10652.2001953125,0.0,10652.2001953125,10652.2001953125,0.0
-0.0027990448832247,495.6743643624442,493.88256399972096,494.76867167747247,6.362830249931558,56.80823389771993,495.0588989257813,1,Train,2019-01-15,-0.00534126959742498,-0.0023495754156313,0.015744695430395916,0.0032076655235405405,0.003612789531805609,-1.1673671177455276,7.683271135602581,501.26392993157475,485.07714440343267,16.18678552814208,10652.2001953125,0.0,10652.2001953125,10652.2001953125,0.0
0.0116600943217197,495.1946890694754,493.4375479561942,494.7950559727733,5.90013362762657,68.8219214481442,496.8316345214844,1,Train,2019-01-16,-0.005406694288242031,-0.005949211279020039,0.013504207626487297,0.0024184717650917735,0.0028403381580218096,-2.9636492047991965,6.598109654017776,501.1812357172351,485.4128576055188,15.768378111716288,10652.2001953125,0.0,10652.2001953125,10652.2001953125,0.0
0.0035808579535681,494.3980146135603,493.2144775390625,494.9801994772016,5.663228645161261,61.380184826639656,491.0905151367188,0,Train,2019-01-17,-0.0048109344582798474,-0.007902492271120054,0.00920615185972351,0.0017283872300684004,0.0026210976085465605,-3.93809727260043,4.509983607700917,501.0143003780137,485.7093185861735,15.304981791840191,10652.2001953125,0.0,10652.2001953125,10652.2001953125,0.0
-0.0115554626272842,493.1149466378348,493.0584949311756,494.6265918098849,5.675020258767792,50.29082053503728,499.0623474121094,1,Train,2019-01-18,-0.00516350634332563,-0.00958383500839255,0.0024924504897152477,0.0010274116794668261,0.0027394766119520075,-4.7716631208148215,1.2260088239397078,500.77301354881365,485.92317621045595,14.849837338357702,10652.2001953125,0.0,10652.2001953125,10652.2001953125,0.0
0.0162329184329108,493.6248299734933,493.3173450288318,495.0298423191781,5.824232344431623,55.35528520869493,495.5989074707031,0,Train,2019-01-19,-0.0031701856474510848,-0.006367301750816234,-0.002453961537149607,0.00123668913604376,0.0027350437276537237,-3.1631992885044724,-1.2143162318639042,500.579500913274,486.14581885587546,14.433682057398528,10652.2001953125,0.0,10652.2001953125,10652.2001953125,0.0
-0.0069398943025174,493.9602661132813,493.4811517624628,495.08157551477126,5.838380973454341,49.13693460706181,491.2784423828125,0,Train,2019-01-20,-0.0008854171888638129,-0.0034581135769803373,-0.0057995638939667415,0.0014579980587274084,0.0027325724000656273,-1.7140982491628733,-2.881465366908401,500.42197981573844,486.3631005762816,14.058879239456815,10652.2001953125,0.0,10652.2001953125,10652.2001953125,0.0
-0.0087176646735163,494.0391060965402,493.57172212146577,494.73583613913866,5.786039487187642,42.64991836175482,487.8267517089844,0,Train,2019-01-21,0.0018741258301062658,-0.0023335932279617833,-0.008268921467829426,0.0014408690974109777,0.0026827251441667237,-1.1555829729351785,-4.119232177734375,500.418806447127,486.36174557226485,14.057060874862145,10652.2001953125,0.0,10652.2001953125,10652.2001953125,0.0
-0.0070259355511034,493.8210710797991,493.7947910853795,494.1077375545792,5.44404268671698,40.81445966313068,489.1885986328125,1,Train,2019-01-22,0.00039755112463923936,-0.0011669616719884868,-0.009060232037514937,0.0012918281877538965,0.00249765519103036,-0.5769435337612094,-4.51504080636164,500.44264016111583,486.692138106881,13.750502054234857,10652.2001953125,0.0,10652.2001953125,10652.2001953125,0.0
0.0027916610129665,492.98245675223217,494.3387640090216,493.6605431071458,4.188115007310412,40.9237494582176,494.7653503417969,1,Train,2019-01-23,-0.001979530395719964,-0.00026867951682663094,-0.00984993954505975,0.0013603656317590588,0.001924211343640263,-0.13248988560263797,-4.904153006417459,500.2389191256366,487.35373616523964,12.885182960396946,10652.2001953125,0.0,10652.2001953125,10652.2001953125,0.0
0.011400003443601,492.6872732979911,494.642339797247,493.76098012847774,3.960227798962293,42.70999734534293,494.09613037109375,0,Train,2019-01-24,-0.002736287030454032,-0.0018993304602455963,-0.008254538600896977,0.001292166729900543,0.0014700672319643282,-0.9375566755022078,-4.10075596400668,499.88460447763106,488.18655815490234,11.698046322728715,10652.2001953125,0.0,10652.2001953125,10652.2001953125,0.0
-0.0013526007232333,493.1166469029018,494.796643938337,493.79144833235193,3.867351236893705,44.11291636677616,499.320556640625,1,Train,2019-01-25,-0.0014264765481898367,-0.001707868564039594,-0.005160076137550984,0.0009792122378849543,0.0012240050818777396,-0.8436192103795292,-2.5577174595424026,499.4319517883761,489.15176621176346,10.280185576612666,10652.2001953125,0.0,10652.2001953125,10652.2001953125,0.0
0.0105737040798263,493.1535339355469,495.0381585984003,494.2940945421949,3.987911689538489,53.723173710503474,499.7197570800781,1,Train,2019-01-26,0.0003470248909904772,-0.0017925142970772745,-0.004121924525814391,0.0008717668183764361,0.001207020323905423,-0.8855721609933198,-2.0411551339284983,498.95209739797343,490.08731605417523,8.8647813437982,10652.2001953125,0.0,10652.2001953125,10652.2001953125,0.0
0.0007994872915686,493.74222673688615,495.1963675362723,494.7873365910933,4.108607256872803,56.52679683742574,499.7785339355469,1,Train,2019-01-27,0.002141223238492307,-0.00015966176319803793,-0.0013264371160283117,0.0009682722929150153,0.0013115823069975005,-0.07884434291293019,-0.6557878766741396,498.5983757857636,490.82645723948764,7.77191854627597,10652.2001953125,0.0,10652.2001953125,10652.2001953125,0.0
0.0001176196350773,494.95652553013394,495.261220296224,495.2410818042255,4.172235209231365,59.61115355876604,509.7695617675781,1,Train,2019-01-28,0.0037311225219991417,0.004004338797179319,0.003734583396539648,0.0013651042112367054,0.001455773789788669,1.9740687779017776,1.8415788922991396,498.51762399218126,491.21396780469377,7.303656187487491,10652.2001953125,0.0,10652.2001953125,10652.2001953125,0.0
0.0199909102805118,498.0912126813616,495.8622160412016,496.5618527099848,5.232090386983334,68.3244825670765,522.813232421875,1,Train,2019-01-29,0.01001245739112977,0.010968295054989197,0.009048132177848611,0.0026120770648732157,0.0021819237706192456,5.403939383370471,4.466382707868263,498.95453530117084,491.10226314330464,7.852272157866196,10652.2001953125,0.0,10652.2001953125,10652.2001953125,0.0
0.0255873862085236,502.8947317940848,497.0239592052641,498.9483417747021,7.870784838313657,72.011106066224,522.3905639648438,0,Train,2019-01-30,0.018537010937239584,0.019829151890522922,0.018087417741317946,0.0037571146714409295,0.003263938284465279,9.778084891183028,8.934465680803498,500.56209341340116,490.1000050624639,10.462088350937279,10651.7998046875,-3.758759858607519e-05,10652.0,10652.0,0.0
-0.0008084501898952,506.84119088309154,497.9754929315476,501.0794528828968,9.577171413367838,70.71355752874253,529.0239868164062,1,Train,2019-01-31,0.024011533821537645,0.02775536624124353,0.02591310005335834,0.003819206373943976,0.003617813561706481,13.687656947544667,12.802084786551347,503.0300801887723,488.5003035479744,14.529776640797877,10830.9501953125,0.016818790618479573,10711.650065104166,10711.650065104166,99.77700424235832
0.0126982057279443,511.8308846609933,499.35415940057663,503.6198650586703,11.734868487199986,80.3038961469561,531.0081176757812,1,Train,2019-02-01,0.027584650421089263,0.03663583332471698,0.0364703222197742,0.004068193747279033,0.003970245253510029,18.088657924107167,18.009813581194237,506.6285699134046,486.25129110082537,20.37727881257922,10893.650390625,0.005788983808607595,10757.150146484375,10757.150146484375,99.83472073851611
0.0037505498972083,516.3576790945871,501.0453476678757,506.1097062056804,13.566772064240054,78.22027688679475,532.4874267578125,1,Train,2019-02-02,0.026770905418859625,0.0432384511781736,0.04741593138293565,0.0034840043221093238,0.004260545854197876,21.401153564453125,23.375222342354903,510.9021582410887,483.824809706735,27.077348534353746,10893.650390625,0.005788983808607595,10757.150146484375,10757.150146484375,99.83472073851611
0.0027858502210966,521.0387747628348,502.9137558710007,508.5076808013287,15.059359822066282,83.77042337807325,539.8250732421875,1,Train,2019-02-03,0.028011898273315516,0.04607100365802519,0.057544619074615166,0.0026109932253447253,0.0044593272277853035,22.947562081473222,28.351501464843693,515.752736775213,481.39930572269435,34.3534310525186,10893.650390625,0.005788983808607595,10757.150146484375,10757.150146484375,99.83472073851611
0.013779943179226,526.7597089494977,505.2517801920573,511.3547164777704,16.785128120721502,92.11646644187267,534.459716796875,0,Train,2019-02-04,0.02916749406084085,0.047455214076859153,0.06822536261530932,0.0014993596653357364,0.004705397069553419,23.86497715541293,33.64306204659596,521.3510509012019,478.90952605541065,42.441524845791264,10912.25,0.0017073807867935553,10788.1701171875,10788.1701171875,99.84650575977777
-0.0099390649142845,530.2868739536831,507.3997192382813,513.4551710522345,17.51892731262999,89.15613624285137,535.6690063476562,1,Train,2019-02-05,0.026975864643904002,0.04625844049837613,0.07529772669740087,0.0013971658522308318,0.004499134526597071,23.445683070591542,37.13334001813621,526.8586103592896,476.9111850857439,49.94742527354572,10934.349609375,0.0020252110586724825,10812.533365885416,10812.533365885416,99.85849431043587
0.0022626392837028,532.1234130859375,509.3335338774182,515.4746106245456,18.31199144162344,89.12828349052435,542.7250366210938,1,Train,2019-02-06,0.021274114058302374,0.03964694009894454,0.07773527211296138,0.0024616332910528792,0.004091198680491823,20.29252842494418,38.38118634905135,531.8674837253365,475.67485156693493,56.19263215840152,11062.4501953125,0.011715428033110209,10848.235770089286,10848.235770089286,99.90259339155556
0.0131723698586698,535.028337751116,511.5189339773996,517.9519220787772,19.448624801769203,89.39247264660543,539.9307250976562,0,Train,2019-02-07,0.015697155004714025,0.03615838286605366,0.08096026651646282,0.002660875531992026,0.0037005340123930203,18.670658656528985,40.07181222098211,536.7325332373982,475.00114116620097,61.73139207119726,11069.400390625,0.0006282690714798367,10907.83579799107,10875.88134765625,99.90421299292345
-0.0051486689113042,536.586443219866,513.8446582612537,519.9499950804935,19.80063237575506,86.37708539208278,540.7174072265625,1,Train,2019-02-08,0.011879549684522539,0.029839753220109566,0.07728550425789305,0.003023141042467861,0.0035226025074279643,15.54766845703125,38.49523053850447,541.1869593675801,474.84287636065653,66.3440830069236,10943.599609375,-0.011364733121095205,10949.521484375,10883.405598958334,76.79279809931884
0.0014570056719109,537.9734845842634,515.8282325381324,521.837941639227,20.325234152843088,85.34475211366251,542.8306884765625,1,Train,2019-02-09,0.010993824655073148,0.021288218222173638,0.06975366925208104,0.0032276263880945833,0.003247779878793008,11.213775634765625,35.078752790178555,545.2492465561666,475.18191101916835,70.0673355369982,10943.599609375,-0.011364733121095205,10949.521484375,10883.405598958334,76.79279809931884
0.0039082915063515,539.4510934012277,518.0773649669829,523.7463731698938,20.58637822814941,85.76150909999488,538.8507080078125,0,Train,2019-02-10,0.008266395138436522,0.017281626036146358,0.0643394876042307,0.003067923957302601,0.0030846862388050063,9.16421944754461,32.60990251813615,548.9621963268784,476.0101599789251,72.95203634795325,10943.599609375,-0.011364733121095205,10949.521484375,10883.405598958334,76.79279809931884
-0.0073319002651078,539.3118983677456,520.3427109491257,525.1194945187955,20.10169303774322,80.43155522363794,538.3574829101562,0,Train,2019-02-11,0.005079247122840247,0.013509056555357946,0.05369158941034602,0.002229060475226761,0.0034159456520519494,7.188485281808084,27.481013706752265,552.0014352329379,477.52000380166027,74.4814314312776,10888.7998046875,-0.005007475295473629,10957.785714285714,10883.94501953125,69.76269560564336
-0.0009153279198236,539.8687220982143,522.7489362444196,526.3229480089192,19.009494127367685,76.13203025925907,536.2911376953125,0,Train,2019-02-12,0.0035229199361295205,0.009046968180122628,0.045532474785410226,0.0018099216258613486,0.0036783068140484885,4.840384347098279,23.511043003627265,554.476115832848,479.73394973634834,74.74216609649966,10831.400390625,-0.005271417887377283,10948.892857142857,10879.168235085228,63.65853113904831
-0.0038382399807538,539.9575980050223,524.9919142950149,527.2291470713186,17.576493304774356,65.41329767036697,541.3748168945312,1,Train,2019-02-13,0.0009389259007728246,0.0062825940307531525,0.03630981830632263,0.0019596655901511434,0.0037825103687894705,3.37115478515625,18.9188232421875,556.3128254671486,482.624272572751,73.68855289439762,10831.400390625,-0.005271417887377283,10948.892857142857,10879.168235085228,63.65853113904831
0.0094793272569553,539.7647094726562,527.2114127022879,528.5151170552471,16.477207030084294,69.61884794033571,537.5709838867188,0,Train,2019-02-14,0.000839608965203853,0.0033295783894946585,0.024688677403011727,0.001464393638229302,0.00395552722628626,1.7912248883928896,13.005000523158515,557.5098266306003,486.0920776662748,71.41774896432548,10746.0498046875,-0.007879921603800577,10925.149972098214,10868.075032552084,56.329629161265856
-0.0070262466762534,539.4276035853794,529.2816438220796,529.33837767629,14.749004757642725,59.38135600033229,537.0661010742188,0,Train,2019-02-15,-0.0008170847740919251,-4.3543921099842287e-05,0.0172373296052859,0.0014087327211102605,0.0038583947958939035,-0.02348981584827925,9.140729631696331,557.9557625222321,490.27354873962605,67.68221378260608,10724.400390625,-0.002014639281967212,10895.1572265625,10857.02313701923,54.73133046551126
-0.0009391928278004,538.905988420759,531.0790506998698,530.0408979851926,13.125832840746044,56.87253671898585,525.34912109375,0,Train,2019-02-16,-0.0019475780841842205,-0.0007526441530683048,0.01274624488985987,0.0012731405829887444,0.0037544739032319982,-0.4059099469866396,6.782575334821445,557.6074677877083,495.1382196425374,62.469248145170866,10724.400390625,-0.002014639281967212,10895.1572265625,10857.02313701923,54.73133046551126
-0.0218166440909841,536.4086216517857,532.2994966052827,529.6143728132432,11.099318221976771,43.428369145014834,530.08056640625,1,Train,2019-02-17,-0.006217686636366904,-0.006409151530358925,0.0025798332598070406,0.0018044973136277175,0.0038539577100927805,-3.460100446428669,1.3802839006696104,556.2111079109104,500.6797891315002,55.53131877941024,10724.400390625,-0.002014639281967212,10895.1572265625,10857.02313701923,54.73133046551126
0.0090062876714238,535.155744280134,533.7424505324591,529.656754048971,8.268867822625188,40.57688221545435,531.9003295898438,1,Train,2019-02-18,-0.007919244912295897,-0.008893020012367137,-0.0026662972160589327,0.0018690087189553676,0.0030491317407076346,-4.80185372488836,-1.4306989397321104,554.2146935473165,506.3826566549714,47.832036892345116,10640.9501953125,-0.00778133902809619,10834.942940848214,10841.58935546875,49.3354607818027
0.0034329935842225,534.2332938058036,534.7962966192337,529.8607154617777,6.216329673239626,47.34281394438114,537.4300537109375,1,Train,2019-02-19,-0.00867070456694774,-0.010247827562229528,-0.006952370117925377,0.0016175399621146472,0.0026752282618908094,-5.531415666852695,-3.740190778459805,552.0348113595306,511.69639504392904,40.33841631560159,10604.349609375,-0.0034395975233135756,10768.507114955357,10825.773372395834,47.29061261052038
0.0103961659985392,534.39599609375,535.4923357282366,530.5488371207922,5.59474781255412,51.67782190769159,541.2457275390625,1,Train,2019-02-20,-0.0037520380486020244,-0.009327678928898187,-0.009370816686282701,0.0016421711781368334,0.002538811186740338,-5.031607491629416,-5.055097307477695,549.623715933577,516.8629709909486,32.760744942628435,10735.4501953125,0.012362906803977669,10738.771484375,10820.128173828125,54.125781970981095
0.0070998519747413,534.3775547572544,536.3902006603423,531.5212817042712,4.850462686940404,48.49785248126731,538.5687866210938,0,Train,2019-02-21,-0.0014541365409920237,-0.008403012326463344,-0.009149332001435861,0.0016828673354204134,0.0020608769271671947,-4.528433663504529,-4.934343610491169,547.282354974901,521.458998959251,25.823356015650006,10789.849609375,0.005067269008080633,10724.6357421875,10818.34708180147,47.688383532691745
-0.0049458883123941,534.5200980050223,536.844714936756,532.1619639694369,4.564464087738414,48.61373073797685,532.7103881835938,0,Train,2019-02-22,0.000536851975614594,-0.0035206810079747575,-0.009907267960263533,0.0017846675320012566,0.0018781061864663726,-1.8885236467633604,-5.348624093192029,545.0222421204813,525.5353537047139,19.486888415767453,10791.650390625,0.00016689586186968697,10718.95717075893,10816.863932291666,43.84133513212639
-0.0108777162416983,533.8978533063616,536.925775437128,532.2118207161784,4.469762025997789,42.61265411068828,527.2158813476562,0,Train,2019-02-23,-0.0009321604035763542,-0.0023505138218489208,-0.011222630667759081,0.0017800235211331019,0.0016977389230899834,-1.2578909737723052,-6.059744698660666,543.0565561199496,528.7869475595985,14.269608560351116,10791.650390625,0.00016689586186968697,10718.95717075893,10816.863932291666,43.84133513212639
-0.0103142475870845,534.164533342634,536.6747494652158,531.7576444099491,4.862279613517455,36.43968345674563,535.3050537109375,1,Train,2019-02-24,-0.0003986346595662438,-0.00012870868208114672,-0.010375217259930958,0.0011322272640034885,0.0014512712328278734,-0.06876046316961038,-5.600176130022305,542.0631375826367,530.520848536225,11.542289046411724,10791.650390625,0.00016689586186968697,10718.95717075893,10816.863932291666,43.84133513212639
0.0153431879605065,534.910888671875,536.4595104399182,532.0801361645844,4.815671826245274,47.12597957729755,531.4776611328125,0,Train,2019-02-25,0.0007311056559169415,0.00096350380970045,-0.008373162373381482,0.0010538591959042836,0.0015540307753033865,0.514892578125,-4.516714913504416,541.6114865813369,531.4349010093439,10.176585571992973,10880.099609375,0.008196078963680797,10738.107142857143,10820.192125822368,48.209791822095
-0.0071499279739506,534.8505074637277,536.3175077892486,532.0253657071505,4.920417110657697,44.70935455618169,535.5868530273438,1,Train,2019-02-26,0.0017843378681265953,0.0008850534650319819,-0.007525395976607507,0.0007685163425992578,0.0014912684960063528,0.47295270647327925,-4.05548095703125,541.3845969650419,531.9345000634179,9.450096901623965,10835.2998046875,-0.004117591409631749,10753.949916294643,10820.947509765625,44.620667050650916
0.0077316361439778,534.5871930803571,536.3135957263764,532.3491372817135,4.920991118308655,49.47489708638192,544.1573486328125,1,Train,2019-02-27,0.0007912538391088297,0.00012552395239251446,-0.003395598985377557,0.0008026959283763178,0.0014733565814770298,0.06709507533480519,-1.8214285714285552,541.3985829656901,531.876399595694,9.522183369996128,10806.650390625,-0.002644081343287419,10777.621372767857,10820.266694568452,34.425246964891556
0.0160020649443222,535.0031389508929,536.3818010602679,533.4226110409044,5.023162677642586,51.9720728631804,553.1622314453125,1,Train,2019-02-28,0.0001724591534244535,0.0020702193082184905,-0.00028516059272865046,0.0008458032633910679,0.001524773538232598,1.10528564453125,-0.1526053292410552,541.3753164067012,531.7413357277852,9.633980678916032,10792.5,-0.0013094150466157473,10804.5,10826.94763764881,33.28704369537489
0.0165483069099858,537.0879167829241,537.0118727911087,535.2171219867596,6.185848566281395,60.29132714355815,556.0151977539062,1,Train,2019-03-01,0.0041832423975931565,0.005472814568942885,0.005343401488111299,0.0016486186765581764,0.0019467962775241293,2.923383440290195,2.8546229771205844,541.2923916283763,531.7357037259764,9.556687902399972,10863.5,0.006578642575862936,10822.79282924107,10837.028599330357,44.822928527606585
0.0051575580298377,540.4171752929688,537.7403390066964,537.1078561474093,7.421407886366167,62.13168692118323,546.7402954101562,0,Train,2019-03-02,0.010905577776786135,0.01029383910050008,0.011267261063390155,0.002433441027764912,0.0025946009555527874,5.50628662109375,6.02117919921875,541.4831179453067,531.64158559822,9.84153234708674,10863.5,0.006578642575862936,10822.79282924107,10837.028599330357,44.822928527606585
-0.0166810230749395,543.2063773018973,537.9265107654389,537.9835324440226,7.602320696525342,64.13723166435264,545.3079223632812,0,Train,2019-03-03,0.015333065834137738,0.015622813705073124,0.01652169419550842,0.0026649247400648956,0.002509131211727527,8.35586983816961,8.82882254464289,542.3923207127796,531.1218307241625,11.2704899886171,10863.5,0.006578642575862936,10822.79282924107,10837.028599330357,44.822928527606585
-0.0026198417400357,544.6353585379464,538.2339971633185,538.6493860730461,7.770299834973558,60.52246882504828,541.76220703125,0,Train,2019-03-04,0.014052525702366037,0.018796120796853666,0.018924004112618187,0.002627795016648054,0.0023628585522509522,10.048165457589334,10.11526053292414,543.5180787729894,530.4727363079257,13.04534246506364,10863.5,0.006578642575862936,10822.79282924107,10837.028599330357,44.822928527606585
-0.0065022259655878,546.1045793805804,538.3961268833706,538.9323697965192,7.80843197985899,56.6560248483026,537.9231567382812,0,Train,2019-03-05,0.010524099432125622,0.020750234197610018,0.022863411041314396,0.002347533825193429,0.002225202078430266,11.1014404296875,12.20672607421875,544.9033529888765,529.7021602295944,15.201192759282094,10987.4501953125,0.011409784628572783,10851.021484375,10844.480980282739,55.85288582764758
-0.0070862275794504,546.4383370535714,538.4738420758929,538.8406231548612,7.794543246027543,50.34057998507669,539.2380981445312,1,Train,2019-03-06,0.005949782415529237,0.017409477998788114,0.022977571412560627,0.00209930943760436,0.0022132302985281875,9.350420270647305,12.2738037109375,546.2151609112526,529.0577150653099,17.157445845942675,11053.0,0.005965879573721855,10888.357142857143,10852.069056919643,63.021477708585344
0.0024444781559938,545.7355869838169,538.3720935639881,538.8767572448312,7.768684292628891,48.563741110984,537.0543823242188,0,Train,2019-03-07,0.002020119385608643,0.00984130766747926,0.0202364516056468,0.0025768766093393182,0.0023073966889690244,5.318411690848166,10.824698311941916,547.2421515342355,528.6615227821708,18.58062875206474,11058.2001953125,0.00047047817900125466,10913.800083705357,10859.019066220239,70.2497820710347
-0.0040496319303596,543.4344656808036,538.3474934895834,538.7110867975028,7.772165047560114,48.90889454113062,537.21875,1,Train,2019-03-08,-0.004889381632370515,0.00041989267511755024,0.01604926628523029,0.0036328569183906776,0.0027594321277911436,0.22808837890625,8.58395821707586,547.7819409770342,528.5745810653765,19.207359911657704,11035.400390625,-0.0020618006804727917,10942.38588169643,10863.831008184523,70.14508632054108
0.0003060540630352,540.7492588588169,538.3547624860491,538.5754198159117,7.770977983075627,53.53854143013315,536.9369506835938,0,Train,2019-03-09,-0.010411198865420745,-0.007135232074468312,0.011526774038399967,0.003763770452912769,0.0031621025248996966,-3.8860996791295292,6.162065778459805,548.026732912835,528.763852850279,19.26288006255595,11035.400390625,-0.0020618006804727917,10942.38588169643,10863.831008184523,70.14508632054108
-0.0005245522729916,539.3487810407366,538.9065638950893,538.42646807661,7.191075294612149,58.30988943104362,542.5606689453125,1,Train,2019-03-10,-0.011703114283565408,-0.01237088754594684,0.008122647837852437,0.003107442265170243,0.0032982594645834615,-6.75579833984375,4.34564208984375,548.1213285172545,529.0885609219196,19.032767595334917,11035.400390625,-0.0020618006804727917,10942.38588169643,10863.831008184523,70.14508632054108
0.0104737032058586,538.956316266741,539.5008544921875,538.8023045192193,6.936384945744086,56.47527785585268,554.6415405273438,1,Train,2019-03-11,-0.008240458963993724,-0.013692342354992726,0.0034787591108143,0.0026810505510599654,0.003312328893027942,-7.48202078683039,1.8683994838169156,548.1324522783106,529.5497394069574,18.582712871353124,11168.0498046875,0.012020353532001593,10994.014369419643,10868.859561011905,82.09717818379032
0.0222663976095343,540.7962210518973,540.5837692987351,540.2422350654124,7.446859482667463,68.01823487129528,571.136962890625,1,Train,2019-03-12,8.684652324730813e-05,-0.00905084082791563,0.0007013947303267098,0.002874337085885814,0.0033917322942524464,-4.93936593191961,0.3790457589285552,548.2464296066237,530.075784574459,18.170645032164657,11301.2001953125,0.011922438828049886,11066.685825892857,10879.897646949405,87.96932549940246
0.0297406904423309,545.5410505022321,542.1888602120536,543.0508466858862,9.946264087853026,73.18529109939391,564.4095458984375,0,Train,2019-03-13,0.011481011321740286,0.003876428446233149,0.00429794880526102,0.0048194950683202505,0.003975068245995956,2.106584821428555,2.334673200334805,548.9379103629428,530.5006533926376,18.43725697030527,11341.7001953125,0.0035836901656514097,11135.00013950893,10898.854817708334,86.6514031205647
-0.0117789907312929,549.1369716099331,543.2918991815476,544.9925466143,11.058666657666787,63.53355858538233,564.8909912109375,1,Train,2019-03-14,0.018889574230638306,0.015511279236549269,0.008265370584956244,0.005413497855357267,0.0041961618212749035,8.387712751116169,4.50161307198664,550.2335540303741,530.6666970856973,19.56685694467683,11343.25,0.00013664659273393553,11185.828683035714,10920.495303199405,85.74018012563384
0.0008530070336312,553.1136300223214,544.5453374953497,546.8014961230851,11.952200402868304,58.84539115737067,547.5972900390625,0,Train,2019-03-15,0.022776433138651964,0.025521238696458948,0.012834630776564993,0.00534017727266377,0.004410063697758966,13.764848981584805,7.009050641741055,552.2068031348556,530.6150256528117,21.59177748204388,11426.849609375,0.007369987382364052,11239.235770089286,10948.850027901786,87.10284276167029
-0.0306142272419729,554.5962785993304,545.2542375837054,546.8738410245377,11.652890097488822,44.786991574912975,557.2831420898438,1,Train,2019-03-16,0.016598619093397105,0.029018979573195658,0.014929299415094244,0.004220923412908652,0.004256811768742081,15.639962332589334,8.157941545758945,554.1671937706404,530.6978095426965,23.46938422794392,11426.849609375,0.007369987382364052,11239.235770089286,10948.850027901786,87.10284276167029
0.0176879108552387,557.5028773716518,546.6860119047619,547.8201411213837,11.162570646063251,56.49586933500205,565.50146484375,1,Train,2019-03-17,0.015234643074918175,0.030892701667290856,0.0215622559138402,0.0032172404000241905,0.004261618328197781,16.70665631975453,11.767290387834919,556.5326013045764,530.5916008787384,25.941000425837956,11426.849609375,0.007369987382364052,11239.235770089286,10948.850027901786,87.10284276167029
0.0147471224826343,560.7801339285714,548.1239362444196,549.4275341870533,11.561000332840075,61.481909756661295,567.3446655273438,1,Train,2019-03-18,0.013860630962828857,0.027933889507141707,0.03191860167727412,0.002129355244310443,0.0043928392241263554,15.239083426339334,17.34566824776789,559.2666388215212,530.4505260082781,28.81611281324308,11462.2001953125,0.0030936423551506387,11296.95005580357,10982.952427455357,86.24990725751032
0.0032594092114386,562.5948660714286,549.8318888346354,551.0563643088979,11.62801227625725,64.8331923658125,567.5089721679688,1,Train,2019-03-19,0.014422360518355992,0.024507354553164218,0.040398774209536636,0.0021618156385057267,0.004400845647150887,13.45789446149547,21.84560721261164,561.8586641485233,530.659267980383,31.19939616814031,11532.400390625,0.006124495656707252,11367.95005580357,11021.428617931548,92.08020948408296
0.0002896063902746,562.0765816824777,551.3519897460938,552.5520559324498,11.75850070705663,67.91796535388363,572.8275146484375,1,Train,2019-03-20,0.008203911578696488,0.01620453949000411,0.04213933810675363,0.0028370646434758232,0.004460348055149667,8.96295166015625,22.727800641741055,563.7877979171842,531.4374784848806,32.35031943230365,11521.0498046875,-0.0009842344657688962,11418.378627232143,11063.338123139882,94.04430048225994
0.009371732855872,563.2791486467634,552.7172357468378,554.395279452085,12.521062768682594,69.40178798696697,569.4931640625,0,Train,2019-03-21,0.0044563182020820324,0.01565619962211451,0.04512950613233824,0.0027290286618438173,0.0043574089915522935,8.68287004743297,24.322832380022305,565.7378614698262,532.1065381186224,33.63132335120372,11521.0498046875,-0.0009842344657688962,11418.378627232143,11063.338123139882,94.04430048225994
-0.0058208631755125,563.9366019112723,553.4948992047991,555.7678144166682,13.046214081670485,68.49136626319067,576.9484252929688,1,Train,2019-03-22,0.002384905943441984,0.011540253513941057,0.04278946479020296,0.0023304094805751034,0.003960249708145778,6.433724539620471,23.140380859375,567.6815330352084,532.5148092150706,35.166723820137804,11456.900390625,-0.005568018119008533,11440.621512276786,11103.935779389882,88.5830656576655
0.0130910460404587,568.129621233259,554.4917195638021,557.6933244963319,14.01235767295565,70.9094284857078,575.8212890625,0,Train,2019-03-23,0.010769065547371781,0.01310582679382799,0.04140581301852819,0.0029174528619012874,0.0034870144754985907,7.3494873046875,22.588570731026834,570.3465902113985,532.3420764320167,38.004513779381796,11456.900390625,-0.005568018119008533,11440.621512276786,11103.935779389882,88.5830656576655
-0.0019536169630698,570.7779279436384,555.8765287853423,559.3413212750744,14.631332272738389,70.28404883090221,569.0236206054688,0,Train,2019-03-24,0.013312723034201168,0.01454521248896512,0.03940903172164756,0.0028660582354419154,0.0030127536577285842,8.183061872209805,21.640956333705276,573.2408814218965,532.062042162088,41.178839259808456,11456.900390625,-0.005568018119008533,11440.621512276786,11103.935779389882,88.5830656576655
-0.0118051704342133,571.2810930524554,557.005847749256,560.2215303051103,14.68993818121873,63.63739303348635,574.7293701171875,1,Train,2019-03-25,0.01302361137101471,0.016375902625983096,0.03284580607677445,0.002757667121605659,0.002841984680824984,9.204511369977695,18.167463030133945,575.8487113640194,531.9718635871525,43.87684777686695,11354.25,-0.008959700017030503,11442.414341517857,11133.402436755952,77.4883652745839
0.0100272630258257,572.3360508510044,558.5757126581101,561.5404248334809,14.740906257205452,61.08008238715364,572.97998046875,0,Train,2019-03-26,0.007403996307417282,0.01607888775219113,0.031986821650655584,0.0027590523691158495,0.00290436247883933,9.056902204241055,17.739772251674026,578.3126690407515,532.0976772901637,46.21499175058784,11483.25,0.011361384503600025,11462.414341517857,11166.42150297619,77.61499926570174
-0.0030438494000764,573.1176234654018,560.2450852167038,562.5803844366872,14.262395155243455,51.2140715866399,574.905517578125,1,Train,2019-03-27,0.004099134544660377,0.016280237039081324,0.028008368615720425,0.0024048008727531227,0.002642744306912202,9.18102155412953,15.61474609375,580.5478865960267,532.600663383047,47.94722321297968,11445.0498046875,-0.0033266013813597617,11465.014369419643,11197.53576078869,72.52252201710203
0.0033605661192555,573.4144810267857,561.9435337611607,563.7008510859088,13.75022509968124,57.381085234052414,569.892333984375,0,Train,2019-03-28,0.0037343927538915356,0.009302207799084083,0.02252994771712702,0.0025510310839240978,0.0025999986664307856,5.284859793526721,12.63434709821422,582.3349398583475,533.8116116553244,48.523328203023084,11570.0,0.010917400749215211,11480.414341517857,11230.388160342261,75.84584899537708
-0.0087200130116489,573.4715053013393,563.5072457449777,564.2637131675874,12.597099414231463,53.30635802698284,574.0367431640625,1,Train,2019-03-29,0.001983894686778287,0.004719133704775835,0.019332986996240864,0.0026765824101045383,0.002418793712524301,2.693577357700974,10.87663922991078,583.4599837707237,535.9587923872002,47.50119138352352,11570.0,0.010917400749215211,11480.414341517857,11230.388160342261,75.84584899537708
0.007272266939813,573.0555507114956,565.2604835146949,565.1521704399943,11.244938604067558,71.15734771226508,571.7825317382812,0,Train,2019-03-30,-0.00010830718052412536,0.003106102548500189,0.019532870407363845,0.0017273846048767776,0.0025749839337069866,1.7744576590401948,10.97896902901789,583.8080200878604,538.9814330371395,44.826587050720946,11570.0,0.010917400749215211,11480.414341517857,11230.388160342261,75.84584899537708
-0.0039269462323198,572.4785853794643,566.9197968982514,565.7549305580204,9.250588484467992,63.16898753825003,568.7066040039062,0,Train,2019-03-31,-0.0016321451206559034,0.00024903992723857016,0.016331931964465474,0.0010489852310567001,0.0025757957229822683,0.14253452845991887,9.199436732700974,583.3290274205907,542.8126526156817,40.51637480490899,11570.0,0.010917400749215211,11480.414341517857,11230.388160342261,75.84584899537708
-0.0053795412829836,572.4332972935268,568.1648414248511,566.0232645076464,7.378144949264208,53.21099122301754,567.5912475585938,0,Train,2019-04-01,-0.0018103916205338688,-0.001194041404166124,0.015066756357820843,0.001042208309803845,0.002349866525205363,-0.684326171875,8.49669538225453,582.3687226797799,546.9366649806552,35.4320576991247,11669.150390625,0.008569610252809001,11499.95005580357,11270.09533110119,79.71303406633054
-0.0019612159195268,571.4135654994419,568.781494140625,566.1658084213689,6.701508518970343,50.25068815138586,570.1976928710938,1,Train,2019-04-02,-0.0028653159541252027,-0.0034894750543460473,0.005780272922672802,0.0010402153907308985,0.0024410910776772477,-2.00091552734375,3.2839442661829708,581.4233592457485,550.4692799144077,30.954079331340836,11713.2001953125,0.0037748939051200914,11527.400111607143,11313.264369419643,77.87490512523469
0.0045921168159501,571.016095842634,568.7367669968378,566.5323433713438,6.688122694536106,52.60418021409468,573.2691040039062,1,Train,2019-04-03,-0.002554662434859467,-0.004281659046712627,0.0004172689365435911,0.0007698980921952376,0.0024273230427798464,-2.4554094587053896,0.23816789899558444,580.4725444261536,553.6080071572727,26.864537268880895,11643.9501953125,-0.005912133221091298,11554.121512276786,11353.809616815477,68.75100172456902
0.0053865723611528,570.7823224748884,569.1586507161459,567.1447761561222,6.680940190308608,50.447169697037126,570.3984985351562,0,Train,2019-04-04,-0.0028841348440845627,-0.003966854930180563,-0.0008730738398885496,0.000627200389667632,0.0024413671570142925,-2.273228236607224,-0.49877057756702925,579.7243799717564,556.1230408569265,23.601339114829898,11598.0,-0.003946272059030087,11588.942940848214,11388.785807291666,63.938406763062325
-0.0050074309756111,570.8546316964286,569.4209129696801,567.4405690996708,6.612787348045144,50.92546722586941,571.284423828125,1,Train,2019-04-05,-0.0009781598421185755,-0.0028367064279956056,-0.00258837295391956,0.0006327346928105408,0.0024500164937011357,-1.6239536830357792,-1.4814191545758604,578.7809322212722,558.6923239171208,20.08860830415142,11665.9501953125,0.005858785593421345,11615.04296875,11421.09533110119,66.36739804707662
0.0015531690480319,570.461443219866,570.5488717215402,567.7900104386212,4.330491746021592,43.31175486164265,573.8243408203125,1,Train,2019-04-06,-0.0009713432367425279,-0.0034446879365399585,-0.004634616240685396,0.0006321888176608615,0.0015862969278629016,-1.9718540736607792,-2.6561802455357792,577.9390236974427,560.8300890257715,17.10893467167125,11665.9501953125,0.005858785593421345,11615.04296875,11421.09533110119,66.36739804707662
0.0044459762707473,570.7531302315848,571.3365478515625,568.3385859278659,3.1367433988215936,47.718072685780605,583.0859985351562,1,Train,2019-04-07,-5.114426665664418e-05,-0.0011557920702842672,-0.00464123401703298,0.0007397407884667538,0.0009787326919839805,-0.6604352678571104,-2.6613507952008604,577.429047909553,562.3373644439625,15.09168346559045,11665.9501953125,0.005858785593421345,11615.04296875,11421.09533110119,66.36739804707662
0.0161402315238208,572.8073294503348,572.1739065987723,569.679259801256,3.781930839908685,65.2125282596294,581.762939453125,0,Train,2019-04-08,0.003420656758277296,0.00313692314584868,-0.0011581671362302925,0.0017062473435962126,0.0013620203899333363,1.7912336077008604,-0.6641758510045292,577.2099029250055,563.5777557664007,13.632147158604766,11604.5,-0.005267483083991831,11637.821568080357,11447.357235863095,59.21755609153002
-0.0022690633720499,574.8318568638393,572.8604910714286,570.7777761332441,4.152039476648684,58.405912543146336,577.380126953125,0,Train,2019-04-09,0.007661190245050076,0.007094708839952002,0.0030997102290315492,0.0019036840361151505,0.0015774470079417276,4.049534388950974,1.77630615234375,576.8907147875633,565.1724714219791,11.718243365584158,11671.9501953125,0.005812417192683883,11652.38588169643,11476.583426339286,60.53224145540136
-0.0075336742902873,575.8579188755581,573.3305460611979,571.3779898441423,4.073923199328023,54.94726902405148,587.2562255859375,1,Train,2019-04-10,0.008943952075921136,0.008764555635225602,0.005902986735920823,0.0017949336549971534,0.0016027731823148397,5.003287179129529,3.37933349609375,576.652018265195,566.6690449672269,9.982973297968101,11584.2998046875,-0.007509489773200095,11640.264369419643,11502.721493675595,52.56115791614418
0.0171050200236875,577.8560791015625,574.0176275344122,572.8214658206692,5.077867733293498,61.78030100155321,589.4888305664062,1,Train,2019-04-11,0.0088140451276566,0.012962551579224657,0.009473211697633044,0.0018110066445323196,0.001808653654987842,7.394635881696445,5.422781808035666,576.6456370621528,568.067373889298,8.578263172854804,11596.7001953125,0.0010704480058416621,11623.621512276786,11523.13341703869,53.729368742742594
0.0038017561725143,580.583269391741,574.9698021298364,574.3366807975544,5.9813995110733975,69.73843889591778,588.224853515625,0,Train,2019-04-12,0.010005382372647587,0.01722310161692442,0.01604740322236564,0.0019464872042265716,0.002115093086932939,9.83013916015625,9.16970389229914,578.1994422209681,567.7589335463311,10.44050867463693,11643.4501953125,0.0040313191867198395,11623.550083705357,11539.43103608631,59.35694084016391
-0.0021441916881899,583.0033307756696,575.5067749023438,575.5992419537426,6.63803097655054,65.17120122801246,586.8427124023438,0,Train,2019-04-13,0.012408289728938593,0.017800053876962263,0.020992814423814732,0.0014587768562425946,0.0022301247483659256,10.196001325334805,11.987234933035666,580.3589202554966,566.8219957950056,13.536924460491036,11643.4501953125,0.0040313191867198395,11623.550083705357,11539.43103608631,59.35694084016391
-0.0023496815971318,584.8630981445312,576.0316045851935,576.6213756308881,7.084805200723061,66.40973733353906,584.1492309570312,0,Train,2019-04-14,0.012125889639965637,0.017450740004947285,0.024669256764276115,0.0009113176963404508,0.0021876426520104687,10.031241280691916,14.08077566964289,582.6062001651313,565.9329163945785,16.67328377055287,11643.4501953125,0.0040313191867198395,11623.550083705357,11539.43103608631,59.35694084016391
-0.0045897842614186,585.0149884905134,576.7518717447916,577.3057261150828,7.105557095300175,66.96787121661244,569.3115844726562,0,Train,2019-04-15,0.007633218751575965,0.015901612732591497,0.02480553893730164,0.0015191739343097142,0.0021702520811380686,9.157069614955276,14.160356794084805,584.4601081322461,565.3469021914146,19.11320594083145,11690.349609375,0.0040279653604204935,11636.742885044643,11556.033389136905,67.85671296104132
-0.0254004382751065,583.2362234933036,576.4938819521949,576.5789859657713,7.278902599825361,51.45230567566788,562.1172485351562,0,Train,2019-04-16,0.00039947064680423416,0.00931052659358711,0.022393766354010802,0.002711469179494599,0.0023387624977916693,5.380144391741055,12.7747802734375,585.6171376689862,565.2017326574647,20.415405011521443,11787.150390625,0.008280400884877803,11654.057198660714,11577.17150297619,66.71798916103302
-0.012636904172895,581.0558122907366,575.9766090029761,575.2642825629881,7.900536527804888,43.6689187379729,564.3854370117188,1,Train,2019-04-17,-0.006509704349399348,0.0008139106376432448,0.018051030320186845,0.0035002067897092876,0.0026726912232623197,0.47254289899558444,10.302682059151834,586.2536529604196,565.3293504924262,20.924302467993357,11787.150390625,0.008280400884877803,11654.057198660714,11577.17150297619,66.71798916103302
0.0040350807282167,577.788556780134,575.4756527855283,574.2752966037818,8.295503239907504,42.95086381582261,568.732666015625,1,Train,2019-04-18,-0.01235255822936343,-0.008944672732139503,0.008696165488278895,0.004177922423020363,0.0032272302948299367,-5.214773995535666,4.98122732979914,586.4460766350262,565.5686319656993,20.877444669326906,11752.7998046875,-0.0029142400664389223,11675.242885044643,11592.692940848214,67.00177173723043
0.0077025889025836,574.8233904157366,575.4204305013021,573.7714210957676,8.338278786104235,48.70843819119828,565.60205078125,0,Train,2019-04-19,-0.014424400849415875,-0.017165910724484812,-1.4728564538657452e-05,0.0039738176636609735,0.0036051299075150183,-10.03970772879461,-0.008466448102694812,586.4588920394146,565.732600531735,20.72629150767966,11752.7998046875,-0.0029142400664389223,11675.242885044643,11592.692940848214,67.00177173723043
-0.0055045461979653,571.5915614536831,575.0187784830729,573.028751067175,8.607078600655148,45.74250525441617,565.802978515625,1,Train,2019-04-20,-0.016288023692150988,-0.022945441229576202,-0.007408698017395743,0.0033553671435920117,0.003954564490655822,-13.423427036830276,-4.266357421875,586.487060044315,565.6157301342565,20.87132991005842,11752.7998046875,-0.0029142400664389223,11675.242885044643,11592.692940848214,67.00177173723043
0.0003552457670503,568.5858851841518,574.7340378534226,572.3718626533977,8.815869483647967,43.77172895158875,564.9642333984375,0,Train,2019-04-21,-0.01592740369810408,-0.02511904734140702,-0.016042392306097608,0.0021315625608992997,0.004206484113163559,-14.65033830915172,-9.270193917410666,586.7091306389292,565.0089183287047,21.700212310224515,11752.7998046875,-0.0029142400664389223,11675.242885044643,11592.692940848214,67.00177173723043
-0.0014823978470172,565.8451712472098,574.5558297293527,571.6984418120376,8.980098258057893,33.81171875255576,566.44091796875,1,Train,2019-04-22,-0.015619091564860299,-0.02617759038251566,-0.02538498596415273,0.0009897529327199956,0.004213620205119023,-15.210641043526834,-14.73809814453125,587.1715051706054,563.9897043718053,23.181800798800168,11594.4501953125,-0.013473352052831178,11664.171456473214,11598.990559895834,51.302687374801636
0.0026137664705423,565.435076032366,574.5010521298364,571.2204850990114,9.028085816669606,36.350210970464126,569.8550415039062,1,Train,2019-04-23,-0.010770777311092106,-0.02138062549492259,-0.030134055529201675,0.001750330378602237,0.00402090834168867,-12.35348074776789,-17.568254743303555,587.6021505984965,563.0009569628877,24.60119363560875,11575.9501953125,-0.0015955909670886115,11662.97865513393,11601.064360119048,44.56749799917804
0.0060273250516562,566.5404750279018,574.4847353980655,571.0963538630928,9.036557954052578,43.17846073151272,561.2902221679688,0,Train,2019-04-24,-0.003597363581383184,-0.014409496074688666,-0.03132805467597055,0.0029970180674412238,0.004030758809642501,-8.282915387834805,-18.322623116629416,587.8556224822329,562.3233003344525,25.532322147780405,11726.150390625,0.012975193636658888,11681.47154017857,11610.8310546875,50.67172397164586
-0.0150298211161457,566.0983014787946,573.914312453497,570.2048873453542,9.48412353299518,25.88842729297612,542.7667846679688,0,Train,2019-04-25,0.00044734892943743,-0.00961046373903407,-0.03233538863769725,0.003012074172525082,0.003809451507737065,-5.493259974888474,-18.91668701171875,588.1174034788555,561.5858863160663,26.531517162789214,11641.7998046875,-0.007193374050953438,11681.235770089286,11619.635788690477,49.890180040895714
-0.0330015324843068,562.3888898577009,572.5985165550595,567.7105143746828,11.66280804019958,16.691990524873958,534.7927856445312,0,Train,2019-04-26,-0.005387331461712885,-0.0108989608921507,-0.035744236718935674,0.0032267996207048263,0.0035875347661771416,-6.196995326450974,-20.847333635602695,588.7286242674315,560.1674101912738,28.56121407615774,11754.650390625,0.009693568677590747,11690.421595982143,11638.702473958334,57.48840396767302
-0.0146913909411673,557.987566266741,570.8608194986979,564.7179935810326,14.290830741041145,15.234490104054558,538.9039306640625,1,Train,2019-04-27,-0.015096730309938633,-0.01388649294850286,-0.03970056840676295,0.0035983429814091658,0.003357663719540118,-7.85760498046875,-23.068246023995584,589.8218464721124,557.7976315901087,32.02421488200366,11754.650390625,0.009693568677590747,11690.421595982143,11638.702473958334,57.48840396767302
0.0076873606561025,554.1448451450893,569.1979428245908,562.3712605885808,15.872852319681297,19.878382804236665,540.1206665039062,1,Train,2019-04-28,-0.021115513511486883,-0.01996733376800708,-0.040921045177503834,0.0037841050581285725,0.002956495945034005,-11.29023088727672,-23.64371163504461,591.1501495350971,554.6030800965992,36.54706943849783,11754.650390625,0.009693568677590747,11690.421595982143,11638.702473958334,57.48840396767302
0.0022577973004287,550.5957641601562,567.1519746326264,560.3484793081558,16.738657382485602,21.81220536931214,538.0532836914062,0,Train,2019-04-29,-0.020969698922268187,-0.02814399247813726,-0.04214794780368614,0.00391019216984216,0.0027762615602559696,-15.944710867745584,-24.22762625558039,592.4361150982005,550.8935052631276,41.54260983507288,11754.650390625,0.009693568677590747,11690.421595982143,11638.702473958334,57.48840396767302
-0.0038276313807463,546.5403878348214,565.070562453497,558.3216433429967,17.52987269067235,26.07601322944112,530.2564697265625,0,Train,2019-04-30,-0.0205151138196642,-0.0345486174271904,-0.0438270529312067,0.003819160717821145,0.002862437058731641,-19.557913643973166,-25.05117361886164,593.6848860672588,546.7129811899955,46.97190487726334,11748.150390625,-0.0005529726349993158,11684.850167410714,11651.31677827381,54.17470546982486
-0.0144907840936354,540.8834490094866,562.8265787760416,555.7702639233208,18.84234551165843,25.837729850927275,532.1348876953125,1,Train,2019-05-01,-0.023931281237725033,-0.03823944824666725,-0.0487216388878402,0.002890917868784497,0.0032268080443527388,-21.50544084821422,-27.702436174665195,594.916879116161,541.7837251318858,53.13315398427517,11748.150390625,-0.0005529726349993158,11684.850167410714,11651.31677827381,54.17470546982486
0.0035424706269375,536.7184012276786,560.2017531622024,553.6215933571382,19.10650157170137,25.39668940469815,531.9930419921875,0,Train,2019-05-02,-0.025204267514925993,-0.03811763258698664,-0.05147480529935666,0.0013362959207310085,0.0032996818826250694,-21.2691650390625,-29.12677001953125,595.5623738290577,536.7517436025829,58.810630226474814,11724.75,-0.001991836148409698,11680.843052455357,11664.635835193452,56.35266537896422
-0.0002665596757606,535.1792951311384,557.4638584681919,551.65536141487,18.81721168865983,20.05037196842747,526.108642578125,0,Train,2019-05-03,-0.02078728847229616,-0.03422489657732952,-0.05350885041220155,0.0022343156618856407,0.0033607282008822187,-18.965550013950974,-30.255780901227695,595.116715833754,532.4149980334336,62.701717800320466,11712.25,-0.0010661208128105448,11697.671595982143,11671.409644717261,52.260217176270324
-0.0110610458212513,533.938703264509,554.5059436616443,549.3329324297113,18.62112429723641,19.18885149355929,524.3446044921875,0,Train,2019-05-04,-0.012839634412359135,-0.030252795208214,-0.05754535324556864,0.0028133174141116634,0.00343536926796585,-16.657060895647305,-32.60177176339289,593.6105504379138,528.8287239412714,64.78182649664245,11712.25,-0.0010661208128105448,11697.671595982143,11671.409644717261,52.260217176270324
-0.0033529920308723,531.8587995256696,551.5298432849702,547.0612662535727,18.183735214849644,18.425940731760832,516.0331420898438,0,Train,2019-05-05,-0.009054285619597202,-0.026862769222444016,-0.060483315112733194,0.002928921316477485,0.0034422136675240347,-14.681588309151834,-34.239501953125,591.4511941674258,525.6724613152752,65.7787328521506,11712.25,-0.0010661208128105448,11697.671595982143,11671.409644717261,52.260217176270324
-0.0158511450888164,528.417724609375,548.2862200055804,544.2405276932337,18.14939797811561,16.54298317732048,518.3655395507812,1,Train,2019-05-06,-0.012634215455040176,-0.02304696958825414,-0.0604051144341089,0.0029311105635341245,0.0034728024707460226,-12.46572440011164,-33.97116524832586,589.1855934634667,522.4562121308414,66.72938133262528,11598.25,-0.00973339879186319,11700.85728236607,11668.033435639882,50.75993663027553
0.0045198598126696,525.6051897321429,545.8602178664435,541.8882560439198,18.597847850362044,17.508301673534874,517.1578369140625,0,Train,2019-05-07,-0.01560762215103495,-0.020705851467204273,-0.058034226015563295,0.0028561058875341376,0.0032615627756968244,-11.113211495535666,-32.382376534598166,586.7971723566874,519.2995709817611,67.49760137492626,11497.900390625,-0.008652133673183404,11668.25013950893,11657.781063988095,45.08850506970788
-0.0023298281706097,523.7339564732143,543.7192935035342,539.6400361230237,19.210517717899734,13.289794252331076,528.7963256835938,1,Train,2019-05-08,-0.015276315931411322,-0.021385989260140348,-0.054878952566837724,0.001975551981979362,0.002596237960935002,-11.445338657924026,-30.410888671875,584.4085108982163,516.2827724095405,68.12573848867578,11359.4501953125,-0.012041345863927244,11627.914481026786,11644.233444940477,37.06152644232908
0.0225047131432434,523.2570190429688,542.0245739164807,538.6542442648937,18.862889143494545,28.29348763856565,540.3637084960938,1,Train,2019-05-09,-0.009766336983153323,-0.02000545035644019,-0.049653024771972754,0.0018574946082841179,0.002577845779371738,-10.681684221540195,-27.3387451171875,581.835379734047,513.6992664364328,68.1361132976142,11301.7998046875,-0.005075103956069027,11563.22154017857,11630.128673735118,32.470165686949215
0.0218749303856196,524.4528285435268,540.6736711774554,538.8096501040937,17.842763693928017,48.23022692579467,525.7652587890625,0,Train,2019-05-10,-0.0021924463668315797,-0.013924693901365748,-0.04041340728504417,0.0029218035911357703,0.003306395359603715,-7.405970982142776,-22.08755929129461,579.0583240884454,511.7624487910189,67.29587529742645,11278.900390625,-0.0020261741013145596,11496.185825892857,11611.697730654761,25.431467480380974
-0.0270159699430235,524.4037737165179,538.7766810825893,537.6237963481818,17.16471813808515,43.94261193351359,527.9202270507812,1,Train,2019-05-11,0.001278926514167722,-0.0075961700486567585,-0.030468070936812364,0.0031086782633977694,0.003436064674677243,-4.01395089285711,-16.47967529296875,576.2385602892571,510.1640014434441,66.07455884581299,11278.900390625,-0.0020261741013145596,11496.185825892857,11611.697730654761,25.431467480380974
0.0040987269997299,524.9145769391741,536.9727405366443,536.7416536847818,16.142575050227638,42.43134642350341,527.5057983398438,0,Train,2019-05-12,0.003167770017183935,-0.0013139383066607113,-0.021992583562450263,0.0033006929483119125,0.003638049068086758,-0.69061279296875,-11.803824288504416,573.3460732631958,508.9634290387015,64.38264422449424,11278.900390625,-0.0020261741013145596,11496.185825892857,11611.697730654761,25.431467480380974
-0.0007850214666952,526.5535278320312,535.1890055338541,535.9020304716056,14.918005874121745,41.21015305106976,522.5687255859375,0,Train,2019-05-13,0.004005506642681844,0.005383594712482731,-0.016117528046359686,0.003055255301023448,0.003998074223451524,2.8195713588169156,-8.62576729910711,569.8886569257835,508.5326905560804,61.35596636970308,11148.2001953125,-0.011588026384304118,11413.821568080357,11589.969168526786,23.264394500785087
-0.0093592767500264,527.1539829799107,533.099853515625,534.6899118456357,13.307651447703504,39.625485502202906,525.8245849609375,1,Train,2019-05-14,0.005244449794671979,0.007447513927418381,-0.012706927299175774,0.002216744213503072,0.003958650950812157,3.8969639369419156,-6.784720284598279,565.4931849030387,508.989513374026,56.503671529012706,11222.0498046875,0.006624352638199937,11343.79296875,11568.545340401786,32.20225704978017
0.00623049029838,528.39208984375,531.0031651088169,533.8839730379359,10.371931550536086,46.838293692262674,527.0676879882812,1,Train,2019-05-15,0.006624912047315412,0.007511183248192221,-0.00651810158074162,0.0014343545048340729,0.0034622873090979097,3.9392613002231656,-3.4667096819196104,560.3435610691815,510.3685160443788,49.97504502480274,11157.0,-0.005796606308085428,11280.757254464286,11548.197730654761,30.830481770402784
0.0023641021414699,528.1451416015625,529.3735206240699,533.2643107606946,7.726418551185485,46.351992055506,514.813720703125,0,Train,2019-05-16,0.0030227007994503285,0.007134517470248181,-0.0005158475863276113,0.001328051373738336,0.003000814475662883,3.7413678850446104,-0.2725830078125,555.3033093036998,511.9843929842465,43.318916319453365,11257.099609375,0.008971910851931497,11246.357142857143,11532.026274181548,27.506804511489463
-0.0232493236910943,524.4951433454241,528.0424223400298,531.5869843918246,7.711520113029438,39.468772917072,512.1141357421875,0,Train,2019-05-17,-0.005043762772039662,-0.0007990511450373106,-0.002111939547789543,0.003304068448697969,0.0033532096375081593,-0.41943359375,-1.11004638671875,550.6824275680394,513.2560324277752,37.426395140264276,11407.150390625,0.013329435330307948,11253.171456473214,11520.773902529761,39.41447692455445
-0.005243809269983,522.5449829101562,526.9624866303943,529.8167254236757,8.285536417147451,41.07252990281585,534.2425537109375,1,Train,2019-05-18,-0.01106584872480354,-0.0076127966293936256,-0.0022701861285919778,0.0035953197563131376,0.0034021215864348153,-4.008544921875,-1.1889735630580844,546.3530369681295,514.4254368041919,31.92760016393754,11407.150390625,0.013329435330307948,11253.171456473214,11520.773902529761,39.41447692455445
0.0432099339274829,523.4481724330357,526.7405162992932,530.2190734497904,8.007399322188943,55.01196061342185,535.142333984375,1,Train,2019-05-19,-0.008893330258200605,-0.007029844535986762,0.00036531452634225303,0.0036576890248921725,0.0034337400612106895,-3.705810546875,0.19115339006691556,542.1188446613803,515.944869938229,26.173974723151332,11407.150390625,0.013329435330307948,11253.171456473214,11520.773902529761,39.41447692455445
0.0016842167797894,524.5391060965402,526.5034528459821,530.666642589298,7.65751532259771,60.46143451817289,532.1942138671875,0,Train,2019-05-20,8.381917673383477e-05,-0.00729190277687386,0.00016450965333336676,0.003509395931016943,0.003161166585014308,-3.852983747209805,0.08627755301336038,538.2219237264324,517.6416626993489,20.580261027083452,11828.25,0.036915407876193296,11328.378627232143,11527.340587797618,52.59775623570417
-0.0055090392405277,525.9141758510044,526.2244495210193,530.8055127054698,7.314719019883082,57.519889277215206,527.3281860351562,0,Train,2019-05-21,0.006447661064669319,-0.004224152746710619,0.002880227431969251,0.003668775226729936,0.0029381850711148617,-2.2309657505580844,1.510402134486526,535.4941806537349,518.8724784561982,16.621702197536706,11709.099609375,-0.010073374389702572,11389.835658482143,11523.62388392857,48.723204798103644
-0.0091433309593358,526.1289760044643,526.0850074404761,530.4893920990777,7.261731915256739,55.318905798827,527.5650024414062,1,Train,2019-05-22,0.005121430759740919,0.0031150577460432594,0.0023135175105470918,0.003502133540522589,0.002748848864246958,1.6338326590401948,1.2143990652901948,533.652669346381,519.6550472412306,13.997622105150413,11737.900390625,0.0024596922232125173,11474.078543526786,11522.914388020834,50.42844906909528
0.0004490873283875,526.2000209263393,525.8673938569568,530.2235384938349,7.138801976451335,49.26884498237892,523.5394897460938,0,Train,2019-05-23,0.0031664270794968807,0.006994685884892604,-0.000671359865629273,0.0035135398371472356,0.0027266777320527273,3.6550380161830844,-0.35350690569191556,531.9386812176987,520.4711079494331,11.467573268265596,11657.0498046875,-0.006887993870017373,11536.221400669643,11525.895321800595,48.278223278725875
-0.007630363418126,527.4465593610491,525.46484375,529.6158976985857,7.013353218295781,39.02703115844182,532.2534790039062,1,Train,2019-05-24,0.002913752053869123,0.00763855361158039,0.0005550112312242561,0.0022098114739186486,0.002731203526587962,3.998386928013474,0.29257638113847406,530.3708624686768,521.3897123081091,8.981150160567722,11844.099609375,0.016046067214389392,11634.378487723214,11538.664341517857,57.33419333487154
0.0166443781767802,530.3236083984375,525.7574550083706,529.8556778172513,7.16803847175799,54.58352340980372,529.2698974609375,0,Train,2019-05-25,0.007972631398916796,0.011027780835910939,0.0036554645533370955,0.0017539219577153166,0.003037814599460001,5.784502301897305,1.9315185546875,529.8989080342462,521.7081476298163,8.190760404429966,11844.099609375,0.016046067214389392,11634.378487723214,11538.664341517857,57.33419333487154
-0.0056055651313964,529.6132289341518,525.9919927687872,529.8024250575863,7.200005030801311,50.94242484425037,531.8153686523438,1,Train,2019-05-26,0.006486521991777572,0.007033567933706797,0.0027797043216897244,0.0021944523414785945,0.0030904667510270175,3.699053083147419,1.4680873325893344,530.1497810877896,521.5768250087505,8.572956079039159,11844.099609375,0.016046067214389392,11634.378487723214,11538.664341517857,57.33419333487154
0.0048094010326633,529.1379481724331,526.7435273670014,529.985419929837,6.927025189099616,52.922245619611424,532.6915893554688,1,Train,2019-05-27,0.0032067491603944287,0.00571907708033792,0.008851950081740334,0.0023832981655981878,0.0030283254002599794,3.00897216796875,4.642804827008945,530.5660908507241,521.5137910898452,9.052299760878896,11924.75,0.006809330661248669,11729.757114955357,11548.12146577381,62.88523581101159
0.0016476031998575,529.209001813616,527.4257202148438,530.2314353321672,6.764204285293813,57.2641928416693,533.0941772460938,1,Train,2019-05-28,-0.0021017480028610036,0.0057183214891927125,0.012753005236690873,0.0023295903920508114,0.0030201572411821943,3.0089808872767208,6.664018903459805,530.9142705825378,521.7131158920716,9.201154690466183,11928.75,0.0003354368016101894,11804.27134486607,11561.78576078869,68.70357097252551
0.0007557616802476,530.03271484375,528.1845935639881,530.4916845970696,6.440875351765254,55.43942398415829,537.7234497070312,1,Train,2019-05-29,0.0007920608600400225,0.004903161157850278,0.012579167828800975,0.0023300455003394016,0.0029856873415225675,2.5861554827008604,6.584542410714334,531.3029470126269,522.0020090420605,9.300937970566338,11861.099609375,-0.005671205333752538,11808.964146205357,11566.854771205357,68.25508536866015
0.0086837798245176,531.4839215959821,528.6096947079614,531.1491177888843,6.769483494463622,57.588563082995016,534.5503540039062,0,Train,2019-05-30,0.004433576218926705,0.0021879342710175997,0.013239843166552578,0.002365457622417145,0.003050650910153254,1.1603131975446104,6.944815499441916,532.0042467616843,522.0038185982487,10.000428163435572,11945.900390625,0.007149487319284775,11842.79282924107,11576.271437872023,70.9247978314443
-0.0059009807083061,533.056902204241,528.3328683035714,531.4583210811589,6.3719833582397225,66.14356648684162,531.4010009765625,0,Train,2019-05-31,0.007271041077226759,0.0065022417907114605,0.01358154368377451,0.002414527163501648,0.002254041325979032,3.4436732700892208,7.14272635323664,532.959697824224,521.9136803844814,11.046017439742627,11922.7998046875,-0.0019337668306382838,11869.20703125,11585.702380952382,76.0596817603583
-0.0058915928195619,532.9351196289062,528.6012369791666,531.4531101625593,6.3771145558430415,65.66045328665534,523.6341552734375,0,Train,2019-06-01,0.005475897437787092,0.007176146540969208,0.012936264556514754,0.0017265584790777451,0.0018253215445600101,3.7971714564731656,6.806143624441916,533.7412825735868,521.9341499040919,11.807132669494877,11922.7998046875,-0.0019337668306382838,11869.20703125,11585.702380952382,76.0596817603583
-0.0146157905025616,532.1300136021206,528.3971383231027,530.74229608173,6.467940730349121,38.76625844430828,518.0458984375,0,Train,2019-06-02,0.001215637914686818,0.005519580692116222,0.011269464918191918,0.0017611794697708096,0.0019803977529975194,2.9210117885045292,5.92999267578125,534.2855167384056,521.947564316282,12.337952422123635,11922.7998046875,-0.0019337668306382838,11869.20703125,11585.702380952382,76.0596817603583
-0.0106720632710052,530.1629464285714,527.9466668991815,529.5880781140727,6.851194828095877,33.531080156253296,521.44384765625,1,Train,2019-06-03,-0.005428980965639596,0.0002457048049568922,0.005150070693063169,0.0023857533517891594,0.002345757348477667,0.1302315848214448,2.716387067522305,534.4837036491566,522.0502737503967,12.433429898759869,12088.5498046875,0.013901936014629301,11930.849888392857,11603.621419270834,77.45383909929467
0.006559166338347,528.5561261858259,527.8931012834821,528.8476935269979,6.899570863500158,39.73319623588223,568.1159057617188,1,Train,2019-06-04,-0.008216747746197628,-0.005508718685909519,-0.0033328371292943304,0.0026973224783022874,0.002483924037258077,-2.92779541015625,-1.7674822126116396,534.4930331349951,522.057347898766,12.43568523622912,12021.650390625,-0.005534114111566901,11956.214285714286,11623.78334263393,77.36316593648941
0.0895054344111012,533.5592302594866,529.9069737025669,532.4175310028816,11.136667988675256,71.65849718746071,595.4183349609375,1,Train,2019-06-05,0.002685841093027941,0.0009423535333064059,0.007450722734543724,0.004557630278262397,0.0034778778028221728,0.5023280552455844,3.946001325334805,535.1962766229325,521.895513276621,13.300763346311442,12021.650390625,-0.005534114111566901,11956.214285714286,11623.78334263393,77.36316593648941
0.0480578503828583,541.8013567243304,533.1617664155506,538.1448768172503,18.0855151995496,77.98615128460354,593.784423828125,0,Train,2019-06-06,0.02195251549388888,0.016636616295052642,0.02393214963250112,0.007168983601295995,0.005175661975739174,8.86623709542414,12.663408551897305,538.0489979184663,520.7734133189779,17.27558459948841,11843.75,-0.014798333410505293,11944.642857142857,11640.252371651786,67.69413386429775
-0.0027441397700991,550.2633666992188,536.9222760881696,543.2030174546024,21.88972694896494,79.5556532560723,587.1067504882812,0,Train,2019-06-07,0.041068941287346394,0.03407692224377468,0.03978459325795436,0.008664665364277442,0.006314387304899564,18.133353097098166,21.054364885602695,542.9683296749146,518.6259199414359,24.34240973347869,11870.650390625,0.0022712730870713127,11936.34291294643,11664.595238095239,65.10162055803806
-0.011245955723784,558.2213309151786,540.4933529808408,547.1942659122096,23.68378788090456,73.4819688236493,588.432861328125,1,Train,2019-06-08,0.04622186114875748,0.05292407678737576,0.05318278529229725,0.009075082533958665,0.007000138153298653,28.05838448660711,28.188616071428555,549.33977934092,515.7317861236448,33.60799321727518,11870.650390625,0.0022712730870713127,11936.34291294643,11664.595238095239,65.10162055803806
0.0022587218401779,567.478288922991,543.0738438197544,550.9432291318383,25.82413846041752,75.69147520718548,589.2379760742188,1,Train,2019-06-09,0.04739178276315226,0.07363865597024843,0.06772428264419017,0.008929157085969745,0.007620652813163625,38.922162737165195,35.994367327008945,557.1894480797707,512.1760356674392,45.01341241233149,11870.650390625,0.0022712730870713127,11936.34291294643,11664.595238095239,65.10162055803806
0.0013682355269495,577.6485857282366,545.6498267764136,554.4245697629638,27.62841956296298,75.31841374410644,581.3053588867188,0,Train,2019-06-10,0.04976747624194844,0.08263254193411274,0.08365276453527715,0.007286857830931591,0.008147385765021125,44.08935546875,44.591683523995584,566.438568933981,508.1003558009521,58.33821313302883,11922.7001953125,0.004384747505377318,11945.142996651786,11694.161923363095,54.05173071074219
-0.0134625015861177,586.2002301897321,547.9884527297247,556.8682778651232,28.497370232978422,70.1788432345007,591.41650390625,1,Train,2019-06-11,0.050121515830796826,0.08194677424551378,0.09994670758030622,0.0026618755547962903,0.008234128499987422,44.39887346540172,53.26511056082586,576.2003098827283,504.3457402707313,71.85456961199702,11965.599609375,0.0035981290613484873,11947.95717075893,11726.861886160714,61.77358652951376
0.0173938617027296,589.5288870675223,551.040277390253,560.0090256870438,29.58510174401836,72.40308594477166,579.4584350585938,0,Train,2019-06-12,0.03885716612415391,0.0713576856911986,0.10786625824176777,0.003999441260205071,0.0080828193773013,39.265520368303555,57.39887346540172,584.8837105705771,501.995226197001,82.88848437357615,11906.2001953125,-0.004964181988503125,11945.58579799107,11762.957124255952,57.51404586236755
-0.020219369545277,587.2489013671875,553.5113932291666,561.7771538117302,29.69329332706392,65.17695115931375,563.4273681640625,0,Train,2019-06-13,0.0166196470936526,0.05200010971350655,0.10767624430031186,0.007892087134078154,0.008570201541053655,29.027570452008945,57.085954938616055,591.4872024543303,501.37196851386153,90.11523394046873,11914.0498046875,0.0006592875347493088,11920.6572265625,11795.909505208334,62.274329167389595
-0.0276656027846246,582.9121791294643,555.4108160109747,561.9271732983058,28.94657232529177,59.60309769880939,562.1014404296875,0,Train,2019-06-14,-0.005609092066039545,0.027197322801133073,0.10283875306844581,0.010347280995252471,0.009371130004941636,15.43389020647328,54.356052943638474,596.2466490559209,501.8713789853737,94.37527007054717,11823.2998046875,-0.007617057296864349,11892.32142857143,11827.63806733631,48.905965081696905
-0.0023533250411593,579.3399919782366,556.8321475074405,561.943015764795,28.48171285038924,60.33481788796558,581.6368408203125,1,Train,2019-06-15,-0.017283114216790962,0.0029280886196019207,0.08580258595936074,0.011199737513210387,0.009816491087296313,1.69140625,45.78076171875,599.6501889935662,503.44051535213697,96.20967364142922,11823.2998046875,-0.007617057296864349,11892.32142857143,11827.63806733631,48.905965081696905
0.0347542258132118,578.3691319056919,559.3258114769345,563.7333634971147,28.239306790989453,68.09217314887229,568.56591796875,0,Train,2019-06-16,-0.01512096394020046,-0.01335908428678978,0.06749295609454764,0.010238655897498845,0.009826335823775819,-7.831098284040195,36.567775181361526,602.3218773940894,505.69194532493975,96.62993206914962,11823.2998046875,-0.007617057296864349,11892.32142857143,11827.63806733631,48.905965081696905
-0.0224726529239926,575.4159807477679,561.0758376348587,564.1726866308998,27.5802552940194,65.05540005980544,567.7371215820312,0,Train,2019-06-17,-0.01285991037773726,-0.023939295646657532,0.04571013731011808,0.00801458719943686,0.009940037540003869,-14.112906319754416,25.15261404854914,604.0550383904572,508.57948222198706,95.47555616847012,11672.150390625,-0.012784029548381648,11867.807198660714,11847.402390252977,37.63100058721928
-0.0014576962152069,573.4776611328125,562.7446725027902,564.4967261719117,26.826881657173303,64.01032798253007,570.3892211914062,1,Train,2019-06-18,-0.010118981818269424,-0.023450431669286842,0.027330253024587803,0.004306956541416466,0.009963796909596397,-13.771240234375,15.256330217633945,605.1325694422895,511.846445799061,93.28612364322856,11691.5,0.0016577587443133979,11842.214285714286,11860.942847842261,38.55467321948811
0.0046713514205039,570.4737636021206,564.5206269763764,565.0324075373203,25.987193523452685,50.937903845592096,579.2216796875,1,Train,2019-06-19,-0.013651088669888956,-0.021338403918613635,0.0052785714230840775,0.0018846471888037993,0.010326176704409705,-12.43841552734375,2.9954746791295292,605.5640717631685,515.3139276787957,90.25014408437278,11691.4501953125,-4.259905700743083e-06,11809.17857142857,11854.42857142857,41.24479261688074
0.0154849674011106,570.43994140625,566.4967331659226,566.3223413691547,25.419197348262745,42.11621487047426,578.298095703125,0,Train,2019-06-20,-0.008647725311784704,-0.015362396339317463,-0.012479290177606406,0.0025800524043811807,0.009924594664672163,-8.90005057198664,-7.20864432198664,605.722089757129,518.8942136050362,86.82787615209281,11831.75,0.012000205478679637,11790.057198660714,11860.269066220239,44.42814214839475
-0.0015945259246396,572.5643310546875,568.5799589611236,567.4110463086065,24.444095880989494,42.40948025186855,577.7771606445312,0,Train,2019-06-21,-0.001592616661511892,-0.010036498372376745,-0.02326150423146567,0.0035015362247037426,0.00931939902527832,-5.804800851004416,-13.63589913504461,605.6266049243627,522.9526195803805,82.67398534398217,11724.099609375,-0.009098433505187353,11764.04282924107,11859.611886160714,41.04064161421598
-0.0009008071485353,574.8037196568081,570.788347516741,568.3534203391451,22.96755699949765,45.13344998586416,582.0394897460938,1,Train,2019-06-22,0.007590105506950939,-0.0010640321288334365,-0.02497785559578125,0.0038321969437552306,0.008718109862514227,-0.6122610909598052,-14.72516741071422,605.0900314821417,527.7565636280704,77.33346785407139,11724.099609375,-0.009098433505187353,11764.04282924107,11859.611886160714,41.04064161421598
0.0073771159400064,574.8612409319196,573.5695539202009,569.5976084670496,20.360263450675955,46.76417582539789,586.9174194335938,1,Train,2019-06-23,0.007750683647379519,0.0024126132417678914,-0.021094395249489417,0.003847716176735197,0.007665294352034544,1.3835797991071104,-12.38766043526789,603.4759072153436,533.8405173452034,69.63538987014022,11724.099609375,-0.009098433505187353,11764.04282924107,11859.611886160714,41.04064161421598
0.0083807538379019,577.4828839983259,576.8491501581101,571.1721367367354,16.06272855100083,48.87201894960696,588.006591796875,1,Train,2019-06-24,0.008590393562550647,0.012286490358378366,-0.009314087654244463,0.003805250355709107,0.006051685660788326,7.009120396205276,-5.429295131138474,600.5138132054303,541.6952871363665,58.818526069063864,11699.650390625,-0.002085381356743965,11733.414341517857,11861.64048549107,29.90384722133912
0.0018557506170668,580.3785226004464,580.018804640997,572.7025417422027,10.009957613057129,53.489504439708135,585.4019775390625,0,Train,2019-06-25,0.009698620160229376,0.017422660078282526,0.0017926099295573206,0.0036955435003365416,0.004600664388755465,9.938581194196445,1.0385306222098052,597.1766880848267,549.7143414910662,47.46234659376046,11796.4501953125,0.008273734808782462,11729.578683035714,11859.37146577381,38.71173650455192
-0.0044295664268884,582.5232020786831,580.8419509161087,573.8570359055536,9.6877644774977,46.602473310614656,582.0394897460938,0,Train,2019-06-26,0.013328366223373411,0.017393453423217853,0.007182385683869086,0.002085613477086999,0.004415903035660773,9.958871023995584,4.154070172991169,594.2499399388184,556.7132741725097,37.536665766308715,11847.5498046875,0.004331778503613437,11754.6357421875,11855.695265997023,50.218204943286906
-0.0057438955145046,582.9257463727679,580.2048630487351,574.6008953456027,9.103557653166298,51.61481992894303,586.1596069335938,1,Train,2019-06-27,0.009425149255952281,0.014130087259715651,0.01305102026405458,0.0019149370930469313,0.00434332083184939,8.122026715959805,7.509765625,591.906637253254,562.3228148254292,29.58382242782477,11841.5498046875,-0.0005064338279993086,11776.07142857143,11851.542875744048,48.287789692148046
0.0070787588472689,584.0488194056919,579.8417765299479,575.6516873081473,8.676927089819706,66.71321629512225,588.432861328125,1,Train,2019-06-28,0.006323970757567521,0.015982254185163303,0.018433426425011668,0.0019376012062062753,0.0039015179533563433,9.187578473772305,10.571158272879416,590.5202187246352,566.2919822030992,24.22823652153602,11788.849609375,-0.004450447465215945,11789.985630580357,11848.10239955357,42.13056793480445
0.0038782174132117,585.571062360491,579.9049246651786,576.8136122190543,8.73706021613822,69.09344063787903,591.2032470703125,1,Train,2019-06-29,0.0052321697589587934,0.014005918766223813,0.026464492710483567,0.0018795761256506169,0.003498556515242268,8.088178362165195,15.09729875837047,590.6673836758066,567.9540945956778,22.71328908012879,11788.849609375,-0.004450447465215945,11789.985630580357,11848.10239955357,42.13056793480445
0.0047080744877752,586.8801705496652,580.036847795759,578.1217608418959,8.89180896075598,59.16514046868897,582.6787719726562,0,Train,2019-06-30,0.006783752821870603,0.011202426857712444,0.028820263011188674,0.0015377472586668936,0.003443957574749407,6.50164794921875,16.440229143415195,591.5857448355758,567.9588919180516,23.626852917524275,11788.849609375,-0.004450447465215945,11789.985630580357,11848.10239955357,42.13056793480445
-0.0144188570341908,586.2746494838169,579.7245047433036,578.5360345810559,8.664743538676278,64.81115892474413,587.2725830078125,1,Train,2019-07-01,0.003811034290575055,0.006439996538759596,0.02394546374181994,0.0019625010864958983,0.00303120604769539,3.751447405133831,13.710318429129416,591.5980344082315,567.9540442748045,23.643990133426996,11865.599609375,0.006510389269786421,11794.8212890625,11844.278552827382,44.34579026415761
0.0078839512543145,586.1697910853794,580.0086582728794,579.3302662562156,8.815708677381725,69.00053783675645,585.757080078125,0,Train,2019-07-02,0.0010224697963638896,0.005565107962373306,0.01977383068320715,0.0016635925430570416,0.0027575503695978893,3.244044712611526,11.366071428571331,590.9316119010823,568.284557183739,22.64705471734328,11910.2998046875,0.003767209141051886,11821.421316964286,11843.683314732143,50.235718745648356
-0.0025805783779749,586.2205200195312,579.7391619001116,579.9145220582074,8.5314553469846,65.28499674008458,587.0120849609375,1,Train,2019-07-03,-0.0011239952604228387,0.0037183545992767186,0.01976003647279634,0.0013753966859078866,0.0020133539848329607,2.1717006138393344,11.35927908761164,590.7426071597994,568.3707237902564,22.371883369542957,11916.75,0.0005415644793391738,11852.435546875,11835.502371651786,50.15550568875241
0.0021425347221497,586.930890764509,580.098859514509,580.5597550493646,8.677021894610858,59.12362114220034,595.1340942382812,1,Train,2019-07-04,0.0011193410482097654,0.0023222260993163157,0.016360669775643988,0.0013759729431608075,0.0019432800821763908,1.3598284040178896,9.448006766183084,591.334868788316,568.1803333252444,23.154535463071625,11946.75,0.0025174649128327786,11873.906947544643,11831.93568638393,57.6444649243433
0.013836187508617,588.2129603794643,581.6087036132812,581.8846949756297,8.384693271931619,66.87243326959707,598.472900390625,1,Train,2019-07-05,0.003485627074540476,0.002270974377189816,0.013498841659258742,0.0014086045943542446,0.0018832459670837666,1.3327898297991396,7.83443777901789,592.3757662974896,568.0267326561935,24.349033641296046,11811.150390625,-0.011350334557515662,11868.70703125,11830.383324032739,58.77637796829218
0.0056101745550591,589.6472516741071,583.3406778971354,583.3927136497201,7.895995845996655,69.63173880469986,594.6368408203125,0,Train,2019-07-06,0.005845465208999645,0.005752597683115868,0.012229640931043617,0.0013781027155807565,0.0018034808730251397,3.372602190290195,7.124049595424026,593.6087497118966,567.921561218628,25.68718849326865,11811.150390625,-0.011350334557515662,11868.70703125,11830.383324032739,58.77637796829218
-0.0064097464861127,590.1377650669643,583.9597255161831,584.4149070288648,8.257080673443008,62.04712735593002,598.9701538085938,1,Train,2019-07-07,0.0054638022174609,0.006769325273889626,0.012372105262244748,0.0012644768820643617,0.0017597366913487459,3.967973981584919,7.212018694196445,594.7355357184713,568.2669536439728,26.4685820744985,11811.150390625,-0.011350334557515662,11868.70703125,11830.383324032739,58.77637796829218
0.007287326803202,592.465105329241,585.4075462704614,585.7381112815674,8.086752710458756,61.6476267323509,595.5603637695312,0,Train,2019-07-08,0.007228920877625056,0.010652280321920005,0.014410243876724627,0.0014529589995297516,0.0016938652742367138,6.244585309709805,8.41628592354914,595.9822397133432,568.9189940687438,27.06324564459942,11558.599609375,-0.02138240331360608,11828.285574776786,11815.523763020834,43.517684066525554
-0.0056927545010065,593.6490740094866,586.7324625651041,586.6310433259277,7.286575723747706,56.986518206236106,603.3035278320312,1,Train,2019-07-09,0.006786807407340056,0.011446293508639238,0.013795100489481849,0.001252203905905889,0.001429195471773273,6.718183244977695,8.078011648995584,596.7871432105685,570.4316216122552,26.355521598313317,11555.900390625,-0.00023352472109261502,11795.007114955357,11798.057105654761,43.405500681765275
0.0130014764808903,596.1557094029018,588.299810500372,588.1467237355735,7.1337024415308425,65.1200171563548,605.1978759765625,1,Train,2019-07-10,0.010197524530995983,0.013503186020099811,0.015804825786751797,0.0012769958804102262,0.0014936449671980009,7.9427490234375,9.27553885323664,597.6747981996438,572.115543422845,25.559254776798753,11498.900390625,-0.004932545113165099,11742.621512276786,11775.833333333334,32.37863917048213
0.0031399586727738,598.753679547991,589.5367722284226,589.6968284847542,7.709717269842588,70.05748274830339,597.6915283203125,0,Train,2019-07-11,0.010614252488769571,0.01544385706543916,0.021285297044927987,0.0013393981302457602,0.0016271827553111123,9.106427873883945,12.47903006417414,599.0312488844545,573.3780275873648,25.653221297089658,11582.900390625,0.007305046321514741,11695.850167410714,11760.43810453869,42.33278679136025
-0.0124031295452542,599.1190272739956,590.4602690197173,590.4236193788958,7.453446289140242,59.4344116668947,602.3563842773438,1,Train,2019-07-12,0.009214119088176265,0.015218924696358105,0.022091271821836456,0.0015809167832911673,0.001664179767696566,8.98126220703125,12.949236188616169,600.3062833552823,574.5345238782558,25.771759477026535,11552.5,-0.0026245922523520093,11643.814453125,11743.221447172618,42.06094466549771
0.0078047884836862,599.673810686384,591.6307082403274,591.5084161878456,7.290284852171458,60.96204468372813,603.0430908203125,1,Train,2019-07-13,0.0059013127409377475,0.012167307901006064,0.02294919779745075,0.0017094266514825042,0.0016639032670435331,7.20870535714289,13.453290666852695,601.2295662952606,576.0924979137237,25.137068381536892,11552.5,-0.0026245922523520093,11643.814453125,11743.221447172618,42.06094466549771
0.0011400336426956,600.8747035435268,592.6308797200521,592.5570229726153,7.349179769531751,59.63776886127821,607.7789306640625,1,Train,2019-07-14,0.003542398264904101,0.0121715502480928,0.023757162893326855,0.0015814405064593154,0.0016593204111090977,7.225629534040195,13.94381277901789,602.3728646295189,577.2883815339857,25.084483095533187,11552.5,-0.0026245922523520093,11643.814453125,11743.221447172618,42.06094466549771
0.0078532362211594,602.1331002371652,593.624285016741,593.9408327627469,7.925606440210177,71.77488957440477,598.9701538085938,0,Train,2019-07-15,0.005030841662438501,0.010026559739317431,0.023665136260718977,0.0014659399971823927,0.0014643495216732725,5.97739083426336,13.92013985770086,603.7783905793535,578.0583133478228,25.720077231530695,11588.349609375,0.0031031905972733753,11592.61439732143,11732.03334263393,37.98217643323381
-0.0144933896373212,602.6202130998884,594.1463593982514,594.3980437669148,7.898103538422317,59.4563229812929,601.9774169921875,1,Train,2019-07-16,0.004913341821834782,0.006457636393677246,0.022001224272560904,0.001573844095645197,0.0013772006977843267,3.866533551897305,12.97296142578125,605.1564806426268,578.6899243866701,26.466556255956675,11662.599609375,0.006407297199588324,11571.392857142857,11731.578543526786,39.59726898718533
0.0050207229266296,602.4307686941964,594.9356660388764,595.087077696485,7.808261440875911,62.80371940643669,603.8482055664062,1,Train,2019-07-17,0.0025896666001965496,0.005527685266931703,0.020830735389112398,0.0015090750257833229,0.00142300265090811,3.3117414202008604,12.29300362723211,606.2144572414418,579.5824500199981,26.6320072214437,11687.5,0.0021350634900458854,11589.807198660714,11731.38806733631,41.515685120783445
0.0031077387978544,602.2379586356027,595.9741763160342,595.8835438664779,7.449336738682333,63.16184252339704,605.4347534179688,1,Train,2019-07-18,0.00017414488324285493,0.004275904505957717,0.01649523865364322,0.0009715541727008174,0.0015384392570241409,2.56414794921875,9.77285330636164,607.0634465661062,580.5523746183246,26.511071947781602,11596.900390625,-0.007751838235294128,11595.664341517857,11726.885695684523,39.852010639703934
0.0026273951581496,603.3441336495536,596.8920404343378,596.7518356438861,7.36660416518872,58.96916705994396,599.230712890625,0,Train,2019-07-19,0.0012012881976548595,0.004109725524246155,0.01633129750306317,0.0010339802081199268,0.001535286408549593,2.4694301060267208,9.695059640066916,608.0099419916556,581.3831863216816,26.626755669974045,11419.25,-0.01531878214359883,11584.285714285714,11707.242838541666,28.677234854493037
-0.0102472487618507,602.8976091657366,597.4062238420759,596.9771881208624,7.119328409778822,50.628495296409234,603.80078125,1,Train,2019-07-20,0.0007749280013571447,0.001269667666949914,0.011308957804979203,0.001228605317771687,0.0016657832429211306,0.7645089285714448,6.741899762834805,608.7579977392393,582.236874435705,26.521123303534296,11419.25,-0.01531878214359883,11584.285714285714,11707.242838541666,28.677234854493037
0.0076265589547797,603.0058506556919,598.0061064220611,597.5975147689658,7.10124335040254,57.50873690464521,599.4437255859375,0,Train,2019-07-21,0.0012750641321728207,0.0006399346510794768,0.007101703510049129,0.0011105583667048715,0.0016974407462705392,0.3856375558035552,4.25217110770086,609.2513178069457,583.4166744851859,25.834643321759813,11419.25,-0.01531878214359883,11584.285714285714,11707.242838541666,28.677234854493037
-0.0072160484043137,601.8151070731027,598.804437546503,597.7653521159632,6.173770022036233,50.3878836718921,594.5421752929688,0,Train,2019-07-22,-0.0025342528271584674,-0.001021962444627822,0.004500073735555166,0.0012020505595560758,0.001788191111271508,-0.61566162109375,2.6960797991071104,609.3169039612732,584.9156199296309,24.401284031642263,11346.2001953125,-0.006397075524881224,11550.471400669643,11689.247628348214,23.762808866279073
-0.008176831425131,601.1825387137277,599.1506086077009,597.4723360411455,5.678800109355973,49.1859357493373,592.7662353515625,0,Train,2019-07-23,-0.0028447126442948667,-0.0017524965119536384,0.002515914486271864,0.0011794930955297406,0.0018574269198552117,-1.055419921875,1.50872802734375,609.0441258572297,586.684599903094,22.359525954135734,11331.0498046875,-0.0013352832106081625,11518.835658482143,11671.695219494048,22.976834467414434
-0.0029870714226978,599.8666556222098,599.4843779064361,597.0445087057288,5.020007909362416,40.68652255770922,589.9010009765625,0,Train,2019-07-24,-0.005205911402134222,-0.005763672559984778,-0.0016776341479717294,0.0013699543061544645,0.0017639971254322091,-3.47747802734375,-1.0080479213170292,608.4561619235982,588.5661403224955,19.890021601102717,11271.2998046875,-0.005273121293252303,11473.54282924107,11646.688058035714,19.6685941519401
-0.0048336666363945,597.8741978236607,599.6219453357514,596.3950989121682,4.689857084779603,36.70785105733003,590.1141357421875,1,Train,2019-07-25,-0.0065483720882455465,-0.008332113555778009,-0.007073024904007186,0.001695670131832363,0.001643456463173153,-5.023411342075974,-4.258902413504529,607.6935945900524,590.294831400461,17.398763189591364,11252.150390625,-0.0016989534831232112,11414.9072265625,11618.335704985118,21.965897693079228
0.0003613059907885,595.6855381556919,599.3828996930804,595.8241022603518,5.044565521938761,42.45997619221145,588.64599609375,0,Train,2019-07-26,-0.009143646403631411,-0.012139703938262136,-0.011507537904386522,0.0013879420615343862,0.0018800984127831915,-7.3203125,-6.934674944196445,606.9907596069778,591.6014950316941,15.389264575283732,11284.2998046875,0.0028571795564771296,11357.307198660714,11591.799990699405,32.33966729415255
-0.0024878910019516,594.1734357561384,598.9149518694196,595.1715471542971,5.562406618517103,35.43031710306984,591.7479858398438,1,Train,2019-07-27,-0.009490809020158308,-0.012697706034880407,-0.013706691900807644,0.0013189181604934019,0.0019184993184507928,-7.641671316964334,-8.257332938058084,606.3464531729197,592.6493685346696,13.69708463825009,11284.2998046875,0.0028571795564771296,11357.307198660714,11591.799990699405,32.33966729415255
0.0052697032965118,592.4516078404018,598.7773873465402,594.8603143075285,5.70733349191197,38.58304635532792,591.392822265625,0,Train,2019-07-28,-0.009069784250596125,-0.014522928247394429,-0.01624997337825118,0.0008804833209848069,0.001841578566763655,-8.73093087332586,-9.78635079520086,606.3486983666447,592.6457735920607,13.702924774584062,11284.2998046875,0.0028571795564771296,11357.307198660714,11591.799990699405,32.33966729415255
-0.0006001939722949,591.3014787946429,598.4165620349702,594.5450877582645,5.9297287512521,31.827818119791417,598.425537109375,1,Train,2019-07-29,-0.007359687419343008,-0.014278467968323216,-0.019959844114280423,0.0008840055577329169,0.001621628391561161,-8.565176827566916,-12.042654854910666,606.7164397810564,592.0432726561646,14.673167124891734,11189.2001953125,-0.008427603929443195,11299.06431361607,11563.24525669643,28.90100072483719
0.0118917825495543,591.8562447684152,598.5529988606771,594.8978558810927,5.893576834713337,49.37125221079927,598.5439453125,1,Train,2019-07-30,-0.0038998562511876056,-0.010065584159931307,-0.018313830125483488,0.0015221772168860753,0.0016348375619619723,-6.017953055245471,-11.041364397321445,607.1247330781573,591.205032895615,15.919700182542329,11085.400390625,-0.009276785013729971,11251.371512276786,11526.09291294643,27.424081179127683
0.0001978662269277,592.6816319056919,598.3263520740327,595.2293185566751,5.792403518871202,45.75283803495336,595.4656372070312,0,Train,2019-07-31,0.00038825798132036127,-0.005042771827733827,-0.017121258008979012,0.002049554055700143,0.0017710379116876577,-3.00390625,-10.32421875,607.3338522294632,590.3887089800792,16.945143249384046,11118.0,0.00294076968140633,11218.771484375,11488.364350818452,23.108443371925915
-0.0051429943107378,593.476579938616,597.8629121326264,595.2508020703439,5.601313734967746,39.93164603731756,601.9774169921875,1,Train,2019-08-01,0.003678497724049379,-0.0011728155040042765,-0.013855629472381725,0.002194212936012563,0.0018839398949321317,-0.6968558175223052,-8.33852713448664,607.3848135920259,589.7735028839786,17.611310708047313,10980.0,-0.012412304371289817,11168.621512276786,11443.75720796131,20.55035234686926
0.0109356096779975,595.1713344029018,598.0670020693824,595.8623125177842,5.672386544616872,46.28670845499016,612.041259765625,1,Train,2019-08-02,0.0056011737035635,0.004590630739300217,-0.009998966908931317,0.0022834870077750925,0.002018669402040775,2.7197265625,-6.01120431082586,607.2713661487678,589.4367026988884,17.834663449879372,10997.349609375,0.0015801101434427256,11129.485770089286,11398.547665550595,19.00885104395617
0.0167179739461358,598.5135149274554,598.5281866164435,597.3331259039516,6.387229233989615,62.70551544120139,610.3599243164062,0,Train,2019-08-03,0.009839824127857222,0.012196884992599966,-0.0022557358074035694,0.002853457079190002,0.0026808280466747935,7.2120361328125,-1.3531406947544156,607.0749702303497,589.3969797556992,17.677990474650414,10997.349609375,0.0015801101434427256,11129.485770089286,11398.547665550595,19.00885104395617
-0.0027470949423615,601.17236328125,598.8766072591146,598.5173803050837,6.830044900848812,56.90078765236444,614.1013793945312,1,Train,2019-08-04,0.012967290711673796,0.01574050894145773,0.005516487364056077,0.0024890221582721636,0.002990352477109648,9.316118512834805,3.2981654575893344,606.9478451990702,589.4280310913874,17.519814107682805,10997.349609375,0.0015801101434427256,11129.485770089286,11398.547665550595,19.00885104395617
0.0061299160201504,604.4164428710938,599.1776762462798,599.9341074950336,7.360805316966386,65.62349962332007,616.80078125,1,Train,2019-08-05,0.015533524438751556,0.019799518550406292,0.014656902268323835,0.0020052312409756224,0.003290233093634062,11.734810965401834,8.730904715401834,607.2629275201878,589.2925717473904,17.970355772797348,10862.599609375,-0.012252952282714391,11073.835658482143,11353.378580729166,10.552192261834819
0.0043956941737051,607.0414777483259,600.0267537434896,601.4674414727577,8.303674723199371,74.89395571465043,610.5257568359375,0,Train,2019-08-06,0.014248571850385305,0.022856669105818517,0.02165704694591697,0.0017825700721456883,0.0034310133099196573,13.564897809709805,12.8680419921875,608.1544043944311,588.8621657785598,19.292238615871383,10948.25,0.007884888857643269,11025.828543526786,11324.31431361607,15.608218495977425
-0.0101735027010595,608.7531651088169,600.4338175455729,602.2909246875922,8.608032694179096,68.04611816073134,601.6695556640625,0,Train,2019-08-07,0.012610030484751844,0.02282003504006269,0.02751542413368968,0.0015515188504265792,0.0033673281373074824,13.581830705915081,16.30155726841508,609.4061127796405,588.261978040672,21.144134738968432,10855.5,-0.00847167355513434,10978.15708705357,11290.9619140625,15.577051428073972
-0.0145058600275481,609.6394391741071,600.330072312128,602.234436594544,8.577900430405704,60.66052152605308,603.824462890625,1,Train,2019-08-08,0.008641386852751953,0.018589261510661537,0.031012877588004306,0.0015211796982826774,0.0031227562079293217,11.12592424665172,18.33796037946422,610.6226710021564,587.6749503706113,22.947720631545053,11032.4501953125,0.016300510829763803,10970.5927734375,11268.75,32.029342293791345
0.0035815460600863,609.903302873884,600.2533918108259,602.3789844396423,8.537086840125758,61.99741497179969,607.2106323242188,1,Train,2019-08-09,0.004714381521627287,0.014523188566053946,0.03049229988699409,0.001988250232895961,0.002786219383270105,8.730939592633945,18.04705810546875,611.8491357301181,587.1490550134646,24.700080716653474,11109.650390625,0.006997556657477588,10969.399972098214,11246.214285714286,39.05215420730974
0.0056078705678526,609.2132132393973,600.6333879743304,602.8182251564219,8.665916047754283,65.71763721016758,602.4511108398438,0,Train,2019-08-10,0.0007557219525884395,0.007936200983411412,0.02789285249240847,0.0023875351971271064,0.002643707119978422,4.796770368303555,16.53158133370539,612.8246513566338,586.7942756453193,26.03037571131449,11109.650390625,0.006997556657477588,10969.399972098214,11246.214285714286,39.05215420730974
-0.0078383368653427,608.0833827427456,600.5691179547991,602.784851127642,8.646233318167903,58.81434583037612,605.5293579101562,1,Train,2019-08-11,-0.0025524208759681866,0.001716365409303533,0.02461226491134716,0.002713918899482665,0.0025128580186569633,1.041904994419724,14.60680280412953,613.6338659143663,586.6118886545511,27.02197725981523,11109.650390625,0.006997556657477588,10969.399972098214,11246.214285714286,39.05215420730974
0.0051095383756887,606.8588082449777,600.8589099702381,603.0343517442342,8.708389393620134,61.14212922027754,609.38916015625,1,Train,2019-08-12,-0.004991766095642558,-0.003111863678771365,0.019637158523101883,0.002434140646061106,0.0025213681475549786,-1.8943568638392208,11.68747384207586,614.2458894533605,586.5674920686819,27.678397384678647,11109.650390625,0.006997556657477588,10969.399972098214,11246.214285714286,39.05215420730974
0.0063742611248691,605.8000052315848,601.5659092494419,603.612061599872,8.772366101214006,59.09626766811292,600.6987915039062,0,Train,2019-08-13,-0.005602649341210575,-0.006297876573936323,0.012174312062130488,0.0018922963337147573,0.002692915952543678,-3.839433942522305,7.286490304129416,614.7466913161414,586.6600251668384,28.086666149303028,10925.849609375,-0.01654424529912324,10961.66420200893,11216.373790922618,33.77900271701948
-0.014260786408008,604.3961530412946,601.9436500186011,603.3472188638751,8.54227523230139,51.56519464628508,587.69873046875,0,Train,2019-08-14,-0.006063690944521194,-0.009029545842167863,0.005362504926954559,0.001422762060390611,0.002896918184942104,-5.507149832589334,3.2237897600446104,615.0990425225912,586.9598694821523,28.13917304043889,11029.400390625,0.009477595331455646,10966.242885044643,11189.757161458334,40.644359119431776
-0.0216415634907627,602.4003208705357,601.8387799944196,601.9246290097728,8.70939351435679,45.06913892339657,597.0047607421875,1,Train,2019-08-15,-0.007346828148273699,-0.011183100137692525,-0.0033356504845916124,0.0011506899326288581,0.003158526291257628,-6.81289236886164,-2.0161220005580844,615.2166279367094,587.5137623395182,27.70286559719125,11029.400390625,0.009477595331455646,10966.242885044643,11189.757161458334,40.644359119431776
0.0158346952119754,601.4260777064732,602.1669049944196,601.4773682581742,8.368722067077607,46.95124963140477,595.4419555664062,0,Train,2019-08-16,-0.007220084990655629,-0.010948013422509284,-0.009250438804744743,0.0006811378671213547,0.0031902081870894814,-6.657305036272419,-5.615400041852695,615.1598993659536,588.2957551053075,26.86414426064607,11047.7998046875,0.0016682152620135504,10992.70005580357,11160.480980282739,42.09200043233143
-0.0026177432384933,599.7448381696429,602.4905221121652,600.9286943771043,7.940153837338771,38.63860242481867,602.1195068359375,1,Train,2019-08-17,-0.007695804892613123,-0.01172261155096066,-0.014797996060626262,0.0006158131556959381,0.0029894637165813224,-7.113970075334805,-9.008326939174026,614.8429034580672,589.3420740461179,25.500829411949326,11047.7998046875,0.0016682152620135504,10992.70005580357,11160.480980282739,42.09200043233143
0.0112144453495544,599.6974661690848,602.9844040643601,601.03695005518,7.551602872729711,44.7208990788524,607.4710083007812,1,Train,2019-08-18,-0.004486808203463366,-0.010073520980190653,-0.016307955762328796,0.0010270361757686545,0.002722492942062141,-6.1025390625,-9.941973005022305,614.2818985347029,590.7426777069267,23.539220827776262,11047.7998046875,0.0016682152620135504,10992.70005580357,11160.480980282739,42.09200043233143
0.0088877729488705,599.9748447963169,603.7500319707962,601.6218644411438,7.120354836707675,45.83820520875635,609.0338745117188,1,Train,2019-08-19,-0.00241298634021736,-0.007315248819387499,-0.016278741286993914,0.001379885261099907,0.00221904375226662,-4.421308244977695,-9.92845807756703,613.655065542742,592.1813707016775,21.47369484106457,11053.900390625,0.0005521991749806165,11007.79296875,11130.3095703125,40.90050409407699
0.0025727420561338,599.924089704241,604.2551908947173,602.2956835384688,7.099996162582563,45.05425230996922,610.6915283203125,1,Train,2019-08-20,0.00029887966213304473,-0.004110607316271331,-0.015247738120719334,0.0014943241712564554,0.0017345928813488163,-2.4762311662946104,-9.28912353515625,613.0042555086426,593.5564265156319,19.447828993010717,11017.0,-0.0033382235519596737,11030.86439732143,11102.695265997023,42.87133860343195
0.0027217760422977,601.3516235351562,604.8336472284226,603.0589421550001,7.106265465064599,50.11215373154791,608.205078125,0,Train,2019-08-21,0.0027583197518548097,-0.00012379604755552442,-0.011070454149274545,0.001983273652981409,0.0016657617010662645,-0.07445417131691556,-6.731759207589334,612.3025570026666,595.045629381262,17.256927621404657,10918.7001953125,-0.008922556475220111,11014.61439732143,11078.859561011905,43.067456059625215
-0.0040715321565887,604.2811017717634,605.4402872721354,603.5267726977273,6.803891741986938,54.83869510048117,609.8154296875,1,Train,2019-08-22,0.007177395873835923,0.007563655930686641,-0.0042476214206547125,0.0025378714732600853,0.002198041685384383,4.536263602120471,-2.5777064732143344,611.7737950726018,596.4853680482129,15.288427024388966,10741.349609375,-0.016242829527789215,10962.0,11050.057152157739,36.019463788856164
0.0026477114717036,606.1111973353794,605.8135259719122,604.0984687877066,6.819398095306176,54.47157953048324,605.3162841796875,0,Train,2019-08-23,0.010313150842448326,0.010694944581417065,0.0005136878526035282,0.0025150741940943226,0.002395067752025069,6.41373116629461,0.3111921037946104,611.7214711512215,597.2974602103857,14.424010940835842,10829.349609375,0.008192639025843995,10948.214285714286,11026.166666666666,44.192588063985205
-0.0073778807304336,607.5218157087054,605.4932890392486,604.2091792778867,6.668556077915254,48.60919044729784,594.3053588867188,0,Train,2019-08-24,0.010260539644470379,0.012578812224953495,0.005171546264288063,0.0018445892826370657,0.0024948703714405326,7.546970912388474,3.1256626674107792,611.9791787573274,597.6746978470253,14.304480910302118,10829.349609375,0.008192639025843995,10948.214285714286,11026.166666666666,44.192588063985205
-0.0181903668887588,606.4055088588169,604.7287859235491,603.3088319695987,6.995014939836842,44.52229989525632,589.3090209960938,0,Train,2019-08-25,0.0035155941180764483,0.01080373211512664,0.006648714898579877,0.0022296339313466204,0.0024939999277825134,6.48141915457586,4.00518798828125,612.1098468775875,597.7429363255375,14.366910552050058,10829.349609375,0.008192639025843995,10948.214285714286,11026.166666666666,44.192588063985205
-0.0084070214342074,603.8109392438616,603.5481974283854,602.0361218810982,7.413699309802472,39.36676061387378,587.6514282226562,0,Train,2019-08-26,-0.003795109051986323,0.004089646743194786,0.003965344413536354,0.0031572469104881266,0.0026870664581113163,2.4593157087053896,2.384861537388474,611.8931399780438,597.6365893746349,14.256550603408868,11057.849609375,0.021100066785376237,10952.27845982143,11016.002371651786,52.00569800569801
-0.0028127734590516,600.7563040597098,602.1601329985119,600.7284224576035,7.536159042454958,35.32615278886777,589.5457763671875,1,Train,2019-08-27,-0.011136244780120763,-0.005833043101494906,0.00168649369814311,0.003893685642788488,0.00295175452568724,-3.524797712053555,1.0114658900669156,611.4483303249715,597.2817129227965,14.166617402175007,11105.349609375,0.004295591066795668,10960.49986049107,11009.01185825893,58.54180182755853
0.0032235914924272,597.7354823521206,601.1610863095239,599.7118182675657,7.759034132139432,41.7107069336089,589.4037475585938,0,Train,2019-08-28,-0.01429740723004358,-0.01381877619169658,-0.0032716226558326955,0.00419877230213652,0.003155476795692087,-8.375714983258831,-1.9619838169642208,610.9863121589609,596.5533354066084,14.432976752352488,11046.099609375,-0.005335266523260329,10959.385463169643,10997.668991815477,53.50827928421271
-0.0002409122654883,595.049577985491,600.5770002092634,598.7747209303865,8.169652375318178,51.56666236701456,574.5567016601562,0,Train,2019-08-29,-0.014510106871104766,-0.020529695231873868,-0.008209122188277629,0.003505211276297738,0.003243368689053911,-12.472237723214334,-4.92526681082586,610.632683439362,595.4215916373677,15.211091801994371,10948.2998046875,-0.0088537862364102,10949.57114955357,10986.197544642857,53.315219931997994
-0.0251899414619204,590.0126168387277,599.1832972935268,596.573082814911,9.90096903647484,31.27974436263208,579.2926025390625,1,Train,2019-08-30,-0.017883602965761414,-0.027032887697439834,-0.016521211659294543,0.0033404502706368493,0.0038280602575638052,-16.39289202008922,-9.91147286551336,611.0984873005747,593.0357281360883,18.06275916448635,11023.25,0.006845829640179435,10964.5068359375,10983.238002232143,49.645492551241965
0.0082427040973016,586.2949480329241,597.8538673037574,595.0021300625612,10.617604064225834,37.20938551720604,585.2835083007812,1,Train,2019-08-31,-0.01913979453616732,-0.02900906570668027,-0.025038055794575964,0.0020186429372184927,0.0040380138370098954,-17.5159912109375,-15.05667550223211,611.9921864074773,589.9631855582035,22.02900084927387,11023.25,0.006845829640179435,10964.5068359375,10983.238002232143,49.645492551241965
0.0103417612023015,585.0061122349331,597.0363624209449,594.1186189933084,10.903015637256152,36.51891811582233,580.642333984375,0,Train,2019-09-01,-0.016878367991721932,-0.026217272658384472,-0.03189738927845942,0.0019248962644552905,0.0040158186922329255,-15.75019182477672,-19.274989536830276,612.6410020816993,587.1291002829771,25.511901798722192,11023.25,0.006845829640179435,10964.5068359375,10983.238002232143,49.645492551241965
-0.0079297883001704,583.7680140904018,595.8512660435268,592.8935021743143,11.279748831036027,28.27029875552313,580.7608032226562,1,Train,2019-09-02,-0.010583846124823992,-0.02336730656636954,-0.036863175178422636,0.002231104988817782,0.003964723492599795,-13.96746826171875,-22.34318324497758,613.098659713799,584.468243536759,28.630416177039933,11023.25,0.006845829640179435,10964.5068359375,10983.238002232143,49.645492551241965
0.0002040313482971,582.7836390904018,594.4880109514509,591.7905295423454,11.291754539482437,26.551787673978808,564.8955078125,0,Train,2019-09-03,-0.005988980383172415,-0.020613305762882672,-0.040719816109723084,0.002514271866380209,0.003929810347248328,-12.26593889508922,-24.738176618303555,613.4276381243251,581.9780137311436,31.449624393181466,10797.900390625,-0.02044311880570615,10972.585518973214,10967.995163690477,39.21841332027424
-0.0273181236097879,579.2621721540179,592.7830926804315,589.3455275669049,12.89607534490344,19.262753760214736,582.4183349609375,1,Train,2019-09-04,-0.009818598405700873,-0.018220703045827014,-0.04476103252406061,0.0025895175744867307,0.003841361459876624,-10.750444684709805,-27.143336704799026,614.1123561081716,578.9794808756454,35.1328752325262,10844.650390625,0.004329545403159107,10974.77134486607,10961.54994419643,46.89771735156069
0.0310195901827805,578.2642560686384,592.5316452752976,588.7157827845442,13.05071819434517,35.599203216583575,589.4510498046875,1,Train,2019-09-05,-0.009427988325703573,-0.01369735828567098,-0.04230907642583426,0.0027896777101087335,0.003196650755779541,-8.03069196428578,-25.54668317522328,614.57846903237,576.1971857876637,38.38128324470631,10847.900390625,0.000299686931614751,10944.778599330357,10954.433314732143,42.49007194105069
0.0120750230918154,580.3920200892857,592.1719447544643,588.7826252409209,13.025339036814378,39.276793393232026,587.1541748046875,0,Train,2019-09-06,-0.0041037854200042245,-0.007887254592981785,-0.03389774494717601,0.003329456882939867,0.003296369121990894,-4.614092145647419,-20.36428397042414,614.6113652155087,574.2290077964889,40.382357419019854,10946.2001953125,0.009061643373168504,10922.04296875,10958.414295014882,46.056836615575875
-0.0038966339965991,581.5151018415179,591.7772885277158,588.6345842921723,13.0468451373394,40.20936317166517,588.290771484375,1,Train,2019-09-07,0.003889309186412726,-0.003859259490937239,-0.027136385557662845,0.0031471047530123274,0.003248116534268568,-2.252912248883945,-16.220380510602695,614.3293758951618,572.6927606840791,41.6366152110827,10946.2001953125,0.009061643373168504,10922.04296875,10958.414295014882,46.056836615575875
0.0019357721165238,581.9447108677456,591.1187773204986,588.6033285823726,12.846188744336343,46.37142594126853,587.3910522460938,0,Train,2019-09-08,0.00636465899540295,-0.0014395191738149071,-0.02202315168781621,0.0031819040179583836,0.0033957026642053205,-0.83892822265625,-13.10486711774547,613.8074021272648,571.4117210591191,42.39568106814568,10946.2001953125,0.009061643373168504,10922.04296875,10958.414295014882,46.056836615575875
-0.001529378467065,582.9088134765625,590.1625889369419,588.4931216427109,12.304047221500497,48.78272888136875,587.5330810546875,1,Train,2019-09-09,0.00433636800673054,0.006295321009801791,-0.012040087210723027,0.0032300723953399713,0.003580054264907672,3.6466413225446104,-7.103803362165195,613.0859799284078,570.4316156352083,42.65436429319948,11003.0498046875,0.005193547382711383,10915.892996651786,10961.02380952381,48.10124366698342
0.0002417960029363,583.8762817382812,589.1387416294643,588.4058452256179,11.525118054811252,49.9234156841835,591.5111694335938,1,Train,2019-09-10,0.004060393082288005,0.009704949961452769,-0.0041253405009845645,0.003222061481996077,0.003661101296188587,5.61202566964289,-2.4186662946428896,611.9881543903482,569.7819069935804,42.20624739676782,11003.0498046875,0.005193547382711383,10915.892996651786,10961.02380952381,48.10124366698342
0.0067708330086966,587.6785191127232,588.2253912062872,588.688147426343,10.440676065718776,51.23843807809609,587.9120483398438,0,Train,2019-09-11,0.00985284020612176,0.012554443843519003,0.004568169155670043,0.0025441714727751576,0.004193876484423477,7.2864990234375,2.672406877790081,610.2248030553894,569.8850000626351,40.33980299275436,11035.7001953125,0.0029673946046386845,10928.37876674107,10969.604771205357,50.70048689124876
-0.0060846206795999,588.4633353097098,587.2590564546131,588.617592963934,9.384707690358496,49.09928901324237,577.46923828125,0,Train,2019-09-12,0.009528972121761514,0.011948500470905232,0.00804312861612333,0.0019867253700767166,0.004130959532630804,6.948233468191916,4.695321219307971,607.8755872790762,570.4694296363814,37.40615764269478,10982.7998046875,-0.00479356902496042,10922.600167410714,10967.240466889882,52.48563634077734
-0.0177625379307709,586.7516479492188,585.718761625744,587.6041061745991,8.058171826658477,51.85742522461226,576.4274291992188,0,Train,2019-09-13,0.004924615540773614,0.008260126764113807,0.006808716979443963,0.0027500700825725407,0.0035646622729869405,4.806937081473166,3.9680088588169156,604.7356359638549,571.5323641756542,33.20327178820071,11075.900390625,0.008476944640087414,10962.314453125,10965.633324032739,63.88004284994255
-0.0018040945092279,585.219255719866,584.3431018647693,586.5880446313827,6.932558677824786,48.0824298236226,574.5804443359375,0,Train,2019-09-14,-0.004184708667878678,0.0039636426656919355,0.010283916078442479,0.0031543051133050906,0.003213091827672985,2.310442243303555,5.957083565848166,601.3012217639068,572.8481530617071,28.453068702199744,11075.900390625,0.008476944640087414,10962.314453125,10965.633324032739,63.88004284994255
-0.0032041932248906,583.2606375558036,583.403820219494,585.4964446045241,6.851069490566377,42.416114464735344,581.1869506835938,1,Train,2019-09-15,-0.00884115872940161,-0.0010544086165734656,0.008640308362016569,0.003545390415170958,0.003283943450961765,-0.6156441824776948,4.996381487165195,597.9653312668526,574.1290133899555,23.836317876897056,11075.900390625,0.008476944640087414,10962.314453125,10965.633324032739,63.88004284994255
0.0114979658858589,582.3743373325893,583.0170549665179,585.104672429894,6.729208137067604,50.37544316430888,576.4037475585938,0,Train,2019-09-16,-0.007460244265062976,-0.009025651963835757,0.0034154798389520735,0.0035502641011673237,0.0032610640882246218,-5.304181780133831,1.9823172433036689,594.9146196421772,575.3415283419187,19.57309130025851,11003.5,-0.006536749886833726,10985.007254464286,10969.330961681548,57.32000656760529
-0.0082300593971939,580.7844325474331,582.481451125372,584.3136792597758,6.789252394286072,47.17787462561949,573.0175170898438,0,Train,2019-09-17,-0.0075780540867161905,-0.01304907596024707,-0.0012564923795975735,0.0035699835251438907,0.003310063905266616,-7.678902762276721,-0.7306692940848052,592.2342274349653,576.3268155686619,15.907411866303391,10817.599609375,-0.01689465993774708,10980.67857142857,10959.245210193452,39.52658117052853
-0.0058747544288055,578.1424822126116,581.6943911597842,583.2867554261455,6.886695820910856,56.27516389244921,568.447509765625,0,Train,2019-09-18,-0.00877507414976586,-0.014672588933831499,-0.006533659614268883,0.0018540120163133217,0.0031277227442126692,-8.60916573660711,-3.802228655133945,590.050973705056,576.8193597212834,13.231613983772604,10840.650390625,0.002130859163064436,10965.600027901786,10949.380952380952,38.209409435186814
-0.0079753361597534,575.361833844866,580.6964750744048,581.9377330933709,7.2237964755364334,36.50492878030374,567.9501953125,0,Train,2019-09-19,-0.012041230250361301,-0.01684398074508775,-0.012947101600137123,0.0011479676773474869,0.003349320546119017,-9.857421875,-7.546979631696445,589.4940442293098,575.9112108976433,13.582833331666507,10704.7998046875,-0.012531589991591652,10922.992885044643,10932.757114955357,35.768531315331046
-0.0008748643358997,574.001970563616,580.3818795340402,580.6661387496553,7.636613003012282,26.2302227788244,568.044921875,1,Train,2019-09-20,-0.011678105685560158,-0.015873978794431642,-0.016911649750984914,0.001189619118355566,0.0031743133921807143,-9.2586669921875,-9.874311174665195,589.6875170095549,574.4884403704674,15.19907663908748,11274.2001953125,0.05319112930777714,10957.06431361607,10945.00474330357,59.75339022679448
0.0001667867416577,572.8044695172991,579.8462756928943,579.5187553974139,8.097366430195205,27.792925194772764,557.720703125,0,Train,2019-09-21,-0.009233040054215325,-0.016432502604978194,-0.025309840519406546,0.0012433498599625026,0.0030899913893885243,-9.569867815290195,-14.874049595424026,589.994761589018,572.9610315192408,17.03373006977722,11274.2001953125,0.05319112930777714,10957.06431361607,10945.00474330357,59.75339022679448
-0.0181750040400359,570.3959350585938,578.5337611607143,577.53711428174,9.314364559059024,20.725486116144168,558.6441040039062,1,Train,2019-09-22,-0.008630914485737828,-0.017887010922922553,-0.030702677918934662,0.0013167150077779302,0.0031489240986126233,-10.388497488839334,-18.067400251116055,590.5768577248024,571.0417274802757,19.535130244526727,11274.2001953125,0.05319112930777714,10957.06431361607,10945.00474330357,59.75339022679448
0.0016556690001505,567.1755283900669,577.4862263997396,575.819567892846,10.254892039069304,22.48382294862837,559.6860961914062,1,Train,2019-09-23,-0.011892715571770962,-0.018969292449454778,-0.03336355275280978,0.0013717708898407953,0.003203338265846912,-10.966953822544724,-19.576119559151834,591.4810864568312,568.5766876782134,22.90439877861786,11600.2001953125,0.028915576657539077,11045.264369419643,10977.457124255952,65.0110398272248
0.0018652164768799,564.7872924804688,576.4826689220611,574.3528886472606,10.927553058422316,23.796702684510564,544.0813598632812,0,Train,2019-09-24,-0.013996359077970255,-0.018378941289401762,-0.03491334750129571,0.0012968207034854834,0.0030765055326168454,-10.574541364397305,-20.431963239397305,592.6366916042266,565.9735945634629,26.66309704076366,11588.2001953125,-0.0010344649056013289,11118.45005580357,11017.78334263393,73.12977841037382
-0.0278812292002843,560.6535557338169,575.4915190197173,571.6009314850807,12.81245663861759,13.382051083897691,545.2653198242188,1,Train,2019-09-25,-0.01708002937253761,-0.023254998265410554,-0.03875982771051256,0.001817159058552525,0.0020580554086854766,-13.34841482979914,-22.60708182198664,594.1559700374637,562.6932460967439,31.462723940719798,11440.2001953125,-0.012771612287114875,11180.83579799107,11046.87146577381,66.45480374618542
0.0021760715368652,557.341814313616,573.7223278227307,569.2067849704567,14.288268708507282,15.799386788943394,537.4747924804688,0,Train,2019-09-26,-0.01733804366412628,-0.02699464830767373,-0.04298356128401548,0.0019058515820137717,0.001660118245272482,-15.462655203683084,-25.03252301897328,595.565367710896,558.9788278457447,36.58653986515128,11571.2001953125,0.01145084856589107,11288.49302455357,11071.316731770834,68.66673286620653
-0.0142875900236264,552.9881853376116,571.2472679501489,566.3220583804579,15.844461537242085,16.501355243529744,524.40380859375,0,Train,2019-09-27,-0.020891240472208694,-0.03051871279411189,-0.047859835167932685,0.001982640626325862,0.0019354773015004918,-17.40774972098211,-27.796247209821445,596.9747978857569,554.7167060204932,42.25809186526362,11512.400390625,-0.005081564893442914,11384.457310267857,11090.700102306548,64.91646569276438
-0.0243192500738418,546.7537405831473,568.2591552734375,562.5113083998481,18.40477392166956,13.73386467473209,527.4820556640625,1,Train,2019-09-28,-0.024792164445433196,-0.0360061158930588,-0.054292397800169145,0.0024719642307869973,0.0026380207632966373,-20.42178780691961,-31.388741629464334,598.6574805123212,549.5149263654689,49.14255414685226,11512.400390625,-0.005081564893442914,11384.457310267857,11090.700102306548,64.91646569276438
0.0058699937335833,542.4339338030134,565.3635021391369,559.326830878413,19.82440329256862,17.721398262545677,483.6752014160156,0,Train,2019-09-29,-0.026748182403938614,-0.03957836689151151,-0.057229899699483666,0.0022540570100293743,0.002719094200755739,-22.35335867745539,-32.927900041852695,600.0094706006994,544.1154483097357,55.894022290963676,11512.400390625,-0.005081564893442914,11384.457310267857,11090.700102306548,64.91646569276438
-0.0830489943262565,531.7240905761719,560.4246520996094,552.4494100181951,26.01506082586873,5.739409159727998,506.6442260742188,1,Train,2019-09-30,-0.038453072462040994,-0.05159953925518301,-0.07365459032471833,0.005137474173999383,0.004570762756407598,-28.92946515764504,-42.27787998744418,602.0981964637242,536.8115033305,65.28669313322416,11474.4501953125,-0.003296462425282254,11494.40736607143,11111.097749255952,62.543890650174106
0.0474885307143277,524.1466805594308,556.5728018624442,548.2853023869245,27.73225860193548,22.82284845766921,473.35101318359375,0,Train,2019-10-01,-0.04134779215155371,-0.05955974036339995,-0.0849465944266673,0.0049201318196512535,0.0048730360580585335,-33.195133754185235,-48.65778895786832,603.4986731941646,529.0578427447305,74.44083044943409,11359.900390625,-0.009983032105041145,11506.65025111607,11130.697777157739,58.26660325254674
-0.065713199079758,514.0423453194754,550.9461277553013,541.4730942775308,31.95457027875293,18.5096355035474,461.7954711914063,0,Train,2019-10-02,-0.05234109946714438,-0.07042797848268478,-0.0987973200288137,0.005617388263506473,0.005747003026887378,-38.94584001813621,-56.35358973911832,604.9586618868138,520.1557550530579,84.80290683375597,11359.900390625,-0.009983032105041145,11506.65025111607,11130.697777157739,58.26660325254674
-0.0244122050451923,502.11808122907365,544.9405764625186,534.229673996974,36.225579320537456,17.727114227731505,415.2892150878906,0,Train,2019-10-03,-0.05567927026781383,-0.08163759301667861,-0.11470425627434855,0.006112465026032186,0.006868900357870346,-44.63565935407365,-65.05744716099326,606.9904869746828,509.66057329317425,97.32991368150851,11314.0,-0.004040562773145462,11465.76450892857,11144.543015252977,58.47534757399176
-0.1007074755054053,484.66299874441967,537.2177182152158,523.4169050052392,45.13575095148053,13.866143082530826,424.12158203125,1,Train,2019-10-04,-0.0753294512384769,-0.10650317293676803,-0.14186631817467799,0.008861830766336763,0.009263316489751481,-57.77093505859369,-80.12429373604908,610.3233599557218,496.2720746145908,114.051285341131,11174.75,-0.012307760296977222,11406.7001953125,11162.488234747023,52.47117507643842
0.0212679901679848,470.3369663783482,529.9650588262649,514.3900574621492,50.44473829395877,17.287372918177653,418.1070251464844,0,Train,2019-10-05,-0.08502291560039565,-0.11544920624398469,-0.1610916196496015,0.009025646064687603,0.009896518356357006,-61.38712419782365,-90.3165893554687,613.8152230107494,481.48784444181746,132.32737856893192,11174.75,-0.012307760296977222,11406.7001953125,11162.488234747023,52.47117507643842
-0.0141812092088312,454.7119620186942,522.5139436267671,505.63705452436153,54.88588982307303,17.632818079307754,365.3966674804688,0,Train,2019-10-06,-0.09441229261121176,-0.13247192268131458,-0.18414166972437507,0.0077750559457933095,0.010707539336096304,-69.43471854073664,-102.62985229492188,617.2337356482382,465.30309427293935,151.93064137529882,11174.75,-0.012307760296977222,11406.7001953125,11162.488234747023,52.47117507643842
-0.126069055279682,437.81502859933033,512.2382158551898,492.8879284294622,62.95837217320871,13.87339509753673,363.5733947753906,0,Train,2019-10-07,-0.09666091751682071,-0.1482899559038664,-0.20827417256295544,0.00860744142639136,0.01163446499023166,-76.2273167201451,-115.1731567382813,620.6069894023932,447.63290012397414,172.97408927841906,11126.400390625,-0.0043266837625002275,11361.871651785714,11175.90490141369,53.109824624177016
-0.0049898449201801,417.37633841378346,502.1034371512277,481.13206173363744,68.95729025091168,13.444531857512544,405.7463684082031,1,Train,2019-10-08,-0.11260145757278661,-0.16876855461540285,-0.23662828905637612,0.009098115305877478,0.013131350668988047,-84.7417428152902,-129.37740216936385,624.4138782569217,427.7493968895627,196.66448136735903,11126.400390625,-0.0043266837625002275,11361.871651785714,11175.90490141369,53.109824624177016
0.1159957638233299,407.7185320172991,494.1381443568639,474.2788168858706,70.00916792209374,26.538131996890783,426.7499694824219,1,Train,2019-10-09,-0.10334768804578554,-0.1587586981602781,-0.24835356601166592,0.008279818278214434,0.012502187905978564,-76.94446672712058,-134.71540178571428,626.3804770486255,409.0184679151022,217.36200913352332,11313.2998046875,0.01679783285706482,11325.028738839286,11198.06677827381,62.536670471817274
0.0517653458159554,402.71203177315846,487.39064243861606,469.95801257646616,69.31408650608553,31.165783988570794,428.3365478515625,1,Train,2019-10-10,-0.08017768814029602,-0.1437797567261404,-0.24262970418213892,0.010934105825564243,0.011958923078616457,-67.62493460518976,-129.01205880301342,625.835258908021,392.43469217666075,233.4005667313603,11234.5498046875,-0.006960833829169011,11285.33579799107,11211.79771205357,59.68906814125492
0.0037178171824239,404.575936453683,480.7423735119048,466.1742430560204,67.8815907362075,32.307099083039404,393.8593444824219,0,Train,2019-10-11,-0.03066872935046505,-0.11025886660740625,-0.22812458523657508,0.017071802722054677,0.013524037217501537,-50.13602556501115,-119.57074410574779,622.2522224639457,379.19487531437466,243.05734714957106,11305.0498046875,0.006275284833450412,11261.1357421875,11226.178664434523,65.25529568155126
-0.080490921314257,400.2527596609933,472.4478222074963,459.6001613675114,67.32025764657924,30.210343924349203,408.1853637695313,1,Train,2019-10-12,-0.01831109397791364,-0.08579483682528499,-0.2213622801595505,0.017771335599936506,0.013560755661340837,-37.56226893833701,-113.78958565848211,616.9869087068403,367.44587153172,249.54103717512027,11305.0498046875,0.006275284833450412,11261.1357421875,11226.178664434523,65.25529568155126
0.0363734401323789,398.8353794642857,465.3270917619978,454.92608885860415,65.73953920318056,32.51180742916483,392.9121398925781,0,Train,2019-10-13,-0.009626363264597981,-0.04442264029619325,-0.20569405011660757,0.018359367519264574,0.013952466895108729,-18.540958949497735,-103.28270176478793,609.9828009009382,357.61596444504386,252.36683645589432,11305.0498046875,0.006275284833450412,11261.1357421875,11226.178664434523,65.25529568155126
-0.037417372675755,402.7661612374442,457.43509347098217,449.28845713442,63.89900014706449,35.47996338017828,385.429443359375,0,Train,2019-10-14,-0.0044732646041740765,-0.012146543242348318,-0.16897687201032374,0.01894680103733843,0.016305156235259747,-4.952370779854903,-81.89683750697549,600.7881973927539,350.6084548289258,250.17974256382809,11341.150390625,0.003193315072573366,11258.45717075893,11240.723911830357,52.33430509504129
-0.0190441978587092,405.8884538922991,449.1371576218378,443.4830922457795,61.214875626789954,29.59744573449413,424.3820190429688,1,Train,2019-10-15,0.014080338224473632,0.00788757689993691,-0.1370262537140351,0.012139880705476506,0.01784021867865119,3.176422119140625,-64.44851248604914,590.0333241724798,345.8868178650481,244.14650630743165,11428.2998046875,0.007684353972992053,11274.785714285714,11261.938197544643,42.80871389772233
0.1010627920484901,408.5506896972657,443.43718901134673,441.746631045524,57.38525630398891,41.91175951702103,420.9722290039063,0,Train,2019-10-16,0.02435919863987368,0.009824492475809077,-0.1015176115369727,0.009114359254968696,0.01899127557723003,3.9747532435826542,-46.1612723214285,577.6954757472515,343.3455538286414,234.3499219186101,11464.0,0.003123841334461419,11316.107142857143,11280.419131324405,44.90523197075999
-0.0080347184519079,407.72529820033486,437.5184704008557,439.85804904174057,52.56491377096939,43.07074071242344,438.0923767089844,1,Train,2019-10-17,0.012312695157046916,0.01866954907611551,-0.06872703866575647,0.00741602848467216,0.01922464056799347,7.472538539341542,-30.08973039899547,564.1384010224788,342.3763398396863,221.76206118279248,11586.349609375,0.010672506051552677,11381.814174107143,11308.173874627977,56.12401146750886
0.0406681166251448,409.11898803710943,432.78597441173736,439.6975333751264,47.3287118754191,54.29947590186607,424.02685546875,0,Train,2019-10-18,0.00795916738658331,0.025784093142982023,-0.019783944648265495,0.0073527378855725335,0.018847217500100214,10.28360857282371,-8.257350376674026,549.6471943879158,343.1040712196457,206.54312316827009,11661.849609375,0.006516288783389612,11431.607003348214,11348.376255580357,53.98371750689881
-0.0321062907916742,413.42863246372775,428.0061195010231,438.27292629272847,42.42831996901738,49.982485193104125,408.8483581542969,0,Train,2019-10-19,0.011939626806349635,0.026473105867495406,0.014005005899968337,0.005599009511886953,0.018996877525482878,10.662471226283571,5.710100446428669,533.6045656231627,346.2461698504701,187.35839577269257,11661.849609375,0.006516288783389612,11431.607003348214,11348.376255580357,53.98371750689881
-0.0357960754577059,413.5233459472656,422.3568958100818,435.5979655528711,35.91978309904958,48.34419744321748,416.6388854980469,1,Train,2019-10-20,0.01422047582655006,0.01881032086956691,0.026846265621875087,0.004804565649670712,0.017780666849706566,7.634892054966542,10.811314174107167,517.6895144031874,350.34114660755466,167.34836779563278,11661.849609375,0.006516288783389612,11431.607003348214,11348.376255580357,53.98371750689881
0.0190548089245594,416.9128810337612,419.16469029017856,433.8744128206143,33.06310912444104,60.91827412322766,431.1070251464844,1,Train,2019-10-21,0.01905043086375846,0.020467940814619334,0.0304935204209571,0.004571305102216431,0.01580881905724296,8.362191336495528,12.336944580078182,500.98385132347516,356.3234297347001,144.66042158877508,11661.849609375,0.006516288783389612,11431.607003348214,11348.376255580357,53.98371750689881
0.0347258504955494,423.4382498604911,415.5676807221912,433.6228321229661,26.53453018789563,63.65377752483657,447.4693908691406,1,Train,2019-10-22,0.024211234081958688,0.038538083679163115,0.05792712139982603,0.00609777220990995,0.010587128300797891,15.71295166015625,23.185490199497792,484.2564399311147,363.9904315811621,120.26600834995259,11588.349609375,-0.006302602285396697,11482.149832589286,11383.980980282739,53.295122141363336
0.0379543008307428,426.73644583565846,414.33522251674106,434.8816101908001,24.216248086780595,59.41842185392414,436.482177734375,0,Train,2019-10-23,0.031952488336844276,0.043061941180180696,0.06995634742547008,0.006131467535829335,0.008072138609243659,17.617457798549026,27.901066371372735,468.0715912101911,372.63711676274426,95.43447444744686,11604.099609375,0.001359123648397631,11524.87123325893,11426.804780505952,55.735435792202175
-0.0245541110944474,428.9521527971541,413.12982759021577,435.02711633112506,22.289048133168656,52.30097060619271,439.7736511230469,1,Train,2019-10-24,0.0288771882834149,0.03754824681812119,0.06501537139877156,0.0050126394772906785,0.006716314473061701,15.523520333426347,26.18599155970992,454.8404331646729,380.29719021353577,74.54324295113713,11582.599609375,-0.0018527934715960592,11559.363978794643,11441.490466889882,60.73560482519405
0.007540911305375,429.1923348563058,414.2957531156994,435.458619494027,23.0355341622321,52.68243124950703,452.252685546875,1,Train,2019-10-25,0.013588958951418428,0.0378914251458935,0.05741449588065972,0.005475395535073724,0.0067996926462683,15.668988909040195,23.303880964006737,444.03510503576354,386.98805519024086,57.04704984552268,11583.900390625,0.00011230477560042473,11581.59263392857,11440.714285714286,63.59563252271202
0.0283760393374192,433.22459629603793,415.6353294735863,436.9853527715586,24.412307067648875,65.27124549249035,444.2490234375,0,Train,2019-10-26,0.015204116085454134,0.039124997102106374,0.060393746041783825,0.005364478727329472,0.005375775466416341,16.31171526227672,24.67390659877225,437.916453086266,390.95797056747284,46.958482518793176,11583.900390625,0.00011230477560042473,11581.59263392857,11440.714285714286,63.59563252271202
-0.0176973235652471,438.2818341936384,416.8801865350632,437.6456864684624,25.19851769339912,59.75405982383931,440.2945861816406,0,Train,2019-10-27,0.021749934895177514,0.03505489723244826,0.07494392947452,0.0047687591014927795,0.004882713474636679,14.843584333147305,30.556535993303555,438.03836487711106,390.8827393360587,47.15562554105236,11583.900390625,0.0,11598.721261160714,11440.509533110118,73.97319844821075
-0.0089013977459326,441.66122000558033,420.4467540922619,437.8864955332968,22.726480995211823,63.651257887182815,441.0997314453125,1,Train,2019-10-28,0.029051975388724394,0.03497421960455083,0.07954221857216548,0.004774919834687713,0.00481158900920184,14.924774169921875,32.5422319684709,442.2017426135549,389.1478497587943,53.05389285476065,11583.900390625,0.0,11598.721261160714,11440.509533110118,73.97319844821075
0.0018286512915235,443.0887494768416,424.1384844098772,438.1786078889345,19.02054010087005,66.68088284672788,462.7426452636719,1,Train,2019-10-29,0.022769143915511103,0.032956115472329905,0.0717418066483726,0.0037847506744212943,0.004880723643168356,14.1365966796875,29.660117013113847,446.34657510768847,388.5400390106152,57.80653609707326,11786.849609375,0.017519938181983052,11627.36411830357,11457.016648065477,82.76202840699905
0.0490658059288404,445.27064296177457,426.8525928315662,440.4117021957288,20.289080984318087,62.82459095504865,474.4402770996094,1,Train,2019-10-30,0.015945923884785884,0.03746177832102204,0.07677268363599832,0.0037779544833373047,0.004893442545888512,16.07830810546875,31.747297014508945,450.12725408541695,389.01522115174834,61.112032933668615,11844.099609375,0.004857107869982835,11653.399832589286,11470.01185825893,80.21746115931103
0.0252789146530296,450.6932285853795,429.1235598609561,443.5052090051725,22.7916763205204,66.93670017773451,437.1215515136719,0,Train,2019-10-31,0.020450082938422876,0.040322346511934004,0.08102495530446996,0.004374368384288401,0.00452087183783878,17.468632289341542,33.78034755161826,454.55515605197013,389.19904839836477,65.35610765360536,11877.4501953125,0.0028157974888274317,11694.699916294643,11487.395182291666,88.59407426514557
-0.0786584263336107,450.3143572126116,429.5418933686756,442.9248765059451,22.85703787804107,49.72736565911144,431.6516418457031,0,Train,2019-11-01,0.016307359968632307,0.027453848369305422,0.06347113743497479,0.004739919609545793,0.00491998905541776,12.032523018973166,26.87610735212047,457.7459991882733,391.0143650172235,66.73163417104979,11890.599609375,0.0011070906504571099,11735.628487723214,11507.211821056548,87.75062550131396
-0.0125134751398723,447.3713509695871,431.3415265764509,441.9000369913777,21.34488004352264,52.24986749276501,448.2035217285156,1,Train,2019-11-02,0.004717822836554975,0.012928757847326056,0.04835515066804352,0.006741788432518152,0.005953347168826094,5.710130964006794,20.63490513392867,459.4012623495765,394.21269900645035,65.18856334312613,11890.599609375,0.0011070906504571099,11735.628487723214,11507.211821056548,87.75062550131396
0.038345457953173,447.936279296875,433.2471531459264,442.47308105839016,20.95702438437645,61.51927725264536,438.0687255859375,0,Train,2019-11-03,-0.006117130486202105,0.010940313482924013,0.04425697918970051,0.006038129567672152,0.005886737514304251,4.847529820033401,18.9841264997209,460.89664798142957,397.23432518054045,63.662322800889115,11890.599609375,0.0011070906504571099,11735.628487723214,11507.211821056548,87.75062550131396
-0.0226120404040843,447.61829921177457,435.397466750372,442.072685106349,18.819100492646708,56.18761066251325,439.9867858886719,1,Train,2019-11-04,-0.005987057613541902,0.005272425404882375,0.0429317181576363,0.005808628471794633,0.0060791895162853994,2.34765625,18.42596435546875,462.0432022103805,400.26075548353697,61.782446726843546,11941.2998046875,0.004263888868356602,11786.871372767857,11534.897507440477,87.97695748307098
0.0043784460992253,447.4593069893973,437.9954354422433,441.883057904742,14.942709071305996,52.76426125561598,433.7117004394531,0,Train,2019-11-05,0.00019660628607431896,-0.007175438615158902,0.03285757737455941,0.005832815863005341,0.005411855966849024,-3.233921595982167,14.234710693359375,462.8762016674089,403.31861775572173,59.557583911687175,11917.2001953125,-0.002018173043904281,11834.485630580357,11563.621326264882,83.6199046403868
-0.0142619861561171,443.31202915736606,438.439705984933,441.1402072260793,14.6536197997129,45.43024867786868,426.963134765625,0,Train,2019-11-06,-0.010323455261912806,-0.015549866316919236,0.011477078380358385,0.006797714155730923,0.006326888695196583,-7.002328055245528,5.030194963727638,462.4427885885448,407.31070393028904,55.132084658255735,11966.0498046875,0.004099084396871566,11889.078404017857,11601.302269345239,83.91087247613834
-0.0155600267804401,436.5295802525112,438.7249872116816,439.8513824569471,14.351761750068992,46.7465455514914,439.3237609863281,1,Train,2019-11-07,-0.024772711434697503,-0.024234387592273365,-0.011618950273705964,0.00607792326622438,0.007893388345722015,-10.841770717075917,-5.131639753069123,461.00362327241226,411.49092846796145,49.5126948044508,12012.0498046875,0.003844209304726398,11921.24986049107,11643.476050967261,82.0605942930102
0.0289501018102846,436.8441816057478,438.7836245582217,439.80341686870895,14.35156339130576,49.855210876293405,423.2454528808594,0,Train,2019-11-08,-0.02372310781749154,-0.02476266871827948,-0.014093266593807274,0.006261965080168114,0.007892376308830057,-11.092097691127208,-6.244567871093807,459.72413421540045,415.1119724391756,44.612161776224866,11908.150390625,-0.008649599006986697,11930.399972098214,11671.802269345239,67.78861751919132
-0.0365978568274368,435.6432974679129,438.7464149111793,438.298147415268,14.392690688148027,40.87591885490555,420.6170349121094,0,Train,2019-11-09,-0.017298722310851056,-0.02675270820015374,-0.02162133445363512,0.006201148578368245,0.007595047984575136,-11.975001743861696,-9.627345493861696,457.83395573346013,419.2141460731805,38.61980966027966,11908.150390625,-0.008649599006986697,11930.399972098214,11671.802269345239,67.78861751919132
-0.0062101505187106,431.7023707798549,439.3068280901228,436.6907735513445,13.362589952275648,42.306519200493895,396.2272644042969,0,Train,2019-11-10,-0.011058149758978564,-0.03521423281048386,-0.04213699385973124,0.006028095927069387,0.007245131002178755,-15.756936209542403,-18.99085780552457,456.057636030254,422.46941475099595,33.58822127925805,11908.150390625,-0.008649599006986697,11930.399972098214,11671.802269345239,67.78861751919132
-0.0579856935963349,425.7250191824777,438.3348461332776,433.0122727197947,15.641850375265012,37.3384199518719,393.3857421875,0,Train,2019-11-11,-0.02545338336062619,-0.03967185372415272,-0.054604828019117035,0.0064137117205082805,0.007524118943535584,-17.58700997488836,-24.589338030133888,455.7440070983987,423.01172061504997,32.73228648334873,11913.4501953125,0.0004450569159482054,11935.54282924107,11704.130859375,76.04560952749043
-0.0071714454608996,419.0677272251674,436.53859456380206,429.4098608532224,18.43064472398763,36.44921745672134,405.9120788574219,1,Train,2019-11-12,-0.03804849136687649,-0.04000153441432985,-0.0632665093173207,0.0063274472823691055,0.008070235389846329,-17.461853027343807,-28.303623744419724,456.8950089225697,421.09384692982985,35.80116199273982,11913.4501953125,0.0004450569159482054,11935.54282924107,11704.130859375,76.04560952749043
0.0318423758834438,415.0963527134487,434.5596749441965,427.2736988536042,19.403654134213184,32.97870784629228,407.0724182128906,1,Train,2019-11-13,-0.03846635828385192,-0.04978394999415725,-0.07331383525124391,0.006327743399583155,0.007765073204154279,-21.747828892299083,-32.83992658342629,458.73235704965725,417.87091879437173,40.86143825528552,11840.4501953125,-0.006127528029514329,11928.378627232143,11729.62611607143,67.34432084804236
0.0028585977503672,412.25482177734375,433.1592102050781,425.4372187953575,20.29864750376496,28.46328345488149,397.2691040039063,0,Train,2019-11-14,-0.03164060555097481,-0.05368721572559443,-0.07900364550936256,0.0057825684333683205,0.0059961376986159285,-23.388475690569123,-35.36347743443082,460.6873669017605,414.2221576343723,46.46520926738822,11872.099609375,0.002672990768123773,11918.492885044643,11754.909412202382,70.93281400492026
-0.024082482060618,406.2470136369978,431.1351841517857,422.8764810870437,21.678353712129123,34.53976412658432,403.686279296875,1,Train,2019-11-15,-0.030593416660980366,-0.0589650621952178,-0.0921028855778746,0.004664096222583091,0.006150231344244472,-25.45535714285711,-41.21229335239951,463.18654581445907,409.0252204557698,54.16132535868928,11895.4501953125,0.001966845520657623,11915.3857421875,11777.15466889881,71.83103796089358
0.0161532201429528,403.4528459821428,428.82249813988096,421.1319172879374,21.90227734454018,39.23035572290097,427.9576721191406,1,Train,2019-11-16,-0.028050130181085264,-0.05231586633809848,-0.0899122526654339,0.003712421192736329,0.006147587845799306,-22.27217320033492,-39.85918317522328,465.0900583271124,403.6388091219668,61.45124920514559,11895.4501953125,0.001966845520657623,11915.3857421875,11777.15466889881,71.83103796089358
0.060124393785542,404.5015084402902,428.04671950567337,421.7524404544104,21.61518773519685,42.64074757729579,447.6588439941406,1,Train,2019-11-17,-0.018807089517175024,-0.034758626920108115,-0.0733697629234984,0.00635244041344996,0.0062998688931533535,-14.566218784877208,-32.028071812221015,465.7640172653012,399.2488790272491,66.51513823805215,11895.4501953125,0.001966845520657623,11915.3857421875,11777.15466889881,71.83103796089358
0.046035328160948,411.848876953125,428.3973984491257,424.10756804893134,21.881921208209704,53.25928247640292,450.68988037109375,1,Train,2019-11-18,0.01378930337475115,-0.007823426390271226,-0.057217895316232226,0.011728190030900908,0.009170349136085585,-3.2474757603237094,-24.995304652622792,465.03339919193746,396.8555098482412,68.17788934369628,11884.5,-0.0009205364347466549,11903.735770089286,11797.178478422618,70.74537058254234
0.0067708622707178,420.0351824079241,428.8540722074963,426.52414189640064,22.25712855759693,53.610225102376816,467.739013671875,1,Train,2019-11-19,0.04110105205829995,0.018872697709239716,-0.03582774060959448,0.013704958303488711,0.011426666065782907,7.780360630580333,-15.60811505998879,463.40507082609383,395.96029215869964,67.44477866739419,11940.099609375,0.004678329704657314,11893.45717075893,11814.023716517857,63.276480541455165
0.0378289685287434,428.8676016671317,429.0919945126488,430.2709484214437,22.66054939096057,60.69993445731521,474.0614013671875,1,Train,2019-11-20,0.06023733587742175,0.05568185677875914,-0.006566489564563405,0.014840243366573785,0.013177938593599182,22.620588030133888,-2.8347691127232224,460.83096783566594,396.3518324573028,64.47913537836314,11999.099609375,0.004941332311304558,11906.449916294643,11830.083240327382,63.38749510789619
0.0135169133010311,438.4374564034598,429.0739528111049,434.2518986892386,22.62275840575436,64.84991474834405,484.1251525878906,1,Train,2019-11-21,0.06455906750805829,0.0867130093881292,0.02986067684110716,0.015127031817654922,0.014120627471740355,34.98461042131703,12.71243722098211,458.9647911508243,397.03031906122936,61.93447208959492,11968.400390625,-0.002558460196964596,11914.29994419643,11848.180896577382,57.89159719833174
0.0212287927084537,450.845463344029,431.31221952892486,438.7858308618433,25.589497956961235,64.33332109641728,474.3928833007813,0,Train,2019-11-22,0.07335166725672759,0.11457053666483374,0.07582959520475607,0.012469529477847036,0.01597088917047453,46.34395490373879,31.777736118861583,459.6311285133331,396.71139293616454,62.91973557716858,11914.400390625,-0.004511881140131235,11924.8642578125,11862.957124255952,51.928445280009115
-0.0201027962192946,460.94640677315846,433.3475167410714,442.0228356290195,27.26287344331468,67.05619122810558,489.3819274902344,1,Train,2019-11-23,0.07479885396175234,0.11921248925882466,0.11045641273403617,0.007992006136304014,0.016746298771104066,49.09752982003346,45.85005405970975,462.4647116300234,395.1788225671027,67.28588906292066,11914.400390625,-0.004511881140131235,11924.8642578125,11862.957124255952,51.928445280009115
0.0315962669700284,469.7213003976004,435.3083932059152,446.32820761640266,29.752053630652824,71.18467858121977,481.1178894042969,0,Train,2019-11-24,0.07135303687500749,0.11829037202274839,0.13939552816508693,0.003359718712508584,0.016723317588059537,49.68611798967629,57.46647862025662,467.40339883867966,392.4504354770289,74.95296336165075,11914.400390625,-0.004511881140131235,11924.8642578125,11862.957124255952,51.928445280009115
-0.0168866842474529,474.5011640276228,437.3583533877418,449.4909059607567,31.389755765406647,79.03774149785987,467.5732116699219,0,Train,2019-11-25,0.05246964338541593,0.10640477896465095,0.16801145140629514,0.005433560844530085,0.01571278684450409,45.63356236049111,68.254150390625,473.1163577552052,389.44166226432606,83.67469549087912,12073.75,0.013374538722098483,11953.671456473214,11886.345238095239,59.12509335073638
-0.0281525132044986,476.913068498884,438.67199271065846,451.13475193431714,32.0750103118868,73.64524760651418,469.7280578613281,1,Train,2019-11-26,0.03463886797057314,0.08775621592881899,0.18207883089265064,0.007975321615509911,0.014232066225035409,38.4756120954242,73.46022251674123,479.28843123973024,386.62969271395286,92.65873852577738,12037.7001953125,-0.0029858001604721185,11973.992885044643,11907.954752604166,58.16730694385242
0.0046085749517392,477.1972176688058,440.3870573497954,452.8250524731363,32.75227475484333,71.77951707493678,458.7171020507813,0,Train,2019-11-27,0.01591564458515582,0.058449638440009055,0.1797167815487799,0.010242156711023279,0.013438382048906412,26.351754324776834,72.69570922851562,485.3741921072239,384.6106955880886,100.76349651913529,12100.7001953125,0.005233557820665036,12004.878627232143,11932.564267113095,58.954632597818915
-0.023441128598278,475.0051749093192,441.899151030041,453.36069334383126,32.83443611536117,66.51518011213939,465.4184265136719,1,Train,2019-11-28,0.0010621910332491158,0.03049978897672445,0.15334823400133346,0.012102101305130085,0.013231952374921179,14.058768136160722,63.15629795619418,490.373160988003,383.42782603766653,106.94533495033647,12151.150390625,0.004169196368656758,12035.028738839286,11949.911923363095,59.196151069986534
0.0146088393760142,472.3327854701451,443.14175415039074,454.45685090472585,33.22356262719546,72.23422433505432,449.83734130859375,0,Train,2019-11-29,-0.009604020798078872,0.005559647966430825,0.12450767281544373,0.011032171593494781,0.012109127128403285,2.611485072544724,52.297603062221015,494.49452718361556,382.97540864227733,111.51911854133823,12056.0498046875,-0.007826467690735917,12043.164481026786,11960.004789806548,59.89295032001244
-0.0334775855820578,468.8248508998326,444.4080345517114,454.0368954868956,32.93280854171001,64.20757357456216,469.0413513183594,1,Train,2019-11-30,-0.01754487758724521,-0.011962695896484132,0.09316919505548005,0.00963988353185941,0.012171805174973448,-5.676313127790195,39.95724923270092,497.81714385703003,383.3650399808606,114.45210387616942,12056.0498046875,-0.007826467690735917,12043.164481026786,11960.004789806548,59.89295032001244
0.0426910090520729,465.9190543038504,446.7139543805805,455.4009369261196,32.8789625813927,63.05489333278513,463.7608642578125,0,Train,2019-12-01,-0.019128466562924107,-0.023052449012642917,0.06268077122293447,0.006670202716591157,0.012839422122487676,-10.994014195033628,27.481597900390568,500.44837449873427,384.75321285129365,115.69516164744061,12056.0498046875,-0.007826467690735917,12043.164481026786,11960.004789806548,59.89295032001244
-0.0112580416325868,463.4394792829241,449.92984008789074,456.1609303199098,30.939484919469308,55.632871919050274,483.035888671875,1,Train,2019-12-02,-0.018828475305538883,-0.02883029882925714,0.02793421906806448,0.004509846022349994,0.013249930944228628,-13.757738385881737,12.594015938895097,502.26891128613687,387.36985126966675,114.89906001647012,12048.2001953125,-0.0006510929783939412,12054.564453125,11968.1357421875,58.98274851897663
0.041562421281299,465.648433140346,454.1988946823848,458.6041083519066,28.86268232282936,60.16064321706699,489.3819274902344,1,Train,2019-12-03,-0.006775275997827235,-0.019698189121327814,0.010200809243972486,0.004411633019283576,0.012865831059327336,-9.356741768973166,4.702026367187557,503.72866522598304,390.96530537251044,112.7633598534726,11994.2001953125,-0.004481997238144242,12065.964425223214,11973.069103422618,60.51571345749498
0.0131378205371199,468.4561288016183,458.17364937918535,461.4020919099364,27.60031309561645,57.28865176052192,487.2034606933594,0,Train,2019-12-04,0.0054453117431711995,-0.008207468945159224,-0.002693451616759046,0.0055605022527855305,0.01225996955721344,-3.8766566685267776,-1.2651715959820535,504.7482632692623,395.56583803165853,109.18242523760375,12043.2001953125,0.004085307832292884,12061.600167410714,11977.92150297619,61.43110100853253
-0.0044514655619735,472.5256086077009,461.9894133068268,463.7476708902476,25.65265935177609,54.55290715807392,493.62054443359375,1,Train,2019-12-05,0.019605859515541724,0.00789368929732559,-0.0041634364037237415,0.006884609564203706,0.011410440596931368,3.70075770786832,-1.975555419921875,504.78748185737345,402.15447894061754,102.63300291675591,12018.400390625,-0.00205923710353606,12058.843052455357,11982.740559895834,58.19833429924008
0.0131712605881368,476.5544825962612,466.57757713681184,466.4633866669154,21.82992494548696,53.37483494335198,488.97943115234375,0,Train,2019-12-06,0.023421209392598064,0.022826772578128818,-0.0007518894454946468,0.007273237040385888,0.009408957798638564,10.635428292410836,-0.3585859026227922,503.62996725763225,410.6221572017708,93.00781005586146,11921.5,-0.008062669529681155,12033.24302455357,11980.619140625,52.21345129682728
-0.0094021882467948,482.1462097167969,470.63915579659607,468.5102998019544,16.9278104556548,55.37898884390879,487.2034606933594,0,Train,2019-12-07,0.029223827106712896,0.040364991050864996,0.010370957467371156,0.007045827873372206,0.008152557793677961,18.706730433872792,4.948992047991055,501.6029346252517,420.41365996180195,81.18927466344974,11921.5,-0.008062669529681155,12033.24302455357,11980.619140625,52.21345129682728
-0.0036319942022899,484.7407967703683,473.4603838239398,470.2096780648093,14.171338336635475,49.10992252345892,500.3218383789063,1,Train,2019-12-08,0.025850849012521326,0.04100167051194159,0.02049582273057915,0.005414142473764115,0.006827411741284075,19.092363630022305,9.73562186104914,499.3199201783899,429.98586639038797,69.33405378800194,11921.5,-0.008062669529681155,12033.24302455357,11980.619140625,52.21345129682728
0.0269258713123212,489.9637930733817,475.9681454613096,472.9471471842727,14.03618297690038,57.54697407446054,509.6041564941406,1,Train,2019-12-09,0.028138042903440574,0.04591180037879572,0.03732751175781135,0.002695149528179966,0.006882394529413674,21.50766427176336,17.631007603236583,497.57886169955026,438.7197859357735,58.85907576377679,11937.5,0.001342112989137334,12002.72154017857,11977.069149925595,49.8367488114921
0.0185526942923579,493.75925990513394,478.7735871814547,476.2796025760789,14.607187674741349,67.09032095708876,504.7735595703125,0,Train,2019-12-10,0.02408615883376619,0.044936509070901076,0.05318491320893903,0.002309710979040191,0.007000586019875725,21.233651297433028,24.934409005301347,496.59304138709894,446.19477207202505,50.39826931507389,11856.7998046875,-0.006760225785340301,11974.257254464286,11974.62388392857,41.30089823755357
-0.0094791160202863,495.9580644880022,480.5371369861422,478.8699623028273,15.421289052474624,63.94647643406166,513.6533813476562,1,Train,2019-12-11,0.023140754383311757,0.04071639781044678,0.06447259434159536,0.0026346386991045957,0.006995556428348608,19.403581891741,30.039010184151834,496.5979796912885,451.94189457628966,44.65608511499886,11910.150390625,0.0044995771891509495,11954.535853794643,11974.466750372023,46.535010061297235
0.0175916935603812,499.7366245814732,482.4224693661645,482.03209130690266,16.935804627708137,72.23929836490717,515.9265747070312,1,Train,2019-12-12,0.019946027943799294,0.036483569735015875,0.07832121975173845,0.002631726738683759,0.0067627969996034,17.590414864676347,36.29714529854914,498.9496071443398,454.4793832469828,44.47022389735696,11971.7998046875,0.005176207859728388,11951.33579799107,11980.721493675595,53.38360061573392
0.0044255395601813,502.92320033482144,483.9368228004093,485.1134079796416,18.449792572677293,71.20701483368958,508.609619140625,0,Train,2019-12-13,0.018559531281394426,0.03750953847003413,0.0800491627193789,0.00268943771248361,0.00623626564281408,18.182403564453125,37.27476719447543,502.648567612804,454.9781021346848,47.67046547811924,12086.7001953125,0.009597587037832866,11957.550083705357,11990.94056919643,50.805609927087474
-0.0141821645271155,505.7275129045759,485.5661911737351,487.2494271760946,19.06542072752877,76.51712925174564,522.3673706054688,1,Train,2019-12-14,0.019698134007880563,0.032173234132901074,0.07956216561474694,0.0021034708863626427,0.005204595111090283,15.763719831194237,37.2713841029576,506.87327046093765,454.35402053724874,52.5192499236889,12086.7001953125,0.009597587037832866,11957.550083705357,11990.94056919643,50.805609927087474
0.0270497272310532,510.7509286063058,487.13692656017486,490.4419674878559,20.68545492797388,75.30340710869714,523.3855590820312,1,Train,2019-12-15,0.022040217752815394,0.034412860843230586,0.08089576374756913,0.0022717793655471943,0.004098041628454592,16.991668701171875,38.2253199986049,511.73623140117235,453.1160360548824,58.62019534628996,12086.7001953125,0.009597587037832866,11957.550083705357,11990.94056919643,50.805609927087474
0.0019491808521314,514.0457458496094,489.14967273530505,493.43683945096274,22.07987927105805,79.48480050416485,525.8482055664062,1,Train,2019-12-16,0.022115793241161086,0.036470182978635135,0.07867151526745975,0.0017628023210814847,0.0022619206153340655,18.087681361607167,37.491263253348166,516.6656833895795,451.8998518015478,64.76583158803169,12053.9501953125,-0.0027095898360001147,11962.628627232143,11998.488188244048,51.015052546049475
0.0047052243640315,516.3663242885044,491.92467244466144,496.3833272796394,22.880064380606427,75.39327819558672,532.7625732421875,1,Train,2019-12-17,0.0210366474286241,0.03327692806377458,0.07097455892437221,0.0019145658704909526,0.0022856553668708013,16.629699707031193,34.22011457170754,521.4355451792145,451.0469006738827,70.3886445053318,12165.0,0.009212731336046609,11997.414341517857,12011.84533110119,53.78902361126297
0.0131489802619628,520.3647548130581,494.9263160342262,499.6905314580529,23.933015078325536,75.55806232260798,523.36181640625,0,Train,2019-12-18,0.01882292457692758,0.03468035371330047,0.07349073624509805,0.0017486252561992519,0.0022514219800095743,17.44155447823664,35.623958042689765,526.3977742672979,450.62062957617326,75.77714469112465,12221.650390625,0.004656834412248179,12038.007254464286,12025.252511160714,54.12424846951718
-0.0176453026321427,521.7516741071429,498.004635765439,501.8424664533436,23.188636893073888,69.63225793409745,511.5932312011719,0,Train,2019-12-19,0.014990744150206403,0.03168536572300451,0.06487802054589853,0.0023142328353034703,0.002567769548172885,16.024161202566972,31.78788103376121,530.8222234855634,451.13806922160734,79.68415426395609,12259.7001953125,0.003113311498149862,12095.564453125,12037.662062872023,62.76564225496269
-0.0224865185731145,521.1326250348773,500.20343598865327,502.728899612237,22.108275985294352,59.22237690400838,501.4584045410156,0,Train,2019-12-20,0.00923046395974847,0.020326338822134193,0.055438687134703235,0.0036098988199553318,0.003348228629426984,10.381696428571445,27.37336512974332,534.1745482143765,453.01652190629875,81.15802630807775,12271.7998046875,0.000986941701855537,12147.22865513393,12052.109654017857,63.94185686832792
-0.0198103220333089,520.1110229492188,502.6615818568639,502.61340006030775,18.85929040325767,56.06161722383917,498.7589721679688,0,Train,2019-12-21,-0.00048760386150770163,0.01179909988280281,0.04869959819314684,0.004466334418805324,0.003660028842107896,6.065277099609375,24.152958461216542,536.3363384346392,456.2739285505728,80.06240988406637,12271.7998046875,0.000986941701855537,12147.22865513393,12052.109654017857,63.94185686832792
-0.005383163087111,516.7383946010044,504.0767066592262,502.2629975246406,17.257336134059514,55.56313989162597,503.2108154296875,1,Train,2019-12-22,-0.009608554710854644,0.000720554952944763,0.0340214608720546,0.005109757455422672,0.004852866132029693,0.3720703125,17.001770019531193,536.8262912008666,461.1138673161534,75.71242388471325,12271.7998046875,0.000986941701855537,12147.22865513393,12052.109654017857,63.94185686832792
0.0089258409575425,513.8562883649554,505.9552757626488,502.3491627887358,14.590384108310976,51.51745880711506,520.2125244140625,1,Train,2019-12-23,-0.01396254296962296,-0.012507508219769536,0.021739080684397116,0.005257355278205163,0.005204213791638856,-6.508466448102695,10.933088030133945,536.3308367456013,466.43010729387976,69.90072945172159,12262.75,-0.0007374472230261553,12188.79296875,12068.697730654761,67.73893489628017
0.0337864538341796,513.0511910574777,507.725591750372,503.9731047546746,13.909965151696852,55.15416302287811,536.5987548828125,1,Train,2019-12-24,-0.013573701729506227,-0.01667552493157598,0.014481470685348441,0.004867149800539098,0.005203770892793642,-8.700483049665195,7.323678152901778,535.2496918303102,471.9707584347567,63.27893339555351,12214.5498046875,-0.003930618769240168,12207.057198660714,12075.40248325893,61.330392174589115
0.0314991079601678,513.5992170061384,509.9740121023996,506.9390729481416,14.595802248497064,63.90155570817356,539.2034912109375,1,Train,2019-12-25,-0.006074984223477187,-0.014455836512317188,0.0055766680789102185,0.0032865175817978066,0.005197383022578106,-7.533408028738904,2.8482883998325406,533.9637653630821,477.36404574182876,56.599719621253314,12214.5498046875,-0.003930618769240168,12207.057198660714,12075.40248325893,61.330392174589115
0.0048541602164058,515.8623134068081,512.4502040318081,509.8722018811231,14.946322703482496,61.80784777206429,533.4255981445312,0,Train,2019-12-26,0.0039038639543278464,-0.008168851177809966,0.0035338636140180846,0.0037232166088559723,0.005022568886997314,-4.248709542410666,1.8165675571987094,532.691676322039,482.56691786392634,50.124758458112694,12126.5498046875,-0.007204522590446127,12217.42857142857,12079.63341703869,56.5997032234227
-0.0107156076705481,518.981222970145,514.3456827799479,512.0134197232511,14.96297545836809,57.83333132971882,535.3436889648438,1,Train,2019-12-27,0.01155836301723534,0.00434035556980894,0.005064037987457137,0.004729351607106623,0.005002584254980924,2.242828369140625,2.614898681640625,531.926716920424,487.015378590876,44.911338329548016,12245.7998046875,0.009833794601157297,12228.971400669643,12086.542922247023,69.26456750833333
0.0035957982275023,523.8219778878348,516.5535045805432,514.1343532906686,14.444580669395783,62.57516920068147,529.9920654296875,0,Train,2019-12-28,0.01990415978686011,0.019393923453947304,0.00664384557716402,0.005948077095733455,0.005286336737772066,9.965689522879416,3.4572230747767208,531.49455499719,491.35565862585696,40.13889637133303,12245.7998046875,0.009833794601157297,12228.971400669643,12086.542922247023,69.26456750833333
-0.0099966127283658,528.2838483537946,518.591057187035,515.5759634851249,13.047804456500586,53.89448481617613,511.2380065917969,0,Train,2019-12-29,0.024079167297477833,0.029690326349150586,0.012519699640312743,0.005472465131175941,0.005145486225254389,15.232657296316916,6.532174246651721,532.054605476428,494.6276136746599,37.42699180176811,12245.7998046875,0.009833794601157297,12228.971400669643,12086.542922247023,69.26456750833333
-0.0353855464282958,529.4305899483817,519.1108747209821,515.1816037675496,12.489060421540527,44.74708612804013,514.624267578125,1,Train,2019-12-30,0.02013438351089958,0.030824371256886307,0.015922942673084473,0.003990006327838917,0.005013405683078724,15.83137294224332,8.297964913504416,532.7477845003046,497.50156765510826,35.246216845196386,12255.849609375,0.0008206736062803532,12233.857003348214,12091.528599330357,69.04574390517499
0.0066236487558952,528.6322675432477,519.3499276297433,515.1309368412383,12.345210578014951,45.18494293455777,504.18157958984375,0,Train,2019-12-31,0.009183061915059465,0.02475457850779117,0.016383510862181705,0.0039756575569625885,0.005050413000683185,12.769954136439651,8.521244594028985,532.8955751519057,500.62119730903186,32.27437784287389,12168.4501953125,-0.007131240742024536,12220.8212890625,12096.88099888393,68.49668702212207
-0.0202918685460086,524.001242501395,519.3217381068638,514.1355407274751,12.38078364469102,38.09906118320396,497.5750732421875,0,Train,2020-01-01,-0.008106637872319467,0.009672834601838431,0.014055173713187319,0.006337241553753746,0.005439899887199875,5.02001953125,7.262847900390625,532.2634781009774,503.6797561519522,28.583721949025232,12182.5,0.001154609211690083,12208.064174107143,12103.27622767857,66.95512290497359
-0.0131034266524189,518.0543256487165,518.5561043875558,512.630043683358,13.217702415103966,39.006754305941584,489.12152099609375,0,Train,2020-01-02,-0.021487735154809173,-0.011010710666197632,0.008169671907915843,0.008224137998011303,0.006243161621528631,-5.76765223911832,4.198037283761096,531.144856338877,506.3114904454423,24.833365893434745,12282.2001953125,0.008183886337984836,12210.8427734375,12116.990513392857,68.44987392441037
-0.0169895010837471,511.7251717703683,517.2796732584635,510.4929052572431,14.69594946030957,40.141344970252106,474.5349731445313,0,Train,2020-01-03,-0.03198271617329196,-0.0313442794721539,-0.0025845750097105435,0.009074387922318532,0.006989320359776173,-16.55867658342629,-1.326019287109375,530.3654916358349,507.69062103506354,22.674870600771385,12226.650390625,-0.004522789386603554,12212.57142857143,12125.726236979166,58.949954597289825
-0.0298219301858911,503.0382123674666,515.6570710681733,507.2240023379056,17.343685544019483,38.63234052971003,493.312744140625,1,Train,2020-01-04,-0.040005687837415094,-0.04985049614055792,-0.020562735084048156,0.00906052936079804,0.008156734619515781,-26.39237758091508,-10.561004638671761,531.577422431764,505.7074186152504,25.870003816513645,12226.650390625,-0.004522789386603554,12212.57142857143,12125.726236979166,58.949954597289825
0.039570889520875,497.7983093261719,514.2735174269903,505.9593425017892,17.93057550208988,47.97537256539179,486.63519287109375,0,Train,2020-01-05,-0.039100177953691806,-0.058327801971629234,-0.035017103616931555,0.006585843949260291,0.008374822168314757,-30.83395821707586,-18.06400408063621,533.690568348419,501.9695290462516,31.721039302167412,12226.650390625,-0.004522789386603554,12212.57142857143,12125.726236979166,58.949954597289825
-0.0135361418265483,494.2836216517857,512.5234999883743,504.2026016262714,18.77051498509317,43.938344881893975,492.86279296875,1,Train,2020-01-06,-0.03408382288141443,-0.05671288241178207,-0.047588622141306436,0.00478619249887556,0.008424189187675651,-29.717620849609318,-24.697601318359318,535.770464363926,497.681362767073,38.08910159685297,11993.0498046875,-0.019105853072941215,12193.5,12124.519066220239,46.90137177973614
0.0127972661839643,491.17483956473217,510.95276605515255,503.1717099301331,18.97871040273017,39.14271924124204,494.3546447753906,1,Train,2020-01-07,-0.023583442591570525,-0.0518854582486602,-0.062324873146298754,0.003609513506897219,0.008468168154660725,-26.879486083984318,-32.64713832310264,537.3657843391262,493.16705126703994,44.19873307208627,12052.9501953125,0.004994592001242859,12165.95005580357,12130.778599330357,43.98583929041301
0.0030269109941418,489.770991734096,509.1238170805432,502.3701585524292,18.61909338570196,30.98084227806436,497.5750732421875,1,Train,2020-01-08,-0.016125642537721308,-0.042902286710500226,-0.07290182491800568,0.004615907240577682,0.00838503177841357,-21.954180036272305,-38.512856619698596,538.2764727413579,489.05829462750387,49.21817811385404,12025.349609375,-0.0022899444111396106,12133.021484375,12134.9619140625,39.12461045706372
0.0065144092420938,489.770991734096,507.8958769298735,501.9342417060436,18.482966553382056,31.36137089188533,505.1524963378906,1,Train,2020-01-09,-0.00912963675108125,-0.02637418054372176,-0.07490991069887443,0.005750827247190259,0.00815072769445064,-13.267220633370584,-39.659598214285666,538.6273988331668,485.57120520561665,53.05619362755016,12215.900390625,0.015845758122611686,12139.800083705357,12152.061941964286,47.9241817941149
0.0152287031710185,492.0611310686384,507.58917526971726,502.2268103089388,18.4719806418513,37.54181067486334,503.7553405761719,0,Train,2020-01-10,0.0018044318082164335,-0.011525105951644132,-0.06918067382562376,0.007067277521246118,0.008032471782696086,-5.737178257533458,-36.57113647460932,538.3821272052082,483.01148764551726,55.37063955969097,12256.7998046875,0.0033480474426501594,12150.414341517857,12168.569056919643,49.307990902963745
-0.002765809872954,496.23546927315846,507.69855317615327,502.36576760596,18.44063730099013,36.016793567671264,501.5531921386719,0,Train,2020-01-11,0.013198980029777152,0.003948841385539081,-0.052987991203403806,0.006757839370372785,0.007929129399759576,1.9518476213727354,-27.765773228236583,537.9275462541614,481.4157760637795,56.51177019038187,12256.7998046875,0.0033480474426501594,12150.414341517857,12168.569056919643,49.307990902963745
-0.0043714642012158,497.4126761300223,507.8316112699963,502.2918971089337,18.382899174816504,37.049875527275454,489.9029235839844,0,Train,2020-01-12,0.015602566352225011,0.012699829190798928,-0.039844565515105734,0.005729614911443764,0.007341413856651186,6.237836565290138,-20.64164951869418,537.5461828769534,480.1527782174941,57.39340465945929,12256.7998046875,0.0033480474426501594,12150.414341517857,12168.569056919643,49.307990902963745
-0.0232283808323692,497.8794948032924,507.1979021344866,501.1656267884838,18.77534606437008,39.61268275288242,489.0978393554688,0,Train,2020-01-13,0.01182447335764536,0.016555702983729548,-0.027056861242872432,0.004837477121670965,0.007265293816737665,8.108503069196388,-13.845676967075917,537.120121079089,479.0616703899401,58.05845068914891,12329.5498046875,0.0059354808073293075,12157.17857142857,12185.604771205357,52.91066439383817
-0.0016433546112071,497.3416442871094,505.71625046502976,500.0685552036642,18.924062924224035,37.251647554425695,500.345458984375,1,Train,2020-01-14,0.0022291333095780796,0.015457535625392094,-0.011324324753674841,0.0038131755960314796,0.007279067885785899,7.57065255301336,-5.696568080357224,536.5671205489889,477.9889136481372,58.57820690085168,12362.2998046875,0.0026562202609821117,12176.557059151786,12198.728562127977,56.52576732630561
0.0229966659507805,498.1974748883928,503.98990304129467,500.093728274638,17.571189045192646,48.09945340121367,505.1287841796875,1,Train,2020-01-15,0.0015777618786807501,0.01247069405061052,0.0008018620287426614,0.0032312015322172147,0.007326537430833602,6.136343819754359,0.39916556222090094,535.659299365615,477.1302509796696,58.52904838594537,12343.2998046875,-0.0015369308543056182,12226.5927734375,12212.507114955357,60.194715239526566
0.0095600451836255,499.2765764508928,502.36729794456846,500.5514606296424,15.622010361035157,53.811220187888,501.5294799804688,0,Train,2020-01-16,0.0028060638411155914,0.00612835511776022,0.010101396405613583,0.0030571304011552877,0.007110685419865625,3.041107177734318,4.9929547991070535,534.2130339264111,476.6060517669483,57.606982159462746,12355.5,0.000988406301843714,12269.814174107143,12221.578543526786,55.73745205297539
-0.0071255179113656,498.7590026855469,500.8484351748512,500.6403714797175,13.907879521440126,56.58288512041039,514.1505737304688,1,Train,2020-01-17,0.002849868726495064,0.0027066591185396227,0.015440862417821721,0.003216810899267889,0.006554825375002619,1.3463265555245698,7.584163120814708,531.7420482579346,476.5707399151959,55.17130834273871,12352.349609375,-0.000254978804985595,12316.52845982143,12227.802315848214,55.083755196114744
0.0251652081359035,500.2440359933036,499.8392392113095,501.8685716843312,11.904240012334531,71.46520950887401,529.0213623046875,1,Train,2020-01-18,0.004107931509226059,0.004749223887891674,0.021383553611712403,0.0016325833254342006,0.004985302064963754,2.3645411900112094,10.473044259207597,527.9210499166869,477.58775702039463,50.33329289629228,12352.349609375,-0.000254978804985595,12316.52845982143,12227.802315848214,55.083755196114744
0.0289230224257504,504.1680603027344,499.7930152529762,504.3370071952727,11.782565754040773,70.20366314634978,530.2763671875,1,Train,2020-01-19,0.009797142671127634,0.013725808192495137,0.029395510987009876,0.0030282132041534507,0.004526906978618932,6.826416015625,14.39706856863836,523.3372939625076,479.64526001000917,43.692033952498434,12352.349609375,-0.000254978804985595,12316.52845982143,12227.802315848214,55.083755196114744
0.0023723141866049,509.9356951032366,500.6996038527716,506.6951308309297,13.33709877130213,76.3059973304647,529.6842041015625,0,Train,2020-01-20,0.02240900386260547,0.02356138038931932,0.03632590120617518,0.004630716876934343,0.004715037713982004,11.738220214843807,17.874564034598166,518.8184417532942,482.2944549752214,36.52398677807281,12224.5498046875,-0.010346193941151438,12317.764090401786,12226.128487723214,52.8347396989884
-0.0011167065375329,515.7337472098214,501.41674368722096,508.7850465828054,14.4792520249531,73.8130049016861,526.6769409179688,0,Train,2020-01-21,0.030964309620925112,0.03296203253898766,0.03929239069754997,0.004985706041023398,0.004619007124176135,16.45717075892867,19.498277936662987,516.4390296124981,483.84711758685995,32.59191202563812,12169.849609375,-0.004474618385662321,12305.34263392857,12221.273716517857,49.38599418320257
-0.0056774643463166,519.4953874860491,502.48795136951264,510.4115824314566,15.490821196339768,70.50150770149182,527.8135986328125,1,Train,2020-01-22,0.030401226079476817,0.04157596091268134,0.044395151984937486,0.004775901414880814,0.004331844621356638,20.736384800502265,22.082711356026834,516.8536782232477,483.57657515984374,33.277103063403956,12106.900390625,-0.005172555189302153,12273.535574776786,12213.852306547618,41.176788633590995
0.0021581687492575,522.7360752650669,503.9278811500186,511.9935839043071,16.390578866107763,69.7005714194824,528.4530029296875,1,Train,2020-01-23,0.025101949686497038,0.04496213378556768,0.0499248929132845,0.004468032998757878,0.004181940477777096,22.492039271763304,24.856580461774513,519.5925654146818,481.9387783178798,37.65378709680198,12180.349609375,0.0060667236352978104,12247.542689732143,12212.223725818452,47.71083034303747
0.0012114206578444,526.582292829241,505.8008088611421,513.4898947247962,16.85468745807651,66.68916629689463,533.8756103515625,1,Train,2020-01-24,0.021035167231369778,0.04445785897870591,0.05879388721619172,0.0029479973318047993,0.004243128990142863,22.41423252650668,29.24064854213168,524.0300901695075,479.8556616092313,44.174428560276226,12248.25,0.005574584704263197,12233.964146205357,12218.018973214286,65.08987810300326
0.0102612860402204,529.4001552036831,508.6265534900484,515.3431415999568,16.31651049549747,70.39763969758837,537.11962890625,1,Train,2020-01-25,0.019066132166380312,0.03817042087337286,0.0626311490685103,0.0023850907249844885,0.004118307918700632,19.4644601004465,31.20268031529031,528.6711807882401,478.37475557825,50.296425209990105,12248.25,0.005574584704263197,12233.964146205357,12218.018973214286,65.08987810300326
0.0060763565365933,530.5570504324777,510.7125956217448,517.3228222641652,17.044837748709973,73.75066792582494,535.5805053710938,0,Train,2020-01-26,0.014961613589505873,0.028742162603963894,0.06265159524194419,0.0032861129684340993,0.004126521251050788,14.82330322265625,31.28047398158492,532.8042965214809,477.8689827230783,54.93531379840255,12248.25,0.005574584704263197,12233.964146205357,12218.018973214286,65.08987810300326
-0.0028655134765609,531.3147844587054,513.0433247884115,518.9826116375223,16.933905666245884,85.26493413107075,530.0868530273438,0,Train,2020-01-27,0.008987183378380337,0.022751687998334047,0.06527357220193175,0.0033714846753841164,0.004094812147081652,11.81939697265625,32.555781773158515,536.2809175133982,478.4063562205584,57.874561292839815,12119.0,-0.010552527912150667,12200.178431919643,12211.980887276786,53.609475413300544
-0.010257379214995,531.3723057338169,514.8158990769159,519.992088127506,16.66191585742704,79.50886807475516,525.9192504882812,0,Train,2020-01-28,0.0037252549149235925,0.016521206163876867,0.06222616863128372,0.002985014715236465,0.003977254176736634,8.63623046875,31.128269740513304,539.0157893736081,479.8316157603206,59.1841736132875,12055.7998046875,-0.005214967844912932,12157.814174107143,12202.45470610119,51.601714879238266
-0.0078621126241127,531.2640642438616,516.3189755394345,520.5309210693946,16.139340553251245,70.50101624126755,526.8427734375,1,Train,2020-01-29,0.0013325877222960525,0.008890863742238908,0.05374399148739628,0.0030675252188973098,0.004120535463799239,4.681771414620584,27.096003941127265,541.1071163088669,481.88959607603823,59.21752023282869,12129.5,0.006113256399948197,12144.235630580357,12200.599934895834,44.818251673874435
0.0017560166287149,531.1253749302456,517.7126755487351,521.1047258301314,15.69743979875788,68.55509333822907,519.2890014648438,0,Train,2020-01-30,-0.0003564921097627405,0.0032588198352505593,0.04155363123328559,0.0029803192595543827,0.0042792075013912715,1.7252197265625,21.189679827009,542.814405964762,484.0887308063039,58.72567515845816,12035.7998046875,-0.0077249841553650445,12125.085658482143,12193.614211309523,37.53525098702763
-0.014337810735013,529.8162318638393,518.3858424595425,520.9396599787416,15.432761902543383,64.21519677484281,516.47119140625,0,Train,2020-01-31,-0.0029284060407113177,-0.0013963033156085825,0.02730572651141361,0.002458188716421455,0.004433915797404002,-0.7408185686383604,14.08248465401789,544.187218615721,486.0739944144129,58.11322420130813,11962.099609375,-0.006123414854723341,12104.399832589286,12178.371326264882,29.297418759195338
-0.005426284883071,527.3298863002232,518.9913591657366,520.5334355630605,15.075339866811229,52.2032550759877,510.8355102539063,0,Train,2020-02-01,-0.007405315375957011,-0.007500070156229444,0.015080978585944482,0.002340271186847121,0.00504597375063363,-3.984898158482224,7.834498814174026,544.9126260122387,488.34030803491555,56.57231797732311,11962.099609375,-0.006123414854723341,12104.399832589286,12178.371326264882,29.297418759195338
-0.010911898371328,523.5750122070312,519.4333743140811,519.651805989501,14.669087768139269,29.0622026649652,501.03216552734375,0,Train,2020-02-02,-0.01421578233614984,-0.014673880145141815,0.0016048958196330787,0.003056287032690733,0.005666849627625677,-7.797293526785666,0.8389369419643344,544.9173926264776,490.9050931610503,54.01229946542736,11962.099609375,-0.006123414854723341,12104.399832589286,12178.371326264882,29.297418759195338
-0.0191908051217698,518.6395350864956,519.9633382161459,517.9591114020321,13.7191500957431,21.86792862720692,506.9757690429688,1,Train,2020-02-03,-0.021095421591794672,-0.02376319048670139,-0.015083602033160504,0.003765511800301641,0.005933749112688812,-12.624529157366055,-7.942757742745471,544.1871191726347,493.76515569483183,50.42196347780282,11707.900390625,-0.021250384719316173,12036.90708705357,12153.6689453125,20.493292459003115
0.0118627184531543,515.3379516601562,520.8146682012649,516.9606257330264,12.175958899580207,30.194311923284587,517.939453125,1,Train,2020-02-04,-0.02274085909335244,-0.029724475642239345,-0.02656252251780411,0.0035376998854261075,0.005477110513683114,-15.787423270089334,-14.062203543526834,543.1653770061542,496.50094553848857,46.66443146766568,11979.650390625,0.02321082268667074,11998.535714285714,12153.03087797619,36.64673115168658
0.0216256569869752,514.197980608259,521.6524774460565,517.0496100413876,11.268578941711022,43.30814372567479,513.1796875,0,Train,2020-02-05,-0.017909623989206813,-0.029478619786028393,-0.030833762007090204,0.003210545608546978,0.005072141024670733,-15.61825125558039,-16.35906982421875,542.0215067374214,499.13695622295825,42.88455051446317,12089.150390625,0.009140500467834434,11994.271484375,12154.754696800595,40.8718683984353
-0.0091898108867394,512.246111188616,522.0358537946429,516.6977989012614,10.805754558804862,39.38149589630304,500.7244262695313,0,Train,2020-02-06,-0.012327297603360043,-0.02860405886993389,-0.03588959657788593,0.0026310156072916102,0.004709256357483504,-15.08377511160711,-19.068673270089334,540.5470897841408,501.9600840265457,38.58700575759508,12137.9501953125,0.004036661230167438,12006.007254464286,12160.116629464286,42.87519577025902
-0.0242707603863777,509.5940290178572,521.9975179036459,515.2456741165587,10.883293034286018,32.824955597914084,496.9356689453125,0,Train,2020-02-07,-0.011145933700002164,-0.026702922911160054,-0.04098496756597847,0.00235410574544992,0.0040547132059674034,-13.980983189174026,-21.77827671595969,539.2428588501633,504.1993142629784,35.0435445871849,12098.349609375,-0.0032625431230384194,12001.557198660714,12154.518973214286,45.5450350353318
-0.0075665518306058,506.80324009486606,521.1777605329241,513.5811281919,12.085799602575404,26.6467768273597,490.3528442382813,0,Train,2020-02-08,-0.014381115430763591,-0.022821813978480376,-0.046042685352359,0.002325475718374798,0.003466444000050081,-11.83629499162953,-24.460824148995584,538.8506509724867,504.85504011986825,33.99561085261848,12098.349609375,-0.0032625431230384194,12001.557198660714,12154.518973214286,45.5450350353318
-0.0132468347884998,503.8771449497768,519.3364025297619,511.4694660142983,13.672567116818245,21.63187602878033,495.9648742675781,1,Train,2020-02-09,-0.016337783842653164,-0.022239399744301003,-0.05130282089054283,0.0022379375260810058,0.0031721695731357046,-11.460806710379472,-27.248229980468807,539.6238459602918,503.47599011671707,36.14785584357469,12098.349609375,-0.0032625431230384194,12001.557198660714,12154.518973214286,45.5450350353318
0.0114448811610639,503.1532461983817,517.7025219145276,510.0599576736874,14.33399186324923,27.1011386588345,487.9849243164063,0,Train,2020-02-10,-0.012639046874016402,-0.021479536727880832,-0.050324969417528065,0.0018886815899560529,0.0028983071112037577,-11.044734409877265,-26.662985665457654,540.6472519305365,501.1945340453287,39.452717885207846,12031.5,-0.005525514763038308,12000.942940848214,12143.79041108631,45.15768706497115
-0.0160897482164564,500.4402683803014,515.7168419247582,508.05313645938907,15.437033277526975,26.343937782112548,494.4256286621094,1,Train,2020-02-11,-0.012555112539086366,-0.02304720826658957,-0.050992023434478284,0.0017430923120331696,0.0026809523973334026,-11.805842808314651,-26.88961791992176,541.7209731045123,498.21530096077805,43.505672143734216,12107.900390625,0.006350030388978967,12021.77162388393,12133.235677083334,50.03467406380028
0.0131985723836152,497.0811505998885,514.1810651506696,506.8142721141818,15.889778324740284,32.745246421000815,499.2562255859375,1,Train,2020-02-12,-0.013487403463329661,-0.024554601713220325,-0.050601844987718025,0.0017258683716931914,0.0024779609388480388,-12.51287841796875,-26.493861607142776,542.6629102026725,494.7078713960998,47.9550388065727,12201.2001953125,0.0077056964194832656,12092.24302455357,12125.564267113095,50.71315721791527
0.0097701183834248,495.09208461216525,512.8211902436756,506.1271769752505,15.886742139379749,35.506362439385086,503.2108154296875,1,Train,2020-02-13,-0.016021285060015544,-0.02310789386529699,-0.04540234378854913,0.0017071193851799114,0.002136435121351089,-11.711155482700804,-23.547450474330333,542.9670745929076,491.25468618415726,51.712388408750314,12174.650390625,-0.0021759994314084485,12120.100167410714,12117.53334263393,47.4093766499472
0.0079209625059935,495.4472830636161,511.6191813151042,505.8620531983811,15.597172688545202,41.220688414008215,510.811767578125,1,Train,2020-02-14,-0.009977185354898221,-0.016729994544604554,-0.03859732925250803,0.0026908547415427047,0.0025554983729003484,-8.429861886160666,-19.890668596540138,542.309620792979,488.51685277007897,53.79276802290002,12113.4501953125,-0.005026854435148831,12123.571568080357,12106.007161458334,49.794824064252595
0.0151049061653159,497.4295828683036,510.5209030877976,506.3120272329032,14.740096140557732,47.063144111940304,524.238037109375,1,Train,2020-02-15,0.0007009565098066162,-0.0113755866096934,-0.03261078100719017,0.003929633544514003,0.003469989477575081,-5.723663330078068,-16.768397739955333,540.8062480915231,486.70747871511736,54.098769376405755,12113.4501953125,-0.005026854435148831,12123.571568080357,12106.007161458334,49.794824064252595
0.02628418212624,502.2703247070313,509.9074939546131,507.94166449440064,13.81697244189237,56.43471600006562,527.7425537109375,1,Train,2020-02-16,0.014498797936729702,0.0036568926250739597,-0.019474596807454336,0.005803210037203172,0.004963653249530649,1.8300563267299026,-9.975786481584748,538.4898499990118,486.11943083246143,52.370419166550334,12113.4501953125,-0.005026854435148831,12123.571568080357,12106.007161458334,49.794824064252595
0.0066849720041037,506.8099931989397,509.5342581612723,509.7417453322676,13.17997531563535,63.64954574603202,541.8318481445312,1,Train,2020-02-17,0.022934246535901703,0.01957194029045417,-0.005463242621353337,0.0067733615707953766,0.005531493693081466,9.728842599051234,-2.7840358189175163,535.7570503820991,486.39599919588636,49.36105118621276,12045.7998046875,-0.00558473346026378,12110.4072265625,12091.40955171131,49.631513113671005
0.0266972870285364,514.5024108886719,510.0935436430432,512.6590274061098,14.29753710287275,66.44322259314139,550.427490234375,1,Train,2020-02-18,0.0343221002697951,0.03920548697867354,0.015191636881336068,0.007881808844274807,0.0069326819400973815,19.410326276506623,7.69917079380582,533.1042378917401,487.37264635072637,45.731591541013756,11992.5,-0.004424762618648104,12095.285853794643,12080.359561011905,44.87467265245043
0.015864039958668,522.5026768275669,511.2606026785714,516.0925240268612,16.486605217571103,65.67635352874343,564.4219970703125,1,Train,2020-02-19,0.04028179871533699,0.054608017217599336,0.036964430842852725,0.007312980601067636,0.008050300080891339,27.055393763950804,18.625531877790138,531.2987589888311,488.3158554433676,42.9829035454635,12125.900390625,0.011123651500938081,12108.77162388393,12078.26674107143,53.2735275813938
0.0254247963341702,531.8120727539062,513.0500895182291,520.4861124853567,19.94021729317308,72.70253987088377,584.1942749023438,1,Train,2020-02-20,0.049332254475006776,0.06912031585927125,0.05695844511003134,0.006341327945550382,0.009035712557085088,34.38248988560264,28.65882655552457,531.8044451389235,488.00975338228193,43.794691756641555,12080.849609375,-0.003715252459506435,12104.9072265625,12077.02622767857,54.40614192994814
0.0350310192279201,543.3811383928571,516.1408168247768,526.2777636141736,25.272724333477125,84.72906116217428,574.7698364257812,0,Train,2020-02-21,0.05612943086953592,0.08184997532913241,0.08580618452534972,0.006025337997158219,0.01003669614749296,41.1108136858258,42.940870012555706,536.1806815020399,485.23864222842883,50.942039273611044,12080.849609375,-0.003715252459506435,12104.9072265625,12077.02622767857,54.40614192994814
-0.0161323704826411,552.5180053710938,518.9169427780878,530.6861338697743,28.328095872514773,80.93356549042139,567.5712890625,0,Train,2020-02-22,0.05744531056906399,0.09018766951229429,0.11152475748537816,0.004478970297763841,0.010076016083982824,45.70801217215404,55.436854771205276,543.351299906315,480.96232314055993,62.3889767657551,12080.849609375,-0.003715252459506435,12104.9072265625,12077.02622767857,54.40614192994814
-0.0125242260589831,558.7084699358259,521.618646530878,534.0393297963857,30.164774911677736,80.53939582955158,573.7516479492188,1,Train,2020-02-23,0.05057500301307716,0.085920023136139,0.12849404646308393,0.004209860702648391,0.009526261956168028,44.206059047153985,63.61638532366061,551.6245197486635,476.6959967831447,74.92852296551877,12080.849609375,-0.003715252459506435,12104.9072265625,12077.02622767857,54.40614192994814
0.0108891323536244,565.2811976841518,525.0814790271577,537.6495405375523,31.812343641561768,80.62648766790149,553.7425537109375,0,Train,2020-02-24,0.0403033115136604,0.08187234774818664,0.1409512515412643,0.0036140971063992754,0.009227911803854702,42.77852085658492,69.83391462053572,560.5573278065054,472.7575133277022,87.79981447880323,11829.400390625,-0.02081386879900149,12051.79296875,12060.314360119048,54.517397732587014
-0.0348741381568148,566.9827270507812,527.3084687732514,539.1125417351327,32.11697018513777,73.6501161461857,567.99755859375,1,Train,2020-02-25,0.02617963856213601,0.06613361391882133,0.13982510606107668,0.006036175336761586,0.008507737479963017,35.170654296875,69.55314418247764,568.5895205500082,470.0037952284516,98.58572532155654,11797.900390625,-0.002662856861702312,11997.97154017857,12038.869140625,41.77267342139232
0.0257430186415723,569.4927368164062,529.6921880812872,541.7384523586434,33.22536273777487,75.05240022653939,569.9866333007812,1,Train,2020-02-26,0.019302136017052218,0.048053928593801976,0.13383711679280474,0.006951103952256544,0.007371181269165469,26.11159842354914,67.22241210937494,576.1522875710409,468.1656907701981,107.98659680084279,11678.5,-0.010120477938589723,11935.83579799107,12017.89295014881,31.576115625859842
0.0035019071419175,570.2876848493304,532.3972807384673,544.3064688079286,34.11437099615909,74.56009582881028,579.6478271484375,1,Train,2020-02-27,0.008856631329131615,0.03216126769715277,0.1252494869916143,0.007561867095289606,0.0067056987216973975,17.76967947823664,63.47769165039068,582.9077939664478,467.4795499579384,115.42824400850941,11633.2998046875,-0.003870376787472707,11876.9072265625,11997.773902529761,27.285426439457353
0.0169498603707747,569.6381923130581,536.1555379231771,547.5193195661567,34.791260509434686,75.52986418255117,590.4219360351562,1,Train,2020-02-28,0.0046835029280161145,0.019562478403965633,0.1071633101371734,0.006539100050638382,0.006921888690239393,10.929722377232224,55.13578142438621,588.6182010335147,468.0526381126908,120.56556292082388,11201.75,-0.03709607866493836,11763.942940848214,11953.59533110119,20.16904633795751
0.0185873359341683,571.8742065429688,540.6072649274554,551.4195574269748,35.49584810818078,76.03778187586263,584.0758666992188,0,Train,2020-02-29,0.00418173854134718,0.01166323749282161,0.09449048187689013,0.004836301687379888,0.0069269963662479,6.593008858816916,49.371529715401834,593.8519777910234,469.6185675145013,124.23341027652208,11201.75,-0.03709607866493836,11763.942940848214,11953.59533110119,20.16904633795751
-0.0107483630749783,574.2320033482143,545.0702659970239,554.3883128153607,34.74538188744084,70.5213441169243,585.2598876953125,1,Train,2020-03-01,0.00691636625456149,0.012785709249276245,0.07976488832726769,0.00397113893688418,0.007105690477295014,7.249276297433084,42.419930594308084,598.6415824918093,471.9368385286985,126.70474396311084,11201.75,-0.03709607866493836,11763.942940848214,11953.59533110119,20.16904633795751
0.0020271698654235,575.8760375976562,549.3224094935825,557.194819622629,33.88879035522611,70.04456597943056,573.467529296875,0,Train,2020-03-02,0.01095053907686383,0.011208748362506071,0.05980130134974582,0.0019602971504017216,0.007333465390869698,6.38330078125,32.49489920479914,602.6593247039661,475.46267323827715,127.196651465689,11132.75,-0.006159751824491688,11622.06431361607,11910.592959449405,20.140227244706594
-0.0201489263938359,578.6938912527902,553.3930097307477,558.6741568657422,31.17830691775714,61.20428579025256,583.9811401367188,1,Train,2020-03-03,0.011925148278757014,0.01474029095627527,0.04737562509680693,0.002137848881559849,0.007201632192594679,8.406206403459805,26.175885881696445,605.8657183940583,480.41755361347515,125.44816478058311,11303.2998046875,0.015319647408546855,11510.985770089286,11879.22154017857,24.842089577942673
0.0183334021592023,580.9772600446429,557.6575578962054,560.9747917085583,28.73874070364789,61.7242839831552,572.851806640625,0,Train,2020-03-04,0.011746570475171136,0.019905736456226064,0.03985762039973162,0.0020887455222188445,0.0069871435382122095,11.339067731584805,22.26879010881703,608.0328146558934,486.8389748948877,121.19383976100568,11251.0,-0.004626950146523701,11428.357142857143,11857.464378720239,19.507738977558688
-0.0190576933588783,581.3865705217634,561.162109375,562.0545203387462,25.57394613811592,53.00571921027892,562.2434692382812,0,Train,2020-03-05,0.009568956796839556,0.016633665008774834,0.028490904886969703,0.0021836053207326357,0.006550871597872585,9.51236397879461,16.105372837611526,608.8983463434788,494.56737195311706,114.33097439036175,11269.0,0.0015998577904186018,11352.79994419643,11823.62388392857,20.777001903273387
-0.0185184672185189,578.9002336774554,563.9731881277902,562.0716975114312,21.860244568486376,41.626020197655,560.514892578125,0,Train,2020-03-06,0.000356565755720073,0.00812951960535413,0.021019170528640663,0.0032018356341259923,0.005463464850294836,4.668230329241055,11.91750662667414,608.0806451414009,503.5321382361104,104.54850690529042,10989.4501953125,-0.024806975302821943,11254.3642578125,11771.25720796131,18.210878679577746
-0.0030744272805838,574.6277988978794,566.3400036039807,561.9301697902216,18.201086368217343,44.22267177034061,575.527587890625,1,Train,2020-03-07,-0.010928932306706107,-0.0021675475593393445,0.009016905308010248,0.004735840900270992,0.005098856218274656,-1.2482386997768344,5.135062081473166,605.7780381387413,513.0704926578549,92.70754548088644,10989.4501953125,-0.024806975302821943,11254.3642578125,11771.25720796131,18.210878679577746
0.0267837581325416,573.4066162109375,568.7823631649926,563.1662987084401,15.511543277905636,53.0324996417465,591.013916015625,1,Train,2020-03-08,-0.013725728655314962,-0.009136566191162765,0.005469049121113567,0.0045681556341981245,0.004636074893746486,-5.287275041852695,3.1189313616071104,602.2554147411453,523.2527783566505,79.00263638449474,10989.4501953125,-0.024806975302821943,11254.3642578125,11771.25720796131,18.210878679577746
0.0269080552363427,574.2286202566964,571.7952851795014,565.6979002818205,13.098671304747418,56.14360159615256,595.4893798828125,1,Train,2020-03-09,-0.008069807453838118,-0.011616013658482749,0.008058497491185701,0.004438707652191325,0.0036586289881735626,-6.748639787946445,4.59042794363836,598.3037402259977,533.1770738086004,65.12666641739725,10451.4501953125,-0.048956043335951605,11085.528599330357,11690.947684151786,14.38401408745672
0.0075725185920481,577.3745989118304,574.3504057384673,568.4062166091834,12.16142446707869,66.70458686199555,601.07763671875,1,Train,2020-03-10,0.004780137715612254,-0.006900695360631426,0.009618185793186962,0.004558969637709684,0.003812529000388794,-4.011971609932971,5.50039236886164,594.2443046819656,542.723701561059,51.52060312090657,10451.4501953125,-0.048956043335951605,11085.528599330357,11690.947684151786,14.38401408745672
0.0093843098210033,579.8169555664062,576.7623174758185,571.3763457100531,12.202213340665638,64.2231664957387,619.287109375,1,Train,2020-03-11,0.011179395518363888,0.0015835576419227504,0.009725950810173245,0.004604328671788601,0.0038004728986143926,0.9167218889508604,5.584952218191916,590.4610826273049,551.3074118969696,39.15367073033531,10458.400390625,0.0006649981756232659,10979.33579799107,11612.85486421131,15.005261736881067
0.0302947099407233,586.4505702427456,579.3749418712798,575.7318696795937,14.98434632493775,68.6025736040913,634.8681640625,1,Train,2020-03-12,0.021284118476340597,0.02057465957536664,0.01836251546288059,0.006416977933613216,0.004670458738847125,11.822771344866169,10.574532645089334,589.0218551318627,557.0535825774008,31.96827255446192,9590.150390625,-0.08301938801064712,10758.964425223214,11496.600120907739,6.679764243614926
0.0251596625404084,596.8255266462054,581.7879842122396,581.1078964416762,19.267337898486044,69.94526532253514,660.0157470703125,1,Train,2020-03-13,0.03368857544310733,0.040841716459464106,0.03133199722250879,0.008342379095465185,0.006166214231543723,23.41891043526789,18.131635393415195,591.5415037484228,558.9646860883516,32.57681766007113,9955.2001953125,0.03806507612689369,10566.37876674107,11394.090587797618,17.264956442306627
0.0396107167303743,611.0399344308036,585.8473132905506,588.2813374079159,25.64068395482901,72.77237273654328,658.2633666992188,0,Train,2020-03-14,0.0538497168195029,0.06410567651199872,0.05174501043956625,0.009283024670063245,0.008248299069955532,36.81131417410711,30.062674386160666,599.0470016226283,556.6923346636441,42.354666958984126,9955.2001953125,0.03806507612689369,10566.37876674107,11394.090587797618,17.264956442306627
-0.0026550584268212,622.8593314034598,590.1659836542038,594.6433400707616,29.721453543882543,75.02792118155193,649.6204223632812,0,Train,2020-03-15,0.06208325647231239,0.0787785478913583,0.07133422577077564,0.008570882401810082,0.009113516492497305,45.484732491629416,41.472760881696445,609.1447033303543,552.3524463278491,56.792257002505266,9955.2001953125,0.03806507612689369,10566.37876674107,11394.090587797618,17.264956442306627
-0.0131299184690718,631.231689453125,593.7787824358259,599.6412566428089,32.139226239155555,70.67231895598891,643.5111694335938,0,Train,2020-03-16,0.05764861131235666,0.08867407790186688,0.09039805605749152,0.0072172368876757325,0.009282783096811208,51.41473388671875,52.33145577566961,619.4508743657066,548.471171532731,70.97970283297559,9197.400390625,-0.07612100106679087,10273.007393973214,11251.052501860118,14.935649543840583
-0.0094043424735054,638.0919451032366,598.053478422619,603.6294305328803,32.51559197496407,73.35016983680447,648.6732788085938,1,Train,2020-03-17,0.04427208296562912,0.08805750643079002,0.11044391922402585,0.00644871108558762,0.009334638877834771,51.641374860491055,63.464146205357224,629.6141953388537,545.1677713882666,84.44642395058713,8967.0498046875,-0.02504518409052825,9944.15736607143,11098.309616815477,14.184131301866643
0.0080217867539791,644.8913225446429,601.8951793852307,607.7243258306723,33.53680687840945,72.3641166739813,667.0247802734375,1,Train,2020-03-18,0.03537233855281485,0.08053575752454467,0.12466669255767449,0.005068709136241091,0.009335600572740622,48.0657958984375,71.48470633370539,639.6875154968136,542.5548149998383,97.1327004969753,8468.7998046875,-0.05556454027271507,9584.064453125,10924.754836309523,12.943332178060544
0.0282908238467132,651.7109898158482,606.5160435267857,613.1152762345602,35.545504509655856,81.00733598927334,667.1431274414062,1,Train,2020-03-19,0.03244339709951127,0.06656038843505474,0.13493296367658392,0.005188389999377204,0.009151956515960211,40.67105538504461,77.48236955915172,649.6627771624715,540.7868330844592,108.87594407801225,8263.4501953125,-0.024247781753128472,9271.49302455357,10744.64295014881,12.48176671308525
0.0001774254442543,656.3216988699777,610.6824863978794,618.0268990715462,37.32214885252191,87.10216135466769,650.8753662109375,0,Train,2020-03-20,0.02856916453285052,0.05372379569415564,0.13673462619751153,0.005848121501005203,0.00843353689021456,33.46236746651789,78.9470999581473,659.1086842501205,539.7856752295112,119.32300902060933,8745.4501953125,0.058329146858465686,9026.785853794643,10590.021530877977,22.956575928098985
-0.0243842146629884,655.0159301757812,613.5612211681548,621.0131233569454,38.00644958071789,78.97930980484271,664.7515869140625,1,Train,2020-03-21,0.01569971137336479,0.03767909805552061,0.12969433523363483,0.006493059211937015,0.007719013490187373,23.78424072265625,75.198974609375,666.7874621031877,540.1852900592008,126.60217204398691,8745.4501953125,0.058329146858465686,9026.785853794643,10590.021530877977,22.956575928098985
0.021319320753995,655.9428187779018,617.4029221307663,624.9893473166833,38.94286816585623,78.82495376084994,660.4655151367188,0,Train,2020-03-22,0.006493413534808479,0.027975394160127065,0.11849634404207632,0.005675844161647179,0.00736126220053347,17.850873674665195,69.49224853515625,673.5075655201044,541.4718647603086,132.03570075979587,8745.4501953125,0.058329146858465686,9026.785853794643,10590.021530877977,22.956575928098985
-0.0064476292523658,657.4921177455357,620.984142485119,628.214453482141,39.29556205832127,74.18763086014306,681.114013671875,1,Train,2020-03-23,0.0017833005941645386,0.019539408828098237,0.10164878744419559,0.005250312213805212,0.007285078102446436,12.600795200892776,60.666591099330276,679.5823596914915,543.276893238196,136.3054664532956,7610.25,-0.12980466070471242,8743.942940848214,10374.990559895834,18.591730460650666
0.0312635528455742,662.8639526367188,626.1101655505952,633.0235044084804,39.80502384612928,76.80100595903109,664.3490600585938,0,Train,2020-03-24,0.01198142228209842,0.01711335698669436,0.08481281711021116,0.004908595514022024,0.007198886256822365,11.152962820870584,51.824018205915195,685.7801063386498,545.2678158502454,140.51229048840446,7801.0498046875,0.02507142402516349,8436.20717075893,10171.19056919643,18.884651837836316
-0.0246140194985883,665.1033499581473,629.9372093563989,635.8712821948543,39.41356694627292,68.5092755371434,675.6441040039062,1,Train,2020-03-25,0.013965441678761792,0.013380101714280501,0.06782272725930105,0.0043670476105536395,0.00725419742121673,8.78165108816961,42.2440185546875,691.363907296039,548.0556928364946,143.3082144595444,8317.849609375,0.06624746894667499,8310.557059151786,10003.973865327382,25.927592975693443
0.0170016706944935,666.3346819196429,634.8320806594122,639.4869932684045,38.33784496886107,67.1816204987129,682.3690185546875,1,Train,2020-03-26,0.013448928033430008,0.0172801167458998,0.05561031401469996,0.0034733309501478096,0.007541950209493152,11.31875174386164,35.10299246651789,695.9208130120055,552.2422319447469,143.67858106725862,8641.4501953125,0.038904356430389475,8264.04282924107,9853.666713169643,29.465690381486624
0.0099533386155952,668.5098092215402,640.5523449125744,643.3853592035211,35.84641628384458,65.30828053241268,678.7933959960938,0,Train,2020-03-27,0.008517368552571902,0.01915866762144325,0.04767003305986295,0.0030317792127041135,0.007271749217439446,12.56699044363836,30.417864118303555,699.265200723048,558.2860452660703,140.97915545697765,8660.25,0.0021755381634551707,8291.392857142857,9709.940522693452,31.02391871547951
-0.0052400130447997,672.4980991908482,646.1846545991443,646.6042716392096,31.693464830436618,57.02884574524229,666.314453125,0,Train,2020-03-28,0.011118195740806636,0.022823059076002794,0.042808416986094944,0.002442760937624063,0.0057130489046473935,15.0059814453125,27.606776646205276,701.7188643295227,565.7415299575867,135.97733437193597,8660.25,0.0021755381634551707,8291.392857142857,9709.940522693452,31.02391871547951
-0.0183840074825442,672.7213657924107,650.5078386579241,648.3961063197361,27.48619075415316,52.789661993861046,652.22509765625,0,Train,2020-03-29,0.009584798819668894,0.014870944658374352,0.03223879342973701,0.0026430525739973803,0.0046919765213376255,9.857413155691916,21.0103759765625,702.6474526568265,574.6622161838543,127.98523647297225,8660.25,0.0021755381634551707,8291.392857142857,9709.940522693452,31.02391871547951
-0.0211452046442505,671.5441632952009,653.4226568312872,648.7441964412374,23.869244150071168,50.86968270795657,656.2032470703125,1,Train,2020-03-30,0.004538982123828639,0.009683928576602163,0.02319360224023126,0.003335005515629606,0.00447201880110807,6.440813337053555,15.222464425223166,702.0050572349145,584.7215680441035,117.283489190811,8281.099609375,-0.04378053643081892,8293.91420200893,9550.311941964286,31.848249322792483
0.0060993504057997,667.9854823521206,656.3137933640253,649.4222919529714,19.837781315627453,54.298974805308106,649.880859375,0,Train,2020-03-31,-0.006710229878950091,0.002477434354342556,0.019800361455115656,0.003736733921702344,0.004762676015535775,1.6508004324776948,12.969552176339334,699.0993447284902,596.4441332290992,102.65521149939104,8597.75,0.03823772271336057,8272.814174107143,9426.311941964286,35.20487146690057
-0.0096348009912164,665.9185965401786,658.6377563476562,649.4639799004285,15.407277673819976,50.40583366665641,651.7989501953125,1,Train,2020-04-01,-0.010112313356093527,-0.003876102707272233,0.015208303950735802,0.003878869339182167,0.004538490002523061,-2.5912126813616396,9.97577776227672,694.7071777000224,608.7831028873102,85.9240748127122,8253.7998046875,-0.04000467509668226,8364.74986049107,9289.219075520834,38.407283803797334
0.0029514499352345,662.5121459960938,660.1859392438616,649.6762499272361,12.640501736292633,44.24764680652853,666.4328002929688,1,Train,2020-04-02,-0.013449625196335413,-0.01484904300364498,0.007635115486663402,0.004254575948006321,0.004268196482722589,-9.985953194754416,5.020028250558084,689.5221157143534,620.5368268079679,68.98528890638545,8253.7998046875,-0.04000467509668226,8364.74986049107,9289.219075520834,38.407283803797334
0.0224514784708862,660.2355433872768,661.6890171595982,651.1995726877572,11.283251100859406,49.75816157915211,656.3215942382812,0,Train,2020-04-03,-0.011601957182594047,-0.018560169246931157,-0.003965231838278016,0.003925156569985883,0.004072103778536386,-12.485822405133831,-2.6284092494419156,685.1042377851265,629.8742656328423,55.22997215228429,8083.7998046875,-0.020596574186770744,8405.14271763393,9135.90955171131,33.197155558673174
-0.0151721314590796,657.0252859933036,661.5131051199777,651.6652110105321,11.33930037120045,51.93535891255,654.8772583007812,0,Train,2020-04-04,-0.013354951480677557,-0.02162013772951965,-0.012145577022506515,0.0020569536027994634,0.004271059182195311,-14.518877301897305,-8.07806396484375,681.5106736251063,636.8844252518469,44.626248373259386,8083.7998046875,-0.020596574186770744,8405.14271763393,9135.90955171131,33.197155558673174
-0.0022006527747669,655.3914010184152,661.3518618629092,651.9572153096456,11.411665816662502,46.15100216549399,649.83349609375,0,Train,2020-04-05,-0.010748097254839717,-0.018853824920504136,-0.016423099679730324,0.0013916530890158746,0.004314671837576923,-12.59408133370539,-10.943280901227695,678.575038297772,642.2360317357101,36.33900656206197,8083.7998046875,-0.020596574186770744,8405.14271763393,9135.90955171131,33.197155558673174
-0.0077018435792355,655.0497436523438,661.3620082310268,651.7641499263823,11.40080315056328,45.87999222332124,658.9027099609375,1,Train,2020-04-06,-0.007854469191900582,-0.016321593876946205,-0.02013443241000501,0.0017202922604741908,0.004259069065919549,-10.868852887834805,-13.460065569196445,676.3637657377088,646.1430841506839,30.220681587024956,8083.7998046875,-0.020596574186770744,8405.14271763393,9135.90955171131,33.197155558673174
0.0139562117399363,655.4353812081473,662.0949387323288,652.4131099295237,10.666960725184696,40.54434396335703,668.0903930664062,1,Train,2020-04-07,-0.002419853267523142,-0.010681713279847016,-0.02537214306364699,0.002114041036173538,0.0035235691031286548,-7.076764787946445,-17.06271798270086,675.1191654290442,648.4420903256992,26.677075103345032,8792.2001953125,0.08763210467115035,8472.90708705357,9018.82384672619,46.329244050309946
0.0139439145818862,658.0367431640625,663.0195632207962,653.8383174874222,10.27991245215177,51.70257844893098,682.8189086914062,1,Train,2020-04-08,0.004036278385002756,-0.0033303269495816856,-0.021828684764680917,0.003267589840121954,0.003580497874014249,-2.1988002232143344,-14.684622628348166,674.7103760104736,649.4834550790912,25.226920931382438,8748.75,-0.004941902407507137,8488.235630580357,8898.811941964286,47.953081645065296
0.0220456928850585,662.4681658063616,663.7716645740327,656.4729166877843,11.130196612251588,53.16611775656833,668.3981323242188,0,Train,2020-04-09,0.011324975279976668,0.008284125328341663,-0.013515116331745292,0.004150416401727638,0.004059841995516017,5.442879813058084,-9.07599748883922,674.7212602736153,650.087217509588,24.6340427640273,9111.900390625,0.04150883161880259,8552.757114955357,8809.404808407739,56.186869801919826
-0.0211194742612274,662.7489275251116,663.8314267113095,657.5570272001875,11.15255121653982,44.22699678939922,650.0702514648438,0,Train,2020-04-10,0.011158302598012648,0.011226156606973348,-0.007839324304728779,0.003864684257037876,0.003931138866124618,7.357526506696445,-5.236554827008945,674.6066638243399,650.9751136937964,23.631550130543474,9111.900390625,0.04150883161880259,8552.757114955357,8809.404808407739,56.186869801919826
-0.0274206045364662,661.8558785574777,663.7930879138764,656.8764112242471,11.200597185182492,39.42089635985317,650.283447265625,1,Train,2020-04-11,0.0058038330428960005,0.010390256573775902,-0.006100922851244861,0.003218750295613315,0.0034459362228293636,6.806134905133945,-4.06271798270086,674.4687951063004,651.7042883897934,22.764506716506958,9111.900390625,0.04150883161880259,8552.757114955357,8809.404808407739,56.186869801919826
0.0003279580942225,661.1996198381696,663.1041288829986,656.2770508643724,11.577329702343098,43.50910473034755,651.4910278320312,1,Train,2020-04-12,-0.0019148783800772007,0.00879451856779112,-0.0019811352378313885,0.0029860059888529,0.0034207090170201137,5.764238630022305,-1.3125261579241396,674.3881936855153,652.1556400198417,22.23255366567355,9111.900390625,0.04150883161880259,8552.757114955357,8809.404808407739,56.186869801919826
0.0018570064661556,661.4364100864956,662.6767723446801,655.8419578614323,11.84220796225377,49.668161919986936,661.6495361328125,1,Train,2020-04-13,-0.001980414277722553,0.005166378561303864,0.001818845881967901,0.002916000536073237,0.0034422852568813415,3.3996669224330844,1.20086669921875,674.3461398187217,652.0549396316133,22.291200187108416,8993.849609375,-0.01295567073707915,8654.578543526786,8739.99525669643,57.14676120652603
0.0155927063716989,661.8288138253348,661.7498924618676,656.369919522467,11.06309157117189,52.33171913592183,669.1085205078125,1,Train,2020-04-14,-4.0892183660656833e-05,-0.0009651059689013142,0.007311024300638902,0.0029157927007566835,0.0032406768257613084,-0.6393519810268344,4.80352783203125,674.1609045803978,651.9127212566559,22.24818332374184,8993.849609375,-0.01295567073707915,8654.578543526786,8739.99525669643,57.14676120652603
0.0112733161102114,661.9742606026786,661.9765334356399,657.5279741574983,11.167262305539658,58.15259360475348,675.904541015625,1,Train,2020-04-15,0.001171568678001611,-0.0011688693715822263,0.010044165324772703,0.0026997470309182807,0.003169147879345442,-0.7746669224330844,6.58285958426336,673.8411914047431,651.7963923006139,22.044799104129197,8925.2998046875,-0.007621853562688519,8701.371372767857,8666.990466889882,51.914698072680466
0.010156828525595,660.9864937918527,661.9889351981027,659.1985711446008,11.183332750227375,59.81485899462222,678.4146118164062,1,Train,2020-04-16,-0.0006802109587284999,-0.0013135560078726405,0.009063052381957482,0.0009146170593190891,0.002891996577009648,-0.869384765625,5.936750139508945,673.1564416597504,651.7288105026381,21.427631157112273,8992.7998046875,0.007562771164790316,8806.942801339286,8638.545200892857,69.04940735129287
0.0037136468960683,662.4174194335938,661.8006301153274,660.9454839329467,10.851380206926972,55.41292771807225,680.2141723632812,1,Train,2020-04-17,0.0008893623184171862,0.001841803229896355,0.01065251957039104,0.0013041849005514547,0.0027896215068293644,1.2177995954241396,6.982038225446445,671.5526153038784,652.3245688827847,19.228046421093723,9266.75,0.03046328187687486,8975.93568638393,8605.76185825893,69.74271334203786
0.0026525969746682,666.7236938476562,661.8682861328125,662.6971828811589,10.966442836384164,61.670162643411565,674.8862915039062,0,Train,2020-04-18,0.007174649420135681,0.007993638814756565,0.01320131554025994,0.002675868203912228,0.002843667028347852,5.287283761160666,8.68695068359375,670.147159250086,653.1302577421014,17.016901507984585,9266.75,0.03046328187687486,8975.93568638393,8605.76185825893,69.74271334203786
-0.0078326519438197,670.2383858816964,662.2764689127604,663.8052836650451,11.294818625755488,59.41604807920983,670.600341796875,0,Train,2020-04-19,0.013997097031088757,0.012706566835243738,0.011729197682845305,0.00291565002012377,0.002857143062431295,8.40957205636164,7.770220075334805,669.7763895783833,653.3704496724538,16.405939905929472,9266.75,0.03046328187687486,8975.93568638393,8605.76185825893,69.74271334203786
-0.0063506249289498,672.9682878766741,663.1514805385044,664.4230162224841,11.188469062342714,59.842870020331205,675.667724609375,1,Train,2020-04-20,0.015927824561289494,0.016607937692299846,0.015419655811024002,0.00291672133509215,0.0028579669840543913,10.994027273995584,10.2193603515625,671.0803697795296,652.5647500237627,18.51561975576692,9261.849609375,-0.0005288143766692954,9043.02845982143,8608.830868675595,64.74952287310042
0.0075564870708564,674.9708862304688,664.0783604213169,665.4452624394742,11.388533671708274,58.2594424384717,672.755126953125,0,Train,2020-04-21,0.012369730457932215,0.021156850510503533,0.019815503794535116,0.002796971467821254,0.00284274485356368,13.984392438616055,13.115007672991055,673.1244986863874,651.4258500859339,21.698648600453453,8981.4501953125,-0.030274667144095657,9076.27134486607,8609.5166015625,55.38502561970484
-0.0043106952576932,675.4918300083706,665.1676112583706,666.1097955770788,11.05164107771671,52.44958176308862,670.7186889648438,0,Train,2020-04-22,0.007838172562681933,0.019737419625764474,0.021615575298877365,0.0027182349051543863,0.0028096126390282443,13.074410574776834,14.292210170200974,675.2812358246962,650.5670813488529,24.714154475843316,9187.2998046875,0.02291941778872575,9087.042689732143,8643.730887276786,57.880642145758124
-0.0030270122169179,674.750994001116,666.0685511997768,666.5287858850573,10.671980198068724,42.66856205447416,678.0120239257812,1,Train,2020-04-23,0.0026490195103645586,0.012039920326116338,0.020129801915318435,0.002613976279656025,0.0025338570857518067,8.027300153459805,13.31458391462047,677.006758023621,650.293104211312,26.713653812309076,9313.900390625,0.01377995587701486,9132.764229910714,8693.75232514881,66.70440574223622
0.0108739104499886,674.6934814453125,666.6199428013393,667.5727166160323,10.986246865173246,56.375649853717135,687.3890380859375,1,Train,2020-04-24,-0.0004109877786070415,0.006647031351024957,0.019438059134386343,0.0028541577268856636,0.0025512384506467907,4.455095563616055,12.864667619977695,678.3736994422421,650.6929823378917,27.68071710435038,9154.400390625,-0.017124941572334906,9165.492885044643,8713.226143973214,59.485388431490406
0.013830159096386,675.7184622628348,668.0993448893229,669.3742003860236,11.604504509388777,78.08266743338169,701.383544921875,1,Train,2020-04-25,0.0003355070252462067,0.004086632959835246,0.02076244119770343,0.0022943405536916756,0.0024366248914200477,2.7501743861606656,13.74420166015625,679.5478979544979,651.551489950078,27.99640800441989,9154.400390625,-0.017124941572334906,9165.492885044643,8713.226143973214,59.485388431490406
0.0203589322211272,679.5037841796875,670.3139299665179,672.2841407983738,13.272740425160253,81.8476590435325,696.4819946289062,0,Train,2020-04-26,0.007043769065664618,0.006715694027239927,0.02801462747235184,0.002376720939034983,0.0025555426197756384,4.53289794921875,18.517290387834805,681.1750917824786,652.3697001748317,28.805391607646925,9154.400390625,-0.017124941572334906,9165.492885044643,8713.226143973214,59.485388431490406
-0.0069884021780333,683.2011631556919,672.5352870396206,674.4839456920586,13.573888964222922,76.80593072289594,695.5822143554688,0,Train,2020-04-27,0.012609698988279128,0.011412918417126994,0.03137559960284486,0.0026224775249268297,0.00266969637644278,7.709333147321331,20.783743722098166,683.2962714115921,653.0250987404726,30.27117267111953,9282.2998046875,0.013971358975458648,9206.850027901786,8792.847563244048,68.91876161782659
-0.001291893086076,686.0460902622768,674.2819301060268,676.401970116005,14.082359410139444,72.72447837599438,694.5875854492188,0,Train,2020-04-28,0.015283921597845751,0.016739651162547275,0.028981115554947756,0.002720627054012907,0.0026627572379737782,11.29509626116078,19.322396414620584,685.888886136264,653.2334187256223,32.65546741064168,9380.900390625,0.010622430648890235,9223.1572265625,8868.078543526786,74.50316843920932
-0.0014299228555917,689.1650129045759,675.543701171875,678.0552078735699,14.674481334029316,68.68056581061185,702.3779907226562,1,Train,2020-04-29,0.014218064637493644,0.021449045910837627,0.02823864974248158,0.0027341219658916335,0.0026192707416051635,14.47153145926336,18.926627022879416,689.0456099578522,652.7463796138553,36.299230343996896,9553.349609375,0.018383013524196468,9264.800083705357,8926.911876860118,68.02944791860878
0.0112158717440926,693.6877702985491,676.475086030506,680.2663699507596,15.74125386817355,69.13067525738184,712.205078125,1,Train,2020-04-30,0.015349223198654727,0.026592891920607098,0.03078820026906226,0.0023934185568275338,0.0024644790671675483,17.969308035714334,20.719482421875,692.8076135056076,652.0782603434438,40.72935316216376,9859.900390625,0.03208830345213909,9390.29296875,8984.933314732143,73.40297483345853
0.0139911664832108,698.572492327009,678.5611310686384,683.1698888756905,17.429505671162012,72.08292880226628,706.5929565429688,0,Train,2020-05-01,0.018258834563058546,0.02806269603095979,0.034966850538322936,0.0018342097848807364,0.002608117993155907,19.068708147321445,23.601606096540195,697.0969626729765,651.4605725530279,45.6363901199486,9859.900390625,0.03208830345213909,9390.29296875,8984.933314732143,73.40297483345853
-0.0078799235703375,701.3159092494419,681.2526884533111,685.2992586636249,17.172175566002117,66.42091713058161,698.4473266601562,0,Train,2020-05-02,0.017631330838538295,0.026514512958494274,0.03823003934888636,0.0011886282361460458,0.0024916863155911096,18.11474609375,25.82407924107133,701.2167414473608,651.3524227197709,49.86431872758999,9859.900390625,0.03208830345213909,9390.29296875,8984.933314732143,73.40297483345853
-0.0115280371922545,700.8964494977679,683.5462065197173,686.4945375724004,16.005888337070846,64.16976228581497,683.6476440429688,0,Train,2020-05-03,0.010391821087052389,0.021646299638284905,0.038748302305737115,0.0025169378263927623,0.0026795970126157814,14.850359235491055,26.145455496651834,704.4555380944363,652.0596300138228,52.39590808061348,9859.900390625,0.03208830345213909,9390.29296875,8984.933314732143,73.40297483345853
-0.0211894040570772,699.062970842634,685.0774739583334,686.2357290697248,14.224986219162622,56.96583087688519,692.7879028320312,1,Train,2020-05-04,0.0007021154153825648,0.014362246708291115,0.036119349108157506,0.00359468615107528,0.003079118612403428,9.897957938058084,24.369489397321445,706.6908290562787,653.54775475371,53.14307430256872,9293.5,-0.05744483901313502,9405.464425223214,9015.088076636905,53.52319429613792
0.0133698387886025,698.6637834821429,686.5602533249628,686.8313812299345,13.250312776902712,58.759361374831606,667.5693969726562,0,Train,2020-05-05,-0.0037816420992607958,0.007173275062139606,0.03395692511119086,0.003839880694986811,0.0032004563592902733,4.97601318359375,22.945321219308084,708.315906923544,655.5916291743914,52.724277749152634,9205.599609375,-0.009458265521601117,9389.992885044643,9059.111886160714,54.15676832120483
-0.036401481256074,694.8040422712054,686.4869617280506,685.0802917520002,13.355509379215064,47.83983622387416,649.5020141601562,0,Train,2020-05-06,-0.008692307160248935,-0.005394501067814028,0.022516810719440894,0.004769093112549436,0.003836865610790693,-3.768450055803555,15.30025809151789,708.6473521359203,658.6419388099503,50.00541332597004,9270.900390625,0.007093593467121684,9406.6357421875,9091.166666666666,56.792993692926245
-0.0270644264018592,687.2503313337054,685.2296985444568,681.8459028800144,15.47594328152886,42.20329996169095,658.5238647460938,1,Train,2020-05-07,-0.016897818939958786,-0.020055980094319747,0.005926758320068393,0.0059037347875116305,0.005122221529703381,-14.065577915736526,4.049168178013474,707.832291920225,661.9402902156568,45.8920017045682,9199.0498046875,-0.007750119504051356,9394.742885044643,9136.17857142857,54.04705002245805
0.0138904120222063,679.5815865652902,684.2825201125372,679.7257175951124,16.489409440906563,42.9283322953386,699.370849609375,1,Train,2020-05-08,-0.027312417457431293,-0.030410858762019655,-0.009422841684755046,0.005609918550344674,0.006115279938007333,-21.314862932477695,-6.46450369698664,707.0060212964919,664.0523501111533,42.953671185338635,9251.5,0.0057016970693835045,9376.257114955357,9191.78334263393,49.67227591949941
0.0620281011061467,678.5498570033482,685.1947428385416,681.5116386873182,16.780410530518598,53.53946145230607,739.0574951171875,1,Train,2020-05-09,-0.02339391292935611,-0.0293437282403326,-0.015402923396370283,0.004633649793879491,0.006131465663731585,-20.51311383928578,-10.615155901227695,706.4766710631277,665.4128474566826,41.06382360644511,9251.5,0.0057016970693835045,9376.257114955357,9191.78334263393,49.67227591949941
0.0567462105833822,684.3513096400669,688.2505144391741,686.7430801809426,20.28605792655024,59.66234015069024,745.80615234375,1,Train,2020-05-10,-0.004218290718045248,-0.020485495570906176,-0.013459168603281002,0.006776070369763243,0.00637281187029891,-14.312473842075974,-9.336460658482224,706.1424544065335,666.8853662896161,39.25708811691743,9251.5,0.0057016970693835045,9376.257114955357,9191.78334263393,49.67227591949941
0.0091314373660364,693.2310965401786,691.8317435128348,692.1124503775613,23.411830929092147,62.53156823126414,747.8424072265625,1,Train,2020-05-11,0.020085167468817167,-0.0022638695737651204,-0.007646158194746122,0.009200584649151262,0.007096741505609281,-1.5729457310268344,-5.34139578683039,706.4852037394487,668.368637987672,38.11656575177676,9239.2001953125,-0.0013294930214019507,9331.378627232143,9213.069056919643,49.514804802706536
0.0027302736460586,701.0960257393973,695.2686331612723,697.1788100911069,26.067354173393216,63.2012790685125,756.6038818359375,1,Train,2020-05-12,0.03322698914950606,0.020146508156383636,-0.0003135299044904061,0.010357370305527344,0.007580980546463374,13.845694405691916,-0.21988351004461038,707.8294817870785,669.5847795131449,38.244702273933626,9196.5498046875,-0.004616242718351149,9236.6142578125,9234.392857142857,55.130451958293385
0.0117156696714588,713.8152378627232,699.2614310128348,702.5810893406369,28.731953215774187,65.07423661896775,760.2268676757812,1,Train,2020-05-13,0.043053805563918246,0.050374601040112266,0.01843180740066863,0.011807954897078945,0.008768295147161109,34.23365129743297,12.918788364955276,711.6678504084034,669.6528352779806,42.01501513042285,9383.5498046875,0.02033371253039773,9249.478515625,9247.328543526786,54.723331603450745
0.0047884843401178,729.633074079241,703.5237252371652,707.8216146438318,30.84727610552041,64.35202991679482,763.3526000976562,1,Train,2020-05-14,0.05251059527009061,0.07528292364762934,0.043730113754643085,0.011506236355557774,0.010192636373011394,51.08321707589289,30.57010323660711,719.4002899535436,667.4143549962331,51.98593495731052,9142.75,-0.025661909373274727,9240.5,9254.419038318452,46.09540283354989
0.0041115784705574,744.6086077008929,707.5875621977307,712.8698860487249,32.873185150051924,63.12591180337596,749.0975952148438,0,Train,2020-05-15,0.06206365513997292,0.0880502414651887,0.06576099306273009,0.008165790347384334,0.01113029114401516,60.257298060825974,45.94482421875,730.1942207462531,663.5094387473295,66.68478199892365,9136.849609375,-0.0006453627874545287,9221.349888392857,9264.492838541666,49.5694227888715
-0.0186742075431312,751.7124285016741,710.5260649181548,716.1633141547356,33.72439602126492,60.44457802702527,744.6458129882812,0,Train,2020-05-16,0.05309103620766242,0.08436051448552706,0.08190566370979102,0.005478417127649553,0.011204031635848807,58.481331961495584,56.90838623046875,740.7994529081151,660.1250710176661,80.67438189044901,9136.849609375,-0.0006453627874545287,9221.349888392857,9264.492838541666,49.5694227888715
-0.0059428601226328,752.510759626116,712.5861729213169,718.7526322305125,34.451519800866606,61.562154777151015,749.1922607421875,1,Train,2020-05-17,0.03135505551985207,0.07333479580417701,0.09495874402237625,0.0073139074780186756,0.011148564566944328,51.41473388671875,65.26042829241067,749.5799330458437,658.2755505269799,91.3043825188638,9136.849609375,-0.0006453627874545287,9221.349888392857,9264.492838541666,49.5694227888715
0.0061055171124393,752.9944893973214,715.096185593378,721.5198711861193,35.132963156395924,67.29135959351538,765.60205078125,1,Train,2020-05-18,0.011262133703129562,0.054887104472450376,0.10802662150260911,0.008838041843662577,0.0110071708328695,39.17925153459828,73.41290283203125,757.0393848775163,657.5109386088118,99.52844626870456,8823.25,-0.034322509703259896,9167.66420200893,9256.419038318452,39.678489040776455
0.0219033096028062,755.5315813337054,718.4304635184152,725.527342058404,36.48498578385752,68.49957650549891,770.3616333007812,1,Train,2020-05-19,0.005080603548944351,0.03549524846738472,0.11345035819523774,0.009419026575632995,0.010893127207424096,25.898507254464334,76.98172433035722,763.9912005734034,657.1957797558375,106.79542081756586,8879.099609375,0.00632982284022332,9114.464146205357,9237.959495907739,38.496095096774084
0.0062167839214568,757.4969744001116,722.0387515113467,729.6031867168019,37.73462118947885,79.1459397943488,751.3470458984375,0,Train,2020-05-20,0.006626104291814983,0.017308914463148417,0.10688321002631751,0.009223290150437708,0.010459194233132874,12.88836669921875,73.14566476004472,770.4534469601298,657.1144537792674,113.33899318086242,9066.5498046875,0.021111396826158035,9089.7998046875,9228.659505208334,38.916230527142936
-0.0246826770446388,756.2284284319196,724.370611281622,731.5799011878597,37.97122223579768,78.72308269095113,736.0975952148438,0,Train,2020-05-21,0.0042947711837659774,0.006007616422209372,0.09087493651994571,0.007625904411896195,0.009551139110913674,4.515999930245471,62.997331891741055,775.8866516735151,657.4468426763732,118.43980899714188,9106.25,0.004378754451001221,9076.899832589286,9234.602353050595,30.466799497026514
-0.0202961477879491,752.3348563058036,725.5083501906622,731.9906006448582,37.94641805919489,71.13548469492962,728.8989868164062,0,Train,2020-05-22,-0.0042310938508470786,-0.00023375522284874162,0.07308389818979255,0.0045563631831077485,0.00878121481379165,-0.1759033203125,51.23883056640625,780.0274155441177,658.4079735114067,121.61944203271105,9039.25,-0.0073575840768702605,9027.714146205357,9227.55236235119,41.108597563224606
-0.009779421159957,749.4493408203125,726.5705421084449,731.7095448422717,37.70187255645944,59.85144706345674,733.1139526367188,1,Train,2020-05-23,-0.01062398115341956,-0.004708067093354695,0.04992062520867946,0.003225233841879132,0.008980332935735195,-3.545148577008945,35.634102957589334,783.246895060624,660.0437831271549,123.20311193346902,9039.25,-0.0073575840768702605,9027.714146205357,9227.55236235119,41.108597563224606
0.0057826473853697,747.8019321986607,728.2213338216146,731.8372182781304,37.1640266121522,47.40219169983989,724.1868896484375,0,Train,2020-05-24,-0.011142792199351326,-0.010230742600329079,0.02490136311645097,0.0032098706381551495,0.009305980831539147,-7.729649135044724,18.16885811941961,785.7784872537428,662.3860870696388,123.39240018410396,9039.25,-0.0073575840768702605,9027.714146205357,9227.55236235119,41.108597563224606
-0.0121769105009857,744.229736328125,730.1517740885416,731.1417338572493,35.75926579767191,40.72721503876554,760.795166015625,1,Train,2020-05-25,-0.010773287864764391,-0.017514575662158194,-0.000508819491004453,0.0034244534732782404,0.009546462733580058,-13.26723807198664,-0.3788713727678896,787.4670610362048,665.2541085717751,122.21295246442969,9039.25,-0.0073575840768702605,9027.714146205357,9227.55236235119,41.108597563224606
0.05055086869214,743.5430385044643,733.3902151925223,733.8375004171016,35.282589817664764,54.28485704086462,760.771484375,0,Train,2020-05-26,-0.007880855975379686,-0.01677454780926324,-0.010867706435948032,0.0026747620634720816,0.009494502573674624,-12.685389927455276,-8.169389997209805,788.4758894664535,669.1191797648523,119.35670970160118,9029.0498046875,-0.0011284338094974533,9011.471261160714,9213.988048735118,43.47104119101395
-3.11274856661381e-05,742.1730172293527,737.8284098307291,736.2860444132741,32.32717716656015,51.46326180389951,726.673095703125,0,Train,2020-05-27,-0.007527280589872287,-0.013507069347216794,-0.013737667222060268,0.0016570529346345252,0.008715409297857154,-10.16183907645086,-10.33774239676336,788.1476710794544,674.9396667414159,113.20800433803856,9314.9501953125,0.03166450477176164,9036.91420200893,9221.633277529761,51.40049490963397
-0.0448208027932172,738.6481672014509,741.5032232375372,735.4121399850787,25.436417993913928,40.2958354059864,738.2760620117188,1,Train,2020-05-28,-0.007499793214676531,-0.014412146399434,-0.01905236014058087,0.0016810727686325344,0.0069009219936227925,-10.80117361886164,-14.346322195870584,785.5800776195999,683.4139182648867,102.16615935471327,9490.099609375,0.018803043536468778,9132.178431919643,9231.528506324405,58.6831280995564
0.01596724356138,738.9593767438616,745.3009469168527,735.672496532955,16.97379013820257,43.08655279039056,742.6803588867188,1,Train,2020-05-29,-0.006164621983176799,-0.011824729348853702,-0.021934496186896135,0.001981137366773656,0.003973989179070324,-8.842555454799026,-16.57220458984375,781.2929768861404,693.7419709723974,87.55100591374298,9580.2998046875,0.009504662651105722,9232.349888392857,9241.023716517857,59.59327091129677
0.005965650386928,740.9281441824777,747.3633045014881,736.3095749287518,13.360697925481164,48.12919347847594,751.5128173828125,1,Train,2020-05-30,-0.0016773353624769394,-0.004436254001266682,-0.02187313055706308,0.0026817375669791117,0.00291716699111923,-3.301592145647305,-16.568830217633945,776.2624295209029,704.4302017918764,71.8322277290265,9580.2998046875,0.009504662651105722,9232.349888392857,9241.023716517857,59.59327091129677
0.0118926781762933,743.5565534319196,747.9564150855655,737.6916878791209,13.249546379554316,51.95206730814275,735.0319213867188,0,Train,2020-05-31,0.006645093629711996,1.817638893175655e-05,-0.016756676321036723,0.0032890703193947423,0.0031225230548730326,0.013514927455275938,-12.671875,771.1139919705387,714.6111850314145,56.502806939124184,9580.2998046875,0.009504662651105722,9232.349888392857,9241.023716517857,59.59327091129677
-0.0219302926242688,745.1058436802456,747.4433564685639,737.4498909252661,13.542342265571817,46.23044364829845,724.5894165039062,0,Train,2020-06-01,0.008317733193220489,0.003951674855873444,-0.009608770037659364,0.002909698150629961,0.003198337188004675,2.9328264508928896,-7.229012625557971,765.3500561156491,724.7761026803887,40.573953435260364,9826.150390625,0.025662097319460564,9340.8642578125,9254.014229910714,65.0712517897577
-0.014206872625493,739.93359375,746.3360711960565,736.2807568869606,14.429650579604584,38.723978094730185,719.6166381835938,0,Train,2020-06-02,-0.0013423034882485974,0.0017402419793706159,-0.012696985042240483,0.003979629003143237,0.0033605437435517064,1.2854265485491396,-9.5157470703125,760.6643211412055,732.0736732435602,28.59064789764534,9979.099609375,0.015565527970742954,9465.557059151786,9259.690383184523,69.01654586695055
-0.0068628911864402,734.0543300083706,744.5747738792783,734.7658370048364,15.342181965354284,36.06449774559595,739.9808959960938,1,Train,2020-06-03,-0.012779422600326829,-0.006637775891151887,-0.01838401533661438,0.004848412923256086,0.0035511172791220075,-4.905046735491055,-13.747602190290081,759.8983470193677,733.281772958311,26.61657406105678,10061.5498046875,0.008262288035990828,9611.599888392857,9296.264183407739,67.357910906298
0.028298758994653,735.9554443359375,743.6106799897693,735.2399332767689,14.94029384812829,46.90161565279488,736.7842407226562,0,Train,2020-06-04,-0.012280670487178291,-0.00671144683271141,-0.01111792715111215,0.0048373068791933505,0.0037786836456692764,-4.972699846540195,-8.2742919921875,760.2749528801577,732.0398507610254,28.235102119132307,10029.099609375,-0.003225168681009971,9754.464146205357,9335.478469122023,75.40192620074087
-0.0043199159474711,735.7423270089286,742.3455200195312,735.3803248627586,14.295963143722917,50.20034263041861,734.9845581054688,0,Train,2020-06-05,-0.0056643822857535,-0.010509256339580553,-0.01049127097097946,0.0048218956273719076,0.0036824791905458744,-7.814226422991055,-7.800711495535779,759.9520687790301,730.7657247128783,29.186344066151833,10142.150390625,0.011272276241460544,9872.63560267857,9376.966564360118,77.14386967078076
-0.0024426182289435,734.6429268973214,741.6734706333706,735.3443460666413,14.29440419721054,51.833347185273496,723.9500122070312,0,Train,2020-06-06,0.0008018437667196565,-0.014042188598663241,-0.01014600390639675,0.004601976388788065,0.0036251545450978052,-10.46291678292414,-7.53009033203125,759.3989227904424,729.5320874285867,29.866835361855692,10142.150390625,0.011272276241460544,9872.63560267857,9376.966564360118,77.14386967078076
-0.015013303037115,730.7053833007812,740.6879563104538,734.3084975339494,14.78426524803628,47.348219653644726,716.1358642578125,0,Train,2020-06-07,-0.007133666957098828,-0.01247167384636505,-0.010753135597374897,0.0042889949136702445,0.0037729485104179418,-9.22821044921875,-7.94278390066961,758.9178176735019,727.7842819358731,31.13353573762879,10142.150390625,0.011272276241460544,9872.63560267857,9376.966564360118,77.14386967078076
-0.0107937672732355,728.0059465680804,739.1138421921503,732.6564399633916,15.572311113597417,47.6551623119444,708.1795043945312,0,Train,2020-06-08,-0.010515067785075605,-0.008239694519915464,-0.014822777165432677,0.0037915641930366716,0.0037144369862170557,-6.048383440290195,-10.95343017578125,757.8709050382926,726.0786310945199,31.79227394377267,10167.4501953125,0.002494520758722585,9969.399972098214,9423.080868675595,92.98686778782343
-0.0111101262489164,725.6616734095982,736.3794352213541,730.4312640025861,15.729318036663766,31.60595382834201,706.119384765625,0,Train,2020-06-09,-0.012225331734499356,-0.013986948538206034,-0.020604522709451345,0.003441408216218022,0.003734493812464213,-10.293770926339334,-15.26647077287953,756.1093999264396,724.6566061073216,31.452793819117915,10046.650390625,-0.011881032349997822,10036.021484375,9460.94517299107,85.84850443829032
-0.0029090359380953,723.7334943498884,733.3202805292038,728.2210931628623,15.0209567092174,31.162250953437265,709.1978149414062,1,Train,2020-06-10,-0.009541313243648375,-0.01632206306229611,-0.026659786657164175,0.0025924738553646763,0.0037427060257291655,-12.008832659040195,-19.82305908203125,754.305132824695,723.2113798008631,31.093753023831823,10116.150390625,0.006917728526201428,10077.45005580357,9502.70470610119,84.74345936293642
0.0043596454681711,719.3359113420759,731.3131742931548,726.491704233639,15.30508722820991,42.33809828877995,695.7716064453125,0,Train,2020-06-11,-0.011909291767294272,-0.020835993915973572,-0.034585599558428104,0.0020345003283516344,0.0038390014715920565,-15.307015555245584,-25.769932338169724,753.5659574380077,720.6506606911776,32.91529674683011,9902.0,-0.021169158460066062,10066.435825892857,9536.297572544643,73.61344391702745
-0.0189315423894855,713.4769635881696,729.3928891136533,723.6989680710639,17.099398913713838,31.657504984710044,710.4526977539062,1,Train,2020-06-12,-0.016791171792465476,-0.023577792235204953,-0.03575541154679518,0.0022775429410181744,0.00411602031946228,-17.22841971261164,-26.45663016183039,753.8228219887886,716.7965584171824,37.02626357160625,9972.900390625,0.00716020911179549,10053.77162388393,9564.361886160714,77.64157642258746
0.0211004461415136,709.972412109375,728.5144943963913,722.494761678595,17.592715325675876,37.22545338417172,700.3417358398438,0,Train,2020-06-13,-0.019014018762354756,-0.024771136202551558,-0.032806724127246834,0.0018895762750599909,0.0038765151313014273,-18.03353445870539,-24.081917898995584,754.153965943645,712.6824624533975,41.471503490247414,9972.900390625,0.00716020911179549,10053.77162388393,9564.361886160714,77.64157642258746
-0.0142317172501817,706.5998011997768,726.9539126441592,720.4808502387084,18.589618387251907,29.920095879196808,693.024658203125,0,Train,2020-06-14,-0.017705372332290636,-0.026268263721655694,-0.039887799406998936,0.001877049583613075,0.00339708184063146,-19.06187220982133,-29.355643136160666,754.8149060865582,708.2585287976493,46.556377288908834,9972.900390625,0.00716020911179549,10053.77162388393,9564.361886160714,77.64157642258746
-0.0104478674656511,703.2982003348214,725.4699968610491,717.9848327809281,20.01096449357213,32.23866792396542,706.2615356445312,1,Train,2020-06-15,-0.014266421724617229,-0.028235937917207243,-0.04409713222019562,0.0018183034158616943,0.0029769681474481,-20.435294015066916,-32.44412667410711,755.2607148581029,703.7882362091403,51.47247864896258,9813.7001953125,-0.015963279394844432,10023.000279017857,9596.31189546131,71.34694680014454
0.0191001536305026,703.0242047991071,722.8731573195685,716.919078495801,18.69258719128937,42.42957338133487,735.8132934570312,1,Train,2020-06-16,-0.009786587748704667,-0.022676063137923586,-0.043039578740317164,0.002460434078744701,0.003012718497703721,-16.31170654296875,-31.618722098214334,755.1421145672205,699.9919552569984,55.15015931022208,9914.0,0.010220386061458031,9990.40736607143,9633.319056919643,68.12829325523596
0.0418425134614348,707.2661917550223,721.6846720377604,718.6367344013674,16.866768814992692,55.56096215714183,707.37451171875,0,Train,2020-06-17,0.0009430947392201627,-0.008704936739530433,-0.03207748578487024,0.004714410263013768,0.0037126992188172316,-6.210771833147305,-23.439191545758945,754.4747786479363,697.5210936316396,56.95368501629673,9881.150390625,-0.0033134566648174157,9949.507393973214,9683.695265997023,62.94912009520175
-0.0386494535925939,707.0057198660714,720.7656918480283,717.612895975675,17.10543642601281,39.39303449001594,704.106689453125,0,Train,2020-06-18,0.005271618112324017,-0.004178602143834476,-0.028846229623544772,0.004641835968424553,0.00346793245926462,-2.966692243303555,-21.000226702008945,753.395983229886,695.4045233619108,57.99145986797521,10091.650390625,0.021303187551898528,9955.935965401786,9741.435779389882,65.68318600292204
-0.0046196494381526,708.1964460100446,719.1385788690476,716.3850590190796,16.981211638804794,39.37480327899434,686.512939453125,0,Train,2020-06-19,0.007357131056981769,0.002259616840475598,-0.02406800309225554,0.004088358930964742,0.0036172325942498275,1.596644810267776,-17.465227399553555,751.5254766664164,694.0018601081372,57.52361655827917,10244.400390625,0.015136275444292302,9974.257393973214,9797.523902529761,63.604719569109335
-0.0249873353904149,704.7764805385044,716.4639398484003,713.669411785811,17.503171632062724,35.707315633390095,682.0848999023438,0,Train,2020-06-20,-0.0035201897751394595,0.0021019251904514924,-0.02619336255593996,0.00407543227031503,0.0036403335310343046,1.4782802036829708,-18.957013811383945,748.904992485126,692.7443370000861,56.1606554850398,10244.400390625,0.015136275444292302,9974.257393973214,9797.523902529761,63.604719569109335
-0.0064500452887437,702.1683611188616,713.1578485398065,710.7980925236776,17.104355995277054,37.15490119702169,685.3763427734375,1,Train,2020-06-21,-0.00684203622585422,-0.001217374415280692,-0.023865832294100886,0.003933051038059855,0.0035825361349203014,-0.8558436802454708,-17.16755022321422,745.4780202795744,691.8775609494994,53.600459330074955,10244.400390625,0.015136275444292302,9974.257393973214,9797.523902529761,63.604719569109335
0.0048255618495072,701.0757446289062,710.7932971772693,708.4870243645648,17.359584836525684,40.29292796992134,678.556640625,0,Train,2020-06-22,-0.010054697988469363,-0.008752641082355406,-0.01738138663496014,0.0035956636284928457,0.003588681329272855,-6.190447126116055,-12.40121895926336,742.6668930560678,690.8029032608964,51.86398979517139,10311.2001953125,0.006520616350433883,10032.714564732143,9854.90248325893,61.44384432890818
-0.0099503028085867,697.117902483259,708.6012602306548,705.7660803882408,18.40525371414789,40.58408287635169,673.323486328125,0,Train,2020-06-23,-0.010866676551683052,-0.013985484282482918,-0.018105646651712104,0.004095762294916621,0.003674134315769203,-9.8878173828125,-12.854509626116055,740.8875647237545,688.8885888406986,51.99897588305589,10471.0,0.015497691991291696,10103.871651785714,9923.0810546875,63.39516597434811
-0.0077121849283722,688.1907871791294,706.3968244280134,702.8167536555029,19.74360628703349,39.78162377948779,647.418212890625,0,Train,2020-06-24,-0.0199062998473184,-0.02824874220087714,-0.026052956694000873,0.004697712162013288,0.004532714172054552,-20.005658830915195,-18.40901402064742,739.1188387080722,685.8808491407001,53.2379895673721,10305.2998046875,-0.015824677233549855,10174.100167410714,9983.85486421131,58.31126919579965
-0.0384737410227151,679.6256016322544,701.9890776134673,697.7805226768776,22.066709845978576,33.14813205430572,663.188720703125,1,Train,2020-06-25,-0.030596042098141374,-0.035686319848574954,-0.03365940463276762,0.005360426502809764,0.005088112829944059,-25.15087890625,-23.67259870256703,737.7869366727779,681.6010786383271,56.1858580344508,10288.900390625,-0.001591357298992957,10227.65736607143,10030.233444940477,54.688650540278125
0.0243590734682719,673.7801775251116,698.4845290411087,694.6358134065365,22.10841346014081,41.22446926448599,677.2778930664062,1,Train,2020-06-26,-0.03347744316279089,-0.04042931178003406,-0.041597468585526265,0.004338766404944644,0.0051178135970919485,-28.38818359375,-29.24402727399547,736.4957359144486,676.8060044594353,59.689731455013316,10383.0,0.00914574014738645,10299.350167410714,10072.752511160714,56.59678449979946
0.0212445898481863,672.4608851841518,695.7365926106771,693.0578206483428,20.898007028202045,41.03646852005159,676.5911865234375,0,Train,2020-06-27,-0.022856891269140478,-0.040815646046777454,-0.04921104242874097,0.004707428391206928,0.005141201199859853,-28.614859444754416,-34.80530657087047,735.0322142999345,672.4450762622863,62.587138037648174,10383.0,0.00914574014738645,10299.350167410714,10072.752511160714,56.59678449979946
-0.0010139213903168,671.6760689871652,693.4814104352679,691.5608539097151,20.24633387111248,43.23847281151185,668.8954467773438,0,Train,2020-06-28,-0.01169692934756561,-0.03649573968114339,-0.04997081336993814,0.005058388556990692,0.005182360352541231,-25.44183349609375,-35.32965087890625,733.1452865222792,668.6990162818505,64.4462702404287,10383.0,0.00914574014738645,10299.350167410714,10072.752511160714,56.59678449979946
-0.0113742831703693,669.3216552734375,691.2318667457217,689.5003623522267,20.22777379294053,43.14545031481829,658.9500732421875,0,Train,2020-06-29,-0.00661717634384984,-0.027418460486859808,-0.05489266566589879,0.004800041034107632,0.005173185796256706,-18.869131905691916,-38.87479073660711,731.0641588473203,665.1461421431933,65.91801670412701,10312.400390625,-0.006799538608783573,10330.88588169643,10107.614443824405,58.39096323650029
-0.0148683528690048,666.5207170758929,688.8876081194196,686.7230633422231,21.0032639173655,36.30377987977238,673.6787109375,1,Train,2020-06-30,-0.008833477513911059,-0.019282505727988397,-0.05428070390967232,0.004879035021787157,0.0050954862840042305,-13.104884556361526,-38.255763462611526,728.7643609949602,661.7246622681536,67.03969872680659,10302.099609375,-0.0009988732845714887,10339.128627232143,10130.27869233631,56.099296959384574
0.0223516747222505,666.5714634486607,687.3428141276041,685.5372131236119,20.865047534975275,30.32397000777368,669.7242431640625,0,Train,2020-07-01,-0.007599802604552952,-0.01069891088652919,-0.0506956730626249,0.0044636291702158815,0.00441538688032428,-7.208714076450974,-35.596897670200974,726.446627157937,658.7659513158353,67.68067584210166,10430.0498046875,0.012419817334717198,10356.107142857143,10151.752511160714,68.35865590612937
-0.0058699610203422,669.758039202009,685.4631202334449,684.0996704000165,20.57374409667713,35.8892407582444,665.296142578125,0,Train,2020-07-02,0.0006519793960546583,-0.004019335609985242,-0.04467092987716248,0.004113968770325871,0.0049432945299907865,-2.7028459821428896,-31.317705426897305,724.2323324816306,656.6083535535257,67.62397892810486,10551.7001953125,0.011663452514898642,10367.6357421875,10175.093005952382,69.4371694696363
-0.0066118266303415,670.059099469866,684.0119076683408,682.3902587798445,20.882761607112283,35.57979967307634,681.350830078125,1,Train,2020-07-03,0.005308735802686648,-0.0024073650855797046,-0.038815246197242415,0.0029922409444183263,0.004847102015946335,-1.6169695172991396,-27.05880301339289,722.0889133089947,654.7604414622106,67.32847184678417,10607.349609375,0.005273976044848361,10410.785714285714,10202.628720238095,78.64439301648036
0.0241316407424001,670.6409476143973,682.6261044456845,682.2957652615064,19.98678455676587,48.05980968810505,699.39453125,1,Train,2020-07-04,0.006105098086081062,0.001971088684439515,-0.02550141601963074,0.0029985727752743,0.005002949509646497,1.3192923409598052,-17.54983956473211,720.0438991197512,653.2095702929163,66.83432882683496,10607.349609375,0.005273976044848361,10410.785714285714,10202.628720238095,78.64439301648036
0.0264822472877974,673.8985682896206,682.5809994652158,683.8501985331876,19.94583284363545,55.90181544696937,697.3580322265625,0,Train,2020-07-05,0.006182126746167693,0.011069200138437152,-0.00842674750462491,0.0035499780440620523,0.005480331734746533,7.377851213727695,-5.727033342633831,718.068786429667,652.2447197784803,65.82406665118674,10607.349609375,0.005273976044848361,10410.785714285714,10202.628720238095,78.64439301648036
-0.0029118028987126,677.9646519252232,682.7873506091889,685.0781834144035,20.08123682599497,54.12048538725107,668.84814453125,0,Train,2020-07-06,0.011798291317305809,0.017092223566873344,0.0062104445035495726,0.0035968771318857207,0.005978097442186621,11.3931884765625,4.184474400111526,715.8454678437772,651.9620830769818,63.883384766795416,10763.650390625,0.014735139974255018,10478.607142857143,10232.223958333334,79.47412567702526
-0.0408827121475672,679.378662109375,681.0057605561756,683.6027253341167,19.547033312995133,47.094689622169376,669.8662109375,1,Train,2020-07-07,0.013028900973105717,0.0143643261360904,0.010287255478552915,0.0024416330135582556,0.006009733066427752,9.620622907366055,6.917776925223166,712.5342275589743,652.48457039722,60.04965716175434,10799.650390625,0.003344590235981215,10538.128627232143,10262.32872953869,81.79300796123226
0.0015221189063228,678.8340192522321,677.8654232933408,682.3539512980607,15.091153118970318,48.93861887790857,657.5056762695312,0,Train,2020-07-08,0.007323729704809878,0.013095740046375814,0.01065684873343864,0.0026172338962542033,0.005111372868205706,8.774919782366055,7.157950265066916,708.8433729954453,653.3582548993651,55.485118096080214,10705.75,-0.00869476207364206,10594.32142857143,10293.714425223214,73.122954617325
-0.018452243845334,677.0885096958706,675.490716843378,680.095017204558,14.10703229454325,53.37775338004237,664.2542114257812,1,Train,2020-07-09,-0.0012923125517895206,0.009614029838781235,0.011604068628647823,0.003041941055851844,0.003955972976454239,6.447562081473279,7.766854422433084,704.2089450326831,654.8818892307096,49.32705580197353,10813.4501953125,0.010060032721901813,10667.371512276786,10326.919177827382,72.17911465783217
0.0102638431876953,676.9396623883929,673.5929797944568,678.654943951942,12.67265332268634,50.37971842063935,663.4491577148438,0,Train,2020-07-10,-0.0035900446349158566,0.0045126881727775014,0.01563184015976149,0.0030927701005733174,0.003148339534261119,3.041094098772305,10.4189453125,699.7762476370773,656.5309048113044,43.24534282577292,10768.0498046875,-0.004198511095439339,10715.6572265625,10368.159644717261,68.1080972280499
-0.0012119662880413,674.3822806222098,672.4947044735864,677.2725997485694,12.495127512858817,44.55630144687967,670.00830078125,1,Train,2020-07-11,-0.00655791917282833,-0.005284008971323861,0.011717899132882348,0.00368409827498295,0.003285064170282787,-3.5823713030133604,7.81081717354914,695.2303097528483,658.2982346458683,36.93207510697994,10768.0498046875,-0.004198511095439339,10715.6572265625,10368.159644717261,68.1080972280499
0.009886429110858,670.1842476981027,671.9196283249628,676.6122089333585,12.308187563773386,47.5231531238575,672.4237060546875,1,Train,2020-07-12,-0.01019698591675866,-0.013533563716477293,0.0006363618966060969,0.004016560057358089,0.0036999493347947654,-9.194414411272305,0.42620849609375,689.9041601802312,660.535234525405,29.36892565482617,10768.0498046875,-0.004198511095439339,10715.6572265625,10368.159644717261,68.1080972280499
0.0036050378340404,666.6222011021206,671.3028361002604,676.2314359443883,11.91849710972996,51.38245905379507,664.7042236328125,0,Train,2020-07-13,-0.015241330741162407,-0.017989402127435272,-0.005129246614909988,0.0029576111340447234,0.00385448665463472,-12.211818150111526,-3.4368983677454708,684.6699561678647,662.7198683996576,21.95008776820714,10802.7001953125,0.003217889149241815,10751.514369419643,10407.673921130952,64.59560336996475
-0.0114800866661401,666.0302124023438,670.6431971958706,675.1835075524268,11.880231227415978,52.29464401327581,662.7861938476562,0,Train,2020-07-14,-0.012384768194324658,-0.016332129603696788,-0.006875117346256343,0.002358141572949831,0.0036951073795301807,-11.058297293526834,-4.610735212053555,681.7199089362512,663.4538581535926,18.266050782658567,10607.349609375,-0.01808349601540049,10751.514369419643,10445.466750372023,62.95292457294576
-0.0028855387358208,665.018781389509,670.1414213634673,674.0564790338112,11.98344498342007,45.16196018918082,656.7952270507812,0,Train,2020-07-15,-0.007707531662129785,-0.017609960918561707,-0.013176741008144366,0.0022693447409346647,0.0037155683850101672,-11.920880998883945,-8.87978690011164,680.9556735940778,662.7574114714914,18.198262122586357,10618.2001953125,0.0010229309240368245,10730.735770089286,10479.000093005952,64.18902371801292
-0.0090390639583117,664.9172886439732,670.5879458472842,672.4872743080813,11.24644100668566,44.35946635821059,682.0848999023438,1,Train,2020-07-16,-0.002557539270862441,-0.014035054375248213,-0.01924490199334028,0.0025050936833857615,0.0034342402251750356,-9.46499197823664,-13.04736328125,680.9698532432184,661.8569429342368,19.112910308981554,10739.9501953125,0.011466161662100571,10722.20717075893,10519.895321800595,65.02247718374738
0.0385046538250912,667.4645298549107,671.4877639043899,673.3597857257415,11.379975841129054,56.19650061837277,699.3470458984375,1,Train,2020-07-17,0.0021535321158980825,-0.004058164381710694,-0.017536806671956118,0.0034370802338582807,0.003620936059819942,-2.7197178431920292,-11.914132254464334,680.8648647690005,661.4622958755307,19.402568893469834,10901.7001953125,0.01506059125586967,10750.20005580357,10558.46912202381,73.03384596592883
0.0253079140127061,672.5927995954241,672.5386759440104,675.7222639232593,12.863705263238137,56.58347764810536,690.5856323242188,0,Train,2020-07-18,0.011389179400452143,0.008956495123373376,-0.00919402899648869,0.004879739035486643,0.004197977887836293,5.970598493303555,-6.241219656807971,680.9295410987103,661.4892926066467,19.440248492063574,10901.7001953125,0.01506059125586967,10750.20005580357,10558.46912202381,73.03384596592883
-0.0125279911105695,675.5324183872768,673.205078125,677.0734792324374,13.433990705256916,46.54267819131225,678.556640625,0,Train,2020-07-19,0.015964586760786492,0.01426692934943441,-0.002298209593443956,0.00437817336290615,0.004158395846404176,9.502205984933084,-1.55609130859375,681.3819489619509,661.6579610547901,19.72398790716079,10901.7001953125,0.01506059125586967,10750.20005580357,10558.46912202381,73.03384596592883
-0.0174185374502134,676.4085518973214,673.6651349748884,677.2083120863068,13.444448158644446,43.157523432286936,709.10302734375,1,Train,2020-07-20,0.013399996018297777,0.017126990735531367,-0.0007845758205355935,0.003343270701895944,0.0038249014443012264,11.3897705078125,-0.5311104910714448,681.8122780915968,662.2164154072872,19.595862684309623,11022.2001953125,0.011053321760931656,10780.021484375,10595.50720796131,75.91402278265528
0.0450167088345263,682.751238141741,676.0533708844866,680.1078316551652,15.057552612562109,64.43615605519366,715.0938110351562,1,Train,2020-07-21,0.015103400679322476,0.02682130514930403,0.012409812297870193,0.004005532080710111,0.0045763898159227,17.83394949776789,8.36895751953125,683.372109730371,662.274561237821,21.097548492550004,11162.25,0.012706156865764484,10836.33579799107,10636.033389136905,76.121964492638
0.0084483967214852,690.2237548828125,678.0255185081845,683.2883752351644,17.27923331582284,65.66090101712196,700.4127197265625,0,Train,2020-07-22,0.02174778899672769,0.0340980291984192,0.029901489409128956,0.004141918172044048,0.005356612850543493,22.759225027901834,20.039507184709805,686.8324460013437,660.8607965349286,25.9716494664151,11132.599609375,-0.0026563094918139463,10883.464285714286,10667.538132440477,72.18014946332063
-0.0205303011745293,696.4548252650669,679.4868745349702,684.8451338252914,17.83096589577878,64.62237287176666,699.5128784179688,0,Train,2020-07-23,0.0296363393270469,0.03547767041811367,0.0447519211235754,0.003521357319272826,0.005618606757456008,23.862025669642776,29.83262416294633,691.4723584160093,658.8604566997832,32.61190171622616,11215.4501953125,0.007442159858846331,10970.33579799107,10710.878627232143,72.74626767534711
-0.0012847301073358,698.9445364815848,681.1162429082962,686.1785651518985,18.031610003495828,62.51475310963489,702.1649780273438,1,Train,2020-07-24,0.023717713619849867,0.03465728284395375,0.04941866519916638,0.0035566458820652427,0.005593143313405363,23.41211809430797,32.914324079241055,695.8733312342164,657.2898427682948,38.58348846592162,11194.150390625,-0.0018991484351116306,11052.61439732143,10753.985770089286,67.91207791025758
0.0037913520840002,699.3470982142857,682.1073928106399,687.6318754133026,18.607986812962498,63.56399016358388,712.0156860351562,1,Train,2020-07-25,0.013217950363099584,0.033912265379587136,0.051620071170095594,0.004162332804223018,0.005344605012297418,22.93854631696422,34.32831682477672,699.6013794915565,656.1066475034212,43.4947319881353,11194.150390625,-0.0018991484351116306,11052.61439732143,10753.985770089286,67.91207791025758
0.0140290506021634,702.4085344587054,682.7084001813616,689.8485854698348,19.38197475201748,64.38539925314953,717.8881225585938,1,Train,2020-07-26,0.00854859350191517,0.02879130087038151,0.05638482628597541,0.004161991006976616,0.004709364229427055,19.657296316964334,37.491245814732224,703.4398550288613,654.7125602194644,48.72729480939688,11194.150390625,-0.0018991484351116306,11052.61439732143,10753.985770089286,67.91207791025758
0.0082476224030092,708.0273175920759,683.686023530506,692.3976342960856,20.635102807555302,65.2091477565308,715.9226684570312,0,Train,2020-07-27,0.012994995505956508,0.025793900287141014,0.06077145065069223,0.003759536443349478,0.004129112514121621,17.80356270926336,40.562787737165195,708.1018423154653,652.9154384811306,55.18640383433467,11131.7998046875,-0.005569925698846956,11108.59291294643,10789.642903645834,63.52340744970088
-0.0027378278589671,709.0015520368304,685.9276675269717,694.5362737652625,21.48215964067052,67.8200671467311,712.2760009765625,0,Train,2020-07-28,0.013804953001444353,0.01801513366927754,0.05413193906224789,0.003968620301420369,0.003949834806006587,12.546726771763474,36.40875244140625,712.3836033078637,651.6504307671921,60.7331725406716,11300.5498046875,0.0151592736988444,11165.57142857143,10836.69763764881,72.82593786562913
-0.0050936611468499,708.5990077427456,687.9471813383557,696.148976239017,21.88638936373306,67.01397937862248,720.1138916015625,1,Train,2020-07-29,0.008813209094634233,0.013812929005440733,0.048948930436839566,0.0036671069544546944,0.0038454949243590907,9.65447126116078,33.06658935546875,716.0782696206716,651.1068142590716,64.97145536159996,11202.849609375,-0.008645614328603224,11191.378487723214,10879.590494791666,65.05910797600785
0.0110040077361217,711.4134608677456,690.9285249255952,698.3276049083393,21.79637149232828,71.49520103997841,710.8316040039062,0,Train,2020-07-30,0.004782503713536945,0.01725375380018046,0.051751133057433396,0.0028692195555620084,0.0036080888600138173,12.066362653459919,35.00490897042414,719.9058636343806,650.7266000932981,69.17926354108249,11102.150390625,-0.008988714680747911,11182.79282924107,10911.595284598214,62.39059685243441
-0.0128900271275312,713.0304216657366,693.146496000744,699.4643320988453,21.310727875002943,60.94877309655385,710.3106689453125,0,Train,2020-07-31,0.005682455302575828,0.01512209303552492,0.04434877863628217,0.002871268839985038,0.0036653673036571347,10.62188720703125,30.279183523995584,723.542595379485,650.9546824525462,72.58791292693877,11073.4501953125,-0.002585102372305803,11174.34291294643,10936.440522693452,60.08566235905435
-0.0007328529790452,714.194091796875,695.3779965355283,700.4503627212514,20.482978171497344,54.78606226026791,702.3544921875,0,Train,2020-08-01,0.007895980650541201,0.008709796997341313,0.03472835691975318,0.002756845714081727,0.0036476231427970754,6.16677420479914,23.9703369140625,726.7105524695392,652.1877097723693,74.52284269716984,11073.4501953125,-0.002585102372305803,11174.34291294643,10936.440522693452,60.08566235905435
-0.0112009816347345,712.8139212472098,696.9182913643973,700.6234654000014,19.68028868314862,55.17395529953348,701.0520629882812,0,Train,2020-08-02,0.00196856041739224,0.005377095719222513,0.023489098486634274,0.003226358150381874,0.004009553159263044,3.8123692103794156,16.35909598214289,728.7882221703569,654.7292120860604,74.05901008429646,11073.4501953125,-0.002585102372305803,11174.34291294643,10936.440522693452,60.08566235905435
-0.0018543758368545,710.4087698800223,698.2815464564732,700.6624288171176,18.873726259032143,60.9195579381111,701.4072265625,1,Train,2020-08-03,-0.003676774098347435,0.002554000383152788,0.01640220761456601,0.002559616906974102,0.0044126071683088615,1.8097621372767208,11.4642333984375,729.8150581237318,658.1402318804536,71.67482624327818,10891.599609375,-0.016422215545293994,11128.078543526786,10949.976236979166,60.696127269333154
0.0005066151188612,708.3351353236607,700.029308500744,700.7301377030615,17.2373664036986,44.71543625061191,703.917236328125,1,Train,2020-08-04,-0.008203591349339678,-0.004327055521735734,0.012852040327792968,0.002812089147844649,0.00438034948898621,-3.078325544084919,8.988037109375,729.7799944435897,662.5069309540106,67.27306348957904,11095.25,0.018697932161379383,11113.949916294643,10965.766694568452,65.67642382975338
0.0035785342245848,707.1410260881696,701.9879295712426,701.0198739417035,14.983394605330824,41.93995360731719,700.6494750976562,0,Train,2020-08-05,-0.007958451693976909,-0.008259669431507022,0.006737520114431961,0.002872143840512605,0.003800659233350092,-5.889395577567029,4.732491629464221,728.7969671556667,667.7123319863534,61.08463516931329,11101.650390625,0.0005768586219327965,11109.642857142857,10980.147646949405,62.86088901636236
-0.0046422520458718,704.3603951590402,704.0762270972842,700.9862013195174,10.857883448336764,50.20438185422131,705.7642822265625,1,Train,2020-08-06,-0.00851393588793059,-0.013768941455527539,-0.005179069143132042,0.0024379708646543523,0.003450700465232248,-9.833696637834805,-3.6669224330356656,727.0580502482302,673.1408354242029,53.91721482402727,11200.150390625,0.008872554668374333,11095.300083705357,11003.690522693452,61.11172113093312
0.0073000941422147,703.636492047991,705.2038167317709,701.420572311067,9.618739761054956,55.03051520750636,703.0885009765625,0,Train,2020-08-07,-0.0066333618669397465,-0.01287492980378524,-0.0075670638144959,0.0018539863056205815,0.0033858790543379383,-9.17742919921875,-5.365059988839334,725.3152824342326,677.9879724834573,47.327309950775316,11214.0498046875,0.0012410024488720417,11096.900111607143,11022.766694568452,57.75869967709933
-0.0037913242670178,702.604753766741,705.3819812593006,701.5722021897483,9.539154295302506,50.742877342511086,694.3270874023438,0,Train,2020-08-08,-0.006414947166228924,-0.010985247429587952,-0.008459303372579274,0.0010815863406128112,0.003425344402208695,-7.80401611328125,-5.994253976004529,723.2245705342691,682.7859179213672,40.43865261290193,11214.0498046875,0.0012410024488720417,11096.900111607143,11022.766694568452,57.75869967709933
-0.0124613239471979,701.4579816545759,705.5601457868304,700.9135553908933,9.2804133399202,35.517581189696145,700.8153076171875,1,Train,2020-08-09,-0.004120636998349414,-0.009708898127638976,-0.013993942708121598,0.0011058486649248424,0.003252287143171075,-6.877153669084805,-9.955479213169724,720.1887299851145,688.3267014462471,31.862028538867435,11214.0498046875,0.0012410024488720417,11096.900111607143,11022.766694568452,57.75869967709933
0.0093446162947752,701.4241594587054,706.6200823102679,700.9046237751018,7.043624277736527,36.16129073751765,705.0302124023438,1,Train,2020-08-10,-0.003144141348960572,-0.008084478793557337,-0.016277373102703607,0.0012658506781772464,0.002277235116527121,-5.716866629464221,-11.60626220703125,717.6188638657129,692.7638596973452,24.855004168367714,11270.150390625,0.005002705259437024,11120.900111607143,11046.676246279761,54.68154161652797
0.0060142875581401,701.9417288643973,706.4261387416294,701.2796772866692,7.027893117211884,41.4815437106564,702.7096557617188,0,Train,2020-08-11,-0.0009436669746243354,-0.003433847659899736,-0.01715550866803084,0.0014724779741365427,0.002239276624431191,-2.4186662946428896,-12.252362932477695,716.1722861164726,695.3822348447441,20.790051271728544,11322.5,0.004644978776729314,11156.47865513393,11071.428617931548,58.08016926728408
-0.0032914286505791,701.7692173549107,705.8364170619419,701.4096753298555,6.779403112523009,42.3601667032244,703.5147094726562,1,Train,2020-08-12,0.00044369828054513505,-0.0026537490795076613,-0.015494512050177489,0.0015086851374923524,0.0022425258555502895,-1.8672746930803896,-11.04470389229914,715.6785842755256,696.4073758946753,19.27120838085034,11308.400390625,-0.0012452735151247118,11216.02162388393,11104.811988467261,54.20075681677955
0.001145642022045,702.1785365513393,705.984130859375,701.6010420701101,6.688504159754553,35.066097486241816,713.3416748046875,1,Train,2020-08-13,0.0010754934549390693,-0.0006066244401518039,-0.01158520795016782,0.0009526853534832302,0.0018491030455670616,-0.42621721540172075,-8.23023332868297,715.4388980101054,696.9704621670709,18.468435843034513,11300.4501953125,-0.0007030344733010008,11245.3359375,11137.300083705357,54.862749758093265
0.0139683864455335,703.2610212053571,706.6426449730283,702.6683723187081,6.700267326951841,52.2363353790704,717.5328979492188,1,Train,2020-08-14,0.0018794898304366203,0.0025704170426976702,-0.0071634370021543825,0.0011617429915964225,0.0017598010240844515,1.80303955078125,-5.074114118303555,715.1772473597335,697.6235051165501,17.55374224318348,11178.400390625,-0.010800437378868932,11256.300223214286,11158.178664434523,52.02136627229712
0.0058754777585072,705.3245064871652,707.3744506835938,704.0196928305727,7.018452187280877,56.03961588677908,714.336181640625,0,Train,2020-08-15,0.005066179941113802,0.00556061118777218,-0.002568822249011893,0.001440883125321777,0.0019344215005367915,3.900347028459805,-1.8165196010044156,715.1387850923144,697.9535645868151,17.185220505499274,11178.400390625,-0.010800437378868932,11256.300223214286,11158.178664434523,52.02136627229712
-0.0044551494680317,708.1829485212054,707.4849504743304,704.9575554496683,7.1128111185157845,60.88630787863731,714.4313354492188,1,Train,2020-08-16,0.008551118636231703,0.008891364340035901,0.0054269850895039,0.0015975567588630997,0.0023111120916610843,6.241219656808084,3.822553362165195,715.1524942081305,697.955418563912,17.197075644218557,11178.400390625,-0.010800437378868932,11256.300223214286,11158.178664434523,52.02136627229712
0.0001332059204606,710.1280953543527,707.3203415643601,705.8188081769002,6.896734361276086,62.42878591321861,712.4574584960938,0,Train,2020-08-17,0.009764616468044496,0.011911149410269273,0.009225791128978145,0.0015334362888173518,0.002296936605967418,8.35887799944203,6.49160330636164,715.2907012004044,697.9298659033904,17.36083529701409,11247.099609375,0.0061457110453491115,11263.007254464286,11174.626255580357,47.461158739156126
-0.0027628644702207,711.1891305106027,707.1553315662202,706.4223218422815,6.719810433013913,59.9654986024402,707.154052734375,0,Train,2020-08-18,0.008314788398103401,0.012832340338281734,0.01221793148685646,0.0014745746713011984,0.002168580933157394,9.01059395926336,8.58437674386164,715.6201194481645,697.8594599324159,17.760659515748557,11385.349609375,0.012292057935075373,11287.47865513393,11191.91908482143,58.347060484029456
-0.0074438209586766,711.8240443638393,706.9114292689732,706.4888428324717,6.616821505056657,52.77905875053452,704.1338500976562,0,Train,2020-08-19,0.005141462174762967,0.012176166317032111,0.01477788118514578,0.001247274448948347,0.0020962080466764904,8.563023158482224,10.366062709263474,715.6879133812236,697.8327243489662,17.855189032257385,11408.400390625,0.002024600213507588,11307.22865513393,11203.640531994048,65.07802493259123
-0.0042709260097434,711.9124930245536,706.1504749116443,706.2747525838521,5.902950062436693,53.004378578646005,711.2921142578125,1,Train,2020-08-20,0.0025127828090092397,0.009340362452737505,0.014952911764462229,0.0013445887000305722,0.0016792493603502376,6.58798653738836,10.488333565848166,715.4794162639214,697.92942860215,17.54998766177141,11312.2001953125,-0.008432399987605033,11305.757254464286,11212.192940848214,61.02210552511893
0.0101660560121679,711.6196986607143,706.1724039713541,706.7308763723939,5.922034176797764,54.604091260319656,729.9608764648438,1,Train,2020-08-21,0.0006054200375680274,0.004852912861973646,0.013787426218375698,0.001622116524106806,0.00163620047137069,3.436750139508945,9.67796979631703,714.9546974740126,698.1967080784427,16.757989395569894,11371.599609375,0.005250916093857194,11314.785714285714,11219.628627232143,74.98439491935173
0.0262462662425422,713.3951241629464,707.1081281389509,708.8426945626165,7.847893947829871,67.67344605644398,732.2439575195312,1,Train,2020-08-22,0.0022071181938103646,0.004600619000947326,0.01656656707151649,0.001573761768444145,0.0015531636985578066,3.26702880859375,11.62590680803578,715.078351874042,698.131173969987,16.947177904055025,11371.599609375,0.005250916093857194,11314.785714285714,11219.628627232143,74.98439491935173
0.003127675918392,715.9533778599331,708.5314360119048,710.9700821041542,9.48277317268771,77.26012946619767,723.1830444335938,0,Train,2020-08-23,0.005676097659435442,0.006698987857013394,0.019617291887398247,0.001459673383723294,0.0014736515271819679,4.76424734933039,13.77484130859375,716.2003071468613,697.5636794951587,18.63662765170261,11371.599609375,0.005250916093857194,11314.785714285714,11219.628627232143,74.98439491935173
-0.0123741725594175,717.2036220005581,709.5852922712054,712.0803514068306,9.833273809083822,65.50750296843515,714.4075317382812,0,Train,2020-08-24,0.007846780169735057,0.0075574542322836,0.01982564136898124,0.0013704953460755638,0.0014086984107029121,5.37957763671875,13.942600795200974,717.7171047552827,696.9337305544273,20.783374200855405,11466.4501953125,0.008341006471886514,11338.5,11232.595284598214,71.78916884400333
-0.0121345664321894,717.4822038922991,710.2043544224331,712.2919132551442,9.701006942429858,56.11460455934794,707.27294921875,0,Train,2020-08-25,0.005729054756504315,0.007823589166251033,0.017237026777482622,0.0014229924607602517,0.0014279472455311503,5.569710867745584,12.157697405133945,719.1814482080067,696.503504882116,22.677943325890737,11472.25,0.0005058064691958464,11380.478515625,11248.807198660714,71.76926395205294
-0.0099867123491427,717.4991891043527,710.3641502743676,711.8356437972902,9.619562795360403,52.79978250335344,714.336181640625,1,Train,2020-08-26,0.0021590948408403143,0.008262124354769362,0.01315513258629153,0.0014964131097829274,0.001403248285931175,5.87949044363836,9.316240583147305,720.4925206964807,696.5063117881733,23.98620890830739,11549.599609375,0.0067423225064831005,11423.692801339286,11260.666713169643,71.04991940892032
0.0099865722698386,718.9566650390625,711.0158982049851,712.0629654194116,9.389359946761004,56.16594805550706,713.0519409179688,0,Train,2020-08-27,0.002444275216589853,0.007795877330450729,0.01243236219277355,0.0014545209999065343,0.0013768072294482174,5.561540876116055,8.828569684709805,721.891086056703,696.6397637270582,25.251322329644836,11559.25,0.0008355606212675504,11448.535714285714,11277.638160342261,70.90096130763382
-0.001797809988718,719.2080688476562,711.3629295712426,712.1528722829169,9.319974671608716,49.817108362620914,723.3019409179688,1,Train,2020-08-28,0.002405446359497798,0.0045459538125958154,0.011275394958998097,0.0013178648812144137,0.0014227083859404187,3.2546909877231656,8.018938337053555,723.0562021868307,697.1349791050222,25.92122308180842,11647.599609375,0.007643195654994939,11482.70703125,11303.61193266369,71.99462352129764
0.0143748293943417,718.2567923409598,712.3254743303571,713.1664239770124,9.46534743228704,53.38289084701116,724.086669921875,1,Train,2020-08-29,0.0010558942060308052,0.001468439796028953,0.009036991694863827,0.001604549700309265,0.0015643531695940607,1.0531703404017208,6.432747977120471,723.715283395027,698.1557789654642,25.55950442956282,11647.599609375,0.007643195654994939,11482.70703125,11303.61193266369,71.99462352129764
0.0010849258926504,717.0914655412946,713.7425973074777,714.1591736083635,8.843265352321902,55.88399955212183,699.6627807617188,0,Train,2020-08-30,-0.002594314217347904,-0.0005445965751970094,0.007274731891188324,0.0013825166395574995,0.0015310644905744274,-0.39073835100452925,5.178972516741055,723.9528950864261,699.4848978823239,24.467997204102176,11647.599609375,0.007643195654994939,11482.70703125,11303.61193266369,71.99462352129764
-0.0337306156496313,713.731427873884,713.6877150762649,712.841319713214,8.93064948313314,43.11069782485647,686.4161987304688,0,Train,2020-08-31,-0.007614821372272984,-0.005251241099201831,0.002967496848589102,0.0021367340686180994,0.002042520218060654,-3.76776123046875,2.1117292131696104,723.6633558079377,700.953407061761,22.70994874617668,11387.5,-0.022330747801946216,11493.464146205357,11318.566685267857,53.04935595183337
-0.018932809341135,709.732666015625,712.8013334728423,710.4390359875099,10.60050502517971,39.008174954117,689.0560302734375,1,Train,2020-09-01,-0.011867797723920992,-0.012829700970831581,-0.005133842415335765,0.002745419237985028,0.0025563452419261495,-9.2239990234375,-3.662458147321445,723.015802235019,702.3973055007511,20.618496734267865,11470.25,0.007266739846322645,11507.557059151786,11346.12146577381,57.133400362923915
0.0038458176655082,707.1302490234375,712.1511608305432,708.4951263771396,11.62009979953488,42.18523840296527,686.2260131835938,0,Train,2020-09-02,-0.013891138015898585,-0.016793220692824407,-0.01232360808586297,0.002747878847921087,0.0027005609752076445,-12.07781982421875,-8.823128836495584,722.4005302061087,703.5077487768713,18.892781429237402,11535.0,0.005645038251127943,11517.349888392857,11367.061941964286,59.84470081707504
-0.0041070928422478,703.1145106724331,711.3278895786831,706.4706615413627,12.813715481555455,42.25463952905151,682.3258056640625,0,Train,2020-09-03,-0.014875227272921565,-0.02108198882348833,-0.01964450665882722,0.002343492668681059,0.003028004407334767,-15.14228166852672,-14.089111328125,722.4250282448473,703.4685996848401,18.956428560007225,11527.4501953125,-0.0006545127600779965,11525.235630580357,11387.338123139882,66.20850342511412
-0.0056835611658571,698.7250627790179,709.8509434291294,704.2756746434263,14.27424754723873,37.10838987977205,684.799072265625,1,Train,2020-09-04,-0.015509506274246632,-0.02561235720245658,-0.026143005375638406,0.001988430552384677,0.003342780642227715,-18.36640276227672,-18.75714111328125,723.5588380934774,701.6748454653954,21.88399262808207,11333.849609375,-0.016794744948559814,11494.41420200893,11393.704752604166,53.60961893229526
0.0036247589949429,693.2246529715402,708.2921898251489,702.5050744272626,15.153617910559795,26.514943284647018,674.1210327148438,0,Train,2020-09-05,-0.01966482988261531,-0.02873178075320415,-0.03383214434446147,0.0019950831637782205,0.003577450658377131,-20.50677490234375,-24.2745361328125,725.7398708312334,697.9979831726729,27.741887658560472,11333.849609375,-0.016794744948559814,11494.41420200893,11393.704752604166,53.60961893229526
-0.0155929527115938,686.0867047991071,706.3771827334449,699.9247069988609,16.802929151474775,22.20197026504117,674.5728759765625,1,Train,2020-09-06,-0.024217685191905924,-0.03331671536166447,-0.0457189728370756,0.0021931820530046936,0.0038140823885152637,-23.64596121651789,-32.86996023995539,728.7118754878998,692.6218394604819,36.09003602741791,11333.849609375,-0.016794744948559814,11494.41420200893,11393.704752604166,53.60961893229526
0.0006702702330754,682.5024326869419,704.4791608537946,697.6199950877428,18.05236949203381,24.66530730397662,678.4730834960938,1,Train,2020-09-07,-0.023217472731769773,-0.034827835989914346,-0.051036185146706714,0.0021361324955667736,0.003590736808954541,-24.627816336495584,-36.705636160714334,731.2302422239992,687.2348029420165,43.995439281982726,11355.0498046875,0.0018705202595032944,11465.242745535714,11400.419038318452,48.60318143469794
0.0057817437647267,681.3677019391741,702.860857282366,695.8793667612292,18.80881000537864,30.2689521950644,676.6657104492188,0,Train,2020-09-08,-0.017104052750490983,-0.030929256050285625,-0.051359194643402994,0.0027906049498778217,0.0034579468933506148,-21.746808733258945,-36.889090401785666,732.9324029858006,682.4870079377484,50.445395048052205,11317.349609375,-0.0033201259317187093,11418.064174107143,11402.66662016369,45.85850437798499
-0.002663883197196,679.59765625,701.4090314592634,694.1326707328647,19.62003708477188,32.14977037098737,682.3970947265625,1,Train,2020-09-09,-0.009458059023322973,-0.027374725121413368,-0.05228595108574119,0.0029517951390711917,0.003309972659474168,-19.12740652901789,-37.49380929129461,734.1626301323304,678.0252971137634,56.137333018567006,11278.0,-0.003476927967516641,11402.421316964286,11400.547572544643,48.3595445828575
0.0084700379948894,679.0506678989956,700.3739478701636,693.0658001868372,20.038022416281112,31.07910120939865,696.95166015625,1,Train,2020-09-10,-0.005057512797950192,-0.020446452692914452,-0.04859077045016491,0.003473574686786755,0.0029930231494041636,-14.17398507254461,-34.68075997488836,734.8665394076946,674.0644847622272,60.80205464546748,11449.25,0.015184429863450921,11399.421316964286,11407.254696800595,53.36367297487546
0.02132858645232,681.1400756835938,699.6910691034226,693.4190601840565,19.891153500268327,41.75798012444251,706.2503662109375,1,Train,2020-09-11,-0.00033407256453832357,-0.007209918339638688,-0.04028642290420059,0.004525530972893756,0.003367848728883457,-4.94662911551336,-28.59259033203125,734.6494006608461,671.0561186611403,63.59328199970582,11464.4501953125,0.0013276149365679668,11389.3427734375,11415.064220610118,49.906942084170154
0.0133419670061518,684.2045462472098,698.5619971865699,694.5855425501367,18.725853813658183,41.1851419001168,709.9603881835938,1,Train,2020-09-12,0.0067788491541163065,0.002493930393137056,-0.03242076379547987,0.004983369465013162,0.004005779751230465,1.7021135602678896,-22.925702776227695,733.4755013362362,669.055134824478,64.42036651175817,11464.4501953125,0.0013276149365679668,11389.3427734375,11415.064220610118,49.906942084170154
0.0052531257329615,689.3244541713169,697.5008748372396,695.9832557895418,17.298779282097613,42.91176216572471,715.311279296875,1,Train,2020-09-13,0.015129631348583583,0.011677618721136707,-0.01961281738863252,0.0044704152156963385,0.004953446230940915,7.956752232142776,-13.790056501116169,731.586532380713,668.1561869970773,63.43034538363577,11464.4501953125,0.0013276149365679668,11389.3427734375,11415.064220610118,49.906942084170154
0.0075368868493794,695.1442260742188,697.1260288783482,697.740348835663,16.792321557044545,59.71076586973632,717.0950317382812,1,Train,2020-09-14,0.020559868506592194,0.0228761380814706,-0.005124815031762542,0.004445724897412235,0.005748919207823841,15.54656982421875,-3.5808367047991396,729.4140606362339,668.0948609597483,61.319199676485596,11440.0498046875,-0.0021283524468515003,11376.857003348214,11427.523716517857,48.527250751940485
0.002493673024644,700.6616472516741,697.2540050688244,699.4998654631737,16.9402008010736,72.1956195354588,711.0542602539062,0,Train,2020-09-15,0.024052896308172533,0.031825282522059295,0.010728115695618934,0.004379652557284932,0.0061939210202983435,21.610979352678555,7.436994280133945,727.3034162386608,668.5217511720533,58.7816650666075,11521.7998046875,0.007145947910690342,11403.70703125,11440.604678199405,48.73361015638693
-0.0084239483150954,705.5742972237723,697.4340674990699,700.5502649896039,17.07160653373524,65.16888169485219,714.1221313476562,1,Train,2020-09-16,0.02357357693336204,0.03587253549228664,0.02840397910111281,0.0033500227934837095,0.0064780352336924725,24.434221540178555,19.487592424665195,725.190950022786,669.2959806063993,55.89496941638663,11604.5498046875,0.0071820376506051,11439.349888392857,11451.042782738095,51.934731234729476
0.0043145386579281,710.1064453125,697.4238746279761,701.7840710221541,17.06107092715274,69.17287934237086,725.9180297851562,1,Train,2020-09-17,0.021523906373759782,0.03785695258436883,0.04044529558214749,0.0019467149075044522,0.006489210693109167,25.901899065290195,27.604012625558084,723.4989753772583,670.0777928984113,53.42118247884696,11516.099609375,-0.007622027291120936,11467.742745535714,11456.171316964286,44.3841855033781
0.0165180407099825,714.2444981166294,698.0365455264136,703.9780672733361,17.86253141013072,77.02736965111887,728.0106811523438,1,Train,2020-09-18,0.0193857490533893,0.03615139981544768,0.04825118079986446,0.0013469070908983514,0.00629081141038375,24.9200439453125,32.876796177455276,722.6723804975381,670.5031583556986,52.169222141839555,11504.9501953125,-0.0009681588767627147,11500.16420200893,11465.349888392857,56.37034879101672
0.0028827653830376,717.3531145368304,698.2607712518601,706.1628503532459,18.22148916676841,76.91843244907969,720.4243774414062,0,Train,2020-09-19,0.016693943301795855,0.03194860523841925,0.05555560402483417,0.0013892199784454554,0.00569697612127545,22.20888846261164,37.75545828683039,722.7289876291721,670.4727161236182,52.25627150555397,11504.9501953125,-0.0009681588767627147,11500.16420200893,11465.349888392857,56.37034879101672
-0.0104205939656398,718.8479701450893,698.0863763718378,707.4593528158058,17.97785173657694,80.0,719.6395874023438,0,Train,2020-09-20,0.012310161230465022,0.025955927464776485,0.05860726471152411,0.002198539653349508,0.0043706444480840325,18.186322893415195,39.79730224609375,723.7791650216947,669.9341929582159,53.844972063478735,11504.9501953125,-0.0009681588767627147,11500.16420200893,11465.349888392857,56.37034879101672
-0.0010893440916722,719.4662998744419,699.0376528785342,708.5666468691275,18.583750226119424,79.07335147203005,720.471923828125,1,Train,2020-09-21,0.007310944321701873,0.01968892957882762,0.056267756896235976,0.0026270435938097153,0.0037046340603464935,13.89200265066961,38.326224190848166,725.5663932342077,669.1203281315848,56.446065102622924,11250.5498046875,-0.02211225483867385,11471.77845982143,11459.585611979166,39.9542753037522
0.001156601777267,719.948713030134,700.6593540736607,709.6489447744908,18.91033329369532,78.21087734230035,725.1569213867188,1,Train,2020-09-22,0.003618299608247222,0.013860270925019735,0.052241931128603536,0.002675055766590671,0.0034870112073756444,9.842267717633945,35.74416678292414,727.6865469929737,668.2820207734883,59.40452621948543,11153.650390625,-0.00861286032635733,11427.378487723214,11444.690383184523,33.060921377051116
0.0065026788742865,721.96337890625,702.3784441266741,711.0587608301479,19.436366820730697,81.3595341699244,741.447509765625,1,Train,2020-09-23,0.0043338910180574786,0.010807056701135576,0.0473491467442142,0.0023038698059271124,0.0029673873925733303,7.718880789620584,32.638924734933084,730.4544255275332,667.3990290623105,63.05539646522266,11131.849609375,-0.0019545871070447696,11383.349888392857,11428.48084077381,32.64759577780082
0.0224649146942619,725.8670043945312,705.008039202009,713.8213743697366,20.82753921238048,83.59942489216728,740.7578735351562,0,Train,2020-09-24,0.008896461892942575,0.0118684782782299,0.0441962648439409,0.002095983347850006,0.002579059878367204,8.51388985770086,30.7227783203125,734.0333146709992,666.534334080396,67.4989805906032,10805.5498046875,-0.029312272096516434,11281.02845982143,11393.049897693452,29.243298701677404
-0.000930121446745,727.9869820731027,707.7905186244419,716.2701470211384,21.536839024077903,79.59510690955634,739.5211791992188,0,Train,2020-09-25,0.011165057867993378,0.012713414111983568,0.03899933003128031,0.001731773182882827,0.0025873108173632905,9.13901192801336,27.325334821428555,737.7625134454884,666.2813682160629,71.48114522942547,11050.25,0.022645788482354545,11201.8427734375,11368.811802455357,39.81352565621437
-0.0016694987392243,729.6313389369419,710.3963332403274,718.3838772191457,21.922980239651046,75.22533987240844,736.5008544921875,0,Train,2020-09-26,0.010620981970454801,0.014128582623361252,0.034095688870508845,0.0015783927527640452,0.002672918687576077,10.1650390625,24.05704171316961,741.1376302597839,667.260714815551,73.87691544423296,11050.25,0.022645788482354545,11201.8427734375,11368.811802455357,39.81352565621437
-0.0040841625527233,731.927978515625,713.3668009440104,720.0308751530586,20.96734676513237,70.3351824156666,745.9185180664062,1,Train,2020-09-27,0.008349978831382998,0.016639053961319705,0.03072994668217932,0.0015908475394149312,0.0025627633370237353,11.979265485491055,21.821533203125,744.1070764526321,669.2338232055711,74.87325324706103,11050.25,0.022645788482354545,11201.8427734375,11368.811802455357,39.81352565621437
0.0127870368605507,735.682111467634,716.7642124720982,722.3842972360901,20.13063309201643,72.07541056638925,752.1731567382812,1,Train,2020-09-28,0.010570421702621235,0.019001978441298917,0.030014390600883623,0.0016389914093712047,0.002288667550493642,13.718732561383945,21.43761335100453,746.9741709598122,671.798169651237,75.17600130857522,11227.5498046875,0.016044868187371275,11160.621372767857,11348.80943080357,47.25500415831571
0.0083851500135543,740.2108590262277,720.2737397693452,725.0923753726529,19.53686020148041,73.76722412452649,751.0791625976562,0,Train,2020-09-29,0.014499815899766455,0.019760995533418813,0.03186400675789325,0.0015418980532934373,0.0020980752987886145,14.343854631696445,22.857744489397305,749.6647406370445,675.1689202516274,74.49582038541712,11222.400390625,-0.0004586409458945395,11120.257114955357,11340.947544642857,48.26413957617858
-0.0014544445395645,743.9140363420759,723.8172374906994,727.454810574926,17.912855840099418,79.06742126856807,755.7879638671875,1,Train,2020-09-30,0.016376007173217966,0.021878213019163262,0.034869773913289714,0.00148589284799921,0.0019335119450133462,15.927054268973166,25.066066196986526,751.9587380450077,679.3612596879723,72.59747835703547,11247.5498046875,0.002241001317642377,11119.828543526786,11330.3427734375,43.070624003156354
0.006269380784371,745.9626726422991,727.3120407831101,730.0305517833134,16.53393563900757,79.55471353722453,749.6286010742188,0,Train,2020-10-01,0.013974189414713623,0.02238299375839814,0.03682781635843302,0.0014915116439713882,0.0017924134496364028,16.331333705357224,26.496372767857224,753.7696673940499,684.0325900348006,69.73707735924927,11416.9501953125,0.015061092732783665,11157.442801339286,11324.721354166666,48.52447777312632
-0.0081495910062562,747.2299194335938,729.8204665411087,731.812192627941,15.670929312367756,68.28030357216804,744.7056884765625,0,Train,2020-10-02,0.00948251477504658,0.020906347847231554,0.03789326365851564,0.001685449098458778,0.0017229901908032978,15.30194091796875,27.281206403459805,755.0601440443646,689.0446507031241,66.01549334124047,11416.9501953125,0.015061092732783665,11157.442801339286,11324.721354166666,48.52447777312632
-0.006567135499635,747.9705636160714,731.6516723632812,732.9843286141794,15.011930426716573,62.33322722399021,746.3941650390625,1,Train,2020-10-03,0.005452951652777038,0.01670348096941332,0.03602285859598786,0.001922015290252269,0.0017877413795647078,12.2884521484375,26.007184709821445,756.1171656249376,693.8522400670265,62.264925557911056,11416.9501953125,0.015061092732783665,11157.442801339286,11324.721354166666,48.52447777312632
0.002267307190783,749.3838936941964,733.3866141183036,734.2034046528051,14.475461828389712,71.01618213770968,749.794921875,1,Train,2020-10-04,0.0045863166849606785,0.012392461629158191,0.03239834454147883,0.0020225601545996673,0.0017960628500326148,9.17303466796875,23.516889299665195,757.2961635219732,698.0972089319888,59.198954589984396,11416.9501953125,0.015061092732783665,11157.442801339286,11324.721354166666,48.52447777312632
0.0045562478851366,749.9376656668527,735.0286923363095,735.6208153093684,14.277026824727931,73.41209630109113,746.0850219726562,0,Train,2020-10-05,0.003623712277623259,0.008097211546640226,0.03015257708488228,0.0020679387973696105,0.001807309997977437,6.023629324776834,21.95068359375,758.459546277182,701.861428018298,56.598118258883915,11503.349609375,0.0075676439490797165,11210.514229910714,11323.573707217261,51.8933912556807
-0.0049478861407415,749.0679321289062,736.409168061756,736.5721068242127,13.851491190234388,69.03505867304125,739.8779907226562,0,Train,2020-10-06,0.001467127940877111,0.004162754519080547,0.026638923185897,0.0018999813469387477,0.002037838870897136,3.1052594866071104,19.436593191964334,759.3338061998593,705.336531586134,53.99727461372527,11662.400390625,0.013826475474619793,11332.921456473214,11339.218982514882,54.01968760487203
-0.0083194690513804,747.4677647181919,737.781726655506,736.8726417240712,12.58347186910713,60.698330068699256,736.5484619140625,0,Train,2020-10-07,-0.002556939096407196,0.00031830267821519875,0.02123130507195814,0.0017425009960406657,0.002433559293976904,0.23784528459816556,15.539786202566916,759.8628954962038,708.5435742303588,51.31932126584502,11738.849609375,0.006555187284725372,11431.29282924107,11357.495163690477,53.85343481162798
-0.004500105220513,744.7192644391741,738.8496471586682,736.8431708322522,11.368091834562453,45.61329488740575,735.716064453125,0,Train,2020-10-08,-0.00695844663707923,-0.004346827716292578,0.012284046099084511,0.0021222296751619847,0.002780960090085358,-3.251299176897305,9.037152971540195,759.9769281850434,711.4770181737734,48.49991001127,11834.599609375,0.008156676606839941,11518.014229910714,11382.12611607143,59.10052815565189
-0.0011301326443263,742.7317592075893,739.3162202380952,736.740706615968,11.006115010872602,45.49697617902852,741.9706420898438,1,Train,2020-10-09,-0.00845874272485414,-0.008876804722629528,0.003405651444613911,0.0021003927409475463,0.0030055339416067274,-6.65213448660711,2.5209001813616396,759.8111868802331,714.1806239456597,45.63056293457339,11914.2001953125,0.0067260903253916204,11616.8427734375,11412.421363467261,61.25333648408423
0.0085013471078247,742.3410382952009,739.9809802827381,737.2161552954111,10.706638290664957,52.00774441431616,752.5299072265625,1,Train,2020-10-10,-0.0068587926663619125,-0.010129678397866382,-0.002114489000113018,0.0019504162212228566,0.0030389661262999017,-7.596627371651834,-1.572998046875,759.4168724501126,716.9242451907915,42.492627259321125,11914.2001953125,0.0067260903253916204,11616.8427734375,11412.421363467261,61.25333648408423
0.0142313786256791,743.2175728934152,741.5098150344122,738.6083145618793,10.046324882348877,61.69332863142371,741.923095703125,0,Train,2020-10-11,-0.002016453202522972,-0.007810185144174975,-0.003679942508598266,0.0017818525065263424,0.0029889724632561018,-5.850359235491055,-2.745099748883945,758.7791889138476,719.9370560289536,38.842132884894,11914.2001953125,0.0067260903253916204,11616.8427734375,11412.421363467261,61.25333648408423
-0.0140948704118999,742.0930262974331,742.5709344773065,738.9096583019925,8.708591600117717,47.13501296796043,738.1655883789062,0,Train,2020-10-12,-0.0008599779156309717,-0.0071905956008486704,-0.006874581708471328,0.0015685226197804524,0.0028224250247588785,-5.374738420758831,-5.136893136160666,757.619933326689,723.3107429428422,34.309190383846726,11930.9501953125,0.0014058853909966196,11714.471400669643,11435.359468005952,71.52213345063375
-0.0050645509568046,740.9616786411831,743.4134899321057,738.8420155817118,7.1865299767837,39.58255788829597,729.4852294921875,0,Train,2020-10-13,-0.001858121244631028,-0.00504564065604074,-0.009370535841683125,0.0015613761875787912,0.002375433377204543,-3.757585797991055,-7.00888497488836,756.1958074584413,726.6346987845832,29.561108673858143,11934.5,0.0002975290843887368,11788.40708705357,11457.74279203869,76.2496996151134
-0.0117593654098422,739.4769984654018,743.6195998418899,737.9913986644824,6.681041456168551,35.568965250001426,746.7509155273438,1,Train,2020-10-14,-0.005032946696148399,-0.0043821483353020385,-0.013220053582893465,0.00155390112103241,0.0019589244047670015,-3.2547607421875,-9.90689522879461,754.9958134663922,729.1956921837194,25.800121282672762,11971.0498046875,0.0030625333853533387,11855.221400669643,11483.028506324405,77.9342573443795
0.023668314774756,740.9344918387277,743.8721429734003,738.787718379288,6.695050868756265,44.82855935370527,761.7572631835938,1,Train,2020-10-15,-0.001561171467256206,-0.0018947443074187609,-0.012005229554804764,0.001713360754975941,0.0018703577717613642,-1.4065464564731656,-9.003173828125,753.8347481571071,731.6515084695671,22.18323968753998,11680.349609375,-0.02428360085835335,11857.785574776786,11490.57849702381,79.82612980665182
0.0200955195959187,744.6546630859375,744.8721139090402,740.8758588160431,7.699526589957172,56.30246610516754,772.9585571289062,1,Train,2020-10-16,0.0049840424291940355,0.0019336063152106675,-0.005891680652281961,0.0025306194787812733,0.002323966705650307,1.4370901925223052,-4.41326904296875,752.7259799712284,734.2626090703453,18.463370900883092,11762.4501953125,0.007028949362235082,11861.15708705357,11498.097563244048,77.31039632472609
0.0147045449865474,749.0815080915179,746.4643700009301,743.7924677535761,9.727870054533415,63.78189535412024,768.1783447265625,0,Train,2020-10-17,0.012988246620311061,0.009417258411594132,0.002158947113839016,0.003232388261632462,0.002845163877286235,6.988481794084805,1.613743373325974,752.1323672541857,736.5715747449772,15.560792509208568,11762.4501953125,0.007028949362235082,11861.15708705357,11498.097563244048,77.31039632472609
-0.0061843062066606,751.3169991629464,747.9728219168527,746.0093656602112,10.528699355130565,60.31529224618991,758.0948486328125,0,Train,2020-10-18,0.014012719664937112,0.013975514281323598,0.008859358202235823,0.0032929290720347714,0.0029120992753915846,10.35532052176336,6.597734723772305,752.3690359901143,737.8983947785798,14.470641211534485,11762.4501953125,0.007028949362235082,11861.15708705357,11498.097563244048,77.31039632472609
-0.013126503972641,753.6272495814732,748.5526471819196,747.1080459304477,10.743010096441695,53.69626812445095,758.6180419921875,1,Train,2020-10-19,0.012049325600610894,0.019135485140763908,0.01466948227110687,0.0030264723532445097,0.003011329818873519,14.150251116071331,10.895490373883831,753.5853140225051,738.0237558017136,15.56155822079154,11873.0498046875,0.009402769621849272,11866.649972098214,11515.095191592261,76.08714870722997
0.0006901423487029,756.5490286690848,748.8595464797247,748.1544092087877,10.941826792462413,55.7444694294668,752.7913818359375,0,Train,2020-10-20,0.009968902578562311,0.021074112492195596,0.01913943813009822,0.002569847676424598,0.003115530444371026,15.61453683035711,14.207990373883945,755.5143726256641,737.3581964312556,18.156176194408545,11896.7998046875,0.002000328507897331,11864.16420200893,11533.754696800595,76.85139030700523
-0.0076806242848492,759.8784790039062,748.9410807291666,748.5759521748921,10.965547182361387,55.939521442555865,754.2422485351562,1,Train,2020-10-21,0.011395296326980775,0.020444128899803626,0.02241726611176409,0.001349654442512653,0.0031451298037056784,15.22381591796875,16.660906110491055,758.01171587574,736.2524338173405,21.75928205839955,11937.650390625,0.0034337457642519276,11865.121372767857,11566.47377232143,77.13724167964013
0.0019273157666608,760.9486694335938,748.8674752371652,749.0910700258252,10.922392820339129,58.28138453196944,758.8558349609375,1,Train,2020-10-22,0.009714908605264139,0.015842283134595903,0.025408732420298064,0.0014925962440283072,0.002817420095007245,11.86716134207586,18.855643136160666,760.3309093120656,735.3051153810147,25.025793931050885,11896.4501953125,-0.0034512817819539743,11859.68568638393,11601.845191592261,70.96998479594103
0.0061168496391463,760.5341796875,749.306867327009,749.9787759290172,11.138013607207066,60.46008458078215,768.1070556640625,1,Train,2020-10-23,0.005267538345037348,0.012268031383320999,0.02641499771244593,0.002101763070904193,0.0026235855322211434,9.217180524553555,19.572501046316916,762.1920459007129,734.7003403995104,27.491705501202432,11930.349609375,0.0028495402835257977,11853.871372767857,11639.86900111607,69.57277659403033
0.0121910121487056,759.8411080496652,750.4212181454614,751.6268013594757,11.805307798408272,61.50304433015335,766.0142211914062,0,Train,2020-10-24,-4.9180171927010186e-05,0.008245267765520481,0.027538530105093217,0.0021095238447576873,0.0026505707965156166,6.213858468192029,20.36410958426336,763.6301542710437,734.3079534647263,29.32220080631737,11930.349609375,0.0028495402835257977,11853.871372767857,11639.86900111607,69.57277659403033
-0.0027246650805035,759.5319475446429,751.3555065336682,752.9347486169239,12.239076029123211,56.41254720294437,762.2804565429688,0,Train,2020-10-25,-0.0018617837784057345,0.003942796517504732,0.025099999947044038,0.002242107090742197,0.0027064393439853026,2.9829188755580844,18.597455705915195,764.852365358907,734.0451705646421,30.807194794264888,11930.349609375,0.0028495402835257977,11853.871372767857,11639.86900111607,69.57277659403033
-0.004874275888286,760.1298915318081,751.9500558035714,753.7843584283826,12.46072927970273,60.35818477807861,777.0965576171875,1,Train,2020-10-26,-0.0005315844658789759,0.00033085886078976223,0.02078175188179099,0.0021487401142047074,0.002572313218557878,0.25141252790183444,15.475228445870584,766.1254634028162,733.878268461023,32.24719494179317,11767.75,-0.013629073304543216,11866.357142857143,11685.688058035714,54.81334339924363
0.0194365485131438,762.7696794782366,753.4267955961682,755.9036492637284,13.523216049722448,67.80505261582935,775.098876953125,0,Train,2020-10-27,0.0038541892476551265,0.0023930786895236533,0.01827327365428233,0.0020697450151193073,0.002430275316806003,1.8210100446428896,13.68817138671875,767.8102337933175,733.7236895465263,34.08654424679116,11889.400390625,0.010337608346965288,11884.492885044643,11725.64760044643,56.60570742994258
-0.0025706981255817,765.9564644949777,755.1039806547619,757.6486699627644,13.936614544528542,72.21957278994732,779.76025390625,1,Train,2020-10-28,0.008458521028777755,0.007129574123421634,0.019485071345838545,0.0020127191488218676,0.0021806013940587204,5.422284807477695,14.63946533203125,769.9008574311608,733.7567859142634,36.144071516897384,11729.599609375,-0.013440608945763599,11864.0,11749.554734002977,45.63809140535243
0.0060139126655023,769.6018938337054,757.1616850353423,759.6588139576268,14.246564393733363,68.33065232820383,802.5906982421875,1,Train,2020-10-29,0.012461031209823004,0.012845824845004516,0.02119700987604123,0.002440157536424719,0.0022528977515659265,9.760785784040195,15.974644252232224,772.3576742643837,733.9869825436521,38.37069172073166,11670.7998046875,-0.005012942184360991,11831.714285714286,11770.90708705357,39.710845880243205
0.0292787997612948,775.8497314453125,760.34619140625,763.5617125289505,16.50789181260544,70.86260737453247,794.4573364257812,0,Train,2020-10-30,0.017148101607844524,0.02148399939386425,0.02551150294936111,0.0032290507690604557,0.0026188550116390164,16.31778390066961,19.300702776227695,775.819795778847,733.8757303441998,41.9440654346472,11642.400390625,-0.002433373422367602,11789.535714285714,11789.709495907739,37.92122912198914
-0.0101338849730251,779.6140572684152,762.8455578031994,766.3704056104806,17.52845652601409,61.33964064546287,803.2090454101562,1,Train,2020-10-31,0.01783076898821201,0.0256326793008268,0.025972018960688903,0.002816553783647458,0.00253737441104091,19.48416573660711,19.735578264508945,779.6139643320516,733.7212102284952,45.8927541035564,11642.400390625,-0.002433373422367602,11789.535714285714,11789.709495907739,37.92122912198914
0.0110159584198044,784.9276035853794,765.2588500976562,769.7193728649966,19.42347893014638,67.73413703113422,796.145751953125,0,Train,2020-11-01,0.019913815018477,0.02904929850161264,0.03151189444832614,0.002354929158343312,0.0027494747939466988,22.157924107142776,23.978934151785666,783.9217692819269,733.6968630074147,50.22490627451225,11642.400390625,-0.002433373422367602,11789.535714285714,11789.709495907739,37.92122912198914
-0.0087938420233109,789.7655029296875,767.8408813476562,772.1217709639172,19.76723217242205,69.87073405817796,797.3111572265625,1,Train,2020-11-02,0.017936168461966995,0.03108406226508964,0.03843525251448732,0.001625303483067703,0.0028657877920411573,23.809038434709805,29.2313232421875,788.4569922416579,734.0420224765342,54.414969765123715,11669.150390625,0.002297636149117599,11757.06431361607,11801.719029017857,39.104031361629154
0.0014638089452572,792.653302873884,770.6573370070685,774.4117151696122,19.53991124679983,70.07147805317288,799.427734375,1,Train,2020-11-03,0.016725257175524977,0.029952380867138917,0.04318296875045369,0.0015885594912458346,0.0028633039315121268,23.051409040178555,32.81219482421875,792.5143382201317,735.3023069389084,57.21203128122329,11813.5,0.01237019016319918,11740.371512276786,11816.488095238095,44.05674369189124
0.0026546438354129,796.1288539341518,773.9879324776786,776.6858987337383,18.07734185130961,75.1603619504228,788.1312866210938,0,Train,2020-11-04,0.014270424810654658,0.026137951289951333,0.04818349841348568,0.0015614333370400789,0.0028628470125192456,20.279122488839334,36.596906389508945,796.5625551712741,736.7735261973086,59.789028973965515,11908.5,0.008041647267956087,11760.47865513393,11828.207124255952,60.09738396215977
-0.0141306678116914,797.3247157505581,775.9584263392857,777.7263885416796,17.19366943823243,66.527399910701,786.1099243164062,0,Train,2020-11-05,0.009571464938426866,0.02271721285298134,0.04893219518547709,0.0021901258491353777,0.002858092946346933,17.71065848214289,37.19482421875,800.2905929739999,738.3124936610449,61.97809931295501,12120.2998046875,0.017785598915690537,11793.464285714286,11846.371419270834,64.20659142296205
-0.0025647532828617,794.9703194754464,777.1180768694196,778.4885281575638,17.008210774264604,63.63637474126279,781.3773803710938,0,Train,2020-11-06,0.0029231148008364016,0.012794448614361409,0.042215416872936284,0.003325470854360146,0.0031660599856172785,10.04271589006703,32.200639997209805,803.0728685978121,740.1190991756254,62.953769422186724,12263.5498046875,0.011819014571289532,11869.742885044643,11866.797619047618,65.11106408386301
-0.006020206333647,793.1017543247768,777.5189732142857,778.7511510860666,17.004484204494407,56.954156258296045,757.9759521484375,0,Train,2020-11-07,-0.0038022734566348637,0.00422435695496115,0.03543972939466866,0.003898309755363106,0.0033280853030477225,3.3362513950893344,27.14528982979914,805.0413607744565,742.3290825151641,62.71227825929236,12263.5498046875,0.011819014571289532,11869.742885044643,11866.797619047618,65.11106408386301
-0.0299489450431011,786.6398838588169,777.0331449962798,776.8624966371912,17.425233689748453,46.556645828594434,752.86279296875,0,Train,2020-11-08,-0.013400853730820339,-0.0075864428915699555,0.022138705948653747,0.005045481912626404,0.004415492078669088,-6.013419015067029,17.037990025111526,805.7063541742563,744.9653525430987,60.74100163115759,12263.5498046875,0.011819014571289532,11869.742885044643,11866.797619047618,65.11106408386301
-0.0067458065987378,780.4566040039062,776.7839994884673,774.6807053946056,17.74403940435458,46.012873617869054,763.5409545898438,1,Train,2020-11-09,-0.018256927480156615,-0.019685569556736393,0.005937841275025946,0.005123172522081064,0.005209553387147551,-15.672249930245584,4.60687255859375,805.6442368749031,747.4182273759338,58.22600949896923,12461.0498046875,0.016104635537461442,11982.6357421875,11892.838076636905,69.24651739139125
0.0141834099397937,775.6322893415179,777.0184238978794,773.6680007759909,17.523185873604408,44.05262726619818,764.2305908203125,1,Train,2020-11-10,-0.022026763763915658,-0.027206514460824338,-0.00510735778783733,0.004750729653891659,0.005608912533739671,-21.692426409040195,-3.981767926897305,805.3678582668247,749.2699870177735,56.097871249051195,12631.099609375,0.01364650710436388,12123.878487723214,11926.178524925595,71.7375545664379
0.000903207910883,770.6041259765625,777.5631481352307,772.8100544163837,16.899095769561864,45.1762926265808,752.1969604492188,0,Train,2020-11-11,-0.020385132016942697,-0.030650444302073754,-0.018248151222342468,0.0035180235167113767,0.005891487616327738,-24.366193498883945,-14.323477608816916,804.9832300801625,750.6201608587326,54.363069221429896,12749.150390625,0.009346041508720315,12278.16420200893,11964.971400669643,75.50094186708722
-0.0157460726064067,765.4706508091518,777.4657534644717,770.9361367830049,17.045481330813114,38.51789323807223,758.1423950195312,1,Train,2020-11-12,-0.019201520133051986,-0.03483929188777213,-0.030762108537803035,0.002277254195815054,0.006037541738149821,-27.631103515625,-24.294852120535666,804.6533831901969,751.4436548608634,53.20972832933353,12690.7998046875,-0.004576821525331454,12403.492745535714,11999.245210193452,72.41429930866066
0.0079040927880935,761.4752894810268,777.4317801339286,769.7730693499619,17.085092263336602,28.45289106155996,761.1389770507812,1,Train,2020-11-13,-0.018252205400718702,-0.03198998028722699,-0.039333733020245454,0.001940286595334641,0.005634389702557731,-25.16459437779008,-31.17801339285711,804.5087196642025,751.7517365299941,52.75698313420844,12719.9501953125,0.002296970330761372,12519.41420200893,12048.75,80.46258117446081
0.0039525319398248,758.5840890066964,777.0999668666294,768.9881518682182,17.340992471410498,33.00176867697979,747.8211059570312,0,Train,2020-11-14,-0.01559819960038944,-0.028025280182138568,-0.047159156136502456,0.0014972726191462733,0.005373722754162577,-21.872514997209805,-37.54476492745539,804.6050343109132,751.5606360294887,53.04439828142449,12719.9501953125,0.0,12605.078543526786,12094.345238095239,78.81350362268022
-0.0174972922098318,757.1333966936384,776.2336280459449,767.0638749672012,18.34774772943733,23.00033560800985,739.7352905273438,0,Train,2020-11-15,-0.010891670512384044,-0.023850080640124394,-0.050407717537121366,0.002007485405645647,0.004750179932819133,-18.49889264787953,-40.191319056919724,804.9121458856174,750.9538749709674,53.95827091465003,12719.9501953125,0.0,12605.078543526786,12094.345238095239,78.81350362268022
-0.0108124996276209,755.258039202009,775.1600487118676,764.5794581999414,19.80660313780988,22.77331149453392,736.4295654296875,0,Train,2020-11-16,-0.008164743314592826,-0.01991435843288014,-0.04995441880099527,0.001958523367348431,0.0040371952865801645,-15.346086774553555,-39.7122802734375,805.6130378179392,749.501819011023,56.11121880691621,12719.9501953125,0.0,12605.078543526786,12094.345238095239,78.81350362268022
-0.0044687946350371,751.3849836077009,773.2235252743676,762.0203770390092,21.52159176524953,21.21012357765626,738.6651000976562,1,Train,2020-11-17,-0.009490187710662679,-0.018401315826493847,-0.05259951890106762,0.001861646738955615,0.0035459315940060817,-14.085667201450974,-41.716770717075974,806.8415004443344,746.8162082958999,60.02529214843457,12874.2001953125,0.012126619808373373,12692.31431361607,12142.019066220239,89.86210316313156
0.0030356394866688,747.7327706473214,771.4885835193452,759.8971700443408,22.79378815403086,21.298667301696767,740.6865234375,1,Train,2020-11-18,-0.012416076331289827,-0.018047228877343335,-0.049459878668545065,0.001668338909398145,0.002651218030648636,-13.74251883370539,-38.90711321149547,808.3384174211625,743.1323790004336,65.20603842072887,12938.25,0.004975051165572175,12760.485770089286,12191.61193266369,93.97966700846406
0.0027365897476088,746.0884225027902,769.6279296875,758.150747625537,23.6630294512258,25.437153479753704,736.286865234375,0,Train,2020-11-19,-0.012141038192598597,-0.016472355121853743,-0.04403599293644267,0.001451185047397597,0.002146836054116685,-12.49566650390625,-34.368181501116055,809.4420943768594,739.0525711504845,70.38952322637488,12771.7001953125,-0.01287266861341374,12780.571568080357,12231.328590029761,85.75769063555389
-0.0059399733408221,742.9662039620536,766.4706043061756,756.1631219536131,23.46755094746198,24.82580390487909,728.1058959960938,0,Train,2020-11-20,-0.011204349074458997,-0.018711620427063647,-0.04211542741109531,0.0013113768934993508,0.002092929278723022,-14.167192731584805,-32.666085379464334,810.1571193325337,734.6727608641738,75.48435846835991,12859.0498046875,0.00683930941371913,12796.271484375,12277.166666666666,86.28405416624729
-0.0111111166375038,738.2471923828125,763.3110119047619,753.612465048384,23.97234772755172,23.989810490379085,732.1963500976562,1,Train,2020-11-21,-0.012685786469271876,-0.022523225091612087,-0.04198904794695335,0.0017022715652162041,0.0020011227371958865,-17.010846819196445,-32.35693359375,810.259881407657,729.9019576687939,80.35792373886306,12859.0498046875,0.00683930941371913,12796.271484375,12277.166666666666,86.28405416624729
0.005617938440076,736.0150844029018,759.929454985119,751.6655455074088,23.053855146124253,34.48769770818994,720.7572631835938,0,Train,2020-11-22,-0.013501533861223658,-0.020455425035248886,-0.03848033412530394,0.0015322489441185556,0.0018657516199000542,-15.369899204799026,-29.45556640625,809.1866253758418,725.6001718479305,83.58645352791132,12859.0498046875,0.00683930941371913,12796.271484375,12277.166666666666,86.28405416624729
-0.0156229772417423,733.303937639509,756.3395269484747,748.8557016597891,23.001962891192893,32.04789984280475,720.8524169921875,1,Train,2020-11-23,-0.013004987671065171,-0.019296777637980544,-0.0369957531526961,0.0013893422276008828,0.0016495771909827064,-14.4288330078125,-28.17135184151789,807.0864304934516,721.7654302068831,85.3210002865685,12926.4501953125,0.005241475198302092,12829.935825892857,12324.600027901786,85.60868660471412
0.0001320192156974,731.078630719866,752.6986345563616,746.3099485081889,22.23070891439554,22.92606829170103,722.0415649414062,1,Train,2020-11-24,-0.009710245750896407,-0.02011797975978913,-0.03625894437470545,0.0013826866399525687,0.0016079329448293314,-15.00979178292414,-27.50545828683039,803.5750136135626,718.7718247653437,84.80318884821895,13055.150390625,0.0099563448098976,12877.821568080357,12385.904808407739,85.91247921720907
0.0016496413429263,728.703839983259,749.0135788690476,744.1037318202996,20.439133030117684,23.41133470118453,725.799072265625,1,Train,2020-11-25,-0.009933552415673952,-0.019196517826432724,-0.03754894029840683,0.0013303400758440337,0.0014847548401938156,-14.26236397879461,-28.429556710379416,798.9144618760455,716.5702889261307,82.34417294991476,12858.400390625,-0.015070680468092346,12897.600167410714,12432.047665550595,73.33691500628336
0.0052040041829499,726.5770612444196,746.0453781854538,742.4396718607836,18.945800215698224,31.42572963093073,708.65234375,0,Train,2020-11-26,-0.009173380981347234,-0.015807890986656692,-0.0379750713913527,0.0012205670639965508,0.0012897859477457657,-11.67013113839289,-28.680977957589334,793.8019367266733,714.8434882524003,78.95844847427293,12987.0,0.010001213639976747,12913.714425223214,12491.923874627977,73.08759356575516
-0.0236246217043244,722.6292724609375,742.356921968006,739.3680965779852,18.28419972168077,19.91912596687132,714.0508422851562,1,Train,2020-11-27,-0.011557386447759832,-0.018186871744379607,-0.03827027658803572,0.001371813996825275,0.001310062660773199,-13.385811941964334,-28.75571114676336,788.2317928289908,713.366383963699,74.86540886529178,12968.9501953125,-0.001389836350773832,12918.100167410714,12553.740559895834,68.30534508051551
0.0076179788055013,720.6214076450893,739.150896344866,737.0665280059098,16.954389632260654,22.191030676332687,710.388427734375,0,Train,2020-11-28,-0.011091518796381372,-0.017295052356113616,-0.036258091214541044,0.0009234584589792093,0.0013342489354658017,-12.68252999441961,-27.11136300223211,783.2279775876187,711.7683515836983,71.45962600392045,12968.9501953125,-0.001389836350773832,12918.100167410714,12553.740559895834,68.30534508051551
-0.005129066914984,717.5059901646206,736.8848237537202,734.6412461630431,17.48440254320529,25.047581926760856,715.6680297851562,1,Train,2020-11-29,-0.012484664825865632,-0.018565226755268394,-0.038309711658959134,0.0009545433206281465,0.0012439204872029346,-13.57264055524547,-28.58243233816961,778.9280089423555,709.7732588450331,69.15475009732245,12968.9501953125,-0.001389836350773832,12918.100167410714,12553.740559895834,68.30534508051551
0.0074319933217652,716.7789568219866,735.1136445545014,732.9164083105079,17.6678590964699,33.33336151133264,725.7039794921875,1,Train,2020-11-30,-0.008095874138930759,-0.016364512586548585,-0.035246888755392725,0.0013723772400229405,0.00141613482202038,-11.924883161272305,-26.187247140066916,774.7721310919308,708.0438034435047,66.7283276484261,12968.9501953125,-0.001389836350773832,12918.100167410714,12553.740559895834,68.30534508051551
0.0140231913252351,717.4720371791294,733.3118838355655,732.2607329633879,16.5156313326791,43.205817398996615,719.9011840820312,0,Train,2020-12-01,-0.004370353742684019,-0.012531394880119007,-0.028141190942600036,0.0021114455306237034,0.0018290381915015703,-9.105024065290195,-20.775155203683084,770.7609252292916,706.7418004264002,64.01912480289138,13109.0498046875,0.010802694687318537,12966.29296875,12623.581008184523,67.60599657392079
-0.0079960914837711,717.1662684849331,731.2009597051712,731.1371376105374,15.142037475584864,38.62784555401836,715.263671875,0,Train,2020-12-02,-0.00047347574005551785,-0.00755989853192629,-0.025609279371305305,0.0022494007556577733,0.0019182638158252913,-5.463003976004416,-18.84881591796875,767.1231460420975,705.5491413811728,61.57400466092463,13113.75,0.0003585458429504751,13002.6787109375,12692.37146577381,64.65432513565113
-0.0064418732870188,715.6612112862723,729.4422316778274,729.694095270943,14.720454246762475,35.06567077700619,725.6801147460938,1,Train,2020-12-03,-0.0015594006005283934,-0.006883220934313372,-0.024059227623989377,0.0022315912205999565,0.0019215762533238555,-4.960196358817029,-17.64272635323664,763.7555032293209,704.3353763744736,59.42012685484724,13133.900390625,0.0015365849299400214,13032.314453125,12755.24767485119,68.37372108599469
0.0145630811135535,718.09375,727.8964088076636,729.329187950502,13.179735728237802,44.18057331303567,739.0455322265625,1,Train,2020-12-04,0.0008665324760459558,0.0008191706319338188,-0.017761264211867744,0.002545858739806095,0.0025260379606519457,0.5877598353794156,-12.984880719866055,760.1675505908185,703.8742951123066,56.29325547851181,13258.5498046875,0.009490662358873525,13061.371512276786,12819.53576078869,70.6946935528656
0.018417781070307,721.6644199916294,726.8443400065104,730.2124919755984,11.113279135623532,55.67899177023839,726.2271118164062,0,Train,2020-12-05,0.0062721180629410345,0.006815857417611149,-0.00966019335343593,0.003193862179984902,0.0029498893192779403,4.885463169642776,-7.039419991629529,756.1087374520073,704.3862105809169,51.722526871090395,13258.5498046875,0.009490662358873525,13061.371512276786,12819.53576078869,70.6946935528656
-0.0173445611281046,723.9270891462054,725.8160545712426,729.850184688399,10.02060610481564,47.15871455365672,724.1819458007812,0,Train,2020-12-06,0.011549987241975312,0.00899693874127161,-0.00364720033092647,0.0026220119173164603,0.003174731450178241,6.455051967075974,-2.6499720982142208,751.8151389010721,705.5467141262717,46.26842477480045,13258.5498046875,0.009490662358873525,13061.371512276786,12819.53576078869,70.6946935528656
-0.0028161521132277,725.1433628627232,725.0754191080729,729.33489024407,9.501728151641826,51.790201526090165,718.7596435546875,0,Train,2020-12-07,0.009817120484230779,0.01112307525930123,0.0034790874070516065,0.0024198155121775626,0.0031726766407302325,7.977094377790081,2.5140904017856656,747.9128674437408,706.8248235091052,41.08804393463561,13355.75,0.007331133249439903,13132.421456473214,12878.366722470239,72.73150692392723
-0.0074874860903884,724.1513148716518,724.2339942568824,728.3735041813989,9.224319021255573,48.96374685539723,714.6215209960938,0,Train,2020-12-08,0.003446054441829327,0.01186329991270596,0.0048984212640834635,0.0026785897210820104,0.0031128558827834604,8.49010358537953,3.5299072265625,744.3853695252869,707.9941758499922,36.391193675294744,13392.9501953125,0.002785331809333158,13190.414341517857,12932.147693452382,70.24075524842173
-0.0057573106610832,723.3970772879464,723.0890619187128,727.1233238918256,8.827162010751222,46.430161304910094,713.456298828125,0,Train,2020-12-09,-0.0007321343077298925,0.0073852854003344515,0.008210505841176552,0.0027547605930307445,0.0030272374218344588,5.303327287946445,5.89108712332586,740.673863709241,709.4365471445535,31.23731656468749,13529.099609375,0.010165752285866914,13270.43568638393,12983.00720796131,71.82594366371964
-0.0016305444682725,723.1388811383929,721.7923845563616,725.8808670678528,8.081418317079219,43.90989154749902,713.5038452148438,1,Train,2020-12-10,-0.0027642557692549863,0.0020431395894238147,0.008872922755160939,0.00246655441046039,0.002947319770564476,1.474461146763474,6.35992431640625,737.2182990441913,710.9093795272372,26.30891951695412,13478.2998046875,-0.0037548548058806697,13323.18568638393,13023.350074404761,78.54258678065429
6.664232525088742e-05,721.3994140625,720.7074788411459,724.7556832630338,7.55009578076329,52.87972796430437,700.6378784179688,0,Train,2020-12-11,-0.003800173738053081,-0.0034916155530061443,0.00547390933702685,0.0026834178888065973,0.002639396073360453,-2.5276750837053896,3.9273768833705844,734.5878679396534,711.855032799744,22.73283513990941,13513.849609375,0.002637558535026452,13380.3427734375,13059.764322916666,77.60541078649575
-0.0180320917443702,715.9126063755581,719.3994780040923,722.5631555498461,8.521159019572888,42.68672710088788,678.0926513671875,0,Train,2020-12-12,-0.010346283040633786,-0.012729560746062463,-0.001748077348957655,0.003423306500073425,0.003256745842853937,-9.230756487165081,-1.253662109375,732.302429752109,712.1302231845541,20.172206567554895,13513.849609375,0.002637558535026452,13380.3427734375,13059.764322916666,77.60541078649575
-0.0321781447239022,709.0362548828125,716.8231113978794,718.5203824423317,11.948443516808927,35.39785057808764,685.7742309570312,1,Train,2020-12-13,-0.01950196099728385,-0.020872792299656773,-0.009257112582017224,0.004094067184345096,0.003966814474743449,-15.115059988839334,-6.624956403459805,731.3092834709338,710.6966011900594,20.612682280874424,13513.849609375,0.002637558535026452,13380.3427734375,13059.764322916666,77.60541078649575
0.0113282153616558,703.5494384765625,715.1572527204241,715.5434595800316,13.685000343526124,36.77121203117994,687.391357421875,1,Train,2020-12-14,-0.02474354045481808,-0.027436714129111195,-0.020254056693067568,0.003856703375656726,0.004375489783614518,-19.847638811383945,-14.5443115234375,731.5009192197164,707.7520462169467,23.748873002769642,13558.150390625,0.0032781762806703973,13440.949916294643,13101.066731770834,77.16056899133278
0.0023581032821646,699.0682547433036,713.5638689313616,712.9841775656537,14.88418359166811,31.68067118982804,686.8681030273438,0,Train,2020-12-15,-0.02352850261644679,-0.033286311969834115,-0.03131118096218177,0.0036816561302443268,0.004517427689421101,-24.070626395089334,-22.59616524832586,732.4060946743858,703.8833122382815,28.522782436104308,13567.849609375,0.0007153791977927426,13485.13560267857,13141.442894345239,74.5569492362613
-0.0007612175929789,695.1034807477679,711.8889421735491,710.6099889712618,15.831389766612858,33.36523731893412,684.3948364257812,0,Train,2020-12-16,-0.019650298611807115,-0.03645128177558221,-0.03981562346621381,0.0032374035652683376,0.0046073352583384155,-26.29593331473211,-28.8236083984375,733.5933228110327,699.5487260519697,34.0445967590631,13682.7001953125,0.008464907059269056,13531.8427734375,13187.288132440477,92.84306868327366
-0.0036007882600191,690.9518432617188,709.9173118954614,708.226793285309,16.573259072246987,34.108717605827195,690.054931640625,1,Train,2020-12-17,-0.01790577111698377,-0.03486565663399599,-0.04715139288598469,0.002241353620036558,0.004714603573713666,-24.960763113839334,-34.191519601004416,735.2268775830895,694.747428359991,40.47944922309853,13740.7001953125,0.004238929390550483,13581.52134486607,13228.550037202382,92.276233494341
0.0082702190513348,687.6019984654018,709.031720842634,706.574805863065,17.13169960734372,30.715773879338087,694.8112182617188,1,Train,2020-12-18,-0.016402198497930787,-0.03023012754256582,-0.05047193266883454,0.0015992024295216837,0.004427848864963431,-21.434256417410666,-36.54931640625,736.7748300446658,689.8975349804459,46.87729506421988,13760.5498046875,0.0014445849987885229,13614.585658482143,13267.70717075893,94.3126008597956
0.0068926202871784,686.7696184430804,708.1155482700893,705.505388808397,17.362757451637552,23.59447562042881,691.505615234375,0,Train,2020-12-19,-0.011989383646478391,-0.02385023584101842,-0.05063257786744768,0.0025974370812314324,0.0038303669248972946,-16.77982003348211,-36.627458844866055,737.9594671147948,685.6392607381628,52.320206376632086,13760.5498046875,0.0014445849987885229,13614.585658482143,13267.70717075893,94.3126008597956
-0.0047575556359232,688.6857561383929,707.2163667224702,704.2326821198495,17.724350121108117,26.61750211063424,695.144287109375,1,Train,2020-12-20,-0.003279660001525575,-0.014851909716202316,-0.047643856385875094,0.00366814863929978,0.0037850135417057894,-10.382498604910666,-34.453125,738.3821009347458,682.4073068498523,55.974794084893574,13760.5498046875,0.0014445849987885229,13614.585658482143,13267.70717075893,94.3126008597956
0.0052619556440864,690.0243355887277,706.2390456426712,703.4064643916246,17.80069936213018,30.856042370351062,703.6580810546875,1,Train,2020-12-21,0.0035228767931623217,-0.0073070345635102285,-0.04349196556327406,0.0039054448055593264,0.003813585114141698,-5.079145159040195,-31.375078473772305,738.2143970821185,679.8302405434397,58.38415653867878,13328.400390625,-0.0314049525779333,13593.171456473214,13294.216703869048,59.25335442594721
0.0122475205553591,692.3481532505581,705.1892409551712,703.4293386337212,17.236490066915284,40.43378610566819,722.8025512695312,1,Train,2020-12-22,0.008122861957877925,0.0020208499368752353,-0.0329152649571286,0.004134075993385534,0.004209826437177755,1.3963099888393344,-23.564453125,737.6186901553448,677.9441359467759,59.67455420856891,13466.2998046875,0.010346283876607965,13586.378627232143,13323.133370535714,63.36987654906224
0.0272070636723857,697.4816458565848,705.3274012974331,705.1905397824311,17.371410956389965,54.354478838684365,727.0357055664062,1,Train,2020-12-23,0.012771993089434996,0.014368264509458273,-0.016296217501793886,0.004774740138393891,0.005062728660619629,9.87964739118297,-11.554609026227695,736.8064636564663,676.9384059026854,59.86805775378093,13601.099609375,0.010010159185716239,13592.514229910714,13355.259533110118,66.30032736123945
0.0058565846086733,703.5731985909598,705.8879743303571,707.1764639446106,17.890277092501005,56.999258185909056,744.3013305664062,1,Train,2020-12-24,0.019635340818338287,0.024467564808666742,3.377177650620844e-05,0.0046878160375966385,0.005887087719464617,16.803580147879416,0.023760114397305188,735.6355439290219,676.657270489226,58.978273439795885,13749.25,0.01089253037474136,13618.42857142857,13388.31189546131,66.84404283577496
0.0237479739547989,711.3226841517857,706.7746988932291,710.5514518193194,19.32431824742116,63.48116538637462,732.3628540039062,0,Train,2020-12-25,0.027406054038192407,0.03286974910055185,0.017529660838313976,0.004306516623729039,0.006823727022932376,22.636928013392776,12.25442940848211,734.3247488942768,676.9338919399866,57.39085695429026,13749.25,0.01089253037474136,13618.42857142857,13388.31189546131,66.84404283577496
-0.0160398431014693,716.6872035435268,706.4564761207217,712.5343065633726,18.814629855647954,64.00084686777441,737.4998168945312,1,Train,2020-12-26,0.027535574306554622,0.03864047480593635,0.03105109295746855,0.0034299870917300144,0.0068933136846740335,26.66286795479914,21.583722795758945,733.1623504628346,677.3723018111609,55.790048651673715,13749.25,0.01089253037474136,13618.42857142857,13388.31189546131,66.84404283577496
0.0070142318968537,723.2578037806919,706.9932716006324,714.8038984116598,19.55321682684957,80.97725384857753,741.5902709960938,1,Train,2020-12-27,0.0279780486652339,0.04464466379380627,0.046755733896691076,0.003241450324449705,0.0066830782617782105,30.90965053013383,32.305960518973166,732.796651737727,677.5494446280654,55.24720710966153,13749.25,0.01089253037474136,13618.42857142857,13388.31189546131,66.84404283577496
0.005546379819844,729.8929443359375,707.8222394670759,717.2390231920629,20.656278306813928,80.2371118067872,744.8007202148438,1,Train,2020-12-28,0.02610666101039061,0.046469034234654316,0.06150497811949518,0.002392833496230617,0.006419673784729755,32.411298479352695,42.290945870535666,734.0177421255914,676.9025171866294,57.115224938962,13873.2001953125,0.009015051389166695,13645.642857142857,13436.635695684523,67.44196151417856
0.0043291415007882,735.7704642159598,709.0622907366071,719.7446320123156,22.078412114366337,80.57248799488787,740.401123046875,0,Train,2020-12-29,0.02662704256205406,0.04576249591297854,0.07134975755620232,0.0012388955478800413,0.006005068260315013,32.197265625,49.000845772879416,736.731794384178,675.4258036208445,61.30599076333351,13932.599609375,0.004281594241144937,13673.057059151786,13481.664248511905,67.9220279681724
-0.0059070796369525,738.2845458984375,710.2898908342634,721.6224948336392,23.096207434700148,77.37788368554881,726.774169921875,0,Train,2020-12-30,0.02077646731109728,0.037903840756607465,0.07201947959277621,0.0023597956218283983,0.005374717805768697,26.961861746651834,49.59878976004461,739.9159640912079,673.7562003898189,66.15976370138901,13981.9501953125,0.003542094606974411,13704.68568638393,13529.90234375,65.95950300075921
-0.0184048250344661,738.2471836635044,710.9240751720611,722.0908289325696,23.368734764133222,69.45423368851058,734.9313354492188,1,Train,2020-12-31,0.011445842013403373,0.030082831133831034,0.06988572081828548,0.003860621460586352,0.004691291110201995,21.55998011997758,48.22284807477672,743.0953788512031,672.2615625899241,70.83381626127903,13981.75,-1.4318125132972703e-05,13798.02134486607,13571.459495907739,68.39894788309654
0.0112237966963253,736.9086129324777,711.9444318498884,723.2581477068104,23.94763551931588,70.13881927199999,723.6824340820312,0,Train,2021-01-01,0.0015468801370419616,0.018874057190159332,0.0643613469216453,0.0045638472004392505,0.0042643057658860095,13.65080915178578,44.56045968191961,746.3489713174013,671.107570779418,75.24140053798328,14018.5,0.0026284263414808606,13876.90708705357,13614.54282924107,68.42664529094704
-0.0153060576200791,735.6685529436384,713.0417916434152,723.2967191954667,23.9316101802276,62.24287493490669,727.36865234375,1,Train,2021-01-02,-0.003543339718178218,0.007912953060473127,0.0547496945817918,0.005038287561082346,0.004318456199814777,5.77560860770086,38.186907087053555,749.5646521955821,670.5551197073198,79.00953248826227,14018.5,0.0026284263414808606,13876.90708705357,13614.54282924107,68.42664529094704
0.0050936959198057,734.2212437220982,715.3882678803943,723.6668949362197,22.71852865229383,65.1588326166439,722.2317504882812,0,Train,2021-01-03,-0.0054533766338636935,-0.0021055758136642178,0.04356056369474692,0.0047953600065519545,0.004672749720635592,-1.5492204938616396,30.64804513113836,752.3942074821055,670.79274494535,81.60146253675543,14018.5,0.0026284263414808606,13876.90708705357,13614.54282924107,68.42664529094704
-0.0070623085541512,731.4557407924107,717.1243402390253,723.5364272591344,21.71310671217453,61.30631169989173,717.7369995117188,0,Train,2021-01-04,-0.007399658579600121,-0.009249557157825494,0.028303689857202663,0.0040827768843547255,0.005147019124526751,-6.828805106026834,20.133056640625,754.488571328773,671.9371297035931,82.5514416251799,14132.900390625,0.00816067272711063,13952.878627232143,13662.1142578125,69.96423328150144
-0.0062234192466943,727.5894949776786,718.5693708147321,723.0092065548239,20.61753472824252,56.08055137741548,723.72998046875,1,Train,2021-01-05,-0.010981926485280624,-0.014436477268951808,0.015212063757030103,0.0027699428810598536,0.005738446094986171,-10.65768868582586,10.90229143415172,755.6666450497221,674.007657405635,81.65898764408712,14199.5,0.004712380865514287,14017.20005580357,13706.921409970239,71.10637736888339
0.0083498286435119,725.2079031808036,720.3246983119419,723.0747314560899,19.31141063077404,50.45188166558912,707.1065063476562,0,Train,2021-01-06,-0.012276055233163663,-0.015878101499060993,0.002696271495333802,0.0017014000548224743,0.005896090433918146,-11.70070975167414,1.9500994001116396,756.0117188352984,677.0881896119671,78.92352922333134,14146.25,-0.0037501320469031096,14056.20717075893,13744.564267113095,66.15438648555013
-0.0229691660836365,722.3982369559152,721.4062064034598,721.6230746280505,17.773314800370198,41.33580214678507,707.7723999023438,1,Train,2021-01-07,-0.012382846058031083,-0.018038443990333053,-0.010268228290439274,0.0013415316116896635,0.005883651104514738,-13.270315987723166,-7.494707380022305,755.3743805560024,681.2051517403146,74.1692288156878,14137.349609375,-0.0006291696120880319,14085.45717075893,13780.01185825893,64.31276230614452
0.0009417160621629,718.5183890206473,722.2498953683036,720.3639223802589,16.591932675036503,31.44028291869684,701.54150390625,0,Train,2021-01-08,-0.012467340471029709,-0.021387088477372362,-0.023447632154813935,0.0014450028803158891,0.005552307247426755,-15.70285470145086,-17.2520751953125,753.8699571796892,685.8844521743845,67.98550500530473,14347.25,0.014847223590326086,14137.642857142857,13818.971400669643,68.61712643870501
-0.0088035306222077,715.3553989955357,722.5703851609003,718.6527934280763,16.092924043806914,33.37604184292705,695.9766845703125,0,Train,2021-01-09,-0.013585765050345255,-0.02201136842460616,-0.031057330172066355,0.001184860604723209,0.005339254989883544,-16.100341796875,-22.929146902901834,751.9922126533929,690.4291609863949,61.563051666998035,14347.25,0.014847223590326086,14137.642857142857,13818.971400669643,68.61712643870501
-0.0079322738639867,710.870832170759,722.7832932245163,716.5913289864613,15.68581706414116,27.7067673854216,706.6546020507812,1,Train,2021-01-10,-0.015957133054104733,-0.02297815309638651,-0.03708290678047976,0.0010700661449778881,0.0048447560814525075,-16.71866280691961,-27.37635149274547,749.8334446447058,694.6725786532853,55.16086599142045,14347.25,0.014847223590326086,14137.642857142857,13818.971400669643,68.61712643870501
0.0153423494165774,708.645525251116,723.3314034598214,715.6879901741268,14.850603081875091,32.48257702162249,712.0293579101562,1,Train,2021-01-11,-0.013740586073222372,-0.022838110088216013,-0.038353585757249564,0.0011751000577499848,0.0038217610807210257,-16.5623779296875,-28.26308768136164,747.7375473840561,698.3982131139906,49.33933427006559,14484.75,0.009583718134137165,14209.5,13866.89760044643,95.1328560233451
0.0076059164459933,707.8301478794643,723.7300356910342,715.3553872410384,14.401680103875588,33.9168786416666,728.2960815429688,1,Train,2021-01-12,-0.010519597848339335,-0.020166285479652823,-0.03784096105886803,0.0016617377182019575,0.002505855304171305,-14.56808907645086,-27.838405064174026,746.35644491578,700.8141657845549,45.54227913122509,14563.4501953125,0.005433314024232416,14287.350027901786,13916.878580729166,94.8970408639552
0.0228455799639444,708.4824480329241,723.9916323707217,716.5318139957594,14.43384781404089,44.67902554821095,720.7572631835938,0,Train,2021-01-13,-0.0033598004443951,-0.013967549252848377,-0.03505591251853801,0.00248707614086413,0.0020864534291953753,-10.035940987723166,-25.738795689174026,745.7847849921443,701.876750652387,43.90803433975725,14564.849609375,9.609083312889233e-05,14349.057059151786,13964.816638764882,94.27162305957253
-0.0103513097906599,710.4325561523438,723.6926589239212,716.915945740108,14.432665951299668,47.20560347637769,724.8715209960938,1,Train,2021-01-14,0.0025217557122010348,-0.006881674270026172,-0.028741567626896725,0.003353492256570401,0.0024817740698455833,-4.922842843191916,-21.023184640066916,745.850378204046,701.7221446405412,44.128233563504864,14595.599609375,0.002111247340323086,14405.64271763393,14013.757114955357,93.5790602158583
0.0057082432916837,712.8752877371652,722.7674298967634,717.6391798542885,13.646853619693706,45.14568825670067,698.3071899414062,0,Train,2021-01-15,0.00712761369774273,0.002819718401281701,-0.020223226616218226,0.003680355815186337,0.002979119121738145,2.00445556640625,-14.71420724051336,745.9814981974741,701.2098330664767,44.77166513099746,14433.7001953125,-0.011092344158201595,14446.70703125,14049.519019717261,77.77502477700693
-0.0366469509219836,712.4132428850446,721.1457316080729,715.8817262258447,14.449455763270644,39.332103044554174,695.3106689453125,0,Train,2021-01-16,0.005548189461904274,0.00531678744827091,-0.017642748017004273,0.0033839588640198794,0.0030099239859138665,3.767717633928555,-12.794660295758945,745.9922501391684,700.1146250352178,45.87762510395055,14433.7001953125,-0.011092344158201595,14446.70703125,14049.519019717261,77.77502477700693
-0.0042911214996156,712.318097795759,719.136724562872,714.0116301094326,14.984944942950795,36.444029661992445,712.314697265625,1,Train,2021-01-17,0.0026540755024335727,0.006340433407279633,-0.013953715062529182,0.0022806799635628192,0.003064340038938812,4.48794991629461,-10.08013916015625,745.3555550257005,698.9938354946679,46.36171953103258,14433.7001953125,-0.011092344158201595,14446.70703125,14049.519019717261,77.77502477700693
0.0244552961428092,713.1266828264509,717.7426496233259,713.8573634872682,14.128937440944402,46.188978409504045,725.394775390625,1,Train,2021-01-18,0.0003526494656360679,0.006555186803034019,-0.007503922344347269,0.0017127396628997939,0.003145196522907692,4.644234793526721,-5.391706194196445,743.6317807122571,698.4532316691605,45.17854904309661,14281.2998046875,-0.010558650142566628,14467.27134486607,14075.26185825893,65.82122896116705
0.0183627800678698,715.0360281808036,716.8185570126489,714.9062191148461,12.847218412189768,52.7606433235184,722.4219970703125,0,Train,2021-01-19,0.0036815504511644725,0.006479815696217361,-0.00044645055476000284,0.0015516108722239308,0.0031873554373686498,4.603472028459805,-0.3193708147321104,741.0837192784813,698.6764413311726,42.407277947308785,14521.150390625,0.016794730817062842,14492.1142578125,14111.480933779761,70.858792569215
-0.004098152373253,714.1968732561384,715.962408156622,715.589471656252,11.749231315695,49.5179728859186,700.9469604492188,0,Train,2021-01-20,0.002637551209485167,0.0018538803935372883,0.004678826215478216,0.0018447143064487825,0.003133142244544808,1.3215855189731656,3.3260410853794156,738.152787570723,699.2023419981941,38.950445572528906,14644.7001953125,0.008508265623863087,14514.964285714286,14174.161876860118,73.4117286773424
-0.0297264434197503,711.3668300083706,714.7325410388764,714.2583342737945,11.911536785624683,47.80840968870636,721.9226684570312,1,Train,2021-01-21,-0.0024677983035288342,-0.001468828502452335,0.0038401494968731686,0.002501424627965455,0.0031392635884895785,-1.046412876674026,2.7213047572545292,735.1119469722628,699.689004304244,35.42294266801878,14590.349609375,-0.0037112802046228577,14518.807059151786,14227.688058035714,69.94660231875923
0.029924814845291,710.9455653599331,714.1130807059152,714.955091926816,11.12057205223155,54.39895595996886,720.947509765625,0,Train,2021-01-22,-0.005720638764563302,-0.0019268532416529816,0.004401363080962284,0.0020528621850560112,0.002888229752570278,-1.3725324358258604,3.11541748046875,731.8415906712553,700.4870618468808,31.354528824374484,14371.900390625,-0.014972171647596122,14491.242885044643,14264.392857142857,57.77235772357723
-0.0013507799851893,714.1798967633929,713.9828462146577,715.4998571848895,11.018446284380838,56.23662730802757,716.5478515625,0,Train,2021-01-23,-2.377004630116364e-05,0.0014768959881961141,0.008041764120321648,0.002760085329444116,0.003006576140896147,1.0532139369420292,5.69744873046875,728.3431210756214,701.9813967466441,26.36172432897729,14371.900390625,-0.014972171647596122,14491.242885044643,14264.392857142857,57.77235772357723
-0.0061026054512003,717.2137799944196,713.4675699869791,715.5951294010359,10.606476596253614,56.66096694477515,719.330322265625,1,Train,2021-01-24,0.008219317712607088,0.0030456532647127332,0.009545204232759952,0.003105485256496844,0.0026419822563331493,2.177751813616055,6.78122384207586,725.2481272462162,703.6521944962503,21.59593274996587,14371.900390625,-0.014972171647596122,14491.242885044643,14264.392857142857,57.77235772357723
0.0038831610436869,718.2160121372768,713.3294067382812,715.9346923887258,10.505015586399129,54.32558426286216,723.9678344726562,1,Train,2021-01-25,0.010226446484215668,0.005627494366944763,0.007491807461953659,0.0031092050038969486,0.002412353496335997,4.019138881138474,5.34072440011164,723.0540340496414,704.908939408785,18.145094640856314,14238.900390625,-0.009254169343308138,14440.285853794643,14287.709542410714,51.22826800390162
0.0064469855690565,718.0121634347098,713.6261131649926,716.6649780327194,10.721491480284222,54.094602911438514,718.5455322265625,0,Train,2021-01-26,0.0053659682786990626,0.009341640832847053,0.007859091062079937,0.003047031667389221,0.002364630653481874,6.645333426339221,5.598920549665195,721.2802387055231,705.963160778294,15.317077927229093,14238.900390625,-0.009254169343308138,14440.285853794643,14287.709542410714,51.22826800390162
-0.0074897004920714,717.4583827427456,713.3792346772693,716.8359375048869,10.535274585661814,46.38704380923949,713.8843383789062,0,Train,2021-01-27,0.00034104580133398343,0.009160782062850759,0.007216277338583765,0.00301164581118544,0.002413019092774977,6.5128173828125,5.14028494698664,720.1036736918804,706.6457403706195,13.457933321260953,13967.5,-0.019060488041877988,14373.685825892857,14292.200009300595,45.09481289326716
-0.0064869846636058,719.3065795898438,713.7019885835193,716.567610311616,10.436859319723814,47.39782260658653,675.119873046875,0,Train,2021-01-28,0.0015184393471283641,0.007178419400608371,0.008665917167618886,0.002261309302546535,0.0024030506988708318,5.12668282645086,6.17989676339289,720.2778089670015,706.550424152418,13.727384814583502,13817.5498046875,-0.010735650281904374,14307.435825892857,14286.721447172618,41.85472698193975
-0.0543007644908668,712.6204659598214,712.1471063523065,712.7996341966395,13.381347900599186,35.07849646170074,692.5758056640625,1,Train,2021-01-29,-0.00750920074821082,-0.006404386199375445,-0.003378238474399331,0.004718240555004547,0.0035161954176521236,-4.593314034598166,-2.4155622209821104,720.0869778228703,706.467761992978,13.619215829892255,13634.599609375,-0.013240422354072856,14180.785714285714,14270.180943080357,31.596202596768507
0.0258560491463646,708.567365373884,711.7201683407739,710.9611043300416,13.870722120249807,48.18170023991495,678.3779296875,0,Train,2021-01-30,-0.012392380635197986,-0.013434184981034214,-0.007882291414394671,0.004784210391420092,0.003829465964888391,-9.64864676339289,-5.629507882254416,720.2166991340601,706.1076940021006,14.10900513195952,13634.599609375,-0.013240422354072856,14180.785714285714,14270.180943080357,31.596202596768507
-0.0205001039026322,703.114519391741,710.8821323939732,707.998997544356,15.32487822254081,44.98450295188756,653.6448974609375,0,Train,2021-01-31,-0.02251065214409076,-0.020748456365563217,-0.01160064015991924,0.004680741664559608,0.0042968591721281955,-14.89764404296875,-8.25231061662953,721.0344521445866,704.7368404056367,16.297611738949854,13634.599609375,-0.013240422354072856,14180.785714285714,14270.180943080357,31.596202596768507
-0.0364590756040014,693.7308872767857,708.3578607468378,703.0577157185907,19.775560682787063,33.382786137080274,652.0989990234375,0,Train,2021-02-01,-0.026507207672731625,-0.03307159834867768,-0.024213777990769403,0.005676353908510608,0.005372443243231361,-23.72749546595992,-17.21467808314742,723.8500015130352,700.5113649769202,23.33863653611502,14281.2001953125,0.047423511101338356,14128.857142857143,14284.440476190477,45.837854546659926
-0.0023650432268422,683.4639107840402,705.5040341331845,698.4251051099403,23.24005678156531,27.78902721962133,649.9586791992188,0,Train,2021-02-02,-0.035428465685260035,-0.04982947441721086,-0.0430087518824811,0.0063123637321036916,0.006182826020989894,-35.842668805803555,-30.715985979352695,728.2593867037443,693.6001260613226,34.659260642421714,14647.849609375,0.02567357148195737,14137.07142857143,14314.409505208334,51.5439669257899
-0.003282200750843,673.665788922991,701.773681640625,694.0190663907838,25.56910996664173,27.92994027226036,630.1245727539062,0,Train,2021-02-03,-0.04188326319050539,-0.054663988613297465,-0.06071828551839509,0.006160831902328834,0.006818614292409758,-38.95467703683039,-43.547991071428555,733.1407870584779,685.0420489836537,48.09873807482427,14789.9501953125,0.009701122671723184,14196.79282924107,14345.697591145834,53.91628934290447
-0.0305159498289169,661.7001081194196,697.4578392392114,688.2104760601585,29.54458471317212,28.2119332136607,631.551513671875,1,Train,2021-02-04,-0.04617176450525606,-0.0661436859002591,-0.07868928436958189,0.004355672050355631,0.007727401936965278,-46.867257254464334,-56.515904017857224,738.4797908657557,674.5855272146013,63.89426365115446,14895.650390625,0.0071467580293813615,14290.6142578125,14378.847609747023,55.08758706381987
0.0022645378067585,655.476056780134,693.0140293666294,683.0596612975872,32.12093332232068,18.39658181976517,652.17041015625,1,Train,2021-02-05,-0.04095001003315568,-0.06775349007558362,-0.08709616610869908,0.004345033709297748,0.007688341090845101,-47.63846261160711,-62.53610665457586,742.7755603038447,664.5960391660215,78.17952113782326,14924.25,0.0019199973566108586,14427.29282924107,14415.895228794643,58.71143290700196
0.0326480042213748,649.703857421875,690.8170398530506,680.2515475574656,33.29707855795555,28.853510165231924,662.4202880859375,1,Train,2021-02-06,-0.035569464703595344,-0.06346413380516636,-0.09443687181109273,0.0037216227437811876,0.007118482406373287,-44.027029854910666,-67.75452532087058,746.2118181995911,654.8983572328866,91.3134609667045,14924.25,0.0019199973566108586,14427.29282924107,14415.895228794643,58.71143290700196
0.0157165639073255,647.4241943359375,689.2508312406994,678.6305239691449,33.844185926560584,33.93562701025206,664.3704833984375,1,Train,2021-02-07,-0.021574597930858586,-0.0527309721544178,-0.09993288994366545,0.004773977699998345,0.006472346048599838,-36.039716448102695,-71.88238525390625,748.2613080900353,646.2786184933909,101.98268959664438,14924.25,0.0019199973566108586,14427.29282924107,14415.895228794643,58.71143290700196
0.0029440452648801,648.9564208984375,686.9677734375,677.3341566445351,33.827657916105075,33.60763710637555,686.1309204101562,1,Train,2021-02-08,-0.009946413471946691,-0.03667897113204621,-0.089337940885034,0.007034771124460649,0.006576490241045556,-24.709368024553555,-63.664045061383945,748.5472530959083,639.3847127592816,109.16254033662676,15115.7998046875,0.01283480273296811,14612.757114955357,14462.488095238095,64.61624089101926
0.0327534674635274,653.8181239536831,685.0980660574777,678.1338624414097,32.662564754041696,39.760605087587855,677.3078002929688,0,Train,2021-02-09,0.00633252594210254,-0.011911716605483846,-0.07726751766405693,0.008990648606921024,0.007472481670366071,-7.881984165736526,-54.74924142020086,747.4617449773541,634.4323459475902,113.02939902976391,15109.2998046875,-0.0004300136336804483,14823.42857142857,14498.776181175595,61.21844245515435
-0.012859236997967,657.7251412527902,682.9497709728423,678.0587658824605,31.54960897815229,39.04197770180913,688.79443359375,1,Train,2021-02-10,0.0159106610580384,0.003431222924761501,-0.06455474447920218,0.009231838424187453,0.008073580883850432,2.24908447265625,-45.38937813895086,745.7818862604997,630.7480357888865,115.03385047161328,15106.5,-0.00018530340410816137,14941.328543526786,14528.383324032739,59.23377782290582
0.0169592514596947,666.1065499441964,682.3710792178199,679.034735674396,31.313563529639875,43.56628631546393,703.9673461914062,1,Train,2021-02-11,0.026427243021982516,0.025246413939128853,-0.03981996165837087,0.008479764335081042,0.009286001582823278,16.402692522321445,-27.62433733258922,743.3126580267336,628.7333624810789,114.57929554565476,15173.2998046875,0.004421924647502795,15016.392857142857,14557.423781622023,61.598460846759664
0.0220282160506035,676.4516688755581,681.5160638718378,681.3013366304878,30.41176061843824,58.41543646985298,707.0352172851562,1,Train,2021-02-12,0.0346174939064221,0.04483532557721914,-0.010259856881745133,0.008626352381149328,0.01074723430919419,29.027474539620584,-7.01224190848211,739.9890777341251,628.2841199849039,111.7049577492212,15163.2998046875,-0.0006590524229219685,15069.728515625,14585.921409970239,67.16999073270136
0.0043579735769674,684.2894984654018,680.8535737537202,683.6407803263667,29.65187615281112,54.60467007538812,710.673828125,1,Train,2021-02-13,0.04038823445613415,0.054445994259596064,0.015770000075846502,0.006564255084471493,0.011464243661239918,35.333077566964334,10.62370954241078,736.1351131429578,628.8456564231694,107.2894567197884,15163.2998046875,-0.0006590524229219685,15069.728515625,14585.921409970239,67.16999073270136
0.0051462936369919,691.182861328125,680.5738583519345,686.0983301262423,29.324220565331768,61.02634055425108,703.586669921875,0,Train,2021-02-14,0.03764609638807692,0.05714851883960459,0.044556065273280154,0.004450336823731063,0.011814273017471632,37.364737374441916,29.48275320870539,732.2980126998057,629.9794417854066,102.31857091439906,15163.2998046875,-0.0006590524229219685,15069.728515625,14585.921409970239,67.16999073270136
-0.0099724485729597,696.785173688616,679.8241606212798,687.6881791985726,28.472724892527065,69.38688570578323,686.178466796875,0,Train,2021-02-15,0.030059065190655376,0.05938655828394657,0.0630215497289146,0.0033263725313841795,0.01149867404511226,39.06003243582586,41.30911690848211,728.8403405240257,631.3144149865769,97.52592553744876,15314.7001953125,0.00998465984153385,15129.5927734375,14620.164295014882,73.15538855862715
-0.0247420877472465,696.7919660295759,678.0246669224331,687.5509326166001,26.68111016521912,61.77873053536501,680.5897216796875,0,Train,2021-02-16,0.018270728386468482,0.046066828329416776,0.07247626448541289,0.005084711876993982,0.01064475728648179,30.685416085379416,47.08810860770086,725.2822478871311,632.8058659521545,92.47638193497664,15313.4501953125,-8.162092525865194e-05,15185.192801339286,14662.057152157739,82.78246854721355
-0.0081447398710661,697.2608119419643,676.2172473725818,686.9180952586989,25.03364705738124,60.340380641160095,681.4934692382812,1,Train,2021-02-17,0.008793549368629305,0.03076220227380988,0.07697676120544772,0.005956179061693901,0.009643105565433305,20.80914306640625,49.836617606026834,721.0861713137236,634.7973657607741,86.2888055529495,15208.900390625,-0.006827318687430917,15198.492885044643,14706.228608630952,84.65467260872462
0.0013278889319152,696.2178170340402,674.6748250325521,686.4249474386609,23.55073042603196,69.88216617687358,690.5306396484375,1,Train,2021-02-18,-0.000814249033991965,0.017431684389997093,0.07282676403782617,0.006616168862201691,0.007821129061519707,11.92831856863836,47.261396135602695,718.0574963992399,636.1857757826797,81.8717206165602,15118.9501953125,-0.005914312869584326,15199.871512276786,14734.695265997023,88.76702014949012
0.0132608320080562,694.2982875279018,675.4086710611979,686.7981921850042,23.804030889244228,71.55770993197473,702.4927978515625,1,Train,2021-02-19,-0.0035787991584969037,0.004507383464037895,0.06191349259245427,0.0059678548325744095,0.00713826789671912,3.1154261997768344,40.48016357421875,715.4919256664689,637.3244387308525,78.16748693561635,14981.75,-0.009074717063029758,15182.050083705357,14750.74525669643,74.92971431867893
0.0173231389257617,693.6493704659598,675.8809087844122,688.2249745183277,24.25571475676791,69.63619025299681,699.3536376953125,0,Train,2021-02-20,-0.005179470026353772,-0.004500387409301587,0.05461890835546224,0.005027117411862718,0.006300828545786346,-3.13580322265625,35.92422921316961,713.8693860766123,638.0004634281311,75.8689226484812,14981.75,-0.009074717063029758,15182.050083705357,14750.74525669643,74.92971431867893
-0.0044686011954151,692.0322004045759,676.8797520228794,689.2366711707809,24.789691821654664,65.25842052920683,716.3101196289062,1,Train,2021-02-21,-0.0060119355280154885,-0.006830970873734188,0.0389211762931192,0.003698383720006845,0.0061896514818113296,-4.759765625,25.925650460379416,713.6239515466156,638.0760292709068,75.54792227570874,14981.75,-0.009074717063029758,15182.050083705357,14750.74525669643,74.92971431867893
0.0242459337016864,693.849836077009,679.8638102213541,691.6978937578832,25.611008536676604,69.090905011991,788.0362548828125,1,Train,2021-02-22,-0.000645906030518395,-0.004891965540778642,0.02571974909954955,0.0018693864898843753,0.00618221556872132,-3.4109758649553896,17.39816720145086,714.862681742119,637.8758916047003,76.98679013741867,14675.7001953125,-0.020428174591586412,15110.964425223214,14754.8095703125,51.03576116224322
0.100132796240635,708.4009486607143,686.3370128813244,700.4559265874223,34.03595070089616,77.39418578437373,764.944091796875,0,Train,2021-02-23,0.021266620893557686,0.01749902304795281,0.03523574488485526,0.008398569142117946,0.007534361765235498,12.18313162667414,24.1114501953125,719.136620825374,637.0754684952175,82.06115233015657,14707.7998046875,0.0021872625461001327,15045.892996651786,14770.804780505952,46.67258930633918
-0.0293034272761619,720.4515729631696,691.8125087193081,706.3184870610089,37.01013803562362,71.87984677449586,737.6423950195312,0,Train,2021-02-24,0.04106654653060837,0.03766865899725658,0.042345829551971415,0.009964982614910236,0.008112622733529602,26.153285435267776,29.26871163504461,725.4059208645913,636.6813149403754,88.7246059242159,14982.0,0.01864318245786234,14998.36439732143,14806.190476190477,53.077431749523186
-0.0356911009185145,728.4728480747768,696.9324050176712,709.1661150572382,35.45384554791784,61.30309627089977,721.4232177734375,0,Train,2021-02-25,0.04989986333862184,0.05020328582641742,0.045476964181677015,0.00979231368368613,0.008029214768232758,34.82347760881703,31.68767438616078,732.1053619361396,637.2815529982911,94.82380893784853,15097.349609375,0.007699213013950157,14967.492885044643,14859.992838541666,55.80988454569531
-0.0219878593687179,732.8860735212054,701.2120099748884,710.2803971223473,32.46538683628521,54.01971027985629,720.4243774414062,0,Train,2021-02-26,0.034563935729874595,0.05903464187467811,0.051800407081756594,0.00892733198734367,0.007591701893171874,40.85387311662953,36.09410749162953,737.9062731755437,639.7988633688201,98.10740980672358,14529.150390625,-0.03763569324758598,14870.3857421875,14893.878580729166,34.28349870574699
-0.0013845414278653,735.4477277483259,704.4621988932291,711.2025771513526,30.677536660712192,53.11289744898161,711.6250610351562,0,Train,2021-02-27,0.020814937947151835,0.05995229732489271,0.05476704721151027,0.008343650300547909,0.007420594768279309,41.597891671316916,38.186915806361526,742.4518513043695,644.0556385812331,98.39621272313639,14529.150390625,-0.03763569324758598,14870.3857421875,14893.878580729166,34.28349870574699
-0.0122140736512843,737.2007882254464,706.8052833193824,711.2409847771529,29.14679957039284,50.21597317359587,710.3646240234375,0,Train,2021-02-28,0.011981146824807443,0.040654716258046175,0.05886515712280671,0.007475899134416214,0.007315028409333288,28.79983956473211,40.98297119140625,745.9565120367901,649.3754145815136,96.58109745527645,14529.150390625,-0.03763569324758598,14870.3857421875,14893.878580729166,34.28349870574699
-0.0017712094201478,736.3514317103794,708.9954804920014,711.1613156177242,27.479027392809968,51.580728014571456,696.7852172851562,0,Train,2021-03-01,0.004728372272820636,0.022069295624985275,0.06056927539344903,0.008128892375643779,0.007395575858684603,15.899858747209805,42.05314418247758,748.3820702674907,655.2031871264826,93.1788831410081,14761.5498046875,0.015995389118723446,14819.328543526786,14947.542875744048,41.68956088836115
-0.0191161078114627,723.3155691964286,709.5028279622396,709.8543975874907,27.1319331400966,52.51864479196589,663.7283325195312,0,Train,2021-03-02,-0.016496289395089403,-0.007079575981422059,0.0427682918684702,0.0109415369732817,0.009376522219203863,-5.157278878348279,29.66619873046875,747.6630426689427,662.4812575193943,85.18178514954843,14919.099609375,0.010672985341787733,14810.378487723214,14977.919038318452,45.82998323283756
-0.0474420006991862,708.8561750139509,708.8561866396949,705.6611189449488,28.08277007328727,46.45817911044021,638.4006958007812,0,Train,2021-03-03,-0.0384489730128007,-0.03278804083668985,0.024310970789421793,0.01195380957608772,0.011175950781369716,-24.02989850725453,16.823974609375,745.6558999267539,668.7633627685585,76.89253715819541,15245.599609375,0.021884698711632122,14891.792689732143,15006.383324032739,51.44213219347069
-0.0381596437545548,694.6787894112723,706.4564848400298,699.5465350227518,31.79104576023297,41.79049740819378,644.1558837890625,1,Train,2021-03-04,-0.05659341518805894,-0.05543417539934925,0.001194715760041376,0.011934653196803239,0.01253553624576097,-40.768938337053555,0.8289533342633604,744.2942758456913,671.9476989031928,72.34657694249859,15080.75,-0.010812930524138231,14945.0712890625,15020.230933779761,48.44921434271719
0.009015008953056,683.6405988420759,703.6083199637277,694.5110212742345,34.58195192891058,41.05337847989718,653.6924438476562,1,Train,2021-03-05,-0.05485153651321206,-0.07265346190458921,-0.0349524515254388,0.0108583398646082,0.013223360058656224,-53.560189383370584,-24.760349818638474,744.3528812632219,671.8242035233295,72.52867773989237,14938.099609375,-0.009459104528952489,14938.7998046875,15022.25232514881,42.90182277334697
0.014804739502646,674.1074654715402,701.0681878952753,690.8002415081819,36.23712278729111,40.49648918824023,644.774169921875,0,Train,2021-03-06,-0.049020817998413846,-0.08453024406330067,-0.06432647138380054,0.009157000970247974,0.013666397946304176,-62.24396623883922,-46.344107491629416,745.8995093681613,668.5700358327315,77.32947353542977,14938.099609375,-0.009459104528952489,14938.7998046875,15022.25232514881,42.90182277334697
-0.0136429203208897,664.5573381696429,697.9301089332217,686.616053182154,38.165777315795054,39.605027547729016,649.6018676757812,1,Train,2021-03-07,-0.04336025757624873,-0.08123457247306798,-0.08773904212634853,0.006466793740011157,0.014052283889085661,-58.758231026785666,-63.915509905133945,748.5708554817548,662.6759061672407,85.89494931451418,14938.099609375,-0.009459104528952489,14938.7998046875,15022.25232514881,42.90182277334697
0.0074874242473006,655.8769444056919,695.3594040643601,683.2511272270292,39.558421599716034,36.6796309801918,652.5984497070312,1,Train,2021-03-08,-0.0406114769710999,-0.07473904083182492,-0.10507653494562585,0.0028858917536292573,0.014211097064240395,-52.979230608258945,-77.00912911551347,751.8625704090203,655.2926890775869,96.56988133143341,14956.2001953125,0.0012117060677612201,14918.63560267857,15023.773763020834,43.309044086446306
0.00461295168681,649.5645490373884,693.7603556315104,680.4645201797566,40.61273687154998,12.72419526561417,652.8363037109375,1,Train,2021-03-09,-0.036408017551005756,-0.06494259082261233,-0.11677672725141275,0.003758509149010623,0.012315118826142828,-45.114240373883945,-85.8831787109375,755.1676306605833,647.2180025355661,107.94962812501717,15098.400390625,0.00950777560179139,14999.95703125,15022.945219494048,47.959220481092416
0.0003644722172004,648.008544921875,692.4387642996652,677.9528641371367,41.50453088172625,14.705034599855338,652.2655029296875,0,Train,2021-03-10,-0.02490197955431117,-0.05212103257260181,-0.12098772102274968,0.005521774463125576,0.010466676590199779,-35.63205392020086,-89.19224330357144,757.7661903224864,639.7985156624466,117.96767466003985,15174.7998046875,0.005060099883821945,15058.992745535714,15026.064267113095,51.03665243376771
-0.0008743398276189,649.9892316545759,691.0469563802084,675.617649481914,42.370941342142274,17.680995344431224,658.5676879882812,1,Train,2021-03-11,-0.00897685579792884,-0.035778025095885235,-0.11728394396572772,0.007108407194207212,0.009543011027962262,-24.118233816964334,-86.36220005580356,759.4589368288556,633.6748635687449,125.78407326011074,15174.7998046875,0.005060099883821945,15058.992745535714,15026.064267113095,51.03665243376771
0.0096619935138178,652.0480608258929,689.5249110630581,674.0676529824929,42.960400740563344,24.274890774607258,667.6524047851562,1,Train,2021-03-12,0.0038233487221321916,-0.018823473348746234,-0.0985289290118706,0.007835330411751678,0.009240356851809605,-12.50927734375,-71.26750837053567,760.4614245951694,628.5122448384244,131.94917975674502,15030.9501953125,-0.009479506235763657,15074.971400669643,15022.46665736607,50.910980624596995
0.0137946591710655,654.0423409598214,687.8658447265625,673.4844486009167,43.107051949551455,29.74259561758403,644.9644165039062,0,Train,2021-03-13,0.009311290854465248,-0.0027971763019247753,-0.07732715885990649,0.007854230393069794,0.009198203883880809,-1.8346034458704708,-54.813834054129416,761.0019312863444,624.1727522027738,136.82917908357058,15030.9501953125,-0.009479506235763657,15074.971400669643,15022.46665736607,50.910980624596995
-0.0339817367819573,654.0695190429688,685.2758818126861,670.8917184102794,44.00684926581149,26.87677896500124,643.5137329101562,0,Train,2021-03-14,0.0062774692097689044,0.00693536925969318,-0.05845762241095509,0.006611101805260289,0.009008194149873564,4.50497000558039,-40.609270368303555,761.1384173494962,620.0582344362178,141.08018291327835,15030.9501953125,-0.009479506235763657,15074.971400669643,15022.46665736607,50.910980624596995
-0.0022492459376496,653.1997855050223,681.8093872070312,668.4028106375409,44.306128542408615,26.841352316086784,626.699951171875,0,Train,2021-03-15,0.0017663186938561282,0.008011068100611585,-0.04452750961340368,0.004592592788284117,0.008997212398123799,5.191240583147305,-30.440813337053555,759.7518202429146,615.9247152272305,143.82710501568408,14929.5,-0.006749419963093084,15029.81431361607,15010.857142857143,55.084542494669755
-0.0261280853514103,649.5,674.1267060779389,664.6116415952077,38.58371915476541,26.25304262046916,627.7700805664062,1,Train,2021-03-16,-0.006945025842142627,-0.0007526765533184543,-0.036503772368589926,0.0033743989484191507,0.008615560972925209,-0.4892316545758604,-24.607465471540195,756.4300195124235,612.1513586614046,144.2786608510189,14910.4501953125,-0.001275984104457617,15005.485770089286,14998.816685267857,54.0811710813764
0.0017075625943965,645.9191109793527,667.5946103050595,661.2624087744076,33.74846150372135,34.44444209743651,637.8536376953125,1,Train,2021-03-17,-0.01246107306076838,-0.009399536958636379,-0.028046078373951233,0.0039057844095685993,0.007852163379020548,-6.128949846540195,-18.638227190290195,751.0950721535734,609.2309323107123,141.86413984286105,14721.2998046875,-0.012685759862868795,14974.514369419643,14970.559523809523,44.563532000702175
0.016062500334212,643.8602730887277,662.8427647181919,659.1343386763081,30.2347694051252,49.72738692321028,641.4447631835938,1,Train,2021-03-18,-0.014298094738463107,-0.015567903228025481,-0.01832153335997022,0.00367649931383544,0.006867414581377849,-10.18206787109375,-12.01667131696422,743.8305546781008,607.5928697429371,136.23768493516377,14557.849609375,-0.011102973071742905,14917.607142857143,14934.578543526786,38.970883586251624
0.0056300149063297,641.4141409737723,659.0342668805804,657.5261954496976,27.39017418507757,48.61919774888728,626.9856567382812,0,Train,2021-03-19,-0.01244935954769466,-0.01934867426281195,-0.012547495203816816,0.0031570785975446043,0.006170238541828266,-12.655378069196445,-8.150408063616055,734.5986041540382,607.4214615895444,127.1771425644938,14744.0,0.012786942826028547,14866.978515625,14912.4404296875,55.205320639006665
-0.0225414677540581,635.6046055385044,654.5848039899554,654.7497828395689,24.338291286411643,37.047421703865965,621.3560180664062,0,Train,2021-03-20,-0.015968726215902285,-0.026936904078916912,-0.01914162935130126,0.003021159624349439,0.005718052452232243,-17.59517996651789,-12.403939383370584,723.1700596316791,608.6903878432092,114.47967178846989,14744.0,0.012786942826028547,14866.978515625,14912.4404296875,55.205320639006665
-0.0089788954681382,632.2319771902902,650.2862781343006,651.7139860420086,21.57496921185348,38.26814634614691,627.9719848632812,1,Train,2021-03-21,-0.018060278579782874,-0.026586640199707134,-0.02731930561231577,0.00242460707227312,0.004968455627173985,-17.268022809709805,-17.757254464285666,709.2765052497506,612.1719967731291,97.1045084766215,14744.0,0.012786942826028547,14866.978515625,14912.4404296875,55.205320639006665
0.0106476264886967,630.0117274693081,646.3628191266741,649.555622298488,17.138905780393003,39.35475615163068,632.2544555664062,1,Train,2021-03-22,-0.01777699114514919,-0.024627516417536577,-0.033795566125406906,0.002002018669844178,0.004149201164711908,-15.90738351004461,-22.036333356584805,696.5496874869517,615.5684303632157,80.98125712373599,14736.400390625,-0.000515437423697751,14804.350027901786,14894.22377232143,49.31620187086616
0.0068195250844786,630.8052280970982,643.2899257114956,647.9827889592078,12.90963469761628,40.11275603855277,632.2063598632812,0,Train,2021-03-23,-0.007550885250965256,-0.02027620826643306,-0.035528453446335484,0.0031090398872658984,0.0037886193047292787,-13.05504499162953,-23.23711286272328,685.6644218622847,618.6486012961976,67.01582056608709,14814.75,0.00531673999743143,14773.464285714286,14886.271391369048,47.035101310555476
-7.60701687454457e-05,631.438982282366,641.7888793945312,646.5485681323054,12.229011363597207,39.95525644629912,619.2869873046875,0,Train,2021-03-24,-0.001254278392320951,-0.015551822222475975,-0.034599589342912074,0.0035768269859472995,0.0038751356510438447,-9.97515869140625,-22.630536760602695,677.1082507499773,620.8807916956141,56.22745905436318,14549.400390625,-0.017911176994211853,14719.164341517857,14880.257114955357,29.50667082143724
-0.0204353726548838,628.786603655134,640.8787027994791,644.070242602522,13.168965198640354,35.66635328173447,635.5984497070312,1,Train,2021-03-25,-0.0019446047760021123,-0.010726797483781692,-0.03737475484780395,0.0035953486108833347,0.0036482774101610355,-6.818001883370471,-24.41318184988836,670.5823294568369,621.9213134700605,48.66101598677642,14324.900390625,-0.015430189146808937,14635.514369419643,14862.02380952381,28.50562748826958
0.0263391008316449,627.951416015625,640.4712059384301,643.3000796120227,13.194860586635183,40.81583843716382,627.4427490234375,0,Train,2021-03-26,-0.004524078042412616,-0.006770554684197516,-0.033177188582563466,0.0036671117408752295,0.0033061501143530425,-4.280561174665195,-21.548583984375,665.777472716809,622.1105652644968,43.666907452312216,14507.2998046875,0.012733031929623273,14604.942940848214,14839.419038318452,38.02002117153889
-0.0128315301702718,628.0167149135044,639.2212204706101,641.8585041039695,13.122908859477858,33.80198439490806,634.63623046875,1,Train,2021-03-27,-0.005419791088113857,-0.003166627649643039,-0.027716157892749727,0.0026459159926029464,0.0029908742077345367,-1.9950125558036689,-17.90239606584828,662.7711976082511,621.4627780474408,41.30841956081031,14507.2998046875,0.012733031929623273,14604.942940848214,14839.419038318452,38.02002117153889
0.0114647614567362,629.9138881138393,638.7384614490327,641.2019337734949,13.094860523619374,45.245925588791394,639.375732421875,1,Train,2021-03-28,0.0017927933772006188,-0.0014130193339514374,-0.021660576926084807,0.0026321339600139004,0.0033051462605581286,-0.8913399832588311,-13.94638497488836,661.0917520565289,620.545917969978,40.54583408655094,14507.2998046875,0.012733031929623273,14604.942940848214,14839.419038318452,38.02002117153889
0.0074680607970085,631.5429949079241,638.2515026274182,641.0359154688023,12.858694053700509,48.1512487258595,657.6119384765625,1,Train,2021-03-29,0.005719517148456976,0.00016472316166193934,-0.015389660806140237,0.0024824253923634793,0.00358222426067579,0.10401262555808444,-9.871146065848166,660.1559333794893,619.679581234071,40.47635214541833,14507.2998046875,0.012733031929623273,14604.942940848214,14839.419038318452,38.02002117153889
0.028521892730603,635.1654924665179,638.490240187872,642.542826651326,13.180885655028783,63.63734278854905,669.8095703125,1,Train,2021-03-30,0.011383100773039168,0.010144759405342763,-0.0006908588581017172,0.0032222575029796263,0.004048409181946649,6.378888811383945,-0.43911307198652594,659.2461033896598,619.3051059783647,39.94099741129503,14845.099609375,0.02328481586755049,14645.97865513393,14827.407133556548,47.376855122126905
0.018548373474172,640.5373796735491,639.2984909784226,645.0216215296145,14.553499884422196,66.8883051107612,674.3806762695312,1,Train,2021-03-31,0.016864990215599063,0.020042893983395427,0.013136637789453509,0.00428447870343024,0.004678497959389222,12.58596365792414,8.305402483258945,658.143410415859,619.462613754063,38.680796661795966,14690.7001953125,-0.010400699094332388,14638.36439732143,14835.09998139881,40.42911213357083
0.006824485883202,648.4079066685268,640.3515944707962,647.6906265059706,16.241018960173555,65.35383456540156,668.3179321289062,0,Train,2021-04-01,0.026704297089165774,0.03246918636207141,0.029199740889132908,0.004776997285610509,0.005727394650843993,20.39119175502242,18.39617919921875,657.4995772144704,619.7424315397149,37.75714567475552,14867.349609375,0.012024574166918489,14657.07142857143,14840.13806733631,43.10695367239852
-0.0089900917300332,653.0821184430804,640.8158918108259,649.5658361080557,16.91327423038613,61.06597714068562,671.1568603515625,1,Train,2021-04-02,0.028207807554197384,0.036779996069961296,0.03531500589046033,0.004111521660488202,0.005843545414690875,23.168230329241055,22.276890345982224,657.2906321624929,619.8553543400184,37.43527782247452,14867.349609375,0.012024574166918489,14657.07142857143,14840.13806733631,43.10695367239852
0.0042478707904978,659.3269914899554,640.9827706473214,651.5286564938291,17.206057113333614,70.11396880824412,666.4654541015625,0,Train,2021-04-03,0.02933413788588335,0.043993832258533816,0.04416580222333888,0.0035023412087880888,0.005406364861619907,27.78399658203125,27.888009207589334,658.5889032073283,619.0828305398816,39.50607266744669,14867.349609375,0.012024574166918489,14657.07142857143,14840.13806733631,43.10695367239852
-0.0069900294955527,663.8740234375,642.0066295805432,652.8865471854411,18.072724823099943,70.71823792952458,664.1558837890625,0,Train,2021-04-04,0.02385244937625286,0.045198505446980786,0.05580179281556408,0.0030492184903779134,0.0049957904927950434,28.70853097098211,35.087419782366055,661.2219868938337,617.517170646624,43.70481624720969,14867.349609375,0.012024574166918489,14657.07142857143,14840.13806733631,43.10695367239852
-0.0034654013922048,667.414045061384,642.9895891462054,653.9110323312249,18.708948864801403,67.30331982349847,663.2656860351562,0,Train,2021-04-05,0.02194506052695222,0.04195955808470164,0.06284344304237854,0.0024179439648384926,0.00458218889607765,26.876665387834805,39.462629045758945,665.1273331617548,615.4032288848413,49.72410427691352,14637.7998046875,-0.015439860548026041,14631.79282924107,14826.742838541666,41.5117389184913
-0.0013403446022756,668.2217232840402,644.7308146158854,654.7614553952187,18.818334096525305,65.32699364220926,655.63916015625,0,Train,2021-04-06,0.013490622875887981,0.03055764189754462,0.06401901002917287,0.00347507540552042,0.0045845912161948535,19.81381661551336,40.20500837053578,669.1418173304882,613.6190059465767,55.5228113839114,14683.5,0.003122067245233451,14650.949916294643,14799.97619047619,44.557757287174745
-0.0114984478158305,666.1973789760044,646.0579136439732,654.8412467371306,18.54310442976361,60.774312031651405,657.9487915039062,1,Train,2021-04-07,0.0034996934003745928,0.02008210018701817,0.05760071582293458,0.005139522540975482,0.004911533400490398,13.115260532924026,36.28349086216508,672.3938928946627,612.6006409711297,59.793251923533035,14819.0498046875,0.009231436965811968,14721.542689732143,14787.51427641369,48.07707479672391
0.0035227172018001,663.8499668666294,647.0148257300967,655.1237508068375,18.61691163263725,69.69845673886962,662.90478515625,1,Train,2021-04-08,-0.005340130644728491,0.006859988192585487,0.051155617620959326,0.005204239594677507,0.004828861343814727,4.522975376674026,32.306971958705276,674.9918103238421,612.2463061312361,62.74550419260595,14873.7998046875,0.0036945688638336804,14773.899832589286,14784.452380952382,53.40068205277852
0.0075324914588195,663.07666015625,648.0367315383185,655.8311175658749,18.882959338306723,65.73333023862324,650.105712890625,0,Train,2021-04-09,-0.007699634639987907,-0.0012010761878004095,0.04394314241056385,0.0051393408253979185,0.0048154484692639315,-0.79736328125,27.91116768973211,677.2802391747971,612.7050827420555,64.57515643274155,14834.849609375,-0.0026187118170183377,14772.435546875,14778.673781622023,56.54012271952971
-0.0193075575138715,660.069353376116,649.1376865931919,655.3106262317613,18.25787755785492,62.394699631073166,638.3170776367188,0,Train,2021-04-10,-0.009198513523586027,-0.011004700514794186,0.030493105199452142,0.004486630970155825,0.005238285383268983,-7.34469168526789,19.531973702566916,678.7558693884813,614.0131901469539,64.74267924152741,14834.849609375,-0.0026187118170183377,14772.435546875,14778.673781622023,56.54012271952971
-0.018133412797573,656.0481567382812,649.9453560965402,653.7657581776665,17.318440172038795,51.916765460272266,631.2921142578125,0,Train,2021-04-11,-0.011752369537913365,-0.018217855124390114,0.01178309208012207,0.0038865364132763037,0.005843613658380225,-12.173566545758945,7.640250069754416,679.3721922851695,616.0005101771632,63.371682108006326,14834.849609375,-0.0026187118170183377,14772.435546875,14778.673781622023,56.54012271952971
-0.0110054448251881,651.3533325195312,650.1034574962798,651.7226996394979,17.12185280640591,45.88840114492205,629.1027221679688,0,Train,2021-04-12,-0.017680199502054905,-0.02228175451438974,-0.0026471187538720242,0.002858116982958209,0.006436868089475375,-14.844046456473166,-1.7287859235491396,679.4120426702059,618.01547023437,61.39657243583588,14310.7998046875,-0.03532558930400764,14718.1640625,14741.168991815477,41.17932926657098
-0.0034681125273008,646.4729091099331,649.953374953497,649.666338051177,17.299028679031565,32.670391094615255,616.520263671875,0,Train,2021-04-13,-0.02059850862131385,-0.026176182306246076,-0.01949576241520845,0.002326222439329096,0.00684057069892809,-17.37705775669633,-12.854082380022305,679.1005327028189,619.8303728845136,59.270159818305274,14504.7998046875,0.013556195506029933,14666.37123325893,14709.264229910714,45.616940901639495
-0.0200006422682975,640.8844953264509,649.2064179920014,646.6530585621495,18.40682945453569,17.758407780298725,620.5860595703125,1,Train,2021-04-14,-0.023113640753478548,-0.03346847531108954,-0.03462935331015171,0.0026006573304953027,0.006986255509638449,-22.19216482979914,-22.98952811104914,678.3930382842519,621.7476564702123,56.64538181403964,14504.7998046875,0.013556195506029933,14666.37123325893,14709.264229910714,45.616940901639495
0.0065947481989032,635.5469621930804,649.2682785760788,644.2833313810733,18.30314130625,17.25244388629008,636.176025390625,1,Train,2021-04-15,-0.024266967768951875,-0.037151234271987965,-0.04774709657986398,0.0026212581798931963,0.006355213881553367,-24.522391183035666,-31.867082868303555,677.7076774687174,623.1925719034922,54.51510556522521,14581.4501953125,0.005284484560774683,14658.3212890625,14687.859468005952,45.581941549711225
0.0251213600110624,631.7285679408482,649.2957821800595,643.5463035637598,18.28199472196785,32.467260931722564,643.1047973632812,1,Train,2021-04-16,-0.02280736123867122,-0.037069822615376946,-0.05461234508187329,0.0014456781685398237,0.005944633799979728,-24.319588797433084,-36.49315534319203,677.2940913268801,623.9773433480641,53.31674797881601,14617.849609375,0.002496282165007191,14648.942661830357,14673.018973214286,51.419314601372086
0.010891281180239,630.7284371512277,650.0415940057663,643.5061666364435,17.654629583018323,35.351767298335616,640.0734252929688,0,Train,2021-04-17,-0.0158469400481438,-0.031664680809298074,-0.053240890679118524,0.002378239879428941,0.004876163378814277,-20.624895368303555,-35.46894182477672,677.2036888439851,624.149200734698,53.05448810928715,14617.849609375,0.002496282165007191,14648.942661830357,14673.018973214286,51.419314601372086
-0.004713651776104,630.9793439592634,650.3005080450149,643.1940992415822,17.456159815344208,35.97546459575676,642.43115234375,1,Train,2021-04-18,-0.00718690908073194,-0.023966302272436013,-0.04951513828119225,0.003534853474410717,0.00409240589520998,-15.493565150669724,-32.870622907366055,677.2621514057324,624.0343730780847,53.227778327647684,14617.849609375,0.002496282165007191,14648.942661830357,14673.018973214286,51.419314601372086
0.0036835259168932,632.5706351143973,650.4460042317709,643.1247404326883,17.37308521070202,38.46153846153846,651.4049072265625,1,Train,2021-04-19,0.001332957248227462,-0.012972478305655843,-0.04600678454684881,0.004547348165951916,0.003666484224375817,-8.313860212053555,-30.506025041852695,677.4733294573992,623.5637092912058,53.90962016619346,14359.4501953125,-0.017676978554819645,14583.285574776786,14646.78087797619,50.70646858362425
0.013968430469279,635.7566615513393,650.1504313151041,643.877482868495,17.29771089738264,44.19863640624562,652.5838012695312,1,Train,2021-04-20,0.007972090845978608,0.0003299510039909137,-0.036833541355044574,0.005403328460963732,0.004177078781270705,0.2096993582589448,-24.31269182477672,677.6879532301829,622.8710137062011,54.81693952398177,14296.400390625,-0.004390823034999047,14500.79994419643,14626.547572544643,45.46627876756242
0.0018097715106077,640.9085954938616,649.3301565987723,644.6689663594982,16.717544266711926,48.40495258414951,647.603759765625,0,Train,2021-04-21,0.015736254490193557,0.014531601100352676,-0.02307690539013174,0.005852592640103113,0.005213523940634352,9.180027553013474,-15.13956124441961,677.6242193512398,622.1848164676776,55.43940288356225,14296.400390625,-0.004390823034999047,14500.79994419643,14626.547572544643,45.46627876756242
-0.007631267423767,644.7682669503348,648.0550653366815,644.9357657600551,15.701647404301244,44.74587914216968,646.6653442382812,0,Train,2021-04-22,0.01928264000704294,0.022259706352419917,-0.010109820953436155,0.004872135655884159,0.005705278200158992,14.03982979910711,-6.585065569196445,677.2571969700156,621.7204536996275,55.536743270388115,14406.150390625,0.007676757575422188,14439.557198660714,14619.323800223214,39.53810546151283
-0.0014490581828668,646.2667410714286,647.0239897228423,645.0930001671666,14.999761202968116,41.40126647487055,648.6141357421875,1,Train,2021-04-23,0.016531607383307723,0.024228046858459695,-0.00031891210845691464,0.003349526313246475,0.0058226562768023534,15.287397112165195,-0.20616803850452925,676.2419416220682,621.4296840057218,54.812257616346415,14341.349609375,-0.004498133053794207,14443.921456473214,14600.149972098214,41.30210990120339
0.0030136012719248,647.0537894112723,645.9505266462054,645.4131034012594,13.956702798273437,49.10768403879774,651.380859375,1,Train,2021-04-24,0.009588253240191635,0.0228957107600416,0.009626218343258497,0.002796034970576374,0.005819043924512655,14.483154296875,6.169294084821445,674.4745344639248,621.5150677612426,52.95946670268222,14341.349609375,-0.004498133053794207,14443.921456473214,14600.149972098214,41.30210990120339
0.0042655925616648,648.6691371372768,645.2322126116071,645.9556266715994,13.216621824307444,58.760927777409385,652.2950439453125,1,Train,2021-04-25,0.00605003438738172,0.020310405485062688,0.020647057927734913,0.0024828451785844597,0.0057391635070809174,12.9124755859375,13.122174944196445,671.9208299940337,622.1942814387228,49.726548555310956,14341.349609375,-0.004498133053794207,14443.921456473214,14600.149972098214,41.30210990120339
0.0014034562992681,650.0782645089286,644.6674107142857,646.531937332846,12.606865351274932,65.34263579163635,650.8274536132812,0,Train,2021-04-26,0.0058977558263031415,0.014307296047420204,0.02904680506675872,0.0025198431204107342,0.005479107836467423,9.169669015066916,18.34969656808039,669.0051179775961,623.2956475776494,45.70947039994667,14485.0,0.010016518287169873,14441.09291294643,14588.178524925595,40.32148818187571
-0.002249887295103,649.9957711356027,644.0751139322916,646.9224388128855,11.965250181824262,66.03905198098771,659.80126953125,1,Train,2021-04-27,0.004546734402107733,0.0081075705074527,0.030547748998600133,0.0028670733810073827,0.005054500675354744,5.22750418526789,19.267333984375,666.2707145336021,624.4098902376031,41.86082429599901,14653.0498046875,0.011601643402658013,14451.32142857143,14580.478515625,50.39843239712606
0.0137883180375193,651.026838030134,644.2733096168155,648.0932416054641,12.19857395560866,83.75219186767117,671.6139526367188,1,Train,2021-04-28,0.003634674070146504,0.007365529828772699,0.03177202908906129,0.0018910632357953883,0.004334561104306376,4.76009695870539,20.047494070870584,663.9613128549064,625.4369790326494,38.52433382225695,14864.5498046875,0.014433855260107098,14486.56431361607,14595.485630580357,54.353100951931914
0.0179033955388734,654.4568655831473,644.9240315755209,650.2314880628509,13.281008746492796,85.50372473562489,672.2394409179688,1,Train,2021-04-29,0.0067354983442284855,0.011441206732767606,0.034598872052908236,0.001645497624679871,0.0034938025125189004,7.403076171875,21.88623046875,662.1341051450352,626.4022072852104,35.73189785982481,14894.900390625,0.0020418099664161193,14563.057198660714,14622.628487723214,51.92089962334331
0.0009313211537584,658.1103079659598,645.3685389927456,652.2322110496798,14.047025718954949,81.69114405275144,676.5940551757812,1,Train,2021-04-30,0.012483984036050444,0.014554678630694484,0.035160695540451536,0.0021049146424836113,0.002709364505329643,9.44117082868297,22.35364641462047,661.6895049608704,626.6509029283595,35.03860203251088,14631.099609375,-0.017710812045177438,14610.871372767857,14628.523716517857,44.44215344554059
0.006477772639859,662.107439313616,646.629888625372,654.4469241520527,15.597370955593233,80.82357541070911,669.6892700195312,0,Train,2021-05-01,0.017020191236677196,0.018504194743035107,0.033076235782762975,0.0023585141441895907,0.002492367219105976,12.0291748046875,21.198843819754416,663.0358412492631,625.9104948975003,37.1253463517628,14631.099609375,-0.017710812045177438,14610.871372767857,14628.523716517857,44.44215344554059
-0.0102052110913923,664.7229265485491,648.1238025483631,655.8325919581871,16.250114620027272,75.44425426949748,653.3535766601562,0,Train,2021-05-02,0.015686382869945614,0.02265730958097878,0.030948575823368518,0.0023405960364415927,0.002330339420202014,14.727155412946445,19.954659598214334,665.6124214037268,624.6708741459383,40.94154725778844,14631.099609375,-0.017710812045177438,14610.871372767857,14628.523716517857,44.44215344554059
-0.0243929447442073,664.8741455078125,649.1743483770462,655.6072269310934,15.814854935359346,57.5665758720972,650.081787109375,0,Train,2021-05-03,0.010277665400437064,0.02126994874677912,0.028792143017502658,0.002622985121660362,0.0024966355424538974,13.847307477678555,18.607404436383945,668.3571830865977,623.7662361028555,44.59094698374224,14634.150390625,0.00020851346320172048,14643.442801339286,14618.478515625,45.32714700310408
-0.0050076859875874,664.7676217215402,650.173351469494,655.104914220028,15.131404178317522,49.004776412126695,655.3745727539062,1,Train,2021-05-04,0.004017750367949047,0.0157546764051526,0.027376135647679378,0.0026300980479114352,0.0026433140061810348,10.31075613839289,17.71383231026789,670.9012997506283,623.6104320783339,47.290867672294326,14496.5,-0.00940610742344028,14665.607142857143,14609.230887276786,55.27227095508462
0.0081417227024094,664.135236467634,652.0235566638764,655.1294286321988,13.04189746202522,51.976819794829936,648.3975830078125,0,Train,2021-05-05,-0.0008841128497953932,0.00915489155654714,0.023842816691745927,0.0030360835313266972,0.0024507996298230197,6.02492850167414,15.46609933035711,672.8021281776179,624.5684310787996,48.23369709881831,14617.849609375,0.0083709591539336,14684.585658482143,14597.349934895834,53.34773492965486
-0.0106458047598279,660.8186122349331,653.3479149228051,654.5174426663455,10.93119579206323,50.54682809433394,648.6382446289062,1,Train,2021-05-06,-0.006099700673097952,-0.0019465527830635487,0.016521622568196115,0.004001209604976545,0.0029644449877419803,-1.2888270786829708,10.74034772600453,673.4459024703696,626.8336612154563,46.612241254913215,14724.7998046875,0.0073164109749706,14694.835658482143,14601.49279203869,54.17016571572078
0.0003711636616183,657.4470127650669,653.9413539341518,653.9829701174873,10.270668103868218,51.37223104288541,656.8180541992188,1,Train,2021-05-07,-0.011012282664301876,-0.01094578431537041,0.01146352324176858,0.004169661092737009,0.0034763346034671636,-7.275913783482224,7.451241629464221,673.0992050863222,629.8522161608878,43.24698892543438,14823.150390625,0.006679247748155426,14688.921456473214,14608.142810639882,55.7645987803273
0.0126107420246122,654.6218697684152,654.5943661644345,654.2407050340083,9.97903298838826,55.25100419649044,654.7490844726562,0,Train,2021-05-08,-0.01432444203656158,-0.015419874285481305,0.005522094525563626,0.003358935241698235,0.0037774312671401016,-10.252275739397305,3.59503173828125,672.0313538639963,633.2843199641287,38.747033899867574,14823.150390625,0.006679247748155426,14688.921456473214,14608.142810639882,55.7645987803273
-0.0031499891230684,652.4875575474331,655.293207077753,654.2869213466126,9.408858194713252,52.17529782482043,670.026123046875,1,Train,2021-05-09,-0.012607173183763365,-0.01847271704103992,-0.0030090723151929843,0.002307854141554216,0.003894480806476875,-12.28006417410711,-1.9693080357142208,670.5716375858149,636.7357284856137,33.83590910020121,14823.150390625,0.006679247748155426,14688.921456473214,14608.142810639882,55.7645987803273
0.0233326612232274,654.8693498883929,656.6072533017114,655.7177578648183,9.44959666992337,59.65926924897989,671.9988403320312,1,Train,2021-05-10,-0.003920715778801709,-0.013951806906864261,-0.004924642629567377,0.003206385975764372,0.003964847819211818,-9.265886579241055,-3.2409580775669156,669.2807458935347,639.9378890115993,29.342856881935404,14942.349609375,0.008041422748121585,14695.699916294643,14614.014229910714,67.75505250464187
0.0029442393621692,658.0003574916294,657.5879167829241,657.1978562709285,9.938657789107625,61.47030112880313,670.6276245117188,0,Train,2021-05-11,0.005160975945410096,-0.004264793229373676,-0.006203044367307342,0.004130575507412319,0.004116207571991909,-2.818254743303669,-4.10708182198664,668.6956402385478,642.2321708663632,26.46346937218459,14850.75,-0.006130201191218876,14727.078543526786,14612.91662016369,66.59676960986684
-0.0020405032538969,660.1793648856027,658.4471464611236,658.4187442928185,10.259209009770084,56.39211435383353,675.751953125,1,Train,2021-05-12,0.011788435272362285,0.004156003552353349,-0.006835271481514971,0.0045134280461941135,0.004164442437477992,2.7323521205357792,-4.543561662946445,668.6109074179087,643.8580134805288,24.752893937379895,14696.5,-0.0103866808073666,14735.985630580357,14606.328543526786,58.46721140603588
0.0076410938440125,664.0871320452009,659.7875366210938,659.9944905502895,10.60465729613451,52.652670277275,681.7425537109375,1,Train,2021-05-13,0.014075757490221497,0.01445912932932436,-0.0011837029126926524,0.004721233341413478,0.004218945970880991,9.465262276785666,-0.7870134626116396,669.0376037895375,645.2133562062774,23.824247583260103,14696.5,-0.0103866808073666,14735.985630580357,14606.328543526786,58.46721140603588
0.0088650880818532,668.8163190569196,661.4578799293155,661.9715872012574,11.18126778978858,55.69990694119138,690.0908203125,1,Train,2021-05-14,0.016437622627625714,0.02502539906027179,0.006090394903552232,0.004464782904786392,0.004363626050184692,16.328761509486526,4.048697335379416,670.2274158557263,646.199797104653,24.027618751073305,14677.7998046875,-0.0012724250884564858,14761.88560267857,14623.804734002977,60.08270436846464
0.0122454826328799,673.5695713588169,663.4329601469494,664.5278811204612,12.396327518249256,57.72518139928104,695.8408203125,1,Train,2021-05-15,0.020282679504129097,0.028555652319979696,0.01420544246584754,0.003581017973678557,0.004460749740107668,18.700221470424026,9.43433489118297,672.4305197120287,646.4867366705049,25.94378304152383,14677.7998046875,-0.0012724250884564858,14761.88560267857,14623.804734002977,60.08270436846464
0.0083322366140099,679.4398193359375,665.5501011439732,667.3745119561011,13.9360449559047,65.16896018239558,688.1902465820312,0,Train,2021-05-16,0.023118483328316675,0.03258275105812669,0.028178999132645766,0.001992395705000666,0.004848686160361894,21.439461844308084,18.621207101004416,675.9174686138181,645.9359432514163,29.981525362401726,14677.7998046875,-0.0012724250884564858,14761.88560267857,14623.804734002977,60.08270436846464
-0.010994718198672,682.0346941266741,667.2593965076264,669.2668514675493,14.421843018373734,72.47070513961219,689.8020629882812,1,Train,2021-05-17,0.01976383454338171,0.0331051383965304,0.037398727021660916,0.0019628301333504045,0.004866814750242844,21.855329241071445,24.587681361607224,679.3382438811022,645.7190602832393,33.61918359786296,14923.150390625,0.01671576048197254,14805.5,14643.72619047619,62.37606447185205
0.0023421087617199,684.5780116489956,669.1153302873884,671.1336888785249,14.706494979455991,76.18144527651206,688.9840698242188,0,Train,2021-05-18,0.016343434677387414,0.030855709461932612,0.04576098548491503,0.002092103955543211,0.004855284910010167,20.490879603794724,29.95614188058039,682.7861646261871,645.6262569000406,37.15990772614646,15108.099609375,0.012393443335275034,14860.257114955357,14668.804734002977,62.73185856811777
-0.0011858375147776,687.2003609793527,670.5049874441964,672.7564507826789,15.154340776401122,73.54233325865793,686.6505126953125,0,Train,2021-05-19,0.01142197060366601,0.027487430253430256,0.05320071322493547,0.002001633835951432,0.004791088200260127,18.384041922433084,34.71280343191961,686.4644996208115,645.222271445037,41.24222817577447,15030.150390625,-0.005159432408138875,14889.828543526786,14688.43810453869,55.00757448241037
-0.0033869536773203,688.7572980608259,671.2210141136533,674.019547320191,15.55918135886856,78.65922584751809,703.4913330078125,1,Train,2021-05-20,0.009856689098140192,0.022548118780618687,0.05174764734096704,0.0023887071101356674,0.004289834605287821,15.187726702008945,33.88794817243297,690.0316469797622,644.7198230955728,45.31182388418938,14906.0498046875,-0.00825677606093067,14884.642857142857,14714.46665736607,50.319055882985836
0.0245260434546166,691.8642665318081,672.7091994512649,676.6988005645202,17.081554630591388,82.91012556713942,705.5363159179688,1,Train,2021-05-21,0.010643425232518933,0.018286310048789556,0.05146487939500766,0.002242966932345348,0.0036144433299690262,12.424447195870584,33.86390904017867,693.8511056661159,643.8760471310381,49.97505853507778,15175.2998046875,0.01806313567497475,14931.007114955357,14756.319010416666,65.52462300078284
0.0029069056208734,694.0707659040179,674.08740234375,679.3203928693791,18.51786885147141,81.55210089082703,714.870849609375,1,Train,2021-05-22,0.00999767362588977,0.017647301348438837,0.05133665609843474,0.0020691303169638724,0.0028117323852131964,12.03607177734375,33.891401018415195,697.6342613144545,643.0276754182464,54.60658589620812,15175.2998046875,0.01806313567497475,14931.007114955357,14756.319010416666,65.52462300078284
0.0132304085286683,696.7893415178571,676.2389061337426,682.5522525730152,20.49995975509129,85.58829883859816,714.6063232421875,0,Train,2021-05-23,0.011661645516708452,0.01783774772351676,0.049243853546661276,0.000706740849273345,0.0018320297604406631,12.211329868861526,32.70220947265625,701.5216110278593,642.3318453058462,59.189765722013135,15175.2998046875,0.01806313567497475,14931.007114955357,14756.319010416666,65.52462300078284
-0.0003700337862875,700.5630667550223,679.1557035900298,685.4662589974854,21.418012902980823,82.09243509911543,722.7860717773438,1,Train,2021-05-24,0.012572986702752864,0.019445137887625696,0.04746706501251041,0.0009877613413100464,0.0018145440688647192,13.36270577566961,31.746747698102695,705.7199297521337,641.71307108492,64.00685866721369,15197.7001953125,0.001476108604989923,15002.607142857143,14794.01185825893,65.90107126777065
0.0114465101540726,705.2750680106027,682.6178123837426,688.8589692501997,22.339686434227414,83.56148692143503,726.5151977539062,1,Train,2021-05-25,0.01614288147115861,0.023981989005825488,0.04707085652314302,0.001466650277805743,0.0018835769671049672,16.517769949776834,31.70549665178578,710.3675616300588,641.1794223612917,69.18813926876715,15208.4501953125,0.0007073438653115716,15078.414341517857,14835.30236235119,71.63785821600312
0.0051593771963431,710.6366577148438,686.0054611932663,692.2822627505367,23.372011769218904,85.81578259774355,727.3812255859375,1,Train,2021-05-26,0.01987303101798643,0.027133054980767124,0.04591552848550595,0.0019070857291199638,0.001941181992691871,18.772391183035666,31.19683837890625,715.4049831276495,641.123805411692,74.28117771595748,15301.4501953125,0.006115021504864648,15132.45717075893,14874.180943080357,71.1405451669271
0.001192029891059,716.4553309849331,689.7665870303199,695.4730775537549,23.372582914037288,84.99693014465555,718.4075317382812,0,Train,2021-05-27,0.022684987239654397,0.032251127954884495,0.050467574677170335,0.0019070651546744244,0.00208812137003356,22.384565080915195,34.420636858258945,720.6939080798436,641.7357122814844,78.95819579835916,15337.849609375,0.002378821196545866,15165.278599330357,14906.790457589286,69.823773383042
-0.0123369885446624,718.5862165178571,693.0889340355283,697.5580279341664,22.16136054540005,73.88732790891689,707.4849853515625,0,Train,2021-05-28,0.01887369781098558,0.03128187201101351,0.049677617875782065,0.0021348724963909473,0.0021248406752092763,21.796875,34.008204868861526,725.1644219690019,643.6616330672704,81.50278890173149,15435.650390625,0.006376433707514062,15223.20717075893,14933.98572358631,69.81303970947614
-0.0152038305615898,718.8645978655134,695.5016450427827,698.460478608475,20.72672541836166,60.96455926462282,705.2957763671875,0,Train,2021-05-29,0.011578265856883485,0.026124030767512352,0.04607715403559287,0.002787863708679096,0.002389334106772186,18.301531110491055,31.664236886160666,728.347124801144,647.1166342669362,81.23049053420777,15435.650390625,0.006376433707514062,15223.20717075893,14933.98572358631,69.81303970947614
-0.0030943539858829,717.4967302594866,697.9086303710938,699.0818693138125,18.58148487198525,56.24014089159372,708.6879272460938,1,Train,2021-05-30,0.0014535438980152193,0.017328929949782745,0.04172650116314669,0.0038431834823367144,0.0026722969600062683,12.221662248883945,28.73943219866078,730.4545348052087,651.2719622999808,79.18257250522788,15435.650390625,0.006376433707514062,15223.20717075893,14933.98572358631,69.81303970947614
0.0048095437298354,716.6512451171875,699.7496686662946,699.9551473076563,17.56845577348554,64.33389559083133,704.8385620117188,0,Train,2021-05-31,-0.002692747726286915,0.008463660489573588,0.03582636043574294,0.0042786211612003446,0.002998358255894369,6.01458740234375,24.786978585379416,731.7945105739117,655.7970752938337,75.99743528007798,15582.7998046875,0.009533088035724946,15319.8857421875,14966.742838541666,70.34920197565248
-0.0054316788622791,714.0873151506696,701.313464936756,700.3990940989346,16.397326753553557,60.19585673041267,704.9588623046875,1,Train,2021-06-01,-0.006645594634968388,-0.003305182796264572,0.028839349285343374,0.004642990699436265,0.0035494604062996688,-2.368015834263474,20.01654924665172,732.0170605166264,660.9653203776257,71.05174013900069,15574.849609375,-0.0005101904286871628,15376.964285714286,15011.683314732143,74.29864460989933
0.0001706777969487,711.0078386579241,702.9482857840402,700.8136184812757,14.82057554445571,60.93555845798895,692.5928955078125,0,Train,2021-06-02,-0.009043792574797926,-0.01054623326433457,0.020405732827505796,0.004328151169384771,0.004040500594454896,-7.578377859932971,14.21849714006703,731.4289515563773,666.2454999991471,65.18345155723023,15576.2001953125,8.67158252806366e-05,15431.035714285714,15056.54282924107,82.89581219859026
-0.017541401999611,706.0380772181919,703.7502354213169,700.0662800291427,13.687726618059918,53.57660307934651,715.0633544921875,1,Train,2021-06-03,-0.014809390161961034,-0.017842749087111143,0.007815157154272612,0.003261124190586894,0.004764159049044846,-12.826520647321445,5.47501046316961,730.173985209554,671.2226421620979,58.95134304745602,15690.349609375,0.0073284506253876724,15499.878487723214,15113.392810639882,85.3408238015285
0.0324439640229048,705.5603376116071,705.3369402204241,701.429650434874,12.918698722687973,56.522929820601874,708.3511352539062,0,Train,2021-06-04,-0.011941085296079401,-0.016636163127269787,0.0004044799170472846,0.002526154132320738,0.0047372526280650435,-11.93639264787953,0.28526960100441556,728.9075946387582,675.6881093581726,53.21948528058556,15670.25,-0.001281017305247989,15552.564174107143,15163.507114955357,80.94095645463707
-0.0093868874640458,705.6840733119419,706.2064790271577,702.0588763275133,12.447125533109975,51.50734880753472,714.7747192382812,1,Train,2021-06-05,-0.007487632423337498,-0.015303359730369559,-0.006969221681903615,0.002485202270080981,0.0047187000231448525,-10.967171805245584,-4.952584402901834,727.966674997734,679.2534543967973,48.713220600936666,15670.25,-0.001281017305247989,15552.564174107143,15163.507114955357,80.94095645463707
0.0090683612472399,707.0382080078125,707.1080932617188,703.214862046674,12.344058221831927,49.94686518060103,719.369873046875,1,Train,2021-06-06,0.0014165394500551542,-0.009871491893634565,-0.013144047604718878,0.0030329219444034366,0.004659937709470925,-7.04910714285711,-9.417122977120584,727.0218856669892,682.698595115656,44.32329055133323,15670.25,-0.001281017305247989,15552.564174107143,15163.507114955357,80.94095645463707
0.0064288141213089,708.5642002650669,708.5928373790923,704.6834994103286,11.818815552345985,52.51269774222296,716.6271362304688,0,Train,2021-06-07,0.0042574142753377675,-0.003436865615250806,-0.013946852893108819,0.003435797921935558,0.00450408385709144,-2.443638392857224,-10.022016252790195,726.0936871622038,686.0254124820486,40.06827468015513,15751.650390625,0.0051945814919991395,15611.67857142857,15212.404761904761,79.15292327293318
-0.0038126934685066,710.2482822963169,709.8702218191964,705.7692845757958,11.115032266867694,46.55357552706646,713.2349853515625,0,Train,2021-06-08,0.006467779502170368,0.005963141668949845,-0.011986006258731363,0.0036019334975108913,0.00420555580804459,4.210205078125,-8.616315569196445,725.2283581258638,689.1955336500849,36.03282447577885,15740.099609375,-0.0007333060957773752,15655.171316964286,15256.069010416666,84.21931601659875
-0.0047334948781723,711.4305855887277,711.0250273204986,706.44798464632,10.044809713675724,42.540511001206085,720.5968017578125,1,Train,2021-06-09,0.006212362403004157,0.008319980112532877,-0.008454595561104616,0.0033178601336235265,0.003704952029275297,5.870247977120584,-6.066144670758945,724.1957423792495,692.4954781494893,31.70026422976025,15635.349609375,-0.006654976944212576,15662.678431919643,15289.069010416666,85.82019180129562
0.0103217264400192,715.4311436244419,712.6415172758557,707.7342407473648,8.54573610361732,46.44836783912663,721.0779418945312,1,Train,2021-06-10,0.009691349572566788,0.013812229411320986,-0.0017025038344083976,0.0019927103553783235,0.003316587739286366,9.7470703125,-1.2201014927455844,723.6223077015026,695.4256005364995,28.19670716500309,15737.75,0.0065492869160790335,15685.949916294643,15331.307105654761,83.04055054102956
0.0006676967418466,716.2903703962054,713.4789748418899,708.9473044880162,8.465552139665157,51.53438693260089,718.6480712890625,0,Train,2021-06-11,0.008507008394802007,0.013085802554380077,0.0030851342669082626,0.0016932762276938122,0.0032228088919616926,9.25216238839289,2.2030552455357792,723.0014834286143,698.2683852586066,24.73309817000768,15799.349609375,0.003914130633349666,15717.828404017857,15383.823753720239,83.7872195270692
-0.0033697752549254,717.7613612583706,714.1033441452753,709.8291923790205,8.332942488458166,57.107880476180114,728.0548706054688,1,Train,2021-06-12,0.008898655466722749,0.01297999671711203,0.009498520597458038,0.0014590332840772524,0.0032774167673524962,9.197160993303669,6.753522600446445,722.5755317796577,700.7915388816148,21.783992898042925,15799.349609375,0.003914130633349666,15717.828404017857,15383.823753720239,83.7872195270692
0.0130895770714767,719.6585257393973,714.7311546688989,711.4860722177885,8.87281682760915,63.27158186962789,735.537109375,1,Train,2021-06-13,0.005908859507483877,0.013249230836090087,0.01929137954552007,0.0014424949021442058,0.0033105944739823304,9.41024344308039,13.62044852120539,722.7453444902695,702.5312720694404,20.214072420829098,15799.349609375,0.003914130633349666,15717.828404017857,15383.823753720239,83.7872195270692
0.0102770259105728,721.9681309291294,715.7278587704614,713.6725301411714,9.966313102361,64.94380831573062,731.7118530273438,0,Train,2021-06-14,0.007926618544073838,0.014811768785118584,0.023254982519375078,0.0014518386938224507,0.0033750870148595057,10.53754534040172,16.407793317522305,723.7749104031408,703.1710124484217,20.60389795471906,15811.849609375,0.0007911718082738162,15735.185546875,15437.826125372023,83.81902352571561
-0.0052006299871214,724.1230904715402,716.1528959728423,715.3124685853688,10.460458521374258,64.96124210128568,718.2632446289062,0,Train,2021-06-15,0.008863292950203272,0.012149243046736924,0.02612928059019337,0.0014487419240396203,0.0032119754146859546,8.69194684709828,18.43901715959828,725.3901021706881,702.9044639565439,22.485638214144274,15869.25,0.003630213545097627,15763.61411830357,15482.878487723214,83.14647736692142
-0.0183796508732173,724.8414132254464,715.7599458240327,715.5807209529631,10.203571719225788,56.44979651594585,723.0027465820312,1,Train,2021-06-16,0.007201870471449157,0.011937955866293759,0.025179976154042993,0.0015527402228870599,0.002826566993506114,8.551042829241055,17.803205217633945,726.7574006103295,702.3757737409541,24.381626869375395,15767.5498046875,-0.006408632752808119,15765.885463169643,15514.28087797619,73.30762507614483
0.0065985583817165,725.1851196289062,715.5514468238467,716.2554505556056,9.99687107951442,65.91946505152853,731.7118530273438,1,Train,2021-06-17,0.004455859700672304,0.010342933976719593,0.02345718194289459,0.001064863089964181,0.0015351314261293023,7.423758370535666,16.620919363839334,727.8770376594954,701.9160270028932,25.961010656602184,15691.400390625,-0.0048295020472909345,15758.928431919643,15545.768973214286,64.20595950763436
0.0120457446205903,726.7042497907366,716.1849859328497,717.6605780530364,10.590848236512636,60.18254510431949,730.5811157226562,0,Train,2021-06-18,0.003564531159357953,0.009790371126501052,0.023169316849617205,0.001014305619806457,0.001341861779836634,7.045724051339334,16.455967494419724,729.2127297585748,701.3643000963359,27.848429662238914,15683.349609375,-0.000513069646403852,15765.785574776786,15582.783249627977,56.60597677196828
-0.0015453314033512,728.4089704241071,717.2848016648065,718.8351723866382,10.838538606883288,64.59259520428736,715.0152587890625,0,Train,2021-06-19,0.004921845156150129,0.008921224108173309,0.023865132002062195,0.0010197783610637731,0.0012208039009056143,6.440839494977695,16.978384835379416,730.9286651034547,700.7395887679181,30.189076335536583,15683.349609375,-0.000513069646403852,15765.785574776786,15582.783249627977,56.60597677196828
-0.021306130966986,726.5461687360491,717.7476341610864,718.4879075141313,10.50331849375242,50.1409780823976,695.8408203125,0,Train,2021-06-20,0.0018768298884006551,0.003346224276498333,0.015536121415259396,0.0019932201619628164,0.0017780368240751649,2.423078264508945,11.115025111607224,732.1665286023816,700.4912176308775,31.675310971504132,15683.349609375,-0.000513069646403852,15765.785574776786,15582.783249627977,56.60597677196828
-0.0268168241738449,720.8752702985491,717.1358671642486,716.4290814048921,11.39378066141402,38.22254891537466,686.4580078125,0,Train,2021-06-21,-0.008021116559956853,-0.005471738858364161,0.006400895630926495,0.0038114458396921575,0.0031510542902494173,-3.966142926897305,4.58489990234375,732.5943511204358,700.742190627611,31.85216049282485,15746.5,0.004026588209654625,15767.035574776786,15609.98325892857,60.51454700768805
-0.013484136351452,714.4104352678571,716.2606026785714,713.7044383510383,12.981109831755148,35.840123112674334,680.2990112304688,0,Train,2021-06-22,-0.01921796095962347,-0.014857839838968045,-0.004668579518739557,0.004712489640309297,0.004138946891585674,-10.77468436104914,-3.350925990513474,732.581526841205,701.0952745678353,31.4862522733697,15772.75,0.0016670371193598932,15763.235630580357,15637.36658296131,61.6833790180173
-0.0089721388809459,708.9869733537946,715.0863240559896,710.6675813400775,15.011218200617218,34.93283446648704,668.606689453125,0,Train,2021-06-23,-0.024168037955250354,-0.02438031213116465,-0.01482863330860762,0.004940414249490062,0.00463529532969148,-17.71727643694203,-10.671552385602695,732.3538349510924,701.6178560715081,30.73597887958431,15686.9501953125,-0.005439749231269109,15745.392857142857,15660.152297247023,49.790882953326225
-0.0171870333255308,701.2161080496652,713.9441237676712,706.8438638958091,17.512479108943033,27.122603503509737,665.1422119140625,0,Train,2021-06-24,-0.027271239642805534,-0.03733186091682694,-0.028743682706267926,0.0054125783704197196,0.005116838943422532,-27.192862374441916,-20.75202287946422,732.9194397460104,700.6178283203959,32.30161142561451,15790.4501953125,0.006597840798329813,15734.1357421875,15683.438011532739,56.70608721046168
-0.0051816375661694,691.7061593191964,711.5669265020462,703.0528046247413,20.488338158989787,26.016105267841013,683.9077758789062,1,Train,2021-06-25,-0.031780437165854214,-0.047952918776604125,-0.04476715572104495,0.0053338269197162995,0.005982994638251973,-34.840009416852695,-32.41693115234375,735.1789620254103,696.9605146417214,38.218447383688954,15860.349609375,0.0044266891189239654,15747.392857142857,15708.31896391369,56.143273130272185
0.0282128597895516,685.0385393415179,710.4029570079986,701.312347466029,21.35611854427168,36.93450414769266,679.9862670898438,0,Train,2021-06-26,-0.033778383683117585,-0.04971280391154154,-0.05491252728898466,0.0034024625911169893,0.006116872199043603,-35.83673095703125,-39.802873883928555,738.3282382810216,691.6112715194804,46.716966761541244,15860.349609375,0.0044266891189239654,15747.392857142857,15708.31896391369,56.143273130272185
-0.0057339730989648,680.0343976702009,708.7463640485491,699.3736128863758,22.32723493988838,31.14386245838776,699.1367797851562,1,Train,2021-06-27,-0.03020710753262401,-0.04811805077394693,-0.06226096032115225,0.0022436956332849206,0.005947589956820491,-34.37603759765625,-45.15072195870539,741.5674633949976,685.519066146018,56.048397248979654,15860.349609375,0.0044266891189239654,15747.392857142857,15708.31896391369,56.143273130272185
0.0281630874359735,680.5052490234375,707.7828834170386,699.3520826044468,22.28239144933051,36.91856243976204,691.4381103515625,0,Train,2021-06-28,-0.016193162580456555,-0.04017242262664866,-0.06357331855511061,0.004458690851013577,0.005746892826033926,-28.48172433035711,-46.19900076729914,743.734964724716,680.3772614890119,63.35770323570409,15814.7001953125,-0.0028782098242977616,15765.007114955357,15726.368954613095,54.05967576162432
-0.0110116784815119,681.2166922433036,706.5834059942337,698.6326305814573,22.459760133307043,35.91857831301647,688.4547729492188,0,Train,2021-06-29,-0.00557902494345508,-0.02852104447798154,-0.06478816172915391,0.00562220692017755,0.005581363266043959,-19.99941580636164,-47.192278180803555,745.1009280654637,675.9899088137215,69.11101925174216,15748.4501953125,-0.0041891404314852165,15774.307198660714,15734.257068452382,56.423981087764176
-0.0043146846517135,682.3818010602679,705.4033958798364,697.7073707967083,22.742008961145032,38.75473175224499,680.8523559570312,0,Train,2021-06-30,0.0034518891957660003,-0.013480230200792143,-0.06078673259348777,0.006433651500683454,0.005637163687720687,-9.324358258928555,-44.16436767578125,745.5610257581325,672.2248768646355,73.33614889349701,15721.5,-0.0017112919035373597,15770.735770089286,15741.240420386905,48.9904946333627
-0.0110427253770354,684.1311819893973,703.5108032226562,696.1750967203741,23.065855029250454,34.43495013987521,673.9476318359375,0,Train,2021-07-01,0.005328295367542202,-0.0013245347524429851,-0.05097149232756226,0.006526452262424386,0.005798288623696619,-0.9073573521205844,-36.744088309151834,745.379926595481,669.190057186606,76.18986940887498,15680.0,-0.002639697229908089,15757.485770089286,15746.183268229166,42.395692298502716
-0.0101412943065875,685.3890991210938,701.2665027436756,694.1544180945161,23.55873036529401,28.38106707516253,678.3502807617188,1,Train,2021-07-02,0.006124933410028621,0.00787416264418117,-0.04062277748768084,0.004981905892196704,0.005777477042257924,5.35470145089289,-29.02133614676336,744.6281464827061,666.7046110856531,77.923535397053,15722.2001953125,0.002691338986766656,15762.521484375,15747.699962797618,44.496323128260656
0.0065326276372361,684.5951712472098,699.3475603376116,692.7176783369891,23.71284535247427,30.919307007960043,670.555419921875,0,Train,2021-07-03,0.0032435949837801292,0.0060101259022491416,-0.034403738042183996,0.0033936349446798963,0.005545343109657353,4.089922223772305,-24.391802106584805,743.3762798565546,664.4501422625862,78.9261375939684,15722.2001953125,0.002691338986766656,15762.521484375,15747.699962797618,44.496323128260656
-0.0114909082533155,683.2479073660714,696.6094912574405,690.7029275719788,23.551455276763733,32.78049103364805,692.400390625,1,Train,2021-07-04,-0.0012910895550140022,0.002981745964091065,-0.025624341023154473,0.0016571637117048102,0.005562674838025356,2.0312151227678896,-17.96820068359375,741.5098576782004,662.4445420846343,79.06531559356608,15722.2001953125,0.002691338986766656,15762.521484375,15747.699962797618,44.496323128260656
0.032577427687737,682.2855660574777,694.5553617931548,690.8572423949806,21.802717243406235,48.694510682371074,696.033203125,1,Train,2021-07-05,-0.00452813309636213,-0.00014102809107841008,-0.013619357200738036,0.0018342453824280636,0.005520897156369613,-0.09623500279019481,-9.42059326171875,738.9082547180191,660.8623926034096,78.04586211460946,15834.349609375,0.007133188273225066,15768.79282924107,15755.514229910714,47.99238253600881
0.005246693313851,682.9420078822544,692.8563784644717,691.3277842795278,20.08498360306796,53.7991433038404,694.7340087890625,0,Train,2021-07-06,-0.0024148043024370125,-0.0017382252679739585,-0.0030604576806418926,0.0018294305053823032,0.005458323545221239,-1.1891741071428896,-2.096531459263474,735.6536531892534,659.927053597856,75.72659959139742,15818.25,-0.0010167521731027085,15762.778599330357,15758.685639880952,53.23508701964718
-0.0018665694827552,683.8390415736607,691.7359386625744,691.6374410531218,19.23510447294905,55.95709535211402,701.8554077148438,1,Train,2021-07-07,0.0008651826097325621,-0.0022615730968303938,0.005594781552954453,0.001786355301747548,0.005425792936690218,-1.5500575474330844,3.804643903459805,731.759379010989,659.6867199705957,72.07265904039332,15879.650390625,0.0038816171589777237,15772.057198660714,15765.33091517857,62.242316163302014
0.0102505402581256,686.8394775390625,690.7289225260416,692.5663471132783,18.032303716731416,64.25917578761603,697.1159057617188,0,Train,2021-07-08,0.006674494827582533,0.0032782969937750206,0.009308125873701778,0.0022447466055376154,0.005141555504119724,2.244306291852695,6.334228515625,726.8422319548073,660.6173898016099,66.22484215319741,15727.900390625,-0.0095562557277451,15769.121512276786,15769.738095238095,52.44100807961903
-0.0067528181745528,690.1492309570312,689.0814964657739,692.9799433540456,15.503996652350796,63.56402439498036,692.2078857421875,0,Train,2021-07-09,0.010553199234479393,0.010100760670551434,0.013112624537006123,0.002751572087222246,0.004045156125066872,6.901323590959805,8.932538713727695,720.6358238617147,662.9978239479949,57.637999913719796,15689.7998046875,-0.0024224839292732447,15764.59291294643,15767.454752604166,46.80561928435221
-0.0070404648337042,692.128888811384,687.2541998000372,692.9097562984222,12.298200844364708,53.99026179995317,703.0101928710938,1,Train,2021-07-10,0.012122512365843496,0.014426983720005948,0.014283921018953372,0.0026458682597259083,0.003046988406764138,9.84332275390625,9.747087751116055,713.8481127735743,666.3438070436689,47.504305729905354,15689.7998046875,-0.0024224839292732447,15764.59291294643,15767.454752604166,46.80561928435221
0.0156055822989129,696.7652849469866,686.6825299944196,693.8279778050286,11.170556986851482,60.38185855369986,698.1263427734375,0,Train,2021-07-11,0.014451422395649338,0.020240777262475085,0.018467368964020014,0.0027416452046290607,0.0024411535693618955,13.823277064732224,12.634102957589334,708.0728649460619,669.7080563360252,38.36480861003679,15689.7998046875,-0.0024224839292732447,15764.59291294643,15767.454752604166,46.80561928435221
-0.0069470544626253,697.5832781110491,686.7913643973214,694.2187382567022,11.274893999121554,49.47710077252004,699.810302734375,1,Train,2021-07-12,0.010771651724814868,0.020098642665619115,0.017791615019253415,0.0022003599866276475,0.0024286112234574897,13.744236537388474,12.19417898995539,703.6626618406397,672.4355437257666,31.227118114873065,15692.599609375,0.00017844744498685117,15766.392857142857,15762.371419270834,45.36192932528317
0.0024121134782675,698.1228637695312,687.4271879650298,694.7270623001269,11.626170089168664,54.62021104027334,701.87939453125,1,Train,2021-07-13,0.008660200513290084,0.016427981499981703,0.019760134296122,0.002232885478406137,0.0024359697194562273,11.28338623046875,13.527692522321445,700.6059585181192,674.4058360898607,26.20012242825851,15812.349609375,0.007630985495128417,15779.27134486607,15762.395228794643,56.98215759647915
0.0029566466638035,699.1436331612723,688.4548252650669,695.3772743211381,11.914770629538392,57.48392115017791,720.1637573242188,1,Train,2021-07-14,0.0034134137645314144,0.013032546876519113,0.023264946183997992,0.002213148774780768,0.0024372249850518504,8.994402204241055,15.89572579520086,700.0714020362304,674.7331450829101,25.338256953320297,15853.9501953125,0.0026308921169333477,15782.07142857143,15761.666666666666,53.79739443051931
0.0260505764030585,701.7591116768973,690.909923735119,697.6305909577818,12.892178601311343,69.5829102031633,728.1271362304688,1,Train,2021-07-15,0.005986143442479941,0.013913915487694384,0.028541635039922797,0.0021668166642732794,0.002487708329889785,9.63022286551336,19.47354561941961,702.0094158193546,673.8004265355561,28.208989283798473,15924.2001953125,0.004431072328003882,15797.20717075893,15769.126209077382,53.81675958086454
0.0110577335019441,706.1892874581473,693.9092058454241,700.4030041643897,13.885967302410316,76.7077357258693,728.5841674804688,1,Train,2021-07-16,0.011554447085519115,0.013525361717579898,0.034039902813975065,0.002425219896615872,0.0027623040152436502,9.424002511160666,23.24727957589289,705.1760581472878,672.748859019286,32.4271991280018,15923.400390625,-5.0225736783704455e-05,15803.45717075893,15780.173828125,56.86584858851294
0.0006276805618947,711.3858991350446,696.0366530645462,702.964928102215,15.594357082636868,75.76499978086514,725.3844604492188,0,Train,2021-07-17,0.017510373252513478,0.019786341584005385,0.04028266285878135,0.0028514672493223417,0.002913445700375569,13.80262102399547,27.546857561383945,709.0126766306038,672.0473906824542,36.965285948149585,15923.400390625,-5.0225736783704455e-05,15803.45717075893,15780.173828125,56.86584858851294
-0.0043916779612641,714.5822230747768,698.1984717959449,705.0030674064881,16.384772961488896,79.51301758390646,720.38037109375,0,Train,2021-07-18,0.018272810690320718,0.02357659397713019,0.040391891326800655,0.0026060269029944067,0.0026039618814641635,16.459359305245584,27.742745535714334,712.9707700845474,671.4969946336446,41.47377545090285,15923.400390625,-5.0225736783704455e-05,15803.45717075893,15780.173828125,56.86584858851294
-0.006898533988955,717.7613699776786,699.2100713820685,706.40100410533,17.086371654612005,68.39609239940866,725.9859008789062,1,Train,2021-07-19,0.01638665825869956,0.02662934472023104,0.04000893978010733,0.00237849068361369,0.0022512989044658088,18.61773681640625,27.612139020647305,717.030599007396,671.0916334842334,45.93896552316255,15752.400390625,-0.010738912280361723,15806.95717075893,15783.461960565477,50.22034878843576
0.0077813472022363,721.5007411411831,700.8552042643229,708.1814492665642,17.942390987782073,69.19517516582532,725.7694091796875,0,Train,2021-07-20,0.014218502248128484,0.028131632544267093,0.04243696918971329,0.001890188198217738,0.0021480180588557807,19.74162946428578,29.37185232979914,721.3406467853783,670.6934797143426,50.64716707103571,15632.099609375,-0.0076369809214345,15798.714285714286,15778.014322916666,45.48346545575823
-0.0002982037240071,724.9136003766741,702.632091703869,709.7803547132118,18.49220226001208,70.16890852031312,733.6605224609375,1,Train,2021-07-21,0.014457926559441114,0.02651458079451041,0.04039856180812618,0.001245675995197395,0.002017652560250892,18.724312918526834,28.1483154296875,725.8019238962122,670.3104444422363,55.4914794539759,15632.099609375,-0.0076369809214345,15798.714285714286,15778.014322916666,45.48346545575823
0.0108727554254031,726.8417096819196,705.1467662992932,711.951279053914,18.966868692287864,70.46439020558839,775.2334594726562,1,Train,2021-07-22,0.012650917260319305,0.02172633807567359,0.04194256440621391,0.001496366738280398,0.0020562534544451526,15.455810546875,29.25843157087047,730.0019123853876,670.2557170091436,59.74619537624403,15824.0498046875,0.012279233123449584,15817.492885044643,15780.45717075893,56.31713511175445
0.0566650865611106,733.5711844308036,709.9699009486607,717.704204546527,23.07063668796334,84.09999925399141,777.1099853515625,1,Train,2021-07-23,0.016729633944005284,0.02657351490542137,0.050776621854021764,0.0021766435525426074,0.002481689440005371,18.98896135602672,35.448320661272305,735.009162237587,670.1460684753037,64.86309376228337,15856.0498046875,0.002022238326785386,15823.735770089286,15788.509533110118,55.922805016118296
0.0024205945395889,740.5034441266741,714.6727440243676,723.1047300742574,26.161636706954376,88.06914776577379,779.0105590820312,1,Train,2021-07-24,0.02150579564502486,0.031684728518759364,0.05915781679708343,0.002586941039654898,0.002780603208787297,22.742074148995584,41.359810965401834,740.674633643058,670.2061507458928,70.46848289716513,15856.0498046875,0.002022238326785386,15823.735770089286,15788.509533110118,55.922805016118296
0.0024456946459243,748.1643153599331,719.8372744605655,728.1870781658732,27.678078868491287,87.03409591110794,785.6987915039062,1,Train,2021-07-25,0.029335968745305863,0.036955712861190815,0.0661269699400806,0.0030221067786869787,0.0031183385922975695,26.66357421875,46.40520368303578,747.038055097214,670.4306042219823,76.60745087523173,15856.0498046875,0.002022238326785386,15823.735770089286,15788.509533110118,55.922805016118296
0.0085855478387304,757.4955182756696,724.2800554547991,733.415415742058,30.407214166571872,91.9355960678154,778.6015625,0,Train,2021-07-26,0.03261351366115828,0.044945932704346436,0.07265223606293092,0.003551542968258947,0.0034663243164040924,32.58191789899547,51.306230817522305,754.5235676383926,670.4004427201452,84.12312491824741,15824.4501953125,-0.0019929055322251976,15819.521484375,15790.128580729166,49.52833041903541
-0.0090330150442531,765.0120413643973,728.2118820917038,737.5232472655073,31.87496702257093,85.87085429872502,776.556640625,0,Train,2021-07-27,0.0330972089760202,0.05251532923059932,0.0753826331032923,0.003438581662360465,0.0032813162069243946,38.170331682477695,53.626142229352695,762.4413210500201,670.5999892875917,91.84133176242835,15746.4501953125,-0.004929081202650898,15794.128627232143,15784.704799107143,46.76956307399209
-0.0026264035078917,772.2673601422991,732.1081978934152,741.0717375709157,32.57139183180144,84.00537410269494,768.59326171875,0,Train,2021-07-28,0.03221624486429886,0.05275040314120427,0.08072568167076533,0.0030378024874699408,0.003011608395042947,38.696175711495584,57.685137067522305,770.7987594586771,670.7853391392582,100.01342031941886,15709.400390625,-0.002352898858342667,15763.557198660714,15779.690522693452,42.16846145414622
-0.0102547302922305,777.2577514648438,735.2861909412202,743.5736943116278,32.727471220608514,74.34104812629494,767.4625854492188,0,Train,2021-07-29,0.026088911039579443,0.049634215248676394,0.08289159040283178,0.001774980123657038,0.0028597054255273535,36.75430733816961,59.496381487165195,778.9466849206497,671.348265728067,107.5984191925827,15778.4501953125,0.004395444954646832,15767.278599330357,15781.119094122023,52.516791413065356
-0.001471098337504,776.1476266043527,738.6360328311011,745.7454116877725,32.22145782575172,71.22833923602327,769.45947265625,1,Train,2021-07-30,0.01455609145719472,0.03740262756445034,0.07574058119016724,0.0045586752046064,0.0036971122928506654,27.98331124441961,54.64688546316961,785.3672379742309,673.3295864537824,112.03765152044843,15763.0498046875,-0.000976039499086867,15785.985770089286,15783.09765625,53.73134031367773
0.0026019342765255,775.0546962193081,742.314679827009,747.9012354121796,31.044143707588624,71.69871842641919,781.9697265625,1,Train,2021-07-31,0.003609288985741088,0.02318057007599128,0.06916837512302165,0.0057220911633936306,0.004286358203913799,17.559177943638474,50.141095842633945,790.6204126500938,675.9053529051516,114.71505974494221,15763.0498046875,-0.000976039499086867,15785.985770089286,15783.09765625,53.73134031367773
0.0162584961922209,775.4774344308036,746.0746576218378,750.9983709712997,30.826588453885822,77.33618363826682,778.3610229492188,0,Train,2021-08-01,-0.0022905104911272733,0.013680037045876059,0.06691377792582642,0.0058364218020026505,0.004526844616294143,10.46539306640625,48.635724748883945,794.8913147703803,679.4238664168405,115.4674483535398,15763.0498046875,-0.000976039499086867,15785.985770089286,15783.09765625,53.73134031367773
-0.0046148891583628,774.429181780134,749.8953566778274,753.4858847874741,29.53166693276185,78.39309016936832,769.9887084960938,0,Train,2021-08-02,-0.002214069547229025,0.0027993176319616175,0.0556973859067722,0.005255820756172396,0.0049155048969361445,2.161821637834805,40.85799734933039,797.9252369075197,684.0205760807615,113.90466082675812,15885.150390625,0.007746000136419795,15794.714425223214,15792.866722470239,58.74553790034703
-0.0107563382624199,773.1987740652902,753.2371855236236,754.9861414882577,27.480077305749425,70.9796449062213,768.8338623046875,0,Train,2021-08-03,-0.00239456926468673,-0.005222176802873846,0.0441528397983022,0.0045455898456574755,0.005264864474206144,-4.058977399553555,32.695329938616055,799.7766386976557,689.5746883810273,110.20195031662843,16130.75,0.015460955882416139,15833.957310267857,15812.321475074405,62.97791173290918
-0.001499822242409,772.0955200195312,756.4254935128348,756.2450251988422,24.995254690721406,70.35016797725847,773.9342041015625,1,Train,2021-08-04,-0.00436107391539331,-0.005220793629878706,0.031986562534842555,0.002956903682143554,0.005536422087581538,-4.052106584821445,23.931204659598166,800.6764976425305,695.7084702704159,104.96802737211465,16258.7998046875,0.007938242467802281,15896.007254464286,15832.533389136905,65.41520347803842
0.0066338672721646,772.8585117885044,758.9859909784226,757.8531323718167,23.821437281838,69.54694865165264,779.2511596679688,1,Train,2021-08-05,-0.0020281647806957848,-0.002833586379795583,0.0202812995485524,0.001087145507561484,0.005597505782809621,-2.196184430803669,15.362993512834805,801.1691366373317,701.8827537086505,99.28638292868118,16294.599609375,0.0022018725316477195,15974.31431361607,15855.216703869048,64.48343464012603
0.0068700356415678,774.5425938197544,761.4204682849702,759.7984075805578,23.111864219739346,53.00897949033941,773.2847290039062,0,Train,2021-08-06,0.0017380003687781365,-0.0012055033061475484,0.012458042409841497,0.001515729958142153,0.005443349531943557,-0.9348406110491396,9.53055245535711,801.5323042202432,707.83525559421,93.69704862603317,16238.2001953125,-0.003461233501561467,16049.857142857143,15872.290504092261,61.796441983337765
-0.0076566208340386,775.0890590122768,763.549066452753,761.0244368008622,21.966512983128386,47.300520745842434,776.0995483398438,1,Train,2021-08-07,0.0038771614588177794,0.0008520820853186173,0.0036537849656856913,0.0014666904063861637,0.005256405207189177,0.6598772321428896,2.821698869977695,801.3594349945189,714.0588084136842,87.30062658083466,16238.2001953125,-0.003461233501561467,16049.857142857143,15872.290504092261,61.796441983337765
0.003640081370239,774.2504621233259,765.9640706380209,762.3949014862242,20.284297063788216,47.97187310237844,775.2334594726562,0,Train,2021-08-08,0.0018010416054037304,0.0013601781240626387,-0.0038691017694584273,0.0014958531086589337,0.00495311667673027,1.0516880580356656,-3.0072893415178896,800.4510015723733,720.6161510503946,79.83485052197875,16238.2001953125,-0.003461233501561467,16049.857142857143,15872.290504092261,61.796441983337765
-0.0011159507424532,773.8036673409598,768.5761224655878,763.5620431213543,17.455404525415215,42.064967086995466,774.8966064453125,0,Train,2021-08-09,-0.0009540165830654868,0.0022123523283561486,-0.003019991536465483,0.0014256260558301304,0.004074441866124864,1.7081473214285552,-2.3439592633928896,798.9387749809257,727.3586702618197,71.58010471910598,16258.25,0.0012347307242392969,16118.399972098214,15897.545247395834,71.3736331751599
-0.0004345181741418,774.5047956194196,770.9052036830357,764.5924579689869,14.50159901560217,46.86994024722016,779.2511596679688,1,Train,2021-08-10,-0.0007538016258438196,0.0021301231801218456,-0.0007094990877042351,0.00130215106111416,0.003281195891342312,1.6462838309151948,-0.5499005998884741,796.8439288182626,734.4126359487577,62.43129286950489,16280.099609375,0.0013439090538649445,16192.264229910714,15925.654761904761,79.86454665255243
0.0056195280588875,775.9929809570312,773.4519537062872,765.9250672143488,10.25216529992752,52.1909115903377,784.8086547851562,1,Train,2021-08-11,0.0022505880447609705,0.0018725724690284995,0.0006648117705785328,0.0011978050025889674,0.002201880971835397,1.4503871372768344,0.5155465262276948,793.6766138027109,742.4950780918203,51.18153571089056,16282.25,0.00013208706805212245,16248.992745535714,15953.733351934523,75.59495560130529
0.007131840675804,777.5464739118304,775.8875790550595,767.6417569935131,5.114571526291347,63.7215740353378,790.9195556640625,1,Train,2021-08-12,0.004836894329710351,0.0031704935980971793,0.0040252772042124185,0.0012931016564876171,0.0014396595603706323,2.457414899553555,3.117292131696445,790.3490616509212,750.2201591917128,40.12890245920835,16364.400390625,0.005045395484346349,16282.371372767857,15980.021484375,76.88977049078709
0.0077864850771545,779.2133876255581,776.6345360165551,769.7579205090176,6.070388980731376,68.30646644075676,793.1088256835938,1,Train,2021-08-13,0.0060794872191498595,0.006409974220256576,0.007778871051029368,0.001287192052721919,0.0014778430802040304,4.962925502232224,6.01461356026789,786.9467227799413,757.4934924125811,29.45323036736022,16529.099609375,0.010064482340847336,16320.985630580357,16012.171456473214,82.67261591572037
0.002768005929115,782.0454014369419,777.3963855561756,771.8807300703427,7.056840321169381,68.40135140140934,799.8211059570312,1,Train,2021-08-14,0.007799581476170436,0.010650936980310943,0.012886852933894799,0.0016527520994063217,0.0016396971585107604,8.24173409598211,9.949881417410666,784.0771135476073,763.7512102526159,20.32590329499135,16529.099609375,0.010064482340847336,16320.985630580357,16012.171456473214,82.67261591572037
0.0084632525273591,785.4341953822544,778.3873639787946,774.4207642418598,8.589585648733648,65.26754496319319,785.1695556640625,0,Train,2021-08-15,0.01014437301829818,0.014111468159591967,0.01627165050514634,0.0016310187785859831,0.0019122435644558736,10.929399762834805,12.57568359375,783.4508922541161,767.1712992567657,16.27959299735039,16529.099609375,0.010064482340847336,16320.985630580357,16012.171456473214,82.67261591572037
-0.018318534212019,786.8536376953125,778.3621622721354,775.3979270984237,8.567810240350179,54.89789377088337,788.9467163085938,1,Train,2021-08-16,0.009805080599341265,0.0139958182674369,0.015894598920434655,0.0011759534340109877,0.0018079330799790259,10.86065673828125,12.311043875558084,784.5856259836154,768.2207251603578,16.364900823257585,16563.05078125,0.002054024277023725,16359.33579799107,16042.59291294643,89.47600986854218
0.0048106305412423,788.8607962472098,778.8547886439732,776.6296352084391,8.874194674413493,64.60340505398325,791.4006958007812,1,Train,2021-08-17,0.008714832665399186,0.014551313284795864,0.017767941728506376,0.0009769023614229608,0.001659943431506925,11.314322335379416,13.77173723493297,786.8829860458844,767.5827087085798,19.30027733730458,16614.599609375,0.0031122785775283823,16413.10714285714,16075.507161458334,93.15409182751846
0.0031104502261818,790.5964442661831,779.5616484142486,777.972458898652,9.2645891949574,67.0422018450113,785.939453125,0,Train,2021-08-18,0.0065724778909279635,0.014608394595621244,0.021112008248635128,0.0009485952803508378,0.001448553270993184,11.383056640625,16.345982142857224,789.2509577306166,766.5486063039816,22.702351426635005,16568.849609375,-0.00275360231817956,16457.478515625,16114.385695684523,88.5373070084972
-0.0069007301923778,790.7579868861607,780.3876575288318,778.6967311010474,9.007483091985463,59.01706831359634,778.3370361328125,0,Train,2021-08-19,0.004961976413153435,0.011140766806134517,0.02191036339161001,0.0013267256970094135,0.001492409996842146,8.71258544921875,16.95431954520086,791.3095321626693,765.9510679001098,25.358464262559437,16568.849609375,-0.00275360231817956,16457.478515625,16114.385695684523,88.5373070084972
-0.0096730313791466,788.9604840959821,780.9054885137649,778.6640315584806,8.527049505504895,49.33619709233318,775.66650390625,0,Train,2021-08-20,0.00012636937878851562,0.0044896042653344015,0.018664427332566014,0.002222620832759939,0.0018089814644042283,3.526288713727695,14.4556884765625,792.6860426061479,765.9651362442984,26.72090636184953,16450.5,-0.007142898400624986,16481.821428571428,16153.357142857143,80.45997900532309
-0.0034310743323112,786.4687238420759,781.2010614304315,778.3915290446414,8.212224168163965,51.8165085684015,768.7376708984375,0,Train,2021-08-21,-0.005221020729404446,-0.0004891810049503231,0.013499790774041287,0.0027077290271389567,0.0021688494358778456,-0.3849138532366396,10.47574288504461,793.4712738453089,766.2790339462648,27.192239899044125,16450.5,-0.007142898400624986,16481.821428571428,16153.357142857143,80.45997900532309
-0.0089327474796435,782.0282331194196,780.5709635416666,777.5139055768046,8.646445173865683,44.71684807603864,784.0387573242188,1,Train,2021-08-22,-0.011039728857013542,-0.008661303946519094,0.005763975991096126,0.003136245480039306,0.0027720996974539636,-6.832563127790195,4.481759207589221,793.6333970292222,766.8768158962799,26.7565811329423,16450.5,-0.007142898400624986,16481.821428571428,16153.357142857143,80.45997900532309
0.0199041714814087,781.8666904994419,780.8413318452381,778.1070739174787,8.662640936164822,55.23450902303871,784.832763671875,1,Train,2021-08-23,-0.008991316725664,-0.011041984605488553,0.003405104321897001,0.0029645375973089533,0.002760531709617048,-8.729753766741169,2.653302873883831,793.6597041134726,767.717300455445,25.942403658027615,16496.44921875,0.0027931806783987323,16512.421316964286,16185.376162574405,79.04593003400299
0.0010127131347001,781.2789829799107,781.5481916155134,778.7185002587875,8.332125745616127,55.87484247768705,784.2072143554688,0,Train,2021-08-24,-0.006598788616554496,-0.011987237642172133,-0.000980017855258808,0.002557968629021461,0.002788468788101707,-9.47900390625,-0.76641845703125,793.4721473555888,768.8232035093664,24.648943846222437,16624.599609375,0.007768362083601765,16549.592633928572,16221.97377232143,76.41337366967379
-0.0007970479130861,780.2513427734375,782.280255998884,779.2174742675767,7.818722201975474,53.06548819032,789.7406616210938,1,Train,2021-08-25,-0.002272156260771152,-0.01103875478950489,-0.0065987101647573265,0.002029323385393765,0.002806906257044937,-8.70914132254461,-5.182852608816916,793.2229195062232,769.8117144572252,23.411205048998,16634.650390625,0.0006045728309951315,16564.671316964286,16260.554734002977,73.00613423587458
0.0070561034944991,780.7943725585938,783.0329444521949,780.174127663351,7.735476937932543,53.05152156903026,783.413330078125,0,Train,2021-08-26,-0.0013714843641224883,-0.0072149738590514545,-0.007700625435838715,0.0021198943089768534,0.0027708502583155305,-5.67435128348211,-6.05926513671875,793.0761639468681,770.5836478904646,22.492516056403474,16636.900390625,0.00013525983096518424,16575.221261160714,16302.957124255952,71.84994851003245
-0.0080119105555243,781.5195574079241,783.2311430431548,780.4686006101485,7.686904220508128,45.36816780081563,783.677978515625,1,Train,2021-08-27,0.00030792384443256715,-0.0006504569655578774,-0.009306127106594175,0.0023370891125868588,0.002727389643602464,-0.5086757114954708,-7.341238839285666,792.9448182095457,771.3580434673515,21.586774742194166,16705.19921875,0.004105261588480014,16588.1640625,16350.37611607143,79.36368559825024
0.0003378145703412,782.6640537806919,783.7260596865699,780.760362237919,7.341303179416148,44.03896173037736,788.8023071289062,1,Train,2021-08-28,0.0030922228197369783,0.001019819990976556,-0.010033425451152711,0.0023935538940381847,0.0025755170834737434,0.79736328125,-7.932390485491169,792.7044952020906,772.4397256405432,20.264769561547382,16705.19921875,0.004105261588480014,16588.1640625,16350.37611607143,79.36368559825024
0.0065388192009521,785.5304303850446,784.3309529622396,781.4914481370996,7.203524994203391,42.89257525842031,774.7042236328125,0,Train,2021-08-29,0.006065691548123198,0.005441650803043929,-0.006610817200469965,0.0016521445394906955,0.0024948593393168753,4.251447405133945,-5.227556501116055,792.4790541080805,773.837843038962,18.641211069118526,16705.19921875,0.004105261588480014,16588.1640625,16350.37611607143,79.36368559825024
-0.0178727716294443,784.1969255719866,784.3057512555804,780.8744277276189,7.237788470882904,43.20103159824768,769.7239990234375,0,Train,2021-08-30,0.0034258492173151467,0.005056810007560308,-0.006037765667635031,0.001862196516212434,0.002476601634395134,3.9455827985491396,-4.763558523995471,792.030337067965,775.2557730743341,16.774563993630863,16931.05078125,0.013519836521704187,16639.907087053572,16405.261858258928,83.60643262987013
-0.0064285497063915,782.0385306222098,784.0594366164435,779.8607523908752,7.650271374772915,37.70386837483905,767.173828125,0,Train,2021-08-31,-0.0007992230580419202,0.0015934516273972132,-0.005633018943491552,0.002196692146691673,0.0024220810309966874,1.2441580636160552,-4.430193219866055,791.5731114663512,776.3175536424657,15.25555782388551,17132.19921875,0.011880446175423387,16737.29268973214,16470.459449404763,86.09677435368758
-0.0033130978138565,779.6051897321429,783.4843255905878,778.707395639432,8.4427231463941,34.52192759094805,768.6654663085938,1,Train,2021-09-01,-0.00754298041642687,-0.0024495454498038027,-0.003098409091461418,0.0024815833680381445,0.002362034340466923,-1.91436767578125,-2.4230433872767208,791.3615415720349,776.7349951188132,14.626546453221636,17076.25,-0.00326573477436376,16820.12137276786,16527.17847842262,82.16925321828639
0.0019443288195053,776.5944475446429,782.7156023297991,777.7944929729922,9.03057744735039,38.37430835397488,754.6154174804688,0,Train,2021-09-02,-0.00969460320416149,-0.007755059411160503,-0.006743148184802705,0.0028094132685759416,0.0024512753425620076,-6.069606236049026,-5.272242954799026,791.6753632228002,776.1592794599563,15.516083762843891,17234.150390625,0.009246783727399066,16907.200055803572,16579.721354166668,83.20042586059328
-0.0182784962300939,772.4804600306919,780.986833844866,775.6873042918537,10.701823837419306,35.30985914428243,765.48974609375,1,Train,2021-09-03,-0.012221994463512242,-0.016612940568013324,-0.011261691586352263,0.0031482914091857704,0.0026684728415325106,-13.049970354352695,-8.79852294921875,792.7139704743951,774.1641780677368,18.549792406658298,17323.599609375,0.005190230833697296,17005.62137276786,16630.426106770832,82.17647449668888
0.0144104246499345,769.8821411132812,779.6716395786831,774.7602535465716,10.833912627617211,44.279103025279056,769.5797729492188,1,Train,2021-09-04,-0.012471759740596777,-0.01825406857883849,-0.013289565927946279,0.002866946358762167,0.002678811994197277,-14.31478445870539,-10.36920166015625,793.6765729792695,771.646370135965,22.03020284330455,17323.599609375,0.005190230833697296,17005.62137276786,16630.426106770832,82.17647449668888
0.0053430197809178,767.1360648018973,778.2315761021206,774.2893007649941,9.999421468376122,50.488997641668256,770.1812133789062,1,Train,2021-09-05,-0.012179307710285747,-0.019055922741371467,-0.0174928358050781,0.0010985301338381722,0.0024828087059938792,-14.9024658203125,-13.658307756696445,794.492966367329,768.858219458564,25.63474690876501,17323.599609375,0.005190230833697296,17005.62137276786,16630.426106770832,82.17647449668888
0.0007815179801082,766.4899204799107,777.5178455171131,773.9158382753496,10.014349043523302,40.29655424718609,762.7952880859375,0,Train,2021-09-06,-0.007754939912063552,-0.016822962988148338,-0.019231299825512305,0.0013381255670199444,0.0024656573328272276,-13.115269252232224,-15.029636928013474,794.5819048190243,766.5321934301386,28.049711388885726,17377.80078125,0.0031287476677577253,17111.464285714286,16682.00711495536,82.46410016156095
-0.0095898538742142,765.5001046316964,776.2725394112723,772.9048791672212,10.147196193565144,35.872904579836074,774.1508178710938,1,Train,2021-09-07,-0.005691827680595618,-0.014285890078178376,-0.021930161563041395,0.001530053266126331,0.002458698974941546,-11.094342912946445,-17.16394914899547,794.0187788733585,764.5856854123558,29.433093461002727,17362.099609375,-0.0009035189246697772,17205.307198660714,16735.52613467262,80.66037735849056
0.0148867329970672,766.4968174525669,775.4511166527158,773.0181463221187,9.541443695921714,44.332966913529965,787.8160400390625,1,Train,2021-09-08,-0.0008332907011684432,-0.007746011566282518,-0.024230268104506125,0.0022428088967715145,0.0025671310995373916,-5.983642578125,-19.033612932477695,792.8294062121889,763.3489411301658,29.480465082023102,17353.5,-0.0004953092983268625,17265.657087053572,16787.68089657738,83.19586453304953
0.0176518862378107,769.2326136997768,775.5404779343378,774.3634093872954,9.652723424587354,49.00648229891924,791.087890625,1,Train,2021-09-09,0.003578250863558452,-0.000843671230722598,-0.01908233937705761,0.0030562703859430057,0.002836784450101892,-0.6495274135044156,-14.964311872209805,791.413964468322,762.7915958344123,28.622368633909673,17369.25,0.0009075978909154347,17299.521484375,16839.54520089286,92.56428075052119
0.0041530641922133,774.4429670061384,776.1476614815848,775.8838167725413,10.221694049390436,54.09076594338124,799.1954956054688,1,Train,2021-09-10,0.011682379036048074,0.009524910298837286,-0.009712518397307357,0.003781012919498121,0.0035038245916871485,7.306902204241055,-7.595563616071445,790.1510170516877,762.8519675674528,27.299049484234956,17369.25,0.0009075978909154347,17299.521484375,16839.54520089286,92.56428075052119
0.0102486778985624,779.258074079241,777.2680896577381,778.0030603028074,11.38918167543304,57.63308564137206,805.0418090820312,1,Train,2021-09-11,0.016648805756409812,0.016657953690162097,-0.00044524543637414205,0.003935770761837472,0.003928374007859255,12.76815359933039,-0.34711565290183444,789.8313913436212,762.8945773715014,26.936813972119808,17369.25,0.0009075978909154347,17299.521484375,16839.54520089286,92.56428075052119
0.007315248282441,784.3240792410714,778.9968581426712,780.4611283736459,12.708499481068412,57.931891409751,815.8198852539062,1,Train,2021-09-12,0.019618858161394304,0.024590427219381983,0.009953241000971946,0.0034885208892365773,0.004211895731396536,18.823974609375,7.729631696428555,790.2081119293738,762.7635956599119,27.44451626946193,17369.25,0.0009075978909154347,17299.521484375,16839.54520089286,92.56428075052119
0.0133882191586607,790.8438895089286,780.5102451869419,783.675560817306,15.020879821473727,70.7553384286136,793.2772216796875,0,Train,2021-09-13,0.021177702169848933,0.031764087602188074,0.023772031045946607,0.003446983704632457,0.004737045134692343,24.34707205636164,18.36342947823664,791.9941145627813,761.9340836794063,30.06003088337502,17355.30078125,-0.000803098507419775,17339.385881696428,16890.64285714286,91.00508772976843
-0.027631912364091,795.1984514508929,780.9123622349331,784.5484390775224,15.253610186462234,60.09907084444705,777.4708862304688,0,Train,2021-09-14,0.02045583857502753,0.03375550813716566,0.03288335835534939,0.0023232866687381694,0.004799465116981584,25.965837751116055,25.31631033761164,794.7781738525016,760.6447352574314,34.133438595070174,17380.0,0.001423151293159064,17360.221540178572,16939.004743303572,90.0191422215324
-0.0199253615473168,795.6727469308036,780.5915847051712,783.9050251823356,15.251687313717753,53.964462780009406,776.6769409179688,0,Train,2021-09-15,0.01446936029391499,0.027412967551033285,0.03719898390681897,0.0025387896859449172,0.004642787076921365,21.229779924665195,28.53668212890625,797.2930826560856,759.6176638910684,37.675418765017184,17519.44921875,0.00802354538262362,17388.200055803572,16986.164248511905,91.22256254583904
-0.0010211897661523,794.0814470563616,779.9695027669271,783.2479266128477,15.125758561440636,53.10115247766159,771.5524291992188,0,Train,2021-09-16,0.004093801052750701,0.019022418208031633,0.035997246459777976,0.003766843465186376,0.004502919343310682,14.823372977120584,27.591526576450974,799.1490263817855,759.0179091302125,40.13111725157296,17629.5,0.006281634763507293,17424.157087053572,17036.94754464286,92.02376168197252
-0.0065979964754627,791.2906668526786,779.4046979631696,782.1846995752451,15.211935327698184,57.04278113410968,783.1245727539062,1,Train,2021-09-17,-0.004914225613850576,0.008882281949507576,0.03369112827671095,0.004659671821257139,0.004314046777768167,6.96658761160711,25.79056222098211,800.2636766034171,758.7659202157791,41.49775638763799,17585.150390625,-0.002515647600612625,17456.021484375,17083.164248511905,88.02567145333714
0.0149985187224386,788.9948207310268,779.3783453078497,782.270142591487,15.204639894369278,57.29063788318689,771.4803466796875,0,Train,2021-09-18,-0.008392804988653801,-0.002338095801751594,0.029351724320567207,0.0049072073432676775,0.0042736586290187395,-1.8490687779017208,22.49800327845992,800.7044708303854,758.6715650234094,42.03290580697603,17585.150390625,-0.002515647600612625,17456.021484375,17083.164248511905,88.02567145333714
-0.0148689320694804,784.2003261021206,778.5534900483631,781.2892520540506,15.137537286648469,50.73954709004762,798.1610717773438,1,Train,2021-09-19,-0.012443460290968988,-0.013830667462575552,0.01945797946651484,0.0051876349253120535,0.0045575846595924995,-10.998125348772305,14.96771240234375,800.7047945020589,758.6715814047492,42.033213097309726,17585.150390625,-0.002515647600612625,17456.021484375,17083.164248511905,88.02567145333714
0.0345838039977106,781.6776384626116,779.6704828171503,782.8230538470773,15.69448944957796,59.05057258313532,794.7688598632812,0,Train,2021-09-20,-0.012148542618734881,-0.017589025792546065,0.009341774365181799,0.003729906988108875,0.0046968194568051645,-13.995108468191916,7.234671456473279,800.6788713908406,758.6614153000075,42.01745609083309,17396.900390625,-0.010705054879733056,17462.221540178572,17122.595238095237,70.80712614519233
-0.0042500342775534,781.8907296316964,780.8630952380952,783.9090362121867,15.851655464191152,60.6167097329888,795.9476928710938,1,Train,2021-09-21,-0.009003976848350193,-0.015351973616630654,0.0033784129289466946,0.002307969206216343,0.004645879988347043,-12.190717424665195,2.6326555524553896,800.8165121439745,758.752328536829,42.064183607145424,17562.0,0.00949017386246398,17489.757254464286,17175.52380952381,69.8357670813052
0.0014832400554989,784.5302734375,782.2332792736236,785.0034595448146,15.852796568190596,57.76216206817105,795.8514404296875,0,Train,2021-09-22,0.00042074368550615304,-0.008543502025706529,0.00026289412997249073,0.0030350867197622183,0.0046712358699144835,-6.760393415178555,0.2061941964285552,801.2592897223673,759.103133547722,42.156156174645275,17546.650390625,-0.0008740239935656202,17517.092912946428,17225.533389136905,72.55470460543197
-0.0001209280990048,787.2694876534598,783.527849469866,785.9896396252576,15.799363584357222,53.16764160694797,794.1914672851562,0,Train,2021-09-23,0.007153651218481993,-0.002186748293187102,-0.004519731267934923,0.0036791090257139512,0.004668854996220665,-1.7253330775670292,-3.57440185546875,801.8986557456702,759.9426702866959,41.95598545897428,17822.94921875,0.015746528367181822,17580.37137276786,17282.59765625,75.35309225896629
-0.0020857826727498,790.5036359514509,785.4124232700893,786.735260321612,14.483780287281908,51.239211821411565,797.3431396484375,1,Train,2021-09-24,0.011015485915546686,0.008037882208824065,-0.005903954529685063,0.0040021331791122074,0.0044957433496924494,6.303309849330276,-4.694815499442029,802.6708311748649,761.2326443413182,41.43818683354675,17853.19921875,0.0016972499684944076,17628.049944196428,17340.62379092262,74.02906297687262
0.0039684037075529,792.5348597935268,786.9292515345982,787.699612987687,13.951183870856337,49.22990414972273,797.9445190429688,1,Train,2021-09-25,0.010203030561145798,0.013889640430637007,-0.003943690605692662,0.0039049362603755136,0.004301341347383891,10.857221330915195,-3.1378871372767208,803.2181367710015,763.2252182443443,39.99291852665715,17853.19921875,0.0016972499684944076,17628.049944196428,17340.62379092262,74.02906297687262
0.0007542290948867,796.3154558454241,788.2799537295386,788.6309680836217,13.554943773873685,46.91483739233425,805.3304443359375,1,Train,2021-09-26,0.011490307110627151,0.018448519296964117,0.0028133244988204353,0.002783630154192725,0.004160316312157528,14.424726213727695,2.2340087890625,803.8871942842867,765.5387142676108,38.34848001667592,17853.19921875,0.0016972499684944076,17628.049944196428,17340.62379092262,74.02906297687262
0.0092561890165336,797.3396519252232,789.9537266322544,790.1491022883778,13.377318512261134,45.30172628254652,803.6945190429688,0,Train,2021-09-27,0.008647671766296883,0.01632744958533916,0.0076444539610256435,0.0015876891121512986,0.0036096684591899616,12.809378487723166,6.04898507254461,803.9920163904054,768.6178468908446,35.37416949956082,17855.099609375,0.00010644538279747096,17660.278459821428,17398.633277529763,72.73507056536018
-0.0020313714754912,798.61474609375,791.9013090587798,791.3805038115224,12.146248350621878,55.74119883774672,800.783447265625,0,Train,2021-09-28,0.007671443375761644,0.014410895656715939,0.012192634362048205,0.0012795524559803873,0.00334145408602077,11.345258440290195,9.619925362723166,803.7624338035095,772.059222341859,31.703211461650426,17748.599609375,-0.0059646824901542495,17683.628348214286,17448.319010416668,66.94438070055863
-0.0036221122682411,799.3055681501116,793.1695295061384,792.2353168528044,11.577269489080832,64.9768222800979,796.765625,0,Train,2021-09-29,0.003754934407888655,0.011134587873295132,0.019261968587888534,0.001499092620967369,0.0033439862452939325,8.80193219866078,15.105242047991055,803.401642469425,775.4273091209768,27.974333348448226,17711.30078125,-0.0021015082285871234,17728.54268973214,17485.473772321428,65.30115530847203
-0.0050173642816223,799.4361659458706,793.5957002185639,792.647163048004,11.534993235334412,62.392363665663375,789.2835083007812,0,Train,2021-09-30,0.002629386379550125,0.008707889712437078,0.022718479600089436,0.0017082769506957935,0.0032773264570905266,6.90130615234375,17.758527483258945,803.4320985138856,777.8961729704893,25.535925543396388,17618.150390625,-0.005259376020738893,17736.56417410714,17508.614304315477,59.983204257845976
-0.0093906118241718,798.7350289481027,793.509777250744,792.3413762528019,11.561298004718266,60.62883343553389,792.2427368164062,1,Train,2021-10-01,0.0001506143668659199,0.0030384605559485856,0.021543034951112094,0.0018134639104537063,0.003100781178659769,2.419573102678555,16.84429931640625,803.6941907472918,779.5817762239693,24.112414523322514,17532.05078125,-0.004886983449795879,17734.478515625,17530.31910342262,56.701441651189725
0.0037492592769305,798.0063999720982,793.178693498884,792.3324090313113,11.489665538790444,56.09524431243268,776.700927734375,0,Train,2021-10-02,-0.0016253711093495715,0.0008362158400940789,0.01717731869740491,0.0019387372722886554,0.002967060831195201,0.666748046875,13.476126534598166,804.1820353746207,780.4621636697432,23.719871704877505,17532.05078125,-0.004886983449795879,17734.478515625,17530.31910342262,56.701441651189725
-0.0196174838339134,794.9716012137277,791.8291277204241,790.9113652770443,11.689276396591149,53.31697351664188,771.43212890625,0,Train,2021-10-03,-0.005584641929303413,-0.004561830216436635,0.009783325381026664,0.0018550877540559744,0.0026003362684578306,-3.643144880022305,7.70211356026789,804.4237183560642,780.6332518587794,23.790466497284797,17532.05078125,-0.004886983449795879,17734.478515625,17530.31910342262,56.701441651189725
-0.0067835619090786,790.1289847237723,789.7154250372024,789.1405256069721,11.134276463737676,26.66940145440985,764.5515747070312,0,Train,2021-10-04,-0.010774592214472078,-0.011480694983243223,-0.0004739399170854419,0.002732124734785864,0.0030343445523469755,-9.176583426339334,-0.3746512276785552,804.1467174868392,780.4033060552927,23.74341143154652,17691.25,0.009080467581137563,17715.66434151786,17552.085751488095,60.708785020603116
-0.0089191957936392,784.5371355329241,788.3475370861236,786.9051664342502,12.370694703925905,25.13854880794796,766.4521484375,1,Train,2021-10-05,-0.016878642125733534,-0.018636923181125198,-0.010091321740328563,0.0031387772506135275,0.003692044916966547,-14.899030412946445,-7.997724260602695,803.9577931666742,779.4786692356696,24.47912393100455,17822.30078125,0.007407660919946268,17711.25027901786,17575.833426339286,60.480397749546476
0.0024858672630385,779.6326642717634,787.8228352864584,785.0458011618183,13.06906023370319,26.017193000914133,769.6759033203125,1,Train,2021-10-06,-0.019294949553601004,-0.023915771794178475,-0.020949978367491462,0.003004265943227733,0.0039520087647928505,-19.102364676339334,-16.68279157366078,804.3068119436963,777.6847721801877,26.62203976350861,17646.0,-0.009892144870289554,17681.37890625,17588.604817708332,50.54596074356131
0.0042060745597549,775.7627040318081,787.4894525437128,783.6485377216815,13.451306370084025,29.746756534157456,768.93017578125,0,Train,2021-10-07,-0.018182196792826955,-0.027874082139025202,-0.02706117504794381,0.0025367092394481205,0.0039510582215278225,-22.24369594029008,-21.57694789341508,805.1686032097044,775.2701846320925,29.898418577611892,17790.349609375,0.008180302016037588,17687.343191964286,17608.99767485119,56.368304799959276
-0.0009688851318399,772.8550851004464,787.3645833333334,782.3105048180058,13.617788850225066,30.173650199039045,762.3861694335938,0,Train,2021-10-08,-0.014890372811405816,-0.027820510920785968,-0.032255428689867416,0.002086517704338478,0.003713827106840342,-22.11651611328125,-25.759660993303555,806.2617061422229,772.5631081365159,33.69859800570703,17895.19921875,0.005893622760496431,17713.614397321428,17634.792875744046,66.30882110406671
-0.0085105339259281,768.589861188616,786.3770403180804,780.499201601241,14.653236620748388,23.95107996124966,777.5189819335938,1,Train,2021-10-09,-0.014164110342223979,-0.02726026250345226,-0.03842799072773018,0.0012571476030599747,0.0036429061716917194,-21.53912353515625,-30.715706961495584,807.7863692313103,769.477398556078,38.30897067523233,17895.19921875,0.005893622760496431,17713.614397321428,17634.792875744046,66.30882110406671
0.0198492746940079,768.7067260742188,786.6645943777902,780.2282725405457,14.40340958276427,37.48897136892603,783.0043334960938,1,Train,2021-10-10,-0.009095536458401332,-0.02017802439390204,-0.038438891284451215,0.002419761311751517,0.0031391223552792546,-15.83040945870539,-30.729439871651834,808.9242884453147,767.0423881032343,41.88190034208037,17895.19921875,0.005893622760496431,17713.614397321428,17634.792875744046,66.30882110406671
0.0070549423100367,770.3598981584821,785.9428449358259,780.4806417183228,14.176482818217702,35.99884864681552,784.568115234375,1,Train,2021-10-11,-0.00322853144149271,-0.011893762970979105,-0.0355250862441695,0.0034600310953818935,0.0032268652816812428,-9.27276611328125,-28.375130789620584,809.6485491852094,765.1650442160181,44.483504969191245,17945.94921875,0.0028359561343596074,17760.442801339286,17662.254743303572,63.58297150216822
0.00199715591777,773.2194039481027,785.4570951915923,780.852230219782,14.032978363594673,37.99458588452901,784.6402587890625,1,Train,2021-10-12,0.006023424186635928,-0.0032784510914063425,-0.03106114941542093,0.004015591836954668,0.0034710099221545746,-2.5433000837053896,-24.78699602399547,809.9493052205373,763.7332012317506,46.2161039887867,17991.94921875,0.0025632525445875576,17826.142578125,17692.571335565477,65.41895534722795
9.195320748656144e-05,775.8177054268973,784.9186459495908,781.1965964533529,13.825729163026438,39.492640200096304,764.4071655273438,0,Train,2021-10-13,0.009250575169277298,0.00383334519441747,-0.02409381134821298,0.003989461152218601,0.003702394947174365,2.9626203264508604,-19.15389578683039,809.893775080563,762.6435531490688,47.25022193149425,18161.75,0.00943759784921161,17893.356863839286,17729.797526041668,62.66544976635514
-0.0257864582336682,775.0650285993304,783.4212995256696,779.6702845509883,14.27782826479141,32.60929037929755,754.7357177734375,0,Train,2021-10-14,0.006107704271854919,0.00842473696010071,-0.01906518608440655,0.0035369162899671937,0.0036607367562521893,6.475167410714334,-15.063956124441916,809.5443260597426,761.4491414346769,48.09518462506571,18338.55078125,0.009734787740718787,17967.106863839286,17768.80236235119,66.35225588747016
-0.0126522201649355,773.0372488839286,781.5424543108259,777.4035057530291,15.345785154083552,31.859550615812097,752.7147216796875,0,Train,2021-10-15,-0.00023558004784163256,0.005633517520817977,-0.014658180127042564,0.003365294302207602,0.003641749259780799,4.330522809709805,-11.499886648995584,808.945989277156,760.097717126304,48.848272150851926,18338.55078125,0.009734787740718787,17967.106863839286,17768.80236235119,66.35225588747016
-0.0026777533461808,771.6556134905134,779.4172915504092,775.1590708372707,16.118927227791023,29.03798187812629,741.91259765625,0,Train,2021-10-16,-0.005364780807746272,0.0016819610355218728,-0.010231806781339947,0.0025302139290973038,0.0036230615122338516,1.29571533203125,-7.97705078125,807.6959488342675,758.8817733337012,48.81417550056631,18338.55078125,0.009734787740718787,17967.106863839286,17768.80236235119,66.35225588747016
-0.0143508871453085,766.5689871651786,776.7491048177084,772.1366641844506,17.4788966696673,30.574981528285576,746.7242431640625,1,Train,2021-10-17,-0.010961714334480566,-0.008600943986877163,-0.011851197304082572,0.003720517753641679,0.0037800263267144096,-6.65041678292414,-9.19371686662953,806.3069903538506,757.1936653381138,49.11332501573679,18338.55078125,0.009734787740718787,17967.106863839286,17768.80236235119,66.35225588747016
0.0064854613912916,761.3861171177456,773.9583333333334,769.826444091688,17.365597325465554,36.13287860248367,756.7084350585938,1,Train,2021-10-18,-0.015071889204568478,-0.018601777464218427,-0.014839739304051136,0.004199450997545516,0.0038316387420123128,-14.43158830915172,-11.46896798270086,804.7056347393072,755.0721580550567,49.63347668425058,18477.05078125,0.007552396132719963,18085.82840401786,17809.161923363095,69.18832017913333
0.0133706545434035,757.4061628069196,771.7209007626489,768.6338978159522,16.339322912317456,45.7462852572845,751.4637451171875,0,Train,2021-10-19,-0.01846607532489486,-0.02278372154698194,-0.014550931447886883,0.0036096352386328517,0.0036962270984644222,-17.65886579241078,-11.183698381696445,802.7826521923942,752.8052000676505,49.97745212474365,18418.75,-0.003155307734996393,18175.59988839286,17848.85714285714,71.30910016830312
-0.0069309257019186,752.6666608537946,769.3723435174851,767.0729748433373,15.474753740296388,42.15560629621442,759.9804077148438,1,Train,2021-10-20,-0.018135779746054737,-0.026351366715567703,-0.02086630008083923,0.0024575086491120143,0.0036967049275403955,-20.370588030133945,-16.04006522042414,800.6690505024937,750.2418512483432,50.42719925415054,18266.599609375,-0.008260625212080042,18228.657087053572,17890.271391369046,66.4552221961132
0.0113334311242494,752.0342668805804,767.6206665039062,766.4281960134742,14.25261525938138,45.19209407879165,758.2242431640625,0,Train,2021-10-21,-0.012282664507420993,-0.02542759524702687,-0.023788402435937384,0.0024873094813600643,0.003649685660302529,-19.62134660993297,-18.32563127790172,797.9026715995826,748.3381539445022,49.56451765508041,18178.099609375,-0.004844908296702255,18261.821428571428,17919.609468005954,66.63888624497689
-0.0023108024008958,752.5326276506696,766.1416538783482,765.6823821180731,13.482985289293948,44.74370284777278,752.1373901367188,0,Train,2021-10-22,-0.006434506867740386,-0.018310627940240964,-0.026754083241839477,0.0030919324459204676,0.0036967965069358015,-14.036359514508945,-20.686776297433084,794.3253281387358,747.3681201732061,46.95720796552973,18114.900390625,-0.003476668084567369,18279.385881696428,17946.668991815477,67.55833479447347
-0.0080277742135272,752.4501517159598,764.2318754650298,764.4510192106773,12.39773848991116,44.94546194497189,750.9345092773438,0,Train,2021-10-23,-0.00028765607551850536,-0.011736443836949939,-0.030119902584692104,0.0033322493636034345,0.0035694218343878055,-8.93596540178578,-23.3675537109375,790.6508448295916,746.7904585325738,43.86038629701784,18114.900390625,-0.003476668084567369,18279.385881696428,17946.668991815477,67.55833479447347
-0.0015992834223497,753.738996233259,763.0049031575521,763.2222455803742,12.377007704628262,34.80053935821398,754.206298828125,1,Train,2021-10-24,0.0022668240368217685,-0.004841743774661511,-0.02751515237967983,0.0035559322386083145,0.003648780901648572,-3.6671665736606656,-21.326032366071445,787.3403057458023,746.4619987673115,40.878306978490855,18114.900390625,-0.003476668084567369,18279.385881696428,17946.668991815477,67.55833479447347
0.0043569572450863,754.807861328125,762.1846255347842,762.4026140574424,12.361378838519856,33.10737125209535,760.3412475585938,1,Train,2021-10-25,0.0030234352556359756,0.002844819075553895,-0.023581512510713054,0.0032123806696489334,0.003598902634646988,2.1412004743303896,-18.229387555803555,784.7476901651123,746.0816869275216,38.66600323759076,18125.400390625,0.000579633328010587,18274.19308035714,17961.071428571428,64.36582525376167
0.0081343111824989,755.3268345424107,761.9841337658111,762.2152171030016,12.3552118432451,36.51209936382092,763.9981689453125,1,Train,2021-10-26,0.0038230875758222815,0.004378214938911995,-0.021160707785486066,0.0027285480642997672,0.0033472125059382635,3.292567661830276,-16.328778948102695,782.8115539064788,745.58724021322,37.224313693258864,18268.400390625,0.007889480889700096,18264.17159598214,17980.842912946428,64.64540503246441
0.0048095791178774,757.1174665178571,761.8672775995163,762.3773036341207,12.32240157962622,38.94896920219531,774.4635009765625,1,Train,2021-10-27,0.004482281401760657,0.006092544959148016,-0.0123296413050491,0.0010968486559820886,0.003241685191245037,4.5848388671875,-9.451520647321445,781.2993884209033,745.2348819474004,36.06450647350289,18210.94921875,-0.0031448386638428527,18226.157087053572,17997.788132440477,70.11709132789744
0.0136981114047658,759.1864798409598,762.0952584402902,763.4760488470699,12.516849325947629,56.01263813379519,774.9447631835938,1,Train,2021-10-28,0.00580097099827559,0.008952524110252158,-0.0028889905231166413,0.0010109110763616017,0.003453175831797441,6.736328125,-2.1996372767857792,780.1150402996162,745.0523695427388,35.062670756877424,17857.25,-0.0194223384240636,18145.942801339286,18002.961960565477,52.07314253619057
0.0006214136707856,761.5751255580357,762.3816673642114,764.5186592412994,12.747747617822954,63.574694953208805,795.7311401367188,1,Train,2021-10-29,0.008272301115066716,0.010396343248706863,0.005504263043841773,0.0011537663469268977,0.003644425184132429,7.836129324776721,4.168962751116055,779.5375745488537,744.928361730443,34.6092128184107,17671.650390625,-0.010393515763905459,18060.950055803572,18001.07384672619,43.40272774327719
0.0268230433195411,767.8028041294643,763.9695231119791,767.3561575045193,14.678797118803292,73.07702130752793,801.7938842773438,1,Train,2021-10-30,0.014113183335673574,0.01721622609822049,0.02011002222218794,0.0024738390862133444,0.004388595020129546,12.994942801339334,15.136143275669724,779.4257798742926,744.9497642105289,34.47601566376375,17671.650390625,-0.010393515763905459,18060.950055803572,18001.07384672619,43.40272774327719
0.0076190861898195,775.0684291294643,765.125470842634,770.4868599384124,16.625846808558336,83.84559073638252,797.9926147460938,0,Train,2021-10-31,0.020919694581272852,0.026136493083836365,0.03062913920721866,0.003413732035371008,0.004716994554671458,19.74159458705367,23.034162248883945,780.2497105448426,744.596686637077,35.6530239077656,17671.650390625,-0.010393515763905459,18060.950055803572,18001.07384672619,43.40272774327719
-0.004740956006014,781.3236171177456,765.8391985212054,772.987383102747,17.717609191761923,79.31226292298726,800.3263549804688,1,Train,2021-11-01,0.025931114209172046,0.03197145974087445,0.03825879225590323,0.0035002446665292667,0.00455124109690001,24.206150599888474,28.790989467075974,782.0054809040495,743.6513375948344,38.35414330921503,17929.650390625,0.014599655057507821,18025.45731026786,18015.907180059523,49.571422261801686
0.0029245135747497,787.0357753208706,766.5895908900669,775.4727441825398,18.848130260034907,77.32896357086587,810.7196044921875,1,Train,2021-11-02,0.02504936304994687,0.03668307618668987,0.04596400642094145,0.0030180671000770124,0.004275082949506754,27.84929547991078,34.58562360491078,784.7032215671132,742.075403921168,42.62781764594524,17888.94921875,-0.002270048271341696,17993.178571428572,18032.90234375,47.28404624372719
0.0129862642246392,793.7102661132812,767.8314644949777,778.6770042106896,20.84980158640171,84.87682350642035,814.352294921875,1,Train,2021-11-03,0.024051859530331843,0.04219562782030062,0.05303065129942208,0.0026948246559620843,0.0036551898993333323,32.135140555245584,39.971269880022305,789.1303103377528,739.5128389019236,49.6174714358292,17829.19921875,-0.0033400508475575075,17950.864118303572,18039.471354166668,40.69086177297132
0.0044808222344183,799.4086652483259,770.2098039899554,781.9202124571609,23.160267582882213,83.95432247933192,801.938232421875,0,Train,2021-11-04,0.023146680497506233,0.04116403450062456,0.059088949923922884,0.002025962923658446,0.003495988754902821,31.605861118861526,44.60080392020086,794.8178834134646,736.4624074626515,58.355475950813116,17916.80078125,0.004913376165984751,17900.635602678572,18043.971354166668,37.57331614566548
-0.015244093468406,803.264875139509,772.4575427827381,783.7400324539531,23.863263391084235,74.09171272799685,798.5460205078125,0,Train,2021-11-05,0.020620536356205532,0.036379298846831,0.06346661922337216,0.0014580042579219747,0.0033286295975280965,28.19644601004461,47.93804059709828,800.8543760969509,733.5868409440646,67.26753515288624,17916.80078125,0.004913376165984751,17900.635602678572,18043.971354166668,37.57331614566548
-0.0042300164487955,803.6670009068081,774.6399855840774,785.0860313679402,24.062327703431446,76.35970948674837,801.4811401367188,1,Train,2021-11-06,0.012544545810505792,0.028596836572643003,0.061482578922716025,0.0030296748234166213,0.0032645222417121795,22.3433837890625,46.549534388950974,806.4426656364249,731.7083527787536,74.73431285767128,17916.80078125,0.004913376165984751,17900.635602678572,18043.971354166668,37.57331614566548
0.0036755798082115,803.6223231724331,777.4765828450521,786.5764958014655,23.51627732321438,78.1560065712172,804.46435546875,1,Train,2021-11-07,0.005270968538723997,0.02107470634965769,0.05853086759498405,0.00358751402683198,0.0034203121196126744,16.5865478515625,44.43584333147328,811.3910285623281,730.9836104583194,80.40741810400868,17916.80078125,0.004913376165984751,17900.635602678572,18043.971354166668,37.57331614566548
0.0037221279237118,804.546857561384,780.2261120024182,788.2026648621278,23.112963176374382,78.08555399719495,805.763427734375,1,Train,2021-11-08,0.0015959647453180903,0.01365308212676708,0.05642481031908875,0.0036139093872006073,0.003440113851091071,10.836591448102695,42.97173200334828,815.8202221836264,731.2684863124673,84.55173587115905,18068.55078125,0.008469704042186388,17880.29296875,18064.092819940477,38.05697422638027
0.0016148288694133,805.3235822405134,782.5620640345982,789.7990978505139,23.09617348391164,76.83343946081949,812.2833251953125,1,Train,2021-11-09,0.0020612782804769747,0.007399115432843217,0.048867727376419534,0.0034970723983926985,0.0034166875208961945,5.9149169921875,37.520778111049026,819.5236297288665,732.8307709058992,86.69285882296731,18044.25,-0.001344921435271762,17907.007254464286,18076.18331473214,38.828919526086665
0.0080915777963141,805.5469709123884,785.458234514509,791.8431185182229,22.81311973958249,77.59144087209579,800.7352905273438,0,Train,2021-11-10,0.002394965501154145,0.002841025225313265,0.03932367857784724,0.002766844184143227,0.003564091922002937,2.2820957728794156,30.478541782924026,822.529538192793,735.1761328451533,87.35340534763964,18017.19921875,-0.0014991358050348014,17956.37137276786,18081.992838541668,41.96054975981061
-0.0142167570227937,803.6016845703125,787.398943219866,792.6514977917793,22.264258432716986,64.82892052395609,804.4161987304688,1,Train,2021-11-11,-0.0011747892396675175,-8.127288593640092e-05,0.028513239539269764,0.0021507263242945504,0.003993876985926038,-0.06531633649558444,22.278067452566916,824.5723275297142,738.2402492001964,86.3320783295178,17873.599609375,-0.007970140510272006,17948.364118303572,18078.54761904762,40.52112415731977
0.0045969101732743,803.9556797572544,789.5985601515997,793.7210160589328,21.506700497019025,66.05502451844237,808.843017578125,1,Train,2021-11-12,-0.0016985749746123435,0.00041481747732619034,0.021498265983507236,0.0011906042108757267,0.0041062573218884485,0.3333565848213311,16.91990443638383,826.0043259758326,741.9588035582075,84.04552241762508,18102.75,0.012820606684330382,17978.907087053572,18083.82384672619,49.6571858712747
0.0055031448330387,805.4266793387277,792.298828125,795.0957434697684,20.08065339877617,58.69222346934729,812.0186767578125,1,Train,2021-11-13,-0.00014932906212083985,0.0010935618840282046,0.014761574501008345,0.0013553598598645537,0.003942867107200558,0.87982177734375,11.716413225446445,827.0882841316567,746.0436137129303,81.04467041872635,18102.75,0.012820606684330382,17978.907087053572,18083.82384672619,49.6571858712747
0.0039261749321841,806.9320417131696,795.2075980050223,796.6341919504996,18.1174482037245,57.04808617090293,811.8502807617188,0,Train,2021-11-14,0.004144288404071661,0.001997283462358501,0.009411177026091844,0.0014592850483362125,0.0035520788451336915,1.60845947265625,7.52337646484375,827.7525959633476,750.591719919744,77.1608760436036,18102.75,0.012820606684330382,17978.907087053572,18083.82384672619,49.6571858712747
-0.0002073794617213,807.9871738978794,797.9525495256696,798.0174727515196,15.815310631749778,60.0559124392776,814.6891479492188,1,Train,2021-11-15,0.005014572621518498,0.0030292497813344532,0.005878881181690332,0.001470539529101822,0.003239099186804887,2.440202985491055,4.722298758370471,827.758307508873,755.8520423097652,71.90626519910779,18109.44921875,0.0003700663573213969,18018.942801339286,18081.333333333332,49.54898238010508
0.003496786605575,809.2622767857143,800.540544782366,799.533079587674,13.651616370022106,60.346610574893774,831.3616943359375,1,Train,2021-11-16,0.0047621931894976655,0.007044027313641843,0.00696218193927689,0.0015128006036491902,0.0029175523343049074,5.660592215401834,5.59527587890625,827.1973317659374,761.6274990794868,65.56983268645058,17999.19921875,-0.006087981951756416,18030.714006696428,18065.173735119046,42.24473880550826
0.0204649177280535,811.9877580915179,803.7483317057291,802.4265900193343,12.501685451195613,63.63639296036334,782.2103881835938,0,Train,2021-11-17,0.006265355837915099,0.009990697915945645,0.010409659709377905,0.0017942919186648366,0.0022973967143614395,8.032078334263474,8.365434919084805,826.1952075835111,767.9097510869688,58.28545649654234,17898.650390625,-0.005586294529162039,18006.442522321428,18037.630859375,41.22115527152339
-0.0591214467628365,809.3413434709821,804.1172310965402,800.5887534888125,11.681752139058885,36.74080653989922,791.2562866210938,1,Train,2021-11-18,0.0016759790462637092,0.004860360641974815,0.005959237631143699,0.0020788737477508653,0.0020369322653699838,3.9146641322544156,4.794485909598166,823.7738362831105,775.1077441786642,48.66609210444631,17764.80078125,-0.007478195643460861,17966.52120535714,18006.490420386905,47.03470102689781
0.0115645337547944,807.4613560267857,804.8939703078497,799.740347409929,10.077122281650398,45.467527375396045,791.2803955078125,1,Train,2021-11-19,-0.002225385774908051,0.0006559589733137194,0.0026545525716814566,0.002438349344827458,0.0018616922902349768,0.5293143136160552,2.137773786272305,820.8750803409087,781.972355310598,38.90272503031065,17764.80078125,-0.007478195643460861,17966.52120535714,18006.490420386905,47.03470102689781
3.046912501858401e-05,804.952410016741,804.6820300874256,798.9712608733729,10.323266294831807,46.82640228550223,794.9371948242188,1,Train,2021-11-20,-0.008664352392839803,-0.0037559555141180034,-0.0007380834602033204,0.0027283314588271777,0.0020797326811963094,-3.0347638811383604,-0.5945608956473052,817.9293963595042,787.9064373807303,30.022958978773886,17764.80078125,-0.007478195643460861,17966.52120535714,18006.490420386905,47.03470102689781
0.0046213697915002,802.5121983119419,804.3555210658482,798.604527596177,10.52563109034879,47.15953707363649,795.4664916992188,1,Train,2021-11-21,-0.0084379047408506,-0.008341026966662612,-0.0013557540747978214,0.002772945256081264,0.0022442144508502855,-6.750078473772419,-1.0894862583705844,815.0445043659468,792.9101874937073,22.134316872239424,17764.80078125,-0.007478195643460861,17966.52120535714,18006.490420386905,47.03470102689781
0.0006658348338035,800.1716570172991,804.2352294921875,798.3192516055444,10.616031725490926,46.00937797934375,802.4916381835938,1,Train,2021-11-22,-0.009027923076537547,-0.014552068004068275,-0.004706755403603657,0.0027013695380167574,0.0023319103692149355,-11.81610107421875,-3.784022739955276,812.5896526917913,796.6786273375055,15.911025354285812,17416.55078125,-0.019603372100156835,17880.714285714286,17966.011904761905,42.59078362031701
0.0088314800908437,798.4291556222098,804.3383382161459,798.6985594762762,10.58664286506246,48.619074876771656,806.3410034179688,1,Train,2021-11-23,-0.008103900694446775,-0.013482800473251233,-0.008687971104040182,0.0023671875841654475,0.00234297529972127,-10.912187848772305,-6.99752371651789,811.6552971839557,798.0848717962341,13.57042538772157,17503.349609375,0.004983697932798847,17827.821428571428,17933.880952380954,36.25102991606972
0.004796766783873,794.8547712053571,804.1298334030878,799.3933271073391,10.497421807934456,47.43407892344063,801.7174072265625,0,Train,2021-11-24,-0.009541820202474072,-0.01561261691018978,-0.014966899173035286,0.0007516744604778568,0.002540451997346204,-12.606584821428555,-12.0772705078125,812.4307519722203,796.8540276036725,15.57672436854773,17415.05078125,-0.0050446817378146935,17729.578683035714,17900.554780505954,35.17119654233343
-0.0057340457347542,797.6414882114956,803.5281720842634,799.6046071181776,10.241182670068111,50.45105552767975,797.4102172851562,0,Train,2021-11-25,-0.0031620325259144044,-0.00908242737616427,-0.012804269697097248,0.0025715075410865803,0.0027612413961004252,-7.310921805245471,-10.345685686383831,812.7424304212458,795.9800104618456,16.762419959400177,17536.25,0.006959452503032093,17647.69308035714,17872.5,41.172759438126334
-0.0053724540624687,798.5206211635044,803.3125523158482,799.4051171333575,10.32366597399582,46.800775488498665,800.5980224609375,1,Train,2021-11-26,0.00011455686537820142,-0.004973852306337068,-0.013273392236784365,0.0028294450013808883,0.00278465779747734,-3.9915771484375,-10.741655622209919,812.881488119222,795.3263147895391,17.55517332968293,17026.44921875,-0.029071254187753914,17508.72879464286,17813.359468005954,28.613223339013203
0.0039976979309774,799.8517107282366,803.4102666945685,799.5135630722284,10.28593680617616,46.19189858744543,801.522705078125,1,Train,2021-11-27,0.006286606942425443,-0.0003998470656347841,-0.014946096468012815,0.002973366412065076,0.0027745912925802437,-0.3199462890625,-12.13604736328125,812.8961334747244,794.9346081896172,17.9615252851072,17026.44921875,-0.029071254187753914,17508.72879464286,17813.359468005954,28.613223339013203
0.0011549898841183,800.792497907366,803.4122459774926,799.6962123454917,10.285551022973634,45.04930371387148,798.6756591796875,0,Train,2021-11-28,0.003950408476038225,0.002959989960930942,-0.010562719466366333,0.0028958723238908203,0.002735130638475957,2.36334228515625,-8.548845563616055,812.8092219556459,794.646083743294,18.163138212351896,17026.44921875,-0.029071254187753914,17508.72879464286,17813.359468005954,28.613223339013203
-0.0035520464740421,801.2509504045759,803.1365937732514,799.6034347849641,10.333401787755204,43.93900508403284,796.8018798828125,0,Train,2021-11-29,0.003419234480248168,0.008046978430436225,-0.007691272871272581,0.0026618333935097185,0.002703770583289487,6.39617919921875,-6.210405622209805,812.6374989654648,794.4105435498811,18.22695541558369,17053.94921875,0.0016151341742889347,17388.057198660714,17758.264229910714,24.081561784029304
-0.0023461079292181,800.4381277901786,802.7098533993676,799.3487479756775,10.404297043234784,41.69722148089849,786.3867797851562,0,Train,2021-11-30,0.0007331572266164876,0.0035061360523682694,-0.005608135549862614,0.002521594905350207,0.002631338208101163,2.7966395786829708,-4.5142822265625,812.4295823786616,794.1075758244634,18.322006554198197,16983.19921875,-0.004148599194972014,17276.399832589286,17716.642764136905,23.523322526751656
-0.0130711289225221,797.5875244140625,801.4766845703125,798.1703872310846,10.7420773053549,27.836379944163028,783.3693237304688,0,Train,2021-12-01,-0.00400225214606631,-0.0011685318133454192,-0.006136572015027708,0.0022364372638855458,0.002435602139503626,-0.9330967494419156,-4.924673897879416,812.4712646919853,793.4644774955146,19.00678719647067,17166.900390625,0.01081664117042136,17240.735491071428,17692.60704985119,30.320769028399184
-0.0038371144228949,794.9663696289062,800.6497337704614,796.8248360037559,11.447293453058826,51.04734567261126,786.3867797851562,1,Train,2021-12-02,-0.007843461243317473,-0.006107808527261227,-0.006505213403578902,0.0021839957471307624,0.0024373155946235364,-4.88534109933039,-5.20528738839289,812.6543416758113,792.3824694988539,20.27187217695746,17401.650390625,0.013674571102433752,17226.20703125,17667.464192708332,39.51944496491995
0.0038518945831553,793.3915928431919,799.7911900111607,795.8759218020649,11.820696047571568,45.06123469751595,795.9744873046875,1,Train,2021-12-03,-0.008803347444780618,-0.009241976021896026,-0.006309342217209135,0.002122282283397165,0.0024277180548408135,-7.40090506417414,-5.03756277901789,812.7318471135893,791.1014554115222,21.630391702067072,17196.69921875,-0.01177768586739425,17195.01395089286,17634.499906994046,29.66076874645958
0.0121921016044428,792.7310878208706,799.1784028552827,795.8848823023034,11.660452538736244,53.98734137838785,796.5828857421875,1,Train,2021-12-04,-0.006088907417100886,-0.010633201220420774,-0.0026717879308518766,0.0018007593096700367,0.0023694287637084084,-8.519862583705276,-2.123683384486526,812.4899146810158,789.9232924548658,22.566622226150002,17196.69921875,-0.01177768586739425,17195.01395089286,17634.499906994046,29.66076874645958
0.0007643441431899,792.0253993443081,798.443365187872,795.9483371604746,11.291238319006457,51.47426286856573,783.977783203125,0,Train,2021-12-05,-0.003699490188460497,-0.010510154568843522,-0.0070408685483250855,0.0014711104297419344,0.002302602788996432,-8.41272844587047,-5.6160888671875,811.9279879240222,788.8890417565025,23.038946167519725,17196.69921875,-0.01177768586739425,17195.01395089286,17634.499906994046,29.66076874645958
-0.0158239685595531,789.9257027762277,797.1161033993676,794.8601049825337,11.274650397075304,41.538711884398815,780.6439208984375,0,Train,2021-12-06,-0.004368448189051133,-0.009606245588486884,-0.010763552198255422,0.001160165738615284,0.0022860778366589943,-7.661821637834805,-8.59491838727672,811.0775818628232,787.8057904167525,23.271791446070665,16912.25,-0.01654091957599968,17105.87109375,17590.83565848214,26.104739554502146
-0.0042524958948022,787.6174229213169,795.4949021112351,793.5677246112522,11.067252520767587,32.984258848158774,781.860595703125,1,Train,2021-12-07,-0.006450693025816023,-0.009244349180481448,-0.015295694992989217,0.0011042999941344143,0.0023259528070329197,-7.348946707589334,-12.234287806919724,809.423126585085,787.0232121774708,22.399914407614233,17176.69921875,0.015636548581649423,17127.335379464286,17555.592726934523,34.535385880901316
0.001558552846075,786.9708251953125,793.137706938244,792.5034401650588,7.850048863395234,30.118519473180697,780.8386840820312,0,Train,2021-12-08,-0.0063818334022874845,-0.008092810291661867,-0.01725999275489265,0.0010692638309978963,0.0020959137203119147,-6.420767647879416,-13.821672712053555,808.0956914677934,786.1135954671954,21.98209600059795,17469.75,0.017060948527881648,17186.735491071428,17527.07840401786,42.48017801264416
-0.0013070253529975,786.6093052455357,793.0723876953125,791.4430077938745,7.950583036898381,31.989975623496207,778.4051513671875,0,Train,2021-12-09,-0.004198366402101361,-0.007722394982847214,-0.0182734824235119,0.000994957144244456,0.0017158712528400556,-6.121782575334919,-14.641645159040195,806.8710539799895,785.2530278768743,21.6180261031152,17516.849609375,0.002696066593683266,17262.971261160714,17501.96409970238,45.51633285183
-0.0031165626965634,785.4690726143973,792.4604288736979,790.2577481187211,8.567965468357116,33.058574277982174,782.444580078125,1,Train,2021-12-10,-0.0027276571650119985,-0.008277924843494322,-0.0187010771427234,0.0009729017394937235,0.001608358267086253,-6.556326729910779,-14.96905517578125,806.0342257054273,784.1415224112021,21.892703294225157,17511.30078125,-0.00031677089480919296,17312.171316964286,17477.873697916668,51.95574734608245
0.0051893653373731,783.5362287248884,792.0396757579986,789.5474601150305,8.841401746382106,34.05974660749888,782.9312744140625,1,Train,2021-12-11,-0.00436432503018358,-0.00808870255630778,-0.01761724608154669,0.0009998826824299692,0.0014138396285271393,-6.389474051339334,-14.05129568917414,805.6508358496227,782.6273153083013,23.02352054132143,17511.30078125,-0.00031677089480919296,17312.171316964286,17477.873697916668,51.95574734608245
0.0006220176461428,781.5859985351562,791.4679652622768,788.9459886876697,9.03081154828392,33.548614981788006,783.8560791015625,1,Train,2021-12-12,-0.006386025027775966,-0.00765780975716579,-0.016831367470294345,0.0009757509287652411,0.0012109193931107405,-6.031424386160666,-13.38037109375,805.6354819688728,780.7841033408371,24.851378628035718,17511.30078125,-0.00031677089480919296,17312.171316964286,17477.873697916668,51.95574734608245
0.0011812080034638,781.5686122349331,790.9150884719122,788.4832696343872,9.128648897885409,36.424457937759286,779.0865478515625,0,Train,2021-12-13,-0.004965772065960161,-0.006864565734109207,-0.014901822397550335,0.0011292908554621033,0.0011316999084686344,-5.402212960379416,-11.822980608258831,805.5652564002557,779.1682745707262,26.396981829529523,17368.25,-0.008169055116863166,17307.399832589286,17453.809430803572,47.274678635790906
-0.0060847027626126,781.3461303710938,789.8005603608631,787.6290221995849,9.073193629810778,34.589376392407885,780.4005737304688,1,Train,2021-12-14,-0.002795146252980163,-0.006690964420766776,-0.014361689133540634,0.0010170254647065497,0.0011849487664630667,-5.263174874441916,-11.384957449776834,805.7107998239826,777.6718670635732,28.038932760409352,17324.900390625,-0.002495911181322197,17325.714285714286,17416.768973214286,48.147836045549504
0.0016866237551269,781.1375558035714,788.5653018043155,786.9718905205743,8.453363849009918,43.81290988415372,779.5488891601562,0,Train,2021-12-15,-0.0005737599348315525,-0.005514560613327002,-0.013746836338519364,0.001066432891384503,0.0011167857486926904,-4.33151681082586,-10.88784354073664,805.3462481925735,776.3860254541901,28.960222738383436,17221.400390625,-0.005974060321640162,17369.87862723214,17374.480933779763,43.48394096204669
-0.0010913428295437,780.9532993861607,787.5096580868676,786.2970722150818,8.105871237519239,45.86629825205582,769.961181640625,0,Train,2021-12-16,-0.0007872793752718987,-0.003296502757672237,-0.011358540883697255,0.0010905478438412934,0.0010331474271372703,-2.582929338727695,-8.97240339006703,804.6430546447606,775.3324868242686,29.310567820491997,17248.400390625,0.0015678167505297491,17380.121651785714,17338.728608630954,55.74065972702832
-0.0122990458364459,779.7470179966518,786.2025611514136,784.8119912537675,8.625985083334417,34.439876729516115,780.0355834960938,1,Train,2021-12-17,-0.002046612010073501,-0.002352883165705366,-0.009992674991207373,0.0010972174999501318,0.0010164664133714165,-1.8389805385044156,-7.870404924665081,803.5467905860475,774.4182816098231,29.12850897622434,16985.19921875,-0.01525945397337003,17310.90011160714,17295.230933779763,48.415059813481356
0.0130842983980079,779.4028756277902,785.2233973911831,784.3777723667062,8.058600018579535,35.0388833316719,780.7169799804688,1,Train,2021-12-18,-0.002220710248653668,-0.0027710127725700806,-0.009616556707351953,0.0009123698180954259,0.0010336950744705112,-2.1657366071428896,-7.567949567522305,801.9579234343253,773.8681865335875,28.089736900737762,16985.19921875,-0.01525945397337003,17310.90011160714,17295.230933779763,48.415059813481356
0.0008735453853541,779.0865478515625,784.232648577009,784.0449730588664,7.186263996425417,35.127784102936715,782.3472900390625,1,Train,2021-12-19,-0.002390349763635613,-0.002891909784538238,-0.00956352453982856,0.0004982501236964358,0.001053140329887517,-2.25958251953125,-7.522757393973166,799.8829145751093,773.7267551375022,26.15615943760713,16985.19921875,-0.01525945397337003,17310.90011160714,17295.230933779763,48.415059813481356
0.0020882215968129,778.8710065569196,783.4551071893601,783.8906382388842,6.383987168197656,48.07570405287815,796.0231323242188,1,Train,2021-12-20,-0.0011234559665042054,-0.0029016006589520638,-0.008400160219569575,0.0004696801592099947,0.0009862697457711923,-2.2665492466518344,-6.598066057477695,797.5696977980526,773.8832597912331,23.68643800681957,16614.19921875,-0.021842546279377872,17181.950055803572,17240.440383184523,42.52764637947128
0.0174805261797141,781.2905186244419,783.4180239722842,784.9935922466419,6.304347227386964,64.58908225997519,799.9166870117188,1,Train,2021-12-21,0.0024219092021329214,0.0004318046143685361,-0.0028661215884058233,0.0014490318455514747,0.0013383845779423081,0.33721923828125,-2.245710100446445,795.4942104434551,774.3290465668686,21.165163876586575,16770.849609375,0.00942870544420904,17076.171316964286,17209.692708333332,41.89102077051659
0.00489125821775,784.0785348074777,784.0623052687872,786.3502372252852,7.244208666625046,66.30057580516296,799.8680419921875,0,Train,2021-12-22,0.006407487036814263,0.005555028375683335,0.00318907487722786,0.001967677722456299,0.001732475634461353,4.33151681082586,2.492536272321445,793.8332582256068,774.9012153025741,18.932042923032668,16955.44921875,0.011007170994593363,17017.199776785714,17183.602213541668,40.67266401176497
-6.081260751411577e-05,786.9812709263393,784.8479585193452,787.5791285677309,8.01857219970231,67.48650276675053,795.9988403320312,0,Train,2021-12-23,0.010412846673125031,0.009723335049854676,0.006925378791669434,0.002251765108555307,0.002027763064241794,7.57839529854914,5.41265869140625,792.617982094507,775.4754592419885,17.142522852518596,17072.599609375,0.006909306212627531,16981.156808035714,17167.295014880954,47.306982543852286
-0.0048372999757803,790.7009364536831,785.305675688244,788.34455690994,8.377125376906967,65.75162212937472,807.2169189453125,1,Train,2021-12-24,0.012044710136517978,0.014907700093332199,0.01197267858502915,0.0022710760102207404,0.002329196913728162,11.614388602120584,9.354806082589334,792.1224634513655,775.7679627484113,16.354500702954283,17003.75,-0.004032754879180422,16950.063895089286,17141.93787202381,52.190567392865695
0.0140930841163058,794.583984375,785.8410295758929,790.060226185883,9.39091303305017,69.65251361590369,815.7583618164062,1,Train,2021-12-25,0.01339846597139882,0.020174043822148713,0.01721390614434859,0.00221354160278683,0.0024444157453952352,15.71297781808039,13.446428571428555,792.8413503224203,775.3049343804255,17.536415941994846,17003.75,-0.004032754879180422,16950.063895089286,17141.93787202381,52.190567392865695
0.0105813476782099,799.5898960658482,786.7541474841889,792.3964203341123,11.238182183464316,73.09144459185032,828.047119140625,1,Train,2021-12-26,0.01602150598154317,0.023421988370759372,0.023863906707784155,0.0020599717468491948,0.00260203375128816,18.29937744140625,18.6365966796875,795.4822684589192,773.6304355728889,21.85183288603025,17003.75,-0.004032754879180422,16950.063895089286,17141.93787202381,52.190567392865695
0.0150642125161377,806.1184430803571,788.8526872907366,795.6373929528862,14.371594952648572,76.80045188973416,837.002197265625,1,Train,2021-12-27,0.019498530880489362,0.028109312134518616,0.03382048853673014,0.0017827841228691076,0.0030782787401618245,22.039908272879416,26.371425083705276,800.0305832627005,770.9322227850116,29.098360477688857,17086.25,0.004851870910828504,16926.899553571428,17144.78552827381,47.62793575603849
0.0108146963113571,811.9725952148438,791.5364147367932,799.3978297085897,17.650206856719088,83.42696787539067,841.0902709960938,1,Train,2021-12-28,0.021883918102780786,0.03175593271627375,0.04178804133974934,0.0017678963724949142,0.003261998806564288,24.991324288504416,32.569719587053555,805.5031612584655,767.9598217911996,37.54333946726592,17233.25,0.008603409174043453,16962.335379464286,17153.323660714286,43.28315819369498
0.0048841851835323,817.8545357840402,794.3568754650298,803.1880516438173,20.52498996928464,83.94119871818503,814.3712768554688,0,Train,2021-12-29,0.02284250940145438,0.03434117512512613,0.04976082315807617,0.001632574951872607,0.0033433932986341695,27.15359933035711,38.767987932477695,811.6608453407431,764.9266607627725,46.73418457797061,17213.599609375,-0.0011402602889762914,17047.964006696428,17164.295107886905,41.25097766087171
-0.0317670945224249,819.9264264787946,795.9536655970982,804.2047084812401,20.724133897815506,65.10451083549366,815.1986083984375,1,Train,2021-12-30,0.017128975917824363,0.03189397546658124,0.05271144974745523,0.0019424150264920402,0.0031973816381624426,25.34244210379461,41.055419921875,817.265499066656,762.7677424232993,54.49775664335675,17203.94921875,-0.0005606259494814747,17109.835379464286,17166.05933779762,41.15358064001116
0.00101591444404,822.6692504882812,797.7057349795386,805.204153928258,20.721664144685192,71.23601351916648,808.093017578125,0,Train,2021-12-31,0.013173665387816724,0.028863989572640136,0.05296202997150368,0.002139030541305304,0.002853804786244916,23.079354422433084,41.378731863839334,822.6653266435521,761.2812170227426,61.38410962080957,17354.05078125,0.008724831757606522,17166.778459821428,17163.79268973214,49.59295971476946
-0.0087163922351048,822.7944074358259,798.9270891462054,805.4667778964277,20.532187247528608,63.54877899975065,806.1705932617188,0,Train,2022-01-01,0.006040036993925968,0.02068674212656174,0.04937754435256214,0.00300510786668805,0.0027890103809351204,16.67596435546875,38.715872628348166,827.2210420887034,760.8463424676584,66.37469962104501,17354.05078125,0.008724831757606522,17166.778459821428,17163.79268973214,49.59295971476946
-0.0023789641471817,821.4247262137277,800.0337233770462,805.5307611114542,20.251295144434287,62.14583199846224,802.2527465820312,0,Train,2022-01-02,0.0018273587562820381,0.011640948296269826,0.04376655018339348,0.0038265159209010394,0.0029532975967760003,9.452130998883945,34.44345528738836,830.8103899504783,761.2426060037628,69.56778394671551,17354.05078125,0.008724831757606522,17166.778459821428,17163.79268973214,49.59295971476946
-0.0048598233580265,817.7398158482143,800.9097551618304,805.2327597905976,19.91154304012244,59.29545919649947,794.7334594726562,0,Train,2022-01-03,-0.005992000597009217,-0.00014026936430189263,0.03419608874601998,0.004400287809555594,0.0035527162402200093,-0.11471993582586038,27.03887939453125,833.1995737555526,762.4927907464005,70.7067830091521,17625.69921875,0.015653315812207858,17245.79268973214,17184.221261160714,57.62480431637723
-0.0093727159444584,811.7014247349331,801.6548461914062,804.278277943512,19.338597160105408,49.36100593934849,798.699951171875,1,Train,2022-01-04,-0.013482083252684185,-0.010031389986030925,0.021542644574439995,0.004958489936472284,0.004593746251613001,-8.225001743861526,17.117440359933084,834.3267581146132,764.4219932804762,69.90476483413704,17805.25,0.01018687423526421,17360.29268973214,17226.745070684523,64.2502948442069
0.0049909710632427,805.6456647600446,802.5262451171875,803.7711573279087,18.7358854225048,49.39757943882871,800.3546752929688,1,Train,2022-01-05,-0.01920938212612011,-0.02069311052787326,0.007573593318265015,0.0044482504378082835,0.005327957249462054,-17.02358572823664,6.055768694196445,834.5514694292165,766.6665185032614,67.88495092595508,17925.25,0.0067395852346920915,17480.149832589286,17262.39034598214,65.8027770811008
0.0020717719071672,803.643293108259,803.5169968377976,803.4605680520051,17.99557099902668,50.237166166237024,817.0966796875,1,Train,2022-01-06,-0.017238395962575814,-0.02327569822363018,-0.0030704544640364206,0.0039459779299220515,0.005427434363834816,-19.151114327566916,-2.4751499720981656,834.3060137177287,769.3016017259096,65.0044119918191,17745.900390625,-0.010005417462796928,17553.385602678572,17275.540364583332,68.4842479139437
0.0209182315182989,803.9144461495536,805.7615443638393,804.7002145643228,16.476390227902087,59.13594323280986,816.415283203125,0,Train,2022-01-07,-0.009593402633144898,-0.021316962474317025,-0.00992416383604433,0.003262977743735358,0.005353691037754996,-17.51028006417414,-8.058149065290195,833.7761646183718,772.282607877443,61.49355674092885,17812.69921875,0.003764183651131514,17638.971261160714,17289.628441220237,84.17450812660394
-0.0008339239423119,805.1033412388393,807.4939110165551,805.7652208042139,15.521086960842792,54.38311877168206,820.1141357421875,1,Train,2022-01-08,-0.0006731538999428244,-0.015452928137377753,-0.015591029929273303,0.0035239651381639347,0.005248125475226478,-12.636474609375,-12.75119454520086,832.9389434245176,775.721508410025,57.217435014492594,17812.69921875,0.003764183651131514,17638.971261160714,17289.628441220237,84.17450812660394
0.0045306017846094,807.0952758789062,809.3699660528274,807.0696676167569,14.46796048662964,52.175997043583365,821.8905639648438,1,Train,2022-01-09,0.004295416636025173,-0.0056746837145579265,-0.015649148735200846,0.004103491686295916,0.005043895529331884,-4.606148856026834,-12.83115059988836,831.7265447915748,779.7563339751663,51.97021081640855,17812.69921875,0.003764183651131514,17638.971261160714,17289.628441220237,84.17450812660394
0.0021660743855471,809.9006783621652,811.2529790969122,808.4170218302194,13.301348550758,46.5634452152476,815.5635986328125,0,Train,2022-01-10,0.007446354822062684,0.005281495064443531,-0.015520906024550585,0.004542430649766111,0.004648813423871343,4.255013602120584,-12.768572126116055,830.5040881591744,783.839806581339,46.66428157783548,18003.30078125,0.010700318921871732,17753.16434151786,17313.05701264881,84.47510039063567
-0.0076980629896876,812.8764125279018,812.1834774925595,809.0667106304552,12.858787464003557,37.671372312271416,816.8533325195312,1,Train,2022-01-11,0.00965474975808922,0.01148907668218313,-0.012054037823169828,0.003990039397623673,0.004325791762840531,9.23311941964289,-9.917994907924026,829.3539474346771,787.8697350778787,41.48421235679848,18055.75,0.002913311252602302,17853.407087053572,17345.795107886905,83.23567516288816
0.001581401976352,815.4697527204241,812.989984421503,809.774585347644,12.579034494358693,35.598636959066695,825.7109985351562,1,Train,2022-01-12,0.010376069705523072,0.014373801374283124,-0.007249566884542702,0.002209315436304621,0.0039272779124114665,11.555306570870584,-5.954973493303555,828.2870666175397,791.7854640744247,36.50160254311504,18212.349609375,0.008673115731830494,17937.214285714286,17388.054594494046,83.62590352559374
0.0108436431155933,819.0920846121652,814.2206013997396,811.2233501828724,12.494955426245555,58.55353660355677,822.8395385742188,0,Train,2022-01-13,0.011348806706258596,0.01737509044714791,0.0016536662857100648,0.0014110217902584688,0.004060390197405561,13.98874337332586,1.3522687639508604,827.6781975104706,795.2334479973418,32.44474951312873,18257.80078125,0.0024956237305924223,18001.864397321428,17437.40699404762,87.51606811478361
-0.003477560509708,819.9124930245536,815.4987298874628,812.2793673093585,11.89627223678194,55.59112594269217,814.2982177734375,0,Train,2022-01-14,0.008655781356443626,0.015880674226087743,0.010115872708122753,0.0012350940759874262,0.003955945662609087,12.817217145647305,8.21106828962047,827.2666667381202,798.1778296346477,29.088837103472542,18255.75,-0.00011232356375068253,18049.078683035714,17485.376023065477,86.7558701699851
-0.0103802994391607,819.6100551060268,815.8359345935639,812.4628991697292,11.749235830888836,54.44711370221582,799.8680419921875,0,Train,2022-01-15,0.005077199211608541,0.011988354872719098,0.017333166374253972,0.0016849203682296665,0.003954499823735223,9.70937674386164,13.964390345982224,827.1769459146761,800.2695663621095,26.90737955256668,18255.75,-0.00011232356375068253,18049.078683035714,17485.376023065477,86.7558701699851
-0.017720996394548,816.717755998884,815.0792526971726,811.3179121535891,12.255273378124382,46.16979590988908,803.615478515625,1,Train,2022-01-16,-0.002898732215689148,0.004725618078935456,0.016268987749598285,0.002854824380586108,0.004035639895287275,3.8413434709821104,13.074462890625,827.273650889406,801.2327926792326,26.040858210173383,18255.75,-0.00011232356375068253,18049.078683035714,17485.376023065477,86.7558701699851
0.0046850684446699,814.1070295061384,813.9158412388393,810.6176909137741,12.121598531531468,50.829882150564494,808.993408203125,1,Train,2022-01-17,-0.007080589169948581,-0.0016710898347114256,0.012678691626208938,0.0032490141095214637,0.0039490720713875,-1.3627232142857792,10.192583356584805,827.3365808139197,801.3833061838482,25.95327463007152,18308.099609375,0.0028675682661627455,18129.39285714286,17548.371279761905,85.91806871597129
0.0066921678729157,813.1684308733259,812.5820893787202,810.4700288491697,10.93745115892236,58.91663810665847,798.407958984375,0,Train,2022-01-18,-0.007859376776274019,-0.007231975317700923,0.01001745890419059,0.0030284232644157993,0.003404050062445178,-5.923653738839334,8.065089634486526,827.0054621256655,801.245814381031,25.75964774463455,18113.05078125,-0.010653690567923424,18172.300223214286,17619.745163690477,76.90308861587714
-0.013084716280027,810.5333775111607,810.5495983305432,809.3734770432792,9.203246419887828,49.83137734816912,792.6407470703125,0,Train,2022-01-19,-0.007572234645688014,-0.011439166488114494,0.004259846061557493,0.002891170418749153,0.002815786669361716,-9.37911551339289,3.4381016322544156,826.3285469129756,800.9834246969575,25.345122216018126,17938.400390625,-0.00964224043394124,18163.028738839286,17675.342819940477,69.99431071977371
-0.0072233898086371,805.8090558733259,809.5148111979166,807.8523197730094,9.94391810960312,45.7472789786336,804.1021728515625,1,Train,2022-01-20,-0.010192730601830458,-0.016838494289721284,-0.005052005262069503,0.002294524213255779,0.0031983658809816707,-13.800999232700974,-4.091622488839334,825.2009382693242,800.4250138791134,24.775924390210776,17757.0,-0.010112406160797005,18120.350167410714,17713.511904761905,60.785871872353326
0.0144597988730867,803.1322893415179,808.9864095052084,807.5113973256051,9.921587260452853,42.39317314247249,803.6398315429688,0,Train,2022-01-21,-0.012342020608238968,-0.016634224684818344,-0.011987213598782409,0.001769979035639899,0.003332707332528319,-13.585466657366055,-9.744123186383945,824.0014454608162,799.6582948781903,24.343150582625867,17617.150390625,-0.007875745304668613,18035.321707589286,17739.442894345237,49.753799320290376
-0.0005749783102241,801.6096627371652,808.7743530273438,807.1594367999108,9.988997184804468,42.50217613239482,802.9828491210938,0,Train,2022-01-22,-0.011009682045910019,-0.0153510119873973,-0.01699644890202412,0.0014673072797466052,0.0033345446998262656,-12.497366768973166,-13.860089983258945,822.9479128809994,798.730321110351,24.21759177064837,17617.150390625,-0.007875745304668613,18035.321707589286,17739.442894345237,49.753799320290376
-0.0008175085356503,802.0546351841518,808.6225556873139,806.7797470109275,10.054549608655778,39.57348770827653,803.2747802734375,1,Train,2022-01-23,-0.0046591939638913615,-0.01366727392163769,-0.020800407851677027,0.00201055231657512,0.0032498634354278847,-11.113795689174026,-17.03744942801336,822.3126605124655,797.7970554124788,24.515605099986715,17617.150390625,-0.007875745304668613,18035.321707589286,17739.442894345237,49.753799320290376
0.0003635583906471,802.0059640066964,808.6712239583334,806.4611136711557,10.024604355996397,38.46148608005811,796.1448364257812,0,Train,2022-01-24,-0.001402415703824933,-0.01052074318105034,-0.021839561136338115,0.002192215888996278,0.0030533629613821466,-8.52741350446422,-17.90652901785711,822.3110557208746,796.829114131246,25.481941589628605,17149.099609375,-0.02656790518738339,17876.93582589286,17746.364304315477,33.79595821423645
-0.0088760957305658,800.1704537527902,808.7384323846726,805.5232702852124,9.930780682350022,38.08240955154287,787.846923828125,0,Train,2022-01-25,-0.001795398747391208,-0.0069974419863333415,-0.02371810988912515,0.0021490155945511407,0.00280258374807478,-5.638602120535666,-19.43960135323664,822.6145484990427,795.9781002523523,26.636448246690406,17277.94921875,0.007513491221694313,17737.25,17755.492838541668,34.08407225842144
-0.0104226168631689,798.6617344447544,808.2216215587798,803.9163296982044,10.729592634164511,33.608343571486216,784.0020751953125,0,Train,2022-01-26,-0.0042302613694370494,-0.005566399155024437,-0.022108031105612658,0.002110580987089551,0.002515560120761266,-4.470554896763474,-18.05602155412953,822.9826511045685,795.1118417804762,27.870809324092306,17277.94921875,0.007513491221694313,17737.25,17755.492838541668,34.08407225842144
-0.0048801975568179,797.4276384626116,807.4429263160342,802.1059429252143,11.86264526255152,25.01453368267798,781.714599609375,0,Train,2022-01-27,-0.00570859289027259,-0.005217033263139159,-0.020487958510375437,0.0013255821934036603,0.0018521312965267302,-4.182024274553555,-16.67939104352672,823.4412752238567,794.0045368924938,29.436738331362903,17110.150390625,-0.00971173291462768,17566.114397321428,17749.630952380954,34.27878420228005
-0.0029176907285196,794.2294137137277,805.7580653599331,800.2521844419562,12.89105311485616,25.190784604678385,777.3831176757812,0,Train,2022-01-28,-0.007424718085001891,-0.009756469356513975,-0.02329039893894802,0.0014983836846115502,0.0017258996876597717,-7.82522147042414,-18.939017159598166,824.2057817790616,792.1526375847778,32.05314419428373,17101.94921875,-0.0004793161771092791,17421.671316964286,17744.314267113095,31.899573831418692
-0.0055410017105452,790.4784545898438,803.8993908110119,798.1731783723039,14.040296078549948,26.538766194119177,774.1953125,0,Train,2022-01-29,-0.010246240056311029,-0.014373346252019248,-0.024742871148499712,0.0019169755982261993,0.0017492328766926986,-11.527509416852695,-20.054922921316916,825.2273665493591,789.4693706855741,35.75799586378503,17101.94921875,-0.0004793161771092791,17421.671316964286,17744.314267113095,31.899573831418692
-0.0041006874259272,786.365949358259,801.7127801804315,795.9933723839126,14.93587293656671,30.963471328124427,773.5869750976562,0,Train,2022-01-30,-0.013871715213782831,-0.017251954667643954,-0.024128677102039697,0.0018756892359587346,0.0018719400711993,-13.80450439453125,-19.443106515066916,826.2998090813588,786.0434552531834,40.256353828175406,17101.94921875,-0.0004793161771092791,17421.671316964286,17744.314267113095,31.899573831418692
-0.0007857673542085,782.1248343331473,799.412609281994,793.9564271760711,15.385736009769866,26.646445371649364,770.2774658203125,0,Train,2022-01-31,-0.015240658645441885,-0.020705762400278105,-0.026156905016973542,0.0016376538570531426,0.002004179189810938,-16.53690011160711,-21.007455008370584,827.1609638606341,782.1071426544328,45.05382120620129,17339.849609375,0.0139107178709299,17336.1640625,17750.785714285714,33.50157802250321
-0.0042781346944549,778.4294956752232,797.2561267671131,791.8037943255476,16.162859934417934,18.88919188272962,772.1755981445312,1,Train,2022-02-01,-0.01524261520938286,-0.02382428432505257,-0.028917025504397453,0.0015755640741384482,0.0019979388968506978,-18.998142787388474,-23.18016706194203,827.5381582218594,778.0259225886874,49.51223563317194,17576.849609375,0.013667938611870323,17310.428292410714,17761.395182291668,39.092106984073034
0.002464218945049,776.1907348632812,795.1286156063989,790.0194128545462,16.39312491466991,25.49995838668009,768.622802734375,0,Train,2022-02-02,-0.012939541066448124,-0.022712176782901605,-0.03224705548261342,0.0013959665109444224,0.0019985084111195416,-18.038678850446445,-25.863900320870584,826.8352621439733,774.4386836916854,52.39657845228794,17780.0,0.011557838585399605,17333.692522321428,17768.742838541668,40.35688117116827
-0.0046010200512595,773.9936959402902,792.4101300920759,788.0742664799851,15.790461403077517,26.600241186810365,759.9597778320312,0,Train,2022-02-03,-0.010396215585955493,-0.020854153018132537,-0.03492775530802961,0.0010506672881207717,0.0018360149658852832,-16.484758649553555,-28.01226806640625,825.458927480881,771.223138646351,54.23578883453001,17560.19921875,-0.012362248664229525,17392.421037946428,17757.073753720237,35.563488445035105
-0.0112708403543649,770.8858642578125,789.4158557710193,785.5184038756256,15.693263896915806,4.513498860996265,767.868408203125,1,Train,2022-02-04,-0.009690834506299373,-0.01968559945033166,-0.03659793904865305,0.0010504913962814638,0.0018583141677082104,-15.480085100446445,-29.284589494977695,823.7229115237118,768.0867355186989,55.636176005012885,17516.30078125,-0.0024998826581151823,17426.471261160714,17737.59998139881,34.95800456109403
0.0104066433537508,769.5266200474331,787.2049124581473,783.9138588144892,15.277561185688429,18.04343108398864,773.976318359375,1,Train,2022-02-05,-0.008585666533396541,-0.016107677103049278,-0.036479917768411196,0.001374975606042828,0.001864272165362424,-12.59821428571422,-29.13511439732133,821.9300287220643,765.1605047252013,56.76952399686297,17516.30078125,-0.0024998826581151823,17426.471261160714,17737.59998139881,34.95800456109403
0.0079543709455933,769.4953351702009,785.9719732375372,783.0104460458424,15.249254811837702,26.38663779525212,768.3307495117188,0,Train,2022-02-06,-0.00581188295677848,-0.011477160815023701,-0.035028009997574716,0.00182600503468539,0.0017841281743620158,-8.934160505022305,-27.93230329241078,819.9067414328032,762.7226225808687,57.1841188519345,17516.30078125,-0.0024998826581151823,17426.471261160714,17737.59998139881,34.95800456109403
-0.0072942397767716,768.7444458007812,784.291748046875,781.6759281791038,15.151614850991027,23.83385968199705,764.80224609375,0,Train,2022-02-07,-0.0027778670699752928,-0.009593375349696176,-0.032087665695710754,0.0016532766719653154,0.001683907228297952,-7.4462890625,-25.484967912946445,817.4383794290403,760.7485860773771,56.689793351663184,17213.599609375,-0.017281112927623465,17441.24972098214,17712.25232514881,29.793603288501075
-0.0045924277014959,767.9622715541294,782.1874069940476,780.1419570804353,14.608394927510728,25.19263117518784,766.384033203125,1,Train,2022-02-08,-0.0020328711867138027,-0.007792601435640201,-0.028484246351024645,0.0013781047598804962,0.00175895470799621,-6.031424386160779,-22.516183035714334,814.9218551998067,759.0079997109076,55.91385548889912,17266.75,0.0030876976246183574,17464.79268973214,17686.254743303572,33.5119231536121
0.0020682302091215,767.1349051339286,780.6624581473214,778.8912367279526,14.501568044144896,30.991424605285346,771.1778564453125,1,Train,2022-02-09,-0.003067504022945422,-0.0048657775395781755,-0.024455591242251162,0.0013397519070219293,0.0018083943985561486,-3.750959123883945,-19.23104422433039,812.8497888966023,757.2126509401722,55.637137956430024,17463.80078125,0.01141215233034587,17482.5,17660.564267113095,40.833608079265645
0.0062551188888311,767.4999128069196,779.6404157366071,778.1900203386216,14.37089383828832,38.83000893122953,766.4813842773438,0,Train,2022-02-10,-0.0016189164040921744,-0.0026337064731932758,-0.01869896068278809,0.0014430430227567158,0.0019935641710308867,-2.026707240513474,-14.624921526227695,810.749305996792,755.7498961865227,54.9994098102693,17605.849609375,0.008133901085124018,17486.64285714286,17639.140438988095,47.03562883862106
-0.0060899987320911,768.4315708705357,777.8489496140253,777.1255988785053,13.486730466992851,37.26613257903916,776.507080078125,1,Train,2022-02-11,0.0006110968387242899,-0.0013824181265893465,-0.012843712706460453,0.001041606499204661,0.00221179346751569,-1.0637642996651948,-9.9979248046875,808.4217596975036,754.7596332991482,53.66212639835544,17374.75,-0.01312629691281364,17428.75,17599.254743303572,45.410302513463
0.0130801556390487,769.6656668526786,776.5569138299851,777.0693698966526,12.12314421087374,49.33135063166006,783.977783203125,1,Train,2022-02-12,0.003298978708716316,0.001198344985683386,-0.00840652653725893,0.0011123611012779776,0.002333709081283439,0.9212210518973052,-6.525068010602695,805.4788715280673,754.4636246354372,51.0152468926301,17374.75,-0.01312629691281364,17428.75,17599.254743303572,45.410302513463
0.0096209079307407,771.0944475446429,775.6519106910342,777.6974074699683,10.67462438000607,57.0084148553418,790.085693359375,1,Train,2022-02-13,0.004683433415096028,0.004078554515672961,-0.0037458294697415573,0.0013073182069086489,0.002328193683774407,3.132175990513474,-2.899248395647305,801.9831153569179,754.868229160381,47.11488619653687,17374.75,-0.01312629691281364,17428.75,17599.254743303572,45.410302513463
0.0077909225071337,774.2022966657366,775.0238589332217,778.8236152780961,9.262774535781604,60.9567114341511,794.173828125,1,Train,2022-02-14,0.007509745843294224,0.009212710156337067,0.00430210561860167,0.0017790052569088798,0.002443444188002848,7.067391531808084,3.3164324079241396,798.3890980894151,755.8654307191786,42.52366737023658,16842.80078125,-0.03061622289529342,17326.264508928572,17531.87379092262,44.33744597419761
0.0051742928646671,778.3982369559152,774.9300013950893,780.2190891732691,9.045497437489487,65.70701170489667,796.6559448242188,1,Train,2022-02-15,0.011345926522805527,0.014199772491358287,0.011528667985436725,0.0021745441952893676,0.0026603588887702152,10.898324148995584,8.87161690848211,794.8345425728116,757.393636486898,37.44090608591364,17352.44921875,0.03025912638397754,17302.85714285714,17488.859468005954,51.207299502951145
0.0031254073243371,782.7227957589286,775.3494785853794,781.7133487779009,9.8435131614699,65.96827413996834,800.062744140625,1,Train,2022-02-16,0.015080316362429125,0.018597914804831195,0.017189786583698963,0.0020880617656816756,0.002902480527008622,14.29122488839289,13.227460588727695,791.5571888625947,759.2005059267468,32.35668293584786,17322.19921875,-0.0017432697608654735,17318.37137276786,17441.91183035714,53.59666971223064
0.0042763746866383,786.8492082868304,776.1142723446801,783.3814756290577,11.093894704140096,70.54707967821095,799.5760498046875,0,Train,2022-02-17,0.016335409589406158,0.022325981493261704,0.023551080706917915,0.0019501174925625772,0.0029722074991127756,17.183541434151834,18.10476248604914,789.6404534498093,760.3792207968426,29.261232652966783,17304.599609375,-0.001016014719190439,17323.778459821428,17403.414155505954,53.426334000611575
-0.0006083202092609,791.5770176478794,776.9648175920759,784.8537096450241,12.176595087845794,78.98861219564265,808.75,1,Train,2022-02-18,0.016930640469462688,0.02656298481782371,0.03074987791517514,0.0018247464827353139,0.002827884567518449,20.482570103236526,23.61474609375,789.9460070121121,760.1835235403433,29.762483471768746,17276.30078125,-0.0016353356196504576,17296.992745535714,17371.885602678572,48.84357706702114
0.0114735179943838,796.1831490652902,778.458478655134,787.0260996772946,14.015457027180483,79.37061833157642,792.8353881835938,0,Train,2022-02-19,0.017196833130828315,0.02839161352816788,0.03786588739081087,0.001467145403249389,0.0027987879232865983,21.980852399553555,29.04824393136164,792.5097083953694,758.6015421277891,33.90816626758033,17276.30078125,-0.0016353356196504576,17296.992745535714,17371.885602678572,48.84357706702114
-0.0196780362490339,797.4485212053571,779.3461013067337,787.5542168142309,14.318932051891736,61.875574106315845,761.0304565429688,0,Train,2022-02-20,0.013470577090118896,0.02447369912339714,0.03902099257432967,0.0015586380837465357,0.0027205108926995373,19.050284249441916,29.9486083984375,795.7328648210722,756.9107543893073,38.82211043176494,17276.30078125,-0.0016353356196504576,17296.992745535714,17371.885602678572,48.84357706702114
-0.0401154288956385,793.2977730887277,778.7481718517486,785.1429658804799,14.824681612530927,46.54218198007552,755.9932861328125,0,Train,2022-02-21,0.002173831986635122,0.013510501274650588,0.032359683231158565,0.004126117648507822,0.003313059975018014,10.57497732979914,24.86620221819203,797.9026178416327,756.2278291100972,41.6747887315355,17206.650390625,-0.004031556958107085,17239.964285714286,17345.67847842262,42.82642198390447
-0.0066188815005353,787.8434099469866,778.0679728190104,782.4929949943283,15.543068513749391,45.88638550535615,744.4588623046875,0,Train,2022-02-22,-0.010474649115714496,0.0012635224763342112,0.023617713349018965,0.005543401899180067,0.004046651098247277,0.99420166015625,18.177743094308084,799.0268981234427,756.2688163366576,42.75808178678517,17092.19921875,-0.006651566067580439,17199.59988839286,17320.680803571428,36.1975953556406
-0.0152573098725887,780.3866838727679,776.7481282552084,779.0353465679974,17.16101690401397,40.63214542025502,745.1158447265625,1,Train,2022-02-23,-0.021395534481398193,-0.014136759311637048,0.012050710983218416,0.006621453545994666,0.005015787173925553,-11.190333775111526,9.292236328125,799.3076386350383,756.6273746183099,42.680264016728415,17063.25,-0.0016937094155936583,17231.092633928572,17316.592726934523,39.200259426714496
0.0008824966094715,772.537126813616,775.6287493024554,775.9517554915033,18.43675307094087,38.45655175844294,748.3523559570312,1,Train,2022-02-24,-0.026170054901678896,-0.029699224706569494,-0.002150820088356764,0.006956489552805436,0.005858023295377198,-23.64602225167414,-1.6651698521205844,799.2873700834939,756.8127694254347,42.47460065805922,16247.9501953125,-0.04778103847083648,17073.307059151786,17267.54515438988,29.357263899851205
0.0043436349574024,765.2194562639509,775.0760149274554,773.4427191701876,19.09233671122372,41.86503828301054,743.0960693359375,0,Train,2022-02-25,-0.02871630757761634,-0.04041522942784004,-0.0169306404694628,0.00618193831709082,0.006424336865170237,-32.22906494140625,-13.178780691964334,799.5185972126767,756.1508259179038,43.367771294772865,16658.400390625,0.025261660109649586,16978.478655133928,17246.033249627977,41.27016836117036
-0.0070238124851919,755.8403233119419,773.8963797433036,770.6839328216195,20.287793651253864,34.33720254172886,741.5630493164062,0,Train,2022-02-26,-0.03145409970222912,-0.04721738929247732,-0.03434481861604832,0.004566427636924564,0.00713980359987244,-37.45744977678578,-26.88247244698664,800.7195198893114,753.584402055443,47.135117833868435,16658.400390625,0.025261660109649586,16978.478655133928,17246.033249627977,41.27016836117036
-0.0020630172635702,748.5157034737723,772.3528907412574,768.036579775691,21.479408472699458,28.944139125881943,742.8284301757812,1,Train,2022-02-27,-0.031094199237934106,-0.04991817660296305,-0.04871772686474429,0.002293403451785878,0.007412593248554128,-39.327706473214334,-38.333504813058084,802.7653264579111,749.5157212541422,53.24960520376885,16658.400390625,0.025261660109649586,16978.478655133928,17246.033249627977,41.27016836117036
0.0017063698906538,745.9154139927456,771.1384945824033,765.7449298120629,22.41857042689161,25.355269666276,733.9464111328125,0,Train,2022-02-28,-0.025226805347388637,-0.04417203751985399,-0.05768434736876815,0.0028070593230091916,0.007203972366997579,-34.471269880022305,-45.66160365513383,804.7368458377813,745.3395161181339,59.39732971964736,16793.900390625,0.008134034290366632,16905.521623883928,17231.3642578125,42.75269866548523
-0.0119570262555337,742.7658604213169,769.6691691080729,762.8541553866764,23.82185106344744,20.086977504438,744.4102172851562,1,Train,2022-03-01,-0.017297916619922193,-0.03853700405971794,-0.06709170962319988,0.003247812749050356,0.006826096251016678,-29.77126639229914,-53.41728864397328,806.711574433767,740.927883050887,65.78369138288008,16793.900390625,0.008134034290366632,16905.521623883928,17231.3642578125,42.75269866548523
0.014256907580205,742.7589111328125,768.622796921503,761.1774337410836,24.44774171702825,25.957439876326006,747.4276123046875,1,Train,2022-03-02,-0.0076909439765167065,-0.02935176954438401,-0.06858074047197471,0.0044600628547074046,0.0064194180973600225,-22.46054513113836,-54.68961007254461,808.2215918844832,736.94376543276,71.27782645172329,16605.94921875,-0.011191633122935585,16809.75711495536,17196.41662016369,36.81504865181606
0.0040534035528632,743.0891636439732,767.4918329148065,759.9274499741385,24.86934694734443,25.691121354122032,746.600341796875,0,Train,2022-03-03,-0.003788968957812555,-0.01687017651042444,-0.06329100011117628,0.00500355397776739,0.006016446498698647,-12.75115966796875,-50.20860944475453,809.3007396114282,733.3303769831588,75.97036262826941,16498.05078125,-0.00649757722841704,16708.52859933036,17145.045247395832,32.79279011434805
-0.001106823582904,742.8388759068081,766.5451166062128,758.7158946852965,25.284679194406745,25.61055523209416,737.937255859375,0,Train,2022-03-04,9.830215601147607e-05,-0.0075841128524340995,-0.05712370437065262,0.00499403805645268,0.005407648550582876,-5.676827566964221,-45.004534040178555,810.0422318751547,729.9062056248453,80.13602625030944,16245.349609375,-0.015317032007332254,16587.55008370536,17071.966657366072,32.57419602142255
-0.011603377942006,742.1019025530134,764.7084583100818,756.8269275193036,25.91778292210224,17.244496593438498,742.1227416992188,1,Train,2022-03-05,-0.0008845515953448402,-0.005112525318814898,-0.049058732178465014,0.003590763810295238,0.004661285249095209,-3.813511439732224,-38.28478131975453,810.4755645759312,726.5736184249058,83.90194615102541,16245.349609375,-0.015317032007332254,16587.55008370536,17071.966657366072,32.57419602142255
0.0056718722447066,742.1818586077009,762.7153610956101,755.4901833538413,25.97115320726413,23.68687073416669,749.3013305664062,1,Train,2022-03-06,-0.0012209908052258633,-0.0007862529024755815,-0.039292957130898865,0.0018675124060196762,0.004514649689366114,-0.5840018136160552,-30.355268205915195,810.379263893535,723.4678753014983,86.9113885920367,16245.349609375,-0.015317032007332254,16587.55008370536,17071.966657366072,32.57419602142255
0.0096730479526214,743.1065586635044,760.7732485816592,754.9275603731654,25.3393067029856,41.82496047972256,754.2898559570312,1,Train,2022-03-07,0.0003603510335530302,0.0004680489530064502,-0.028897458656381714,0.0017637966466347655,0.004822635294676613,0.34764753069191556,-22.112897600446445,809.5097274035508,720.8082439622416,88.70148344130916,15863.150390625,-0.02352668473994779,16416.107282366072,16991.154808407737,34.15239928367143
0.0066575691075498,746.0127650669643,758.874011811756,754.8695872444259,24.17880874172895,48.81192696090159,747.4276123046875,0,Train,2022-03-08,0.0052699804440556886,0.0039343884503098,-0.013002161887732067,0.0016033932554664217,0.0052791842015137,2.923601422991169,-9.827558244977581,807.6521689445472,718.9947993520486,88.65736959249853,16013.4501953125,0.009474776509483585,16382.60728236607,16919.590494791668,25.48966681027008
-0.0090976215550944,746.4438214983259,756.5298055013021,754.1930440680861,22.672053364388766,52.21493624772314,744.4345092773438,0,Train,2022-03-09,0.0057424778592947145,0.004852930707371916,-0.0027679873192120175,0.0015798984014416385,0.005141927026955578,3.604945591517776,-2.071881975446445,804.7924438583088,717.8139857594367,86.97845809887212,16345.349609375,0.020726290088294297,16337.8857421875,16878.245256696428,33.89710181510034
-0.0040045390056095,746.0162353515625,753.880841936384,753.305904541655,20.474694566696744,49.508789685595474,750.0800170898438,1,Train,2022-03-10,0.003915557808144232,0.005274656735258176,0.0001351646003362461,0.0016532972202735602,0.0047746904323779,3.9143327985491396,0.10082135881691556,800.5668765288201,717.4834748592937,83.08340166952644,16594.900390625,0.01526738719047449,16309.45717075893,16846.252418154763,39.13204337300678
0.0075836191661511,746.5133318219866,751.5238879975818,753.0126420460358,17.598290726821457,51.20374843503348,739.640625,0,Train,2022-03-11,0.0006709895305576641,0.005836134586220343,0.005045293005987217,0.0016050806247675487,0.004385855524540551,4.331473214285779,3.747471400669724,794.515673239294,718.5676964244893,75.94797681480463,16630.44921875,0.0021421537513466316,16312.95717075893,16806.569010416668,40.13168457536305
-0.0139177045808345,746.7566702706473,748.2329653785342,751.7970041327599,11.90156957988126,47.75459599068428,737.3045654296875,0,Train,2022-03-12,0.00041911897896551586,0.004911962577355933,0.0053823105693038276,0.0014416263640380541,0.003196815121519528,3.6501116071428896,3.997759137834805,786.9136812566366,721.1005033136759,65.81317794296069,16630.44921875,0.0021421537513466316,16312.95717075893,16806.569010416668,40.13168457536305
-0.0031583710944926,746.068359375,745.588640485491,750.4795097052079,6.388111762157552,47.26134990709056,741.1250610351562,1,Train,2022-03-13,6.986982449919132e-05,7.452192594947782e-05,0.004009203574463882,0.0015810404466210439,0.0019485449899694497,0.05559430803566556,2.9791957310268344,778.9884435978965,724.302799601043,54.685643996853514,16630.44921875,0.0021421537513466316,16312.95717075893,16806.569010416668,40.13168457536305
0.0051817061559116,744.9003208705357,744.6407645089286,749.6291052806578,5.379430498979021,48.93941098318441,732.9730224609375,0,Test,2022-03-14,-0.0021607262492072676,-0.002067805484265328,0.0027750903063752386,0.0017781432745088042,0.00176215595798512,-1.5435006277901948,2.061444963727581,770.9914567061609,728.0054775851339,42.98597912102696,16871.30078125,0.014482565042708062,16366.278599330357,16771.590494791668,45.13075847173555
-0.0109995451548116,741.8550589425223,743.5445614769345,748.1149159334104,5.295219656964928,49.388367476551785,728.3252563476562,0,Test,2022-03-15,-0.0065638668166814185,-0.0055778630703381404,-0.0003326276480923873,0.0016723589435275502,0.001738174078771195,-4.161176409040195,-0.2468436104910552,763.6268002251169,731.5169715731532,32.10982865196365,16663.0,-0.012346456503312231,16425.942940848214,16737.69763764881,43.93340912315884
-0.0063409784137437,739.1261509486607,742.7762945265997,746.3158559710691,6.2417281688569775,39.09597048742423,712.2158813476562,0,Test,2022-03-16,-0.009305056753988294,-0.009895577960136848,-0.004117195298700138,0.0018532205122456318,0.0019848082499883324,-7.387180873325974,-3.055707659040195,757.2949070477227,734.5077671640518,22.78713988367099,16975.349609375,0.018745100484606647,16584.828543526786,16744.00948660714,48.8497124600639
-0.0221183802972643,734.5234898158482,741.2096296037946,743.2158582780315,9.099740519982628,29.72817413047558,715.0143432617188,1,Test,2022-03-17,-0.013930496153579996,-0.016381749158484893,-0.011550253119947063,0.0025364277785851854,0.002510985906853656,-12.23318045479914,-8.58306884765625,752.6480004448812,736.0850771220831,16.562923322798042,17287.05078125,0.018361988356508263,16766.771484375,16740.89527529762,65.66230424677235
0.0039292326769899,729.5141078404018,739.6221051897321,740.6520841856394,10.579118886599668,32.21912152657761,722.7769775390625,1,Test,2022-03-18,-0.01663525907569041,-0.022188652456010982,-0.02211578407117676,0.0026935789119794215,0.002969922585465714,-16.554251534598166,-16.4986572265625,751.9952163379206,734.1052396818897,17.889976656030967,17287.05078125,0.018361988356508263,16766.771484375,16740.89527529762,65.66230424677235
0.0108566133679675,727.1050153459821,738.654529389881,739.027074490496,11.158818856663949,41.378336050027904,718.591552734375,0,Test,2022-03-19,-0.016263983607195498,-0.023889512497131005,-0.025907919116438305,0.002184545757943853,0.003016042721260895,-17.795305524553555,-19.33880615234375,753.0442732534467,730.9151139535846,22.129159299862067,17287.05078125,0.018361988356508263,16766.771484375,16740.89527529762,65.66230424677235
-0.0057907555646531,724.4317278180804,737.5606486002604,737.1692997853942,11.956839529769548,36.61778232874573,717.6181030273438,0,Test,2022-03-20,-0.013739195733955212,-0.023486166083814264,-0.028933026535689743,0.00179245656355372,0.0030349317296193444,-17.423331124441916,-21.58450753348211,754.2895701456442,727.5214484439203,26.768121701723885,17287.05078125,0.018361988356508263,16766.771484375,16740.89527529762,65.66230424677235
-0.0013546634431299,721.0735909598214,736.3601568312872,735.391918261935,12.64715588932702,30.613455232631964,718.7131958007812,1,Test,2022-03-21,-0.011570052984399504,-0.02442419330674328,-0.03407807975789978,0.001367311587285597,0.002999164913308346,-18.05255998883922,-25.439740862165195,755.8287787738433,723.8130128695719,32.01576590427135,17117.599609375,-0.009802202470463706,16877.092912946428,16731.152436755954,57.46373370175288
0.0015260105184327,719.0364728655134,735.634765625,733.8756707654665,13.216561706148664,27.1420056155982,722.1199340820312,1,Test,2022-03-22,-0.011096804877118727,-0.021084440681696348,-0.03712078982178668,0.0015253369078479246,0.0024416964844583043,-15.487016950334805,-27.720197405133945,757.0591348052382,720.2104130114473,36.8487217937909,17315.5,0.011561223252155806,16980.035714285714,16731.67150297619,58.30942179823455
0.0047400525009899,718.1499982561384,734.5733235677084,732.8069674306087,13.3707373438846,32.9842704191135,727.351806640625,1,Test,2022-03-23,-0.008671251300466976,-0.015577641970358713,-0.03742064754260532,0.0019523836606806808,0.002303041837925766,-11.364109584263474,-27.91836111886164,757.8102359850864,716.9653952928154,40.844840692270964,17245.650390625,-0.0040339354552280104,17067.92159598214,16730.211960565477,60.58931895761841
0.0072451573646759,720.312273297991,733.6173328218006,732.3110437224284,13.121085370017974,38.85003804523199,723.8233032226562,0,Test,2022-03-24,-0.0010558113226931676,-0.009342174657891555,-0.033008507156782385,0.0030760018600896125,0.002724676171411159,-6.792742047991055,-24.58804757254461,757.8684782738263,714.6544927431938,43.2139855306325,17222.75,-0.0013278937068936791,17118.12862723214,16730.978608630954,62.34369365353319
-0.0048511647125283,721.5706961495536,732.5327119373139,731.5394309497219,12.934290989002143,32.375040970173714,725.9161376953125,1,Test,2022-03-25,0.0035244711216675384,-0.00394934616840148,-0.02734275725218227,0.0029014931119336037,0.0028343219041019013,-2.8610316685268344,-20.28436279296875,757.6107930474415,712.8590573292328,44.75173571820869,17153.0,-0.004049875890900112,17188.12862723214,16733.873883928572,66.48742963740335
0.0028913610039058,722.0191476004464,731.9602777390253,731.0282224720484,12.949143462637345,39.62478660083976,723.044677734375,0,Test,2022-03-26,0.005387661844605374,0.0013113178078902887,-0.02314490337847952,0.002887604957811367,0.002857358446726359,0.945556640625,-17.10700334821422,757.0962019572592,711.3573773186895,45.73882463856967,17153.0,-0.004049875890900112,17188.12862723214,16733.873883928572,66.48742963740335
-0.0039556359362032,722.6553083147321,731.0517985026041,730.3024456777143,12.86951155451664,39.30660495669256,725.8917846679688,1,Test,2022-03-27,0.0032528045177036002,0.005032895528646719,-0.016157660940280483,0.0026902337706836963,0.0029675817043241784,3.61883544921875,-11.868181501116055,756.2302252152108,710.1782290258607,46.05199618935012,17153.0,-0.004049875890900112,17188.12862723214,16733.873883928572,66.48742963740335
0.0039376639110533,723.8372628348214,729.9370582217261,729.9014764950102,12.206496859239632,38.40743018410106,724.5776977539062,0,Test,2022-03-28,0.003141156781120369,0.00791932687111796,-0.007781679537885444,0.0019728214166703493,0.003144170646982499,5.687264578683084,-5.67684500558039,754.6554423264811,709.5354616913762,45.11998063510487,17222.0,0.004022619949862971,17223.364397321428,16741.433407738095,77.85265851527964
-0.0018103069105039,724.675048828125,728.5221935453869,729.4174966094553,10.894027298204348,42.86897798828544,732.1700439453125,1,Test,2022-03-29,0.003678436003401231,0.0060567835532756575,-0.0033419746344355294,0.0012959812170330633,0.003193758852120556,4.362775530133945,-2.4299665178571104,752.7375169326492,709.2765098181878,43.46100711446138,17325.30078125,0.005998187274997013,17228.828683035714,16792.735816592263,77.41756270279957
0.0104783051078463,726.1107788085938,727.795642671131,729.6677281854422,10.04590257250587,53.11019714916287,734.0924072265625,1,Test,2022-03-30,0.004781630265638048,0.006291944342067923,0.002317749107387357,0.000798448483351164,0.0032767455592515827,4.540082659040195,1.6790509905133604,750.643373065948,709.380108030592,41.26326503535597,17498.25,0.009982465582194733,17283.20731026786,16832.728655133928,75.81038265750068
0.0026255694249539,727.0737217494419,727.3031616210938,730.069971734635,9.423659699329178,72.96874699613583,732.5106811523438,0,Test,2022-03-31,0.004471252145745064,0.007000609562493931,0.008321107394369642,0.0004872454952958367,0.0030073048675400846,5.054574148995471,6.000130789620471,748.1755064484439,709.9040136408419,38.271492807602044,17464.75,-0.001914477162001882,17304.528738839286,16864.673874627977,71.55917648140887
-0.0021546688927005,728.3147757393973,726.4665265764509,730.2918544089722,7.967876866025209,68.85152109008168,732.559326171875,1,Test,2022-04-01,0.005022564137068253,0.007831489452230445,0.012903800049123948,0.0004818041199584877,0.0024980132006857145,5.659467424665195,9.278302873883945,745.3404854009743,710.8948452351863,34.44564016578806,17670.44921875,0.011777965258592316,17365.214285714286,16915.364350818454,73.77138612252477
6.640861462203773e-05,729.2638026646206,726.1293218703497,730.4979882055998,7.519703203548892,62.641420738132645,738.7645874023438,1,Test,2022-04-02,0.00434234547681589,0.007496905877084403,0.015475603196364984,0.00037086036758847136,0.002344457483760139,5.42653982979914,11.113804408482224,742.3137992521774,712.2410757129453,30.07272353923213,17670.44921875,0.011777965258592316,17365.214285714286,16915.364350818454,73.77138612252477
0.0084706603394095,731.509504045759,726.1988467261905,731.2494972234856,7.634071927960775,74.77560541935213,736.1365356445312,0,Test,2022-04-03,0.0061008700543376815,0.009431061865157409,0.01554496731882793,0.0006539325665573374,0.002170839760223703,6.834455217633945,11.19723074776789,739.359090618397,713.8567026642481,25.502387954148844,17670.44921875,0.011777965258592316,17365.214285714286,16915.364350818454,73.77138612252477
-0.0035573602235772,732.9730398995536,725.9612978980655,731.6937734435805,7.212356941754508,71.85525394524913,740.3950805664062,1,Test,2022-04-04,0.006395948998051182,0.009450708199401081,0.01580211587145275,0.0006586308491912441,0.001553709844072744,6.862261090959805,11.40234375,737.1796797193452,715.147911659003,22.0317680603423,18053.400390625,0.021671841339984343,17483.87862723214,16989.428617931546,75.37126170712057
0.0057849932935964,735.232666015625,726.3147292364212,732.4848013638374,7.735982374421647,73.81078776764313,745.6511840820312,1,Test,2022-04-05,0.008184779402453657,0.011221618966714253,0.018300786702253324,0.0007450647438083392,0.0011291937783947132,8.158944266183084,13.213518415178555,736.1244920565892,715.8137508284552,20.31074122813402,17957.400390625,-0.005317557796472028,17598.79296875,17070.95484561012,79.1886256792503
0.007099052456702,737.1585431780134,727.1397734142486,733.6817452473095,8.810420185427846,74.83304476873609,743.97216796875,0,Test,2022-04-06,0.007722441200027186,0.012142781848188733,0.02006936736838405,0.0007711771386114326,0.0008126225422057081,8.843767438616055,14.50323486328125,736.7784811623317,715.4232670589292,21.35521410340243,17807.650390625,-0.008339180323571727,17682.45731026786,17163.55008370536,70.2535532049186
-0.0022517447153903,738.5699375697544,728.6519775390625,734.6172382219859,8.846058560969068,68.96173782738154,758.8160400390625,1,Test,2022-04-07,0.007635884767286827,0.01276099934088415,0.020353573228924615,0.0006933000359742636,0.0007439464191372563,9.306134905133831,14.73267473493297,738.5297875870748,714.5775436071216,23.95224397995321,17639.55078125,-0.00943974110495216,17727.350167410714,17240.983444940477,59.22242979956749
0.0199521873389973,742.3278459821429,730.7377726236979,736.8171292962655,10.4823167173732,81.7299933476269,758.6456909179688,0,Test,2022-04-08,0.009650251266674736,0.014789065455132144,0.024359603911524585,0.001228290622927091,0.0011527425824531363,10.818341936383945,17.65279715401789,741.2183444808463,713.4112697769663,27.807074703880062,17784.349609375,0.008208759390795572,17768.221540178572,17309.507254464286,67.67208980164868
-0.0002244933054986,746.0544695172991,732.445806594122,738.8015439891477,11.941088600877393,80.74991484496049,756.990966796875,0,Test,2022-04-09,0.012067860328843105,0.017847081550964372,0.027466457310314496,0.0013108707783417541,0.0013261778147214962,13.081429617745584,19.94369070870539,744.5380781558126,712.2538102719218,32.284267883890834,17784.349609375,0.008208759390795572,17768.221540178572,17309.507254464286,67.67208980164868
-0.0021811553679181,748.6582380022321,734.2743501209077,740.4551278807593,12.633490172617217,82.63928338364609,783.2720336914062,1,Test,2022-04-10,0.013659235123586244,0.018260303992426064,0.02968683313275955,0.001310740432625373,0.0012877542507141692,13.42557198660711,21.584516252790195,747.8777984971354,711.6725546348401,36.20524386229522,17784.349609375,0.008208759390795572,17768.221540178572,17309.507254464286,67.67208980164868
0.0347178078038852,755.3918805803571,737.4007277715774,744.3475738635454,15.984656588989605,88.03232503685436,790.2316284179688,1,Test,2022-04-11,0.01759873978717552,0.024734621298339476,0.03717775025705161,0.0023743826886556815,0.002124801578867714,18.23333740234375,27.077104840959805,752.2730078169684,710.9128860864912,41.3601217304772,17674.94921875,-0.006151497975913078,17798.25,17360.938151041668,59.996089294443536
0.0088852843293323,762.5113874162946,740.8063674200149,748.5188515503112,19.116091556059384,90.48629898783688,792.22705078125,1,Test,2022-04-12,0.022058601042418857,0.03241595498094463,0.04559061430197464,0.002962685115447156,0.0026427207320200326,23.941449846540195,33.247584751674026,757.6889904325849,709.9330423868905,47.75594804569437,17530.30078125,-0.008183810641252287,17778.22879464286,17403.788225446428,57.59980476551525
0.0025251107289594,769.1650826590402,744.1448015485491,752.4923242076692,21.644115855114947,89.78089205347598,793.5167236328125,1,Test,2022-04-13,0.027391463308451547,0.036152808792172086,0.05147654050291828,0.002967792051160209,0.0029166500803946243,26.837236676897305,37.65557861328125,763.9991653505602,708.5081484050203,55.49101694553997,17475.650390625,-0.0031174816283502382,17695.69308035714,17432.56677827381,56.63955500085632
0.0016279081234233,776.2428763253348,747.2955118815104,756.2218150645004,23.78704536892205,89.69451456975675,804.5888671875,1,Test,2022-04-14,0.02760288570875047,0.04046407875227631,0.05903332601661715,0.002498403140057419,0.0030893127968651263,30.188406808035666,43.26983642578125,771.0750037116763,706.899528061482,64.17547565019436,17475.650390625,-0.0031174816283502382,17695.69308035714,17432.56677827381,56.63955500085632
0.0139532579779766,782.7818516322544,751.1414911179315,760.6188198029549,26.208235202441863,92.72947396529476,803.5181884765625,0,Test,2022-04-15,0.026583818354037447,0.04557969430895459,0.06467229737534397,0.0023570240943333915,0.0031119835480590175,34.123613630022305,47.549185616629416,778.5483636024074,705.502438573932,73.0459250284755,17475.650390625,-0.0031174816283502382,17695.69308035714,17432.56677827381,56.63955500085632
-0.0013307152939863,789.1922084263393,754.8368268694196,764.5187624096466,27.890559502088955,91.56227745793689,795.5364990234375,0,Test,2022-04-16,0.026037486904715523,0.044745421171344724,0.07058680351719215,0.002062233819029102,0.0029959373682550473,33.800327845982224,52.033665248325974,786.2997131395797,704.4047790479202,81.89493409165948,17475.650390625,-0.0031174816283502382,17695.69308035714,17432.56677827381,56.63955500085632
-0.0099334272298899,794.698713030134,758.288818359375,767.3385566472639,28.242828827358885,82.57476796872209,793.7357788085938,0,Test,2022-04-17,0.02377585323831566,0.04221225563975306,0.07599656119915998,0.0008202568859691109,0.002917657722069036,32.187325613839334,56.12877546037953,794.0509875051034,703.7396497019279,90.31133780317555,17475.650390625,-0.0031174816283502382,17695.69308035714,17432.56677827381,56.63955500085632
-0.002263529350387,796.1935337611607,761.5194847470239,769.7383041164757,28.231972571042977,83.36626213969828,803.1044921875,1,Test,2022-04-18,0.017133358548029998,0.03513998712562705,0.07256320515331116,0.002622495076013864,0.0029302380619060453,27.02845110212047,53.865687779017776,800.7689349951221,704.1735507052125,96.59538428990959,17173.650390625,-0.017281188010147552,17583.72879464286,17456.883463541668,50.483220065538404
0.0118033149431273,798.0325142996652,765.2588559105283,772.7715939411142,28.29475383525613,84.29601164840872,806.2192993164062,1,Test,2022-04-19,0.011201714587316447,0.028070644689817348,0.06967057621944961,0.003107132875776135,0.0029946196815683005,21.78963797433039,51.978044782366055,806.7520873372973,705.3825719121446,101.36951542515271,16958.650390625,-0.012519178806467801,17462.44308035714,17456.08826264881,44.231741655950245
0.0038784581075148,800.0314069475446,768.7850109281994,775.8122944297771,28.577649645579825,83.9193767586088,805.8056030273438,0,Test,2022-04-20,0.006710334155541009,0.022036222836951946,0.06862032144653885,0.0032602362279921413,0.0030043494627530255,17.249555315290195,51.3731689453125,812.0874780620172,707.342949707235,104.74452835478223,17136.55078125,0.010490244596548015,17390.5859375,17448.92159598214,45.996559957977134
-0.0005131312155554,801.7869611467634,772.1999250139509,778.5389588477377,28.5093793957431,85.12578766816937,804.4428100585938,0,Test,2022-04-21,0.007025210766507639,0.015959043419268015,0.06141855870989965,0.00305397750387385,0.002976843521885181,12.594752720424026,46.39508056640625,816.7844529034567,709.9931934065321,106.79125949692457,17392.599609375,0.014941678252146096,17334.621651785714,17462.01683407738,47.83542975680848
-0.0016912180352557,801.766095842634,775.6252644856771,780.893854412361,27.815166607335545,80.60717376938567,806.4382934570312,1,Test,2022-04-22,0.004678482989186605,0.008893160007208856,0.05148081599063148,0.002978124190267938,0.003370275974348715,7.0673828125,39.254708426339334,820.4991290192235,713.5287466085668,106.97038241065661,17171.94921875,-0.012686452605167986,17262.764508928572,17455.181082589286,44.42835586807698
0.0024805783251293,802.1832536969866,779.143310546875,783.2160761436946,26.74745592533549,81.29377141112396,820.8927612304688,1,Test,2022-04-23,0.002689702842607389,0.0075229447136186955,0.042927288019629195,0.0022610734863587486,0.003626664942222635,5.989719935825974,33.018171037946445,823.4919634755099,717.6032871174029,105.88867635810698,17171.94921875,-0.012686452605167986,17262.764508928572,17455.181082589286,44.42835586807698
0.0179238360711695,805.8055768694196,783.0541759672619,786.6412293334014,26.551752375399563,85.8350795070964,813.1788330078125,0,Test,2022-04-24,0.005012074176048653,0.009740283046707487,0.038084343761107364,0.0014732987942714221,0.003599708744612877,7.773062569754416,29.562700544084805,826.2636599397161,722.1148443501835,104.14881558953266,17171.94921875,-0.012686452605167986,17262.764508928572,17455.181082589286,44.42835586807698
-0.0093969987152688,808.5831560407366,786.7228567940848,789.0537387583479,25.023486440999367,71.18230966558275,818.8244018554688,1,Test,2022-04-25,0.008502554839186827,0.010689266719941193,0.032961040620297144,0.0015704426401595625,0.0034613615415453954,8.55174909319203,25.801304408482224,828.6962433958189,727.0173098965919,101.67893349922701,16953.94921875,-0.012695122564301942,17180.428571428572,17441.290550595237,36.429402172787185
0.0069425919840711,810.828857421875,790.4575863792783,791.7601626762679,23.57417179013839,70.63572611622088,828.9718627929688,1,Test,2022-04-26,0.010777591884452598,0.011277180489664529,0.027416196922014135,0.0015852970991581936,0.003238390977022959,9.04189627511164,21.636648995535666,830.6085374125233,732.4720473042736,98.13649010824975,17200.80078125,0.014560121616207233,17141.16434151786,17440.24534970238,32.97387953461342
0.0123927192625252,814.0792236328125,794.4252377464658,795.1430445050589,22.64948112856493,73.72720300352424,829.9208374023438,1,Test,2022-04-27,0.010267547161359136,0.01535750620290055,0.024387242970083545,0.0017178105366786876,0.0029898668981527916,12.313127790178555,19.380510602678555,832.0260355686876,738.605477754415,93.42055781427257,17038.400390625,-0.009441443610115341,17121.842912946428,17434.788225446428,32.122008416784325
0.0011447609405916,817.5242571149554,798.5180315290179,798.3046620411757,20.76371242447208,73.61109241754752,831.8675537109375,1,Test,2022-04-28,0.011057738474295364,0.019124063419757587,0.026790877405183045,0.0018282292171847888,0.002603210066773692,15.34100341796875,21.330723353794724,833.2534241637273,744.8977302726565,88.35569389107081,17245.05078125,0.012128508890934642,17162.757254464286,17435.885881696428,39.292381465717526
0.0023456650572686,821.4420776367188,801.9966750372024,801.355834011154,19.88021302780721,70.0679807821831,826.4410400390625,0,Test,2022-04-29,0.013089346929005208,0.01940480584416826,0.02933409719226443,0.001465908726753502,0.0022551410843521065,15.63650076729914,23.409563337053555,834.351077229177,751.3388380191489,83.01223921002816,17102.55078125,-0.008263240381694681,17157.90011160714,17425.278738839286,39.67903132807996
-0.0065232904537115,824.2996128627232,805.2250249953497,803.6363072864184,17.89386688835115,65.8478744484841,826.9276733398438,1,Test,2022-04-30,0.012554538837513007,0.019437032177299862,0.030334066518428182,0.0006999834329780017,0.001799256628024113,15.716456821986526,24.268205915178555,834.8340761378706,758.4199765965043,76.41409954136634,17102.55078125,-0.008263240381694681,17157.90011160714,17425.278738839286,39.67903132807996
0.0005888300280418,825.1617431640625,808.5553443545386,805.7537042003661,14.689074939412944,74.2116923088511,814.176513671875,0,Test,2022-05-01,0.009342213374878616,0.017676832306833035,0.029153357624907228,0.0012205739810375554,0.00149197116687549,14.3328857421875,23.37478201729914,835.0724846971258,765.1585542956199,69.91393040150592,17102.55078125,-0.008263240381694681,17157.90011160714,17425.278738839286,39.67903132807996
-0.0154199213293572,825.3042689732143,810.0269862583706,806.5194141523214,13.531906499389144,63.48744169487785,822.9125366210938,1,Test,2022-05-02,0.004701720841483015,0.013788639992936114,0.029357905320057665,0.0017225584790262782,0.0016270942980027969,11.225045340401834,23.53817313058039,835.1355478359906,771.3747793124469,63.760768523543675,17069.099609375,-0.0019559171203674675,17111.68582589286,17404.84300595238,35.63842887373545
0.0107298881784489,825.8882882254464,811.5832199823288,808.0096980131189,13.01071088528553,63.180017593121306,818.7026977539062,0,Test,2022-05-03,0.0019273032983795346,0.010230927140936208,0.0295506474601801,0.0019194338964070284,0.0017014109207504177,8.364031110491055,23.705034528459805,835.1718052443762,777.010842460702,58.16096278367422,17069.099609375,-0.0019559171203674675,17111.68582589286,17404.84300595238,35.63842887373545
-0.0051157792351459,824.4212646484375,812.8439650762649,808.9817888986449,12.304914852162671,58.18698843330899,809.577392578125,0,Test,2022-05-04,-0.0008973737836968088,0.0036267767293949316,0.023101959471837352,0.0024112586249183223,0.002042346082300286,2.97918701171875,18.61568777901789,835.0409863080525,781.959500229336,53.08148607871658,16677.599609375,-0.022936183451936376,17041.064453125,17367.35965401786,32.01192340669567
-0.0111460548509444,821.5150582449777,813.6087588355655,809.0359346876885,11.517516496780146,52.21998297211954,803.2747802734375,0,Test,2022-05-05,-0.0045912893834305635,-0.00337808555808361,0.015993286661526218,0.0028533494429218414,0.002543253618919801,-2.7845546177454708,12.931902204241055,834.6242823042069,786.2495248944538,48.3747574097531,16682.650390625,0.00030284821366977077,17002.307477678572,17320.321614583332,33.90122106743803
-0.0077850646058885,817.4303763253348,813.5461832682291,808.5121933773021,11.572411509528932,49.35030544504942,805.92724609375,1,Test,2022-05-06,-0.01024098781965399,-0.009369516828400148,0.00814169210066118,0.002905267593554146,0.00309192061165771,-7.731366838727695,6.601518903459805,834.0279439709057,789.6696800176546,44.358263953251026,16411.25,-0.0162684216398562,16889.514508928572,17242.123976934523,31.3224049708855
0.0033020653522939,814.4998343331473,813.660900297619,808.2771981697064,11.479602186293429,49.71780203069295,802.5447998046875,0,Test,2022-05-07,-0.012034418252810375,-0.013091456140786883,0.0005166704764405505,0.00239586208492657,0.0033632605698361608,-10.80443464006703,0.4206107003348052,833.5111928444996,792.1665432743619,41.34464957013779,16411.25,-0.0162684216398562,16889.514508928572,17242.123976934523,31.3224049708855
-0.0041969623256402,811.0165666852679,813.99462890625,807.7560710456137,11.018984130272369,38.45686564080825,798.7485961914062,0,Test,2022-05-08,-0.012779426809458538,-0.018006940832316243,-0.007960241391066658,0.002215232280244033,0.0034935962078046644,-14.871721540178555,-6.5076904296875,832.7477355470173,794.4123038642551,38.33543168276219,16411.25,-0.0162684216398562,16889.514508928572,17242.123976934523,31.3224049708855
-0.0047302077269768,808.8125784737723,814.2333344959077,806.9372096952311,10.60467855240665,40.45087770741901,814.1278686523438,1,Test,2022-05-09,-0.010542546620671,-0.01893290098639233,-0.015374789661714683,0.0018866394067440474,0.0034774531444330117,-15.608686174665195,-12.629499162946445,832.0096226371971,796.2284231914858,35.78119944571131,16301.849609375,-0.006666182687180999,16784.29296875,17163.288225446428,33.593058508370305
0.019254209064365,807.5576259068081,814.7582571847098,807.5909059640595,10.294556123268883,47.246779417468495,817.2183227539062,1,Test,2022-05-10,-0.008523277886266278,-0.016989867925229718,-0.020310560255841437,0.001260314610160369,0.003405699495705534,-13.95743233816961,-16.74198695591508,831.4293122308035,797.561355493806,33.867956736997485,16240.0498046875,-0.003790968888092272,16640.72140066964,17088.640578497023,35.648679969621924
0.0037960303541484,807.3455723353794,815.2820202055432,808.4661256722273,10.116656945080562,42.48827426517168,748.279296875,0,Test,2022-05-11,-0.004526411050876922,-0.012337202386936585,-0.021591125589957016,0.0016230829945898027,0.0031751446617843916,-10.08480398995539,-17.816170828683084,830.996572254832,798.5499565886391,32.44661566619288,16167.099609375,-0.0044919933245182175,16507.085518973214,17018.523856026786,29.791769636457943
-0.0843581500309388,798.5887015206473,812.5426722935268,802.9945957815703,17.732615203937556,22.08352725352657,723.2880249023438,0,Test,2022-05-12,-0.01264060083291163,-0.019534850888615396,-0.03237056738577715,0.0034075741948577064,0.0038909538468705532,-15.9111328125,-26.71556745256703,831.4255971492163,797.8031922620559,33.62240488716043,15808.0,-0.022211752141785834,16326.928431919643,16924.411969866072,18.32960800953724
-0.0333983207567362,787.1620221819196,808.6781587146577,795.7485438834588,26.340153172382152,17.926973104672513,715.744384765625,0,Test,2022-05-13,-0.02525591124470683,-0.029413140844760988,-0.046890440990193016,0.005195720037748108,0.004714137638450379,-23.85454450334828,-38.726266043526834,834.0218947258528,793.7047715339128,40.31712319194003,15782.150390625,-0.0016352232651188903,16199.007114955357,16834.27869233631,19.87740605434604
-0.0104296488770669,774.2787562779018,804.3594011579241,788.4754385091102,33.25361463316255,17.70552216279664,694.6708984375,0,Test,2022-05-14,-0.040957450180628796,-0.04269694007607516,-0.060821464123585134,0.006538705422773613,0.005521164306154724,-34.53382219587047,-50.142508370535666,838.9725308391064,785.6014533615073,53.3710774775991,15782.150390625,-0.0016352232651188903,16199.007114955357,16834.27869233631,19.87740605434604
-0.0294427546714538,758.8681989397321,798.3488362630209,779.9477530480547,40.69128202680801,15.55332435270654,708.5657958984375,1,Test,2022-05-15,-0.04973837283858473,-0.06029220133040358,-0.07625771271810833,0.007903358746857504,0.006642758464608582,-48.689426967075974,-62.646859305245584,845.63369236778,773.9687961227335,71.66489624504652,15782.150390625,-0.0016352232651188903,16199.007114955357,16834.27869233631,19.87740605434604
0.0200021297742438,745.9849417550223,793.3672630673364,773.4584842162712,44.964172788887645,22.656278642287617,698.3453979492188,0,Test,2022-05-16,-0.052310806754573,-0.07600293193268082,-0.08740247076636343,0.0077227807530733435,0.00699975564435107,-61.36063058035711,-71.4454345703125,852.3504712680228,760.7676256558052,91.58284561221762,15842.2998046875,0.0038112305721171857,16078.95703125,16753.89769345238,24.13630454174279
-0.0144240633803944,729.4445887974331,787.6301676432291,766.6300218283574,49.05375932842173,17.99427164161503,707.9573974609375,1,Test,2022-05-17,-0.05790442668993623,-0.0865828837692697,-0.10442635093394614,0.007230798421170104,0.007659292719218425,-69.14411272321422,-85.05524553571422,859.4366194860652,745.2180139542252,114.21860553184001,16259.2998046875,0.026321935902047233,16057.24986049107,16695.976236979168,29.702050181420987
0.0137639619877865,713.8358851841518,781.8675740559896,761.2961468858646,51.022878914166895,22.314156522545844,702.9202270507812,0,Test,2022-05-18,-0.05934141635991341,-0.09315253395294198,-0.11982576619649876,0.004057390220879227,0.008059413921349713,-73.32613699776778,-97.18068150111606,866.050489532891,728.2353067143189,137.8151828185721,16240.2998046875,-0.0011685620062508173,16048.45703125,16651.53097098214,31.65962080249693
-0.0071150756079699,707.3560180664062,775.8199259440104,755.9892450826751,52.54626339394088,22.77978252749249,711.80224609375,1,Test,2022-05-19,-0.051782444291350815,-0.08643235742796984,-0.12543890031830907,0.004559416906413807,0.007839045008798375,-66.92273821149558,-101.45656040736606,870.0779036319958,712.7992866581827,157.2786169738131,15809.400390625,-0.026532725334179386,15986.93568638393,16596.804780505954,20.091249696865134
0.0126358848431986,705.7151925223214,770.1025303431919,751.9722451745911,52.6747861062752,26.958450102670923,713.651611328125,1,Test,2022-05-20,-0.03253077291893014,-0.07004247442661904,-0.12611166078721325,0.007263920695060198,0.008015622285239284,-53.153006417410666,-101.84243338448664,871.2755323676413,699.7432158884972,171.53231647914413,16266.150390625,0.028891038794289337,16001.08579799107,16555.35714285714,34.59270990888824
0.0025981447017398,705.4162248883929,764.7316051664807,748.4885511885487,52.39253612271504,26.66172683993109,703.8206176757812,0,Test,2022-05-21,-0.011794952412047643,-0.05438275573121687,-0.1262524387817464,0.009178967611613662,0.008263435707473185,-40.568716866629416,-101.92934744698653,870.2105339056419,688.8336625229296,181.37687138271235,16266.150390625,0.028891038794289337,16001.08579799107,16555.35714285714,34.59270990888824
-0.0137756203395211,706.7233276367188,758.8693644205729,744.4278299601153,51.97098764235847,25.819514428040392,703.1879272460938,0,Test,2022-05-22,-0.0008944441179944418,-0.031148714391277865,-0.11503465264284529,0.010155156264084562,0.008748740937614758,-22.721261160714334,-91.86537388392856,867.1389257415626,680.0471765533593,187.09174918820327,16266.150390625,0.028891038794289337,16001.08579799107,16555.35714285714,34.59270990888824
-0.0008989370498647,705.955060686384,753.5841936383929,740.6787478952043,51.70813242799427,26.22593159260714,702.8228759765625,0,Test,2022-05-23,0.0003398937228560328,-0.011040106922804549,-0.10316422694077598,0.010130776652480366,0.008859678053572762,-7.88082449776789,-81.20696149553567,862.3951823273935,672.7975972136221,189.5975851137714,16214.7001953125,-0.0031630222318707046,16059.185825892857,16499.266694568454,34.36483045168208
-0.0005191375667681,706.5947004045759,747.8656383696057,737.2373049935095,50.27831145347469,20.07326353571884,695.9362182617188,0,Test,2022-05-24,0.001670610165465769,-0.0010762863994732141,-0.08741561785666896,0.008257342674446163,0.009054301283720834,-0.7613176618303896,-67.68405587332597,856.2792733790477,667.1308497375817,189.14842364146602,16125.150390625,-0.005522754266735541,16108.185825892857,16449.419131324405,38.63436732273118
-0.0097985679610597,704.8773890904018,742.0196155366443,733.4826607451648,48.74384684272703,18.043065854488542,682.8444213867188,0,Test,2022-05-25,-0.002611967758995193,-0.0011871693294928098,-0.07114649147871077,0.0035753626878085813,0.008902243943776153,-0.8378034319196104,-53.990809849330276,849.2961198151431,662.4502363860288,186.84588342911434,16025.7998046875,-0.006161219184365629,16134.400111607143,16405.221540178572,36.991251492607454
-0.018811776900619,702.0094168526786,735.9847121465774,728.8791844398514,47.797531958754384,25.567854220933853,683.112060546875,1,Test,2022-05-26,-0.005589086407099542,-0.0048295005353092835,-0.0589496147186106,0.0020522548376607935,0.009013476640264651,-3.4068080357143344,-43.97552490234375,841.7573018724617,658.4469583814447,183.31034349101697,16170.150390625,0.009007387318995308,16121.664481026786,16356.14295014881,44.97206271572072
0.0003919474945885,697.9108189174107,730.262677873884,724.7185368132172,46.51455151081926,31.60235738286454,676.4931640625,0,Test,2022-05-27,-0.012289763116243413,-0.012469531391834932,-0.043229835911195336,0.002726309310880841,0.00892271332258467,-8.812508719308084,-31.53376988002242,833.4801886512818,655.0651700610509,178.41501859023083,16352.4501953125,0.011273847198922216,16137.685965401786,16323.47865513393,51.02409645698004
-0.0096893275154242,692.6024693080357,724.0991501581101,720.3344120176974,44.51984570093504,31.872293213032947,678.658935546875,1,Test,2022-05-28,-0.01741426235590582,-0.018914222904452105,-0.02974551478402976,0.003467543837975944,0.008632694570404564,-13.35259137834828,-21.23341587611617,824.5761289151264,652.1278200594829,172.44830885564352,16352.4501953125,0.011273847198922216,16137.685965401786,16323.47865513393,51.02409645698004
0.0032014683952887,689.0079432896206,718.1998232886905,716.5457323385318,41.72564150039221,41.04028830640479,673.597412109375,0,Test,2022-05-29,-0.018520369173034124,-0.02488945516416352,-0.025938953381553276,0.0029380189941029624,0.007925091842422145,-17.586757114955276,-18.348074776785666,814.5257020474278,650.1977834087666,164.32791863866123,16352.4501953125,0.011273847198922216,16137.685965401786,16323.47865513393,51.02409645698004
-0.0074581253887437,684.7807268415179,712.2402430943081,712.6413395904266,38.45517190268519,28.28643373011782,688.197998046875,1,Test,2022-05-30,-0.018813423893127235,-0.028510862399512282,-0.029664184507606994,0.00283133232946697,0.0073690809388366795,-20.096662248883945,-20.934465680803555,802.8940010680608,649.5517944816042,153.34220658645654,16661.400390625,0.018893205092962884,16259.40025111607,16295.685779389882,57.75211445150391
0.0216755374575714,682.6914585658482,706.2435825892857,710.4192176319219,30.83649424375681,44.02406262378355,691.0451049804688,1,Test,2022-05-31,-0.014309811445069487,-0.027518089961582892,-0.03221469186669201,0.001826732580747725,0.005749067546946194,-19.31795828683039,-22.724766322544724,788.7534646405483,651.2269195321638,137.52654510838443,16584.55078125,-0.004612433983534836,16304.886021205357,16271.019112723214,57.6693676696332
0.0041370462304073,681.9927280970982,700.235334123884,708.657934663608,17.571721984289365,39.17783223103247,689.682373046875,0,Test,2022-06-01,-0.010181617296063039,-0.022808201834446984,-0.034993325637516004,0.0021861405057367286,0.003221404114347871,-15.9180908203125,-24.730599539620584,774.0659188296327,654.2548680007246,119.81105082890804,16522.75,-0.0037264067061659745,16348.893136160714,16245.002464657739,64.74167268227286
-0.0019719869568169,682.9695783342634,697.4450044177827,706.9328836075413,13.811129865585674,41.111099271392845,707.7870483398438,1,Test,2022-06-02,-0.0026448590567206276,-0.013908253869490683,-0.03255941296004361,0.003203628634981102,0.002973852006168495,-9.632890973772305,-22.985482352120584,759.5201977199259,658.3813447256656,101.13885299426033,16628.0,0.006370004993115463,16420.72879464286,16242.640578497023,66.89232675101746
0.026250743821371,686.4945765904018,696.7068626767114,707.0105349468415,12.73302872488249,47.60101903358099,700.413818359375,0,Test,2022-06-03,0.005570771359206583,-0.0036478051141455303,-0.028446468396472913,0.0045276059672861475,0.0036121119752103815,-2.51336669921875,-20.100123814174026,745.5962066335595,663.5269178432819,82.0692887902776,16584.30078125,-0.002628050201467391,16500.5146484375,16237.957263764882,64.9163902841619
-0.0104172999460262,689.9118129185268,695.9768357049851,706.41083343889,12.005671485495007,42.58049022787263,690.874755859375,0,Test,2022-06-04,0.011611685132661975,0.007493035180291319,-0.021231460114200962,0.004588162876866199,0.004051131205594897,5.131086077008945,-14.965576171875,733.6419651765207,668.5855206982003,65.05644447832037,16584.30078125,-0.002628050201467391,16500.5146484375,16237.957263764882,64.9163902841619
-0.013619180904146,691.6569301060268,695.7960670107886,704.9984627498432,12.05479672001998,42.72028928703075,691.3858032226562,1,Test,2022-06-05,0.012719968864428166,0.013132538026787044,-0.014746934297640957,0.00419724716017875,0.0040989646277770865,8.965471540178669,-10.35248674665172,723.3365741110988,673.4581105987227,49.87846351237613,16584.30078125,-0.002628050201467391,16500.5146484375,16237.957263764882,64.9163902841619
0.0007397105755377,694.1981288364956,694.9779721214658,703.7609482473715,11.72325054289602,43.35434380649286,692.213134765625,1,Test,2022-06-06,0.011221577720766263,0.017896672847895312,-0.005319719913031484,0.003079704000400028,0.004329584411970098,12.205400739397419,-3.712690080915081,716.8752675263365,676.3947711873911,40.480496338945386,16569.55078125,-0.0008893953501298846,16557.571847098214,16245.495396205357,57.44024910666987
0.0011966279016901,694.7717197963169,694.6859595889136,702.7111470217582,11.711545877949964,44.05670389304186,691.1668090820312,0,Test,2022-06-07,0.007044243607355005,0.017280625428204965,0.003132028233235218,0.002271441418079052,0.0043266639919132335,11.802141462053555,2.16925048828125,714.2367156640383,677.126906510906,37.109809153132346,16416.349609375,-0.009245946006475991,16566.700334821428,16250.947777157739,53.96660199233325
-0.0015115657751105,694.7891060965402,693.8864077613467,701.6616617545102,11.327035244275772,47.14124953538263,685.9348754882812,0,Test,2022-06-08,0.004528510962845678,0.012082439962358693,0.00839056046192721,0.0020201824240072457,0.00432253530918504,8.29452950613836,5.78116280691961,712.7762711837947,677.3306597941628,35.44561138963195,16356.25,-0.0036609606157923524,16523.107421875,16256.481119791666,64.79290034616994
-0.0075697118626092,694.2537493024554,693.0775814964658,700.2319539121257,11.255916943045367,52.04509103833788,683.0147705078125,0,Test,2022-06-09,8.012188977368773e-05,0.006293465777257756,0.01383365811802384,0.0023825387742566614,0.004232560954718298,4.341936383928555,9.4730224609375,711.4780008170185,677.4827858389526,33.99521497806586,16478.099609375,0.00744972774168895,16507.90011160714,16271.29064360119,57.00218225367053
-0.0042571169433396,690.7148524693081,691.7067493257068,698.6667554208245,10.595040414361485,49.937802306543325,696.3256225585938,1,Test,2022-06-10,-0.005839137102756853,-0.0013620591303470375,0.011752591603115814,0.0033293443587826873,0.00416865851829349,-0.94207763671875,8.023393903459919,710.0072855207566,677.483363893306,32.52392162745059,16201.7998046875,-0.016767698414100085,16462.05008370536,16290.043015252977,49.628936753519625
0.0194883809626618,690.1308244977679,690.8817022414435,698.4539251606217,9.40893164168769,61.67957907722214,697.274658203125,1,Test,2022-06-11,-0.006704597924603983,-0.005858996401423178,0.011932819904658887,0.0028241822860422647,0.0036732426115648293,-4.067304338727695,8.138096400669724,708.0433285002626,677.7880705999047,30.255257900357947,16201.7998046875,-0.016767698414100085,16462.05008370536,16290.043015252977,49.628936753519625
0.0013629193207684,691.0450962611607,690.5699898856027,698.3467190735764,9.060832714551168,61.12242397367377,701.2410888671875,1,Test,2022-06-12,-0.004621729511030459,-0.005363810052960605,0.011824125382851047,0.0026808885682779804,0.003401797818297282,-3.72662353515625,8.075517926897305,706.0066396043288,678.3337630533161,27.672876551012678,16201.7998046875,-0.016767698414100085,16462.05008370536,16290.043015252977,49.628936753519625
0.0056884767249163,692.4529942103794,690.477283296131,698.6098436002683,8.934353124644089,66.7353945795108,702.0927734375,1,Test,2022-06-13,0.0025164389253502506,-0.0033623323475601152,0.008679482436075636,0.00234479968392439,0.0028908739712920073,-2.3361118861607792,5.958417619977581,703.5277469729191,679.3984850653063,24.129261907612772,15774.400390625,-0.026379749115209128,16340.10728236607,16289.67396763393,41.552875899938755
0.0012145388851763,693.8643711635044,690.4425165085565,698.9264735854712,8.885195226864695,60.09185211454916,703.7962036132812,1,Test,2022-06-14,0.005409911473601481,-0.000560858532405728,0.005729077500872259,0.0024871687181631606,0.0026817852342201085,-0.38937813895097406,3.952558244977581,701.2859814660363,680.5389487794993,20.747032686537068,15732.099609375,-0.00268160945598539,16218.3642578125,16284.426339285714,42.72695482934223
0.0024262180729208,695.6685703822544,690.8168015252976,699.3691763152721,9.284751504427312,59.417650442406064,694.8899536132812,0,Test,2022-06-15,0.0066905534039798376,0.007171871135008612,0.005800043492100393,0.002704223088782211,0.0026288132602131213,4.953717912946331,4.011640276227581,699.8703423379479,681.3205032605454,18.549839077402567,15692.150390625,-0.0025393443813560568,16093.02134486607,16257.419224330357,37.51762168911158
-0.0126545865895204,696.9478672572544,691.390398297991,698.9619742514546,9.13853011820458,53.46058219191972,710.3422241210938,1,Test,2022-06-16,0.006491232017850734,0.009877899258372569,0.003961028280740964,0.0027304628027445214,0.0026311767700922355,6.817042759486526,2.749738420758831,699.6710647747848,681.4234856576929,18.247579117091846,15360.599609375,-0.021128447854290244,15942.199916294643,16215.528738839286,25.972031975623196
0.0222370037550032,700.851789202009,692.6870727539062,699.9965424214219,9.812203684691086,51.76002986635814,710.755859375,1,Test,2022-06-17,0.010070293747447723,0.014191104160794277,0.008751175720673299,0.0019088352540040945,0.0026810740802225173,9.80669294084828,6.080069405692029,701.1574026286952,680.7620797931799,20.395322835515344,15293.5,-0.00436829362663993,15790.378487723214,16190.96205357143,12.463622087757201
0.0005823041906569,702.9132516043527,694.3186296735491,700.9746621444743,9.833421725492324,57.87912267779688,708.3467407226562,0,Test,2022-06-18,0.010413983799954396,0.015106090206023826,0.011692966162718754,0.0014117405592534511,0.0025277302884318697,10.46025739397328,8.1241455078125,703.1108480048738,680.1991652484746,22.91168275639916,15293.5,-0.00436829362663993,15790.378487723214,16190.96205357143,12.463622087757201
-0.0033895164149082,704.4949776785714,695.7323346819196,701.6448511061272,9.600822197156676,64.93346062152109,706.9840698242188,0,Test,2022-06-19,0.010828801946145106,0.015320870989875335,0.014751419616251038,0.0013091755683591597,0.002518686041203157,10.63060651506703,10.241228376116055,704.9656958012567,680.315742535797,24.64995326545977,15293.5,-0.00436829362663993,15790.378487723214,16190.96205357143,12.463622087757201
-0.0019237342675527,705.3154035295759,697.3221755254837,702.1302346259538,8.447138603051233,63.14067757566783,703.77197265625,0,Test,2022-06-20,0.006368842023859456,0.013866995805230431,0.0211383192471839,0.0014256568036810251,0.002425649098373262,9.646833147321445,14.600551060267776,706.4011779741852,681.142654859241,25.258523114944182,15350.150390625,0.0037042135956451006,15629.242885044643,16147.343005952382,15.747263360189379
-0.0045433798370695,705.5552891322544,698.0637933640253,702.2794835377989,8.288191426851803,59.36152963973584,705.3779907226562,1,Test,2022-06-21,0.0037586964278613078,0.01235016603017014,0.02235005898441278,0.0016677617466784999,0.0024339241263021355,8.607421875,15.424464634486526,707.3466106867604,682.5534782501816,24.793132436578844,15638.7998046875,0.018804337854487096,15548.81431361607,16119.919177827382,28.214402444548313
0.0022820148127591,705.7812587193081,698.7463117327009,702.5611660091496,8.271442985184615,61.406260716210255,696.4716186523438,0,Test,2022-06-22,0.0018258200292287086,0.007033540604800104,0.021324458472936403,0.001834396290992066,0.0024251240303497963,4.92946951729914,14.736162458147419,708.0354186030937,684.1458383723526,23.889580230741103,15413.2998046875,-0.014419265085317434,15497.228515625,16086.021530877977,21.738000295377347
-0.0126263821489354,706.0072108677456,699.0696091424851,702.0075707948945,8.02857297324372,57.98601473652268,703.6259155273438,1,Test,2022-06-23,0.0009808481917561451,0.004401623182278991,0.019574204705147258,0.0019516996398715554,0.0023765951218077492,3.0939592633928896,13.554216657366169,708.897866410455,685.2346539927257,23.663212417729255,15556.650390625,0.009300447519609234,15472.164341517857,16063.681082589286,27.149618390892456
0.0102722015993177,705.0477382114956,698.8714599609375,702.154693043299,7.852074045708973,64.67943228498771,702.2144775390625,0,Test,2022-06-24,-0.0007193637813742715,0.0007846195507958953,0.016117511595585166,0.0014221121561633688,0.0017387222042526901,0.5527605329241396,11.183367047991169,709.6641167371379,685.9819961953399,23.682120541797985,15699.25,0.009166472588529428,15473.17857142857,16041.257254464286,31.68944285188303
-0.0020059494073969,703.8275408063616,698.9572056361607,702.1601279974592,7.8795426096542815,55.05006464174863,693.7218627929688,0,Test,2022-06-25,-0.0027681634908974795,-0.0021094998291099065,0.011728243550839235,0.001374718020918226,0.001842378727970622,-1.4878627232142208,8.158970424107224,710.1890249093273,686.6741490931839,23.51487581614333,15699.25,0.009166472588529428,15473.17857142857,16041.257254464286,31.68944285188303
-0.012094046787324,701.7382725306919,699.0927821568081,701.3930129788691,7.7570634075875855,47.30228880697107,701.1681518554688,1,Test,2022-06-26,-0.006046593110298093,-0.0054099468324544375,0.006873405456120363,0.0014800487901830165,0.0021828295425944493,-3.8170166015625,4.7904052734375,710.4776870301695,687.1395013417613,23.338185688408203,15699.25,0.009166472588529428,15473.17857142857,16041.257254464286,31.68944285188303
0.010733824983576,700.9074271065848,699.5586082821801,701.3725710585601,7.562385257710403,49.94739728825317,704.6723022460938,1,Test,2022-06-27,-0.005872384067798775,-0.006905583780401292,7.938612047952986e-05,0.0012764044131803644,0.002245268971669921,-4.873831612723279,0.055637904575860375,710.6595565448936,687.571202558064,23.08835398682959,15832.0498046875,0.008458990377725017,15540.528599330357,16016.476283482143,37.60026858489335
0.0049975892107365,701.0360456194196,700.1519019717261,701.6725466210631,7.44511704089245,51.79182095611834,715.67138671875,1,Test,2022-06-28,-0.003966163619775198,-0.007041238632982227,-0.002670608329901958,0.0012523024352592,0.0022256390380177354,-4.971165248325974,-1.8772059849330844,710.8160327195958,688.0394203356498,22.77661238394603,15850.2001953125,0.0011464333961117568,15620.057198660714,15977.847702752977,39.06618125838453
0.0156087935308333,702.5065307617188,701.3187866210938,702.9451684481255,7.874401095146693,57.30543972016272,720.3678588867188,1,Test,2022-06-29,0.0010947931174627445,-0.00360430551301838,-0.0028225139707950264,0.0016590551949782605,0.0021971436349653203,-2.5412074497768344,-1.9884469168526948,711.0357385660922,688.6449926350798,22.39074593101236,15799.099609375,-0.0032239710103227903,15684.192801339286,15940.445265997023,34.866722791939196
0.0065623304985007,705.9202793666294,702.9584524972098,704.5290493970886,8.092798331518258,66.52981250663284,721.414306640625,1,Test,2022-06-30,0.007151946271618526,0.002973368387759079,0.0008575962385433122,0.002680211927303793,0.002451081438126055,2.092738560267776,0.6048758370535552,711.2379881824514,689.9632857084526,21.274702473998786,15780.25,-0.001193081241402827,15704.399972098214,15905.088123139882,39.38669746898747
0.0014526574735351,708.4614780970982,704.7870018368676,706.0640727828646,7.68934441653707,58.83494880838624,743.461181640625,1,Test,2022-07-01,0.010592083708217404,0.009580787922768064,0.004119009537038476,0.0029110199130218187,0.0022025913353205004,6.72320556640625,2.90618896484375,711.4945451290206,691.5397941218165,19.954751007204095,15752.0498046875,-0.0017870563085186086,15752.79282924107,15863.376209077382,49.295712236272905
0.0305606290269797,714.3538643973214,707.0315522693452,709.463809951752,11.182172096249127,69.39956787191399,754.1439208984375,1,Test,2022-07-02,0.0168643750866726,0.019184327017684577,0.012146264259792039,0.0038439851030073547,0.00295096693526047,13.44643729073664,8.57260567801336,712.9506430795674,692.4145729848857,20.53607009468169,15752.0498046875,-0.0017870563085186086,15752.79282924107,15863.376209077382,49.295712236272905
0.0143689267464355,722.9855869838169,709.7396123976935,713.5256382196324,14.9519101940072,74.73716345548378,752.7081909179688,0,Test,2022-07-03,0.024174553580609714,0.03131014660594689,0.024048445759078607,0.004643761152567539,0.004155353098332765,21.949541364397305,16.97837611607133,716.872974352545,691.5455009892519,25.327473363293166,15752.0498046875,-0.0017870563085186086,15752.79282924107,15863.376209077382,49.295712236272905
-0.0019037877793383,730.3484497070312,712.1904267810639,717.0876884649357,17.491612122487933,74.67822356215214,753.6572265625,1,Test,2022-07-04,0.03089366505673774,0.03963225639357959,0.03588510412034851,0.0043957924201532255,0.004702370880584982,27.8419189453125,25.300711495535666,722.3941539778839,689.6727292182659,32.721424759618,15835.349609375,0.005288188249805481,15792.607003348214,15827.711867559523,53.17155582859776
0.0012608281083985,737.3462960379464,714.6458769298736,720.4121919283506,19.506471784819706,77.5982511517843,747.7196655273438,0,Test,2022-07-05,0.032186333393776856,0.044517798383003404,0.04762353458516699,0.0037445367071141955,0.005013512164597289,31.42601667131703,33.518755231584805,728.9305775957125,687.3040781660063,41.6264994297062,15810.849609375,-0.0015471713984448465,15808.5498046875,15791.583240327382,53.68105071120706
-0.0078783309253703,741.9246215820312,716.7374703543527,722.894689528259,20.608661876542403,72.35353937645726,739.2512817382812,0,Test,2022-07-06,0.02619559081008105,0.04723353988817269,0.057266862339451,0.0030627405629919404,0.005003545526303121,33.463143484933084,40.186349051339334,735.3911628381155,685.3411683560809,50.04999448203466,15989.7998046875,0.011318189707300252,15831.085518973214,15771.27134486607,71.55237758181562
-0.0113256133006612,744.6222534179688,718.8499145507812,724.3816524564429,20.530691381404303,72.68969750177723,727.4490966796875,0,Test,2022-07-07,0.01954382694543022,0.04237170193820372,0.06236890154216668,0.003287402934581154,0.004914792553920999,30.268389020647305,43.714826311383945,741.4350348130992,683.6743428026933,57.76069201040582,16132.900390625,0.00894949203151052,15871.471261160714,15760.635649181548,77.32954841729207
-0.0159650518709172,745.4843662806919,719.6645275297619,724.6605110221924,20.515622618375662,62.041761250924765,734.5304565429688,1,Test,2022-07-08,0.011036971754621261,0.031119263927150254,0.06340375924892538,0.0038681974738637103,0.004754104663215604,22.498779296875,44.448320661272305,746.6787859660702,682.6877031173561,63.991082848714086,16220.599609375,0.005436047866567373,15931.685546875,15748.373744419643,77.77881661879687
0.0097345091163119,744.2085484095982,720.7966512044271,725.5577787968084,20.65494023377551,65.4490439633867,727.4490966796875,0,Test,2022-07-09,0.0030783812278623035,0.018977378137965184,0.059361750847586325,0.0050953943934215675,0.0047523202303316695,13.860098702566916,41.702017647879416,750.8564218375762,682.4814243189527,68.37499751862356,16220.599609375,0.005436047866567373,15931.685546875,15748.373744419643,77.77881661879687
-0.0096406620041452,740.395002092634,721.706287202381,725.729716786161,20.49928009759097,66.34425006640193,745.2619018554688,1,Test,2022-07-10,-0.005677041353425616,0.0041347004400367204,0.04883656658360369,0.005715412865690324,0.005022830940202071,3.0487060546875,34.47472272600453,753.7386951999557,683.1071108128791,70.6315843870766,16220.599609375,0.005436047866567373,15931.685546875,15748.373744419643,77.77881661879687
0.0244866689051985,739.3312465122768,723.529041108631,727.5053699742798,20.823978870147595,69.41699976563021,735.9661254882812,0,Test,2022-07-11,-0.008253854871717481,-0.0034954697476200502,0.04357296673080069,0.00507472067827341,0.005042729030642145,-2.5933750697544156,30.86976841517867,756.0612771798369,684.162124571,71.89915260883686,16216.0,-0.00028356592763323363,15993.935546875,15749.04994419643,72.49941948328302
-0.0124731672772269,736.8039463588169,725.0620960053943,728.2745295664618,20.478947519434872,63.11166439409205,733.7273559570312,0,Test,2022-07-12,-0.009949633159421767,-0.01049969568229292,0.03142711628001882,0.00399966882698837,0.005327015576314165,-7.818307059151834,22.45008196149547,757.6859749045669,685.6396956102211,72.04627929434582,16058.2998046875,-0.0097249750439381,16037.685546875,15762.56896391369,76.54538614759119
-0.0030419464343751,734.8050449916294,726.4120657784598,728.7702410565134,20.046318581189627,58.16454330233613,735.7228393554688,1,Test,2022-07-13,-0.007549966011663023,-0.014325345737755568,0.01634812397453378,0.0029344109729568463,0.005578766731321605,-10.6793212890625,11.8194580078125,758.7916450190241,687.4138089081523,71.37783611087184,15966.650390625,-0.005707292501522909,16056.442801339286,15773.738048735118,67.62380826048849
0.0027196524461523,734.3009817940848,728.2811715262277,729.4022954473274,18.91294956033902,57.117056765356885,735.260498046875,0,Test,2022-07-14,-0.0068038037644450045,-0.013312890098731378,0.005411844289720857,0.0020157464586039783,0.005650604307551007,-9.90756661551336,3.952532087053555,759.5291307263446,689.6016475590905,69.9274831672542,15938.650390625,-0.0017536552323109689,16074.70005580357,15785.476143973214,61.41524317216228
-0.0006284177734631,735.4168962751116,729.787580217634,729.9348593200136,18.09304833588516,56.45266991533957,734.7981567382812,0,Test,2022-07-15,-0.0018825226039571596,-0.006723581066123252,-0.0026166806196793457,0.002112277790684321,0.005656269394323038,-4.978105817522305,-1.9293997628348052,760.0005967101001,692.28911712221,67.71147958789015,16049.2001953125,0.0069359576863876615,16083.185825892857,15818.266648065477,60.57877299516072
-0.0006288129306849,735.4551391601562,731.3391839890253,730.3769772671288,16.972685244104046,44.9460726888168,744.3858642578125,1,Test,2022-07-16,0.000884716528496643,-0.005242720864843342,-0.008719864840285085,0.002244877869412091,0.005450874537702319,-3.8761073521205844,-6.469482421875,759.8788923965271,695.7825080987295,64.09638429779761,16049.2001953125,0.0069359576863876615,16083.185825892857,15818.266648065477,60.57877299516072
0.0130480832479091,737.8746773856027,733.7517554873511,731.6505124481,14.822893398476808,44.23356590086736,739.8109741210938,0,Test,2022-07-17,0.004866799418933754,0.0014532102224440457,-0.009061743724946836,0.002347735784395425,0.004660804630322862,1.0707310267857792,-6.747576032366055,759.3663856116544,699.9917399115039,59.374645700150495,16049.2001953125,0.0069359576863876615,16083.185825892857,15818.266648065477,60.57877299516072
-0.0061458584269061,737.0959734235491,735.5918898809524,732.3923726001904,12.841881272904176,42.65115852029915,745.7241821289062,1,Test,2022-07-18,0.002283163681636946,0.003117736394890658,-0.01125227199464085,0.0023262843264399502,0.0039589976369266535,2.290928431919724,-8.388392857142776,758.0623194119723,704.9017988915991,53.16052052037321,16278.5,0.014287304158276504,16103.985770089286,15865.171409970239,67.30505626977293
0.007992863332201,738.4899815150669,737.5467413039435,733.6043552846191,10.87352383873401,45.72177358035956,739.567626953125,0,Test,2022-07-19,0.004126481947459348,0.0057047448183267235,-0.007684091921212222,0.0020372196562451245,0.00305743360159994,4.18899972098211,-5.71856689453125,756.2260759106065,710.3363874682997,45.889688442306806,16340.5498046875,0.003811764271124396,16121.121512276786,15912.333286830357,71.68492761717475
-0.0082558073391229,739.3243059430804,738.6846575055804,734.1464708908469,9.651505931948217,45.61403163106677,741.0520629882812,1,Test,2022-07-20,0.0019645999543091985,0.005313189957641518,-0.0014461147718817235,0.0015375785962349626,0.002535454451011821,3.90740966796875,-1.0706961495535552,754.0512731797934,715.851592856758,38.19968032303541,16520.849609375,0.01103388850696918,16164.671456473214,15954.335658482143,76.26428931605224
0.0020071674057338,740.0856236049107,739.6696196056548,734.7742519906136,8.697004297613189,51.04758442030632,733.021728515625,0,Test,2022-07-21,0.00405598495875048,0.006296080070964161,0.001020350615765997,0.0013749960334826672,0.0023144058306075496,4.630484444754416,0.7543770926338311,751.0961590249826,721.9691215623502,29.127037462632416,16605.25,0.005108719746296009,16242.807198660714,16011.095191592261,79.0976396886667
-0.0108363971625341,739.7657993861607,740.2223539806548,734.6149316747055,7.801537856321521,53.39061225763038,721.5845947265625,0,Test,2022-07-22,0.001727603492299723,0.002562931156898429,0.004019865857099125,0.0014752566846374844,0.0022688536447706183,1.8911220005579708,2.96185302734375,747.9984192406065,727.6080548456099,20.390364394996595,16719.44921875,0.006877295960614926,16350.349888392857,16066.466564360118,79.52908359568565
-0.015602721371197,737.8781476702009,739.1806117466518,733.4303555885107,8.750331877564944,42.519708920909686,704.4776000976562,0,Test,2022-07-23,-0.00195605400939014,0.0010611565859175442,0.004182201387316953,0.001957512192396584,0.0023127033068812896,0.7821742466517208,3.073102678571445,745.989946072806,731.1057840820487,14.88416199075732,16719.44921875,0.006877295960614926,16350.349888392857,16066.466564360118,79.52908359568565
-0.0237075385948182,732.1769670758929,736.8155488513764,730.7982869075239,10.941436339937434,38.10491530127008,709.361572265625,1,Test,2022-07-24,-0.010686137220846437,-0.008548544458548246,-0.0028925669049255642,0.00328938566486919,0.0027641391502657613,-6.313014439174026,-2.1240147181919156,745.6919867419875,731.5865951497534,14.105391592234128,16719.44921875,0.006877295960614926,16350.349888392857,16066.466564360118,79.52908359568565
0.0069327572193802,727.8270525251116,734.7514241536459,728.8494946673512,11.84477208731492,28.53619891504336,717.9208984375,1,Test,2022-07-25,-0.016138549350288245,-0.015551028588601468,-0.010320464199887969,0.0037621685687325786,0.0030879618963701727,-11.49725341796875,-7.58984375,746.7100341920768,729.6166233483807,17.09341084369612,16631.0,-0.005290199311757782,16449.256975446428,16110.835611979166,76.27091922598082
0.0120662388639651,723.8551548549107,733.0496942429315,727.8559859191829,11.55637522906378,39.11541409603078,720.7328491210938,1,Test,2022-07-26,-0.019004483137990746,-0.021930528350141976,-0.015772524641668895,0.0035813877122760165,0.0032488274463328185,-16.23046875,-11.599984305245584,747.7350950139192,726.7846158538263,20.950479160092982,16483.849609375,-0.00884795806776506,16511.349748883928,16141.873697916666,66.15441994013463
0.0039167973654392,721.1644723074777,731.7646077473959,727.2084280284475,11.34198481670422,42.21575145628796,709.6575927734375,0,Test,2022-07-27,-0.01504075553263573,-0.02514488652235325,-0.02264639997855966,0.0031229431983778857,0.0032941263554306962,-18.60132707868297,-16.710205078125,748.2140447300965,723.9598880265999,24.25415670349662,16641.80078125,0.0095821774414373,16563.249860491072,16179.56896391369,66.47995577633654
-0.0153666595898356,716.6795479910714,730.3553844633557,725.6128975507193,12.173286531808092,35.91774875501309,720.3875122070312,1,Test,2022-07-28,-0.015316144811277965,-0.028729133321080846,-0.027698462844194638,0.0024923785289998495,0.0035337916675679307,-21.198599679129416,-20.416425432477695,748.7546890612504,720.5387618664839,28.215927194766437,16929.599609375,0.017293731123692924,16647.399832589286,16233.402297247023,70.32569671369284
0.0151198543394142,714.8746599469866,730.0191185360864,725.1378625194749,12.35377573476263,42.76704432459387,722.286865234375,1,Test,2022-07-29,-0.012406480561327315,-0.02363131852946254,-0.03197784961094763,0.0019876499055386174,0.0034110093680935305,-17.30230712890625,-23.615321568080276,749.0869761723824,717.273085909091,31.81389026329134,17158.25,0.013505953826479233,16738.45703125,16299.02134486607,73.937472958007
0.0026365712830374,714.9749843052456,729.4360903785342,724.8786809481022,12.41896273873783,43.9994402970875,719.6721801757812,0,Test,2022-07-30,-0.00858263023194683,-0.017658134821009086,-0.032934561250187566,0.0026592499646165843,0.0034152084564628774,-12.852068219866055,-24.349321637834805,749.3745200063069,714.4435402964276,34.93097970987924,17158.25,0.013505953826479233,16738.45703125,16299.02134486607,73.937472958007
-0.0036200091465671,717.1456386021206,729.0657610212054,724.405362696073,12.595869339034174,37.29739497290443,719.8695068359375,1,Test,2022-07-31,0.0006503473028576234,-0.009269142048363155,-0.03099639321603198,0.0034659260759450574,0.0033854493239539774,-6.709516252790081,-22.93998500279008,749.0795298985415,712.5199696131772,36.55956028536434,17158.25,0.013505953826479233,16738.45703125,16299.02134486607,73.937472958007
0.0002741896457745,718.6467721121652,727.8565993536087,723.9930121633333,12.175120308504177,39.26729260794926,736.3468017578125,1,Test,2022-08-01,0.0052766063430731425,-0.003491159495498608,-0.028548261208506176,0.003637828265269672,0.003555346619921828,-2.5177001953125,-21.11902727399547,748.7116710060964,711.0721110809573,37.63955992513911,17340.05078125,0.010595531668439406,16843.428571428572,16374.640438988095,82.16844283730454
0.022889280300673,721.2790440150669,727.8747267950149,725.1160839446495,12.188074730201766,45.46831189685004,748.4827880859375,1,Test,2022-08-02,0.008817175213405637,0.006417786075922471,-0.022495724676959816,0.0037438387676446824,0.003724454744482484,4.599496023995471,-16.599103655133945,748.2627290686277,710.1684529207695,38.09427614785818,17345.44921875,0.000311327663805816,16932.85714285714,16446.549944196428,86.1699958293668
0.0164813458809813,725.2433210100446,728.5773664202009,727.2403297756757,12.944215857558794,54.07293392001695,753.6627807617188,1,Test,2022-08-03,0.011291545220449617,0.0145041664560146,-0.009469904650974303,0.0040338978359523905,0.004137453600373275,10.36866106305797,-6.933646065848279,747.7312949801947,709.7941209307985,37.93717404939616,17388.150390625,0.002461808358865669,17041.021484375,16521.659505208332,87.73365412579648
0.0069206570387916,731.5297764369419,729.4316493443081,729.6423707744069,13.989190339250753,55.57308227210983,755.0440673828125,1,Test,2022-08-04,0.01792675459588078,0.023154365530400955,0.005087367801161147,0.003610765449775107,0.004909138253709814,16.55479213169633,3.702723911830276,747.3283744408254,709.8083294863509,37.52004495447454,17382.0,-0.0003537116074355806,17169.328683035714,16587.954752604168,86.68997269194807
0.0018327648072227,736.480712890625,730.3737240745908,731.9516159206256,15.028858584056383,60.34005066657496,744.0921630859375,0,Test,2022-08-05,0.02107598855352366,0.02696115439841873,0.017442105580148803,0.0029088942346212686,0.005313297152944275,19.335074288504416,12.625558035714334,747.4643290997283,709.774932200495,37.689396899233316,17397.5,0.0008917270739845495,17277.285714285714,16648.173781622023,84.91419656786272
-0.0145049868875034,739.5957554408482,730.8162958054315,733.055302026563,15.300062919524407,60.61625182088797,747.3234252929688,1,Test,2022-08-06,0.019789819519902663,0.029150598237729586,0.025557669354393964,0.002286131967931862,0.005401080835085452,20.94898332868297,18.43128313337047,747.7430658037474,709.6683033020004,38.074762501747045,17397.5,0.0008917270739845495,17277.285714285714,16648.173781622023,84.91419656786272
0.00434255642961,743.5459333147321,730.9561796642486,734.3524041416908,15.443088624672017,73.25303918645864,755.5620727539062,1,Test,2022-08-07,0.01642606666856028,0.03087139365052738,0.0374873057267644,0.0021427129378970705,0.005047224927946144,22.266889299665195,26.866385323660666,748.8657327467969,709.1906323480692,39.675100398727636,17397.5,0.0008917270739845495,17277.285714285714,16648.173781622023,84.91419656786272
0.0110242060961862,748.6448713030134,731.7062319800967,736.2805558337104,16.255780767544714,74.19274833435928,775.615966796875,1,Test,2022-08-08,0.016516601452664093,0.03226717105147214,0.047239345927482024,0.0017123174141749574,0.004825475194328,23.40155029296875,33.77021135602672,750.8574883442436,708.2143657294171,42.64312261482655,17525.099609375,0.007334364671648164,17362.35714285714,16710.292829241072,85.50702746880567
0.0265416896455314,754.2547520228794,733.129650297619,739.8565022849072,18.673539486014825,76.96566518707851,731.6848754882812,0,Test,2022-08-09,0.019820282193606653,0.03106500421161784,0.05493866020473814,0.001490683575806998,0.004511442583657921,22.7249755859375,39.27976771763383,753.9621305035654,706.6027681780753,47.35936232549011,17525.099609375,0.007334364671648164,17362.35714285714,16710.292829241072,85.50702746880567
-0.0566402616619917,751.8550502232143,732.7542811802456,739.1136271215775,18.6167967546623,53.6975630101103,765.5520629882812,1,Test,2022-08-10,0.011174988035292044,0.020875410670628813,0.04839939023926898,0.003951747113976552,0.0044524198916790474,15.374337332589334,34.70941162109375,756.1100030968232,705.6318382466477,50.47816485017552,17534.75,0.0005506610997998429,17416.14285714286,16773.09044828869,83.85535348370679
0.0462865758669661,753.5535191127232,733.9209478469122,741.5171212912778,19.887132024689475,66.35394853812281,769.4493408203125,1,Test,2022-08-11,0.006556710661980825,0.01887215221179206,0.048572884976528785,0.003742583092575339,0.003598058974955872,13.957763671875,34.90674700055797,758.5171139491616,704.6034993669656,53.91361458219603,17659.0,0.007085929368824795,17461.70703125,16849.314267113095,84.2738656692145
0.005090807040371,755.6114153180804,735.6555960518973,744.0564139757355,21.34037186053596,64.95266029815697,776.1832885742188,1,Test,2022-08-12,0.001798680474418557,0.016226949086467712,0.04759929126999052,0.0035986261457390104,0.0031585252239804723,12.06548200334828,34.332371303013474,761.3733637628275,703.5205763180879,57.85278744473953,17698.150390625,0.0022170219505635025,17512.092912946428,16931.766648065477,83.46670727325429
0.0087516453607292,760.1958618164062,738.2555338541666,746.9770389392339,22.81532050806704,65.9559043815544,770.23876953125,0,Test,2022-08-13,0.011093643104100437,0.015429198751189421,0.048194226397953344,0.00371103443470614,0.0029987457400132535,11.55099051339289,34.95254080636164,765.3211193390609,702.3747102159057,62.94640912315526,17698.150390625,0.0022170219505635025,17512.092912946428,16931.766648065477,83.46670727325429
-0.0076586537361404,763.469482421875,741.3870181129092,749.0917417203262,22.457543817518825,64.68067416598416,771.9653930664062,1,Test,2022-08-14,0.0131589370332017,0.012217000124005839,0.04366152549592939,0.00366618369387798,0.0029735945902445936,9.214730398995584,31.939705984933084,769.6047628620825,701.6553096825605,67.94945317952192,17698.150390625,0.0022170219505635025,17512.092912946428,16931.766648065477,83.46670727325429
0.0022416731063887,765.8128138950893,744.368152436756,751.1711645699698,22.146786358749583,64.99154294305582,776.5780029296875,1,Test,2022-08-15,0.013500852912226913,0.018564434285213816,0.03982738514541451,0.003408509141566794,0.0029242306548399153,13.957763671875,29.332101004464334,773.7605643572551,701.6952740914055,72.06529026584963,17698.150390625,0.0022170219505635025,17512.092912946428,16931.766648065477,83.46670727325429
0.0059751510944798,765.9502476283482,747.1613478887649,753.480877148126,22.342537218926577,62.4257637772476,779.8340454101562,1,Test,2022-08-16,0.007569609492733109,0.016451025973870603,0.03563364445188166,0.0029854180188252145,0.0031457685812800984,12.396728515625,26.3544921875,777.2118712203128,702.7225447604351,74.4893264598777,17825.25,0.007181519343531395,17574.535714285714,17021.60472470238,89.78574663342165
0.0041928080220983,772.8287004743304,749.9756905691964,755.8766197174014,22.568216571777725,60.24508796878958,787.8013305664062,1,Test,2022-08-17,0.012258797853669456,0.022785898687094575,0.03938259339144734,0.002865043860716297,0.003376517584157843,17.21728515625,29.28276715959828,781.0780519553664,704.4712792737071,76.60677268165932,17944.25,0.006675923198833145,17654.85714285714,17111.845191592263,99.58237348197602
0.0102166418652054,776.0071672712054,753.6968209402902,758.77886615822,22.02377690126225,60.956340435067744,793.1785888671875,1,Test,2022-08-18,0.013311808305041861,0.020798989114489075,0.03654909960254993,0.0027675964823638184,0.0031623562325309214,15.81130545479914,27.36229596819203,784.5151359757964,707.1474459856992,77.36768999009723,17956.5,0.0006826699360520383,17734.714285714286,17191.749953497023,99.5365191691786
0.006825652727592,779.3970598493304,757.1630626860119,761.906113677217,22.24626200246016,61.93273317871101,817.869873046875,1,Test,2022-08-19,0.017555725404643896,0.02086210096693053,0.0333339733810365,0.002690199202754766,0.0030780985294927518,15.92757742745539,25.142307826450974,787.646444856573,710.458344659331,77.18810019724197,17758.44921875,-0.011029475746944017,17768.049944196428,17259.268973214286,83.49558702580852
0.0311295394583852,785.3522862025669,761.7146344866071,766.9937281653678,24.425231026718205,71.25804316277525,823.5431518554688,1,Test,2022-08-20,0.016204866253737737,0.025514684467207616,0.04455278443552091,0.002905885669132111,0.003224259873400459,19.53947230747758,33.49723597935258,791.2391769387687,713.68627733718,77.5528996015887,17758.44921875,-0.011029475746944017,17768.049944196428,17259.268973214286,83.49558702580852
0.0069366521442568,792.9671979631696,766.660871233259,772.1345848644679,25.95502397676867,71.65690636632412,821.7672119140625,0,Test,2022-08-21,0.021855507793315132,0.035272461127175525,0.052303755275211694,0.003456765547259079,0.0035280281119675827,27.016950334821445,39.413678850446445,795.5503360716466,716.8071607894024,78.74317528224424,17758.44921875,-0.011029475746944017,17768.049944196428,17259.268973214286,83.49558702580852
-0.0021564625210045,800.0817435128348,771.5131429036459,776.6466418689765,26.292686289280987,69.52859025004474,825.0478515625,1,Test,2022-08-22,0.026539340124663857,0.03526401519738798,0.058853436162070505,0.003503058212635872,0.003673765104180945,27.253043038504416,44.470328194754416,800.5431320559745,719.6946347548516,80.84849730112296,17490.69921875,-0.0150773300473388,17761.756975446428,17305.452287946428,63.02341880237248
0.0039921763741292,807.0060076032366,775.7370024181548,781.046751841115,27.4597339340442,66.1822403203312,844.2631225585938,1,Test,2022-08-23,0.027571984930956805,0.03994659023709435,0.06157642804708585,0.0023026623369497034,0.003752385449826892,30.99884033203125,46.81014578683039,806.2844154489688,722.1296200211763,84.15479542779258,17577.5,0.00496268217550444,17750.114118303572,17351.749906994046,60.04989650360749
0.0232898867134836,816.2101614815848,780.2979707263764,786.793694633613,30.49338094334985,93.96929437711982,839.40380859375,0,Test,2022-08-24,0.02931138082144824,0.04723279510365486,0.06908027141098816,0.0027106467929801964,0.0033558857803309503,36.813101632254416,52.740679059709805,813.6024938244944,723.2795801501148,90.3229136743796,17604.94921875,0.001561611079505143,17736.799665178572,17393.916573660714,60.78193013948083
-0.0057556866277864,823.5819440569196,784.380876813616,791.5764322663526,32.42754985210458,87.29460775822479,836.7644653320312,0,Test,2022-08-25,0.029372249441544485,0.048678355594029554,0.07543505294460151,0.002167919538458675,0.0032796895202722724,38.229657854352695,57.769130161830276,821.630130499044,723.9620665921949,97.66806390684906,17522.44921875,-0.004686182219266755,17693.542410714286,17436.366536458332,55.40133130354318
-0.003144306988719,829.8084978376116,788.2723243350074,795.6844352723234,33.612721629358994,84.43110631865439,830.671875,0,Test,2022-08-26,0.02825566355087883,0.04646005530755026,0.08337127692952784,0.0013109273725206727,0.0031171552889769846,36.84129987444203,63.858250209263474,829.7599361822316,724.8535351486836,104.90640103354804,17558.900390625,0.002080255529346653,17638.49246651786,17487.559430803572,56.945430676054734
-0.0072811293792377,831.6373552594866,792.3951677594866,798.8651116112031,33.23039403866367,78.05450752726287,841.2290649414062,1,Test,2022-08-27,0.018901006757742866,0.039440484678607834,0.07609532972709476,0.0028973113191911384,0.003342033924087471,31.555611746651834,58.80865478515625,836.9483579821446,726.4742555432462,110.4741024388984,17558.900390625,0.002080255529346653,17638.49246651786,17487.559430803572,56.945430676054734
0.0127092179946579,834.1639142717634,796.8668648856027,802.716380095767,33.18022884592685,84.8933523814438,853.7597045898438,1,Test,2022-08-28,0.012848715651435416,0.03365266976039516,0.07494356940679237,0.003383207650970667,0.0034206269584378447,27.15790666852672,58.15674700055797,843.6342567792316,728.340261043034,115.29399573619753,17558.900390625,0.002080255529346653,17638.49246651786,17487.559430803572,56.945430676054734
0.0148956332711951,838.7342703683036,801.5429425920759,807.3566823225013,33.97799385254751,86.34376000043392,872.531005859375,1,Test,2022-08-29,0.010756424589470237,0.027595967251661024,0.07613219702220064,0.0033471429476911404,0.0033013463957808306,22.52410888671875,59.337210518973166,850.3926159296925,730.0298537271156,120.36276220257696,17312.900390625,-0.014009988924553851,17546.549665178572,17519.516555059523,47.18751663855157
0.0219866329701625,845.517578125,806.1579444521949,813.2816208258536,36.74909202407971,87.86999324547635,852.0578002929688,0,Test,2022-08-30,0.01669023496567501,0.026634428093489593,0.07660930384929765,0.0033004117555771157,0.00276551680058321,21.93563406808039,60.165291922433084,857.0529102027033,732.7358122442834,124.31709795841994,17759.30078125,0.02578426378902554,17546.671316964286,17559.02613467262,56.42420508424634
-0.0234641582120531,846.631103515625,811.8899884905134,816.8067280501367,33.82343207835671,75.09432793888364,813.0598754882812,0,Test,2022-08-31,0.014945730725771877,0.020272877081701557,0.06767481137971099,0.003092540523782194,0.0031002856083399547,16.82260567801336,53.66390555245539,862.6053710873982,736.4911097998786,126.11426128751964,17759.30078125,0.02578426378902554,17546.671316964286,17559.02613467262,56.42420508424634
-0.0457691072029134,842.8676845005581,814.1522652762277,816.466105089968,32.114779016492264,57.21940115933008,806.7698974609375,0,Test,2022-09-01,0.004928156960176899,0.013503877826131827,0.053476961991242966,0.004301281807333935,0.004247292247711948,11.230329241071445,42.78594098772328,866.2385505797076,741.5835572258168,124.65499335389086,17542.80078125,-0.012190795272107646,17554.114397321428,17577.338076636905,50.19832907036496
-0.0077361805901027,838.582746233259,815.9294346400669,815.584631669147,30.509837409685225,53.86450693001126,807.3372192382812,1,Test,2022-09-02,-0.008201877845188665,0.005297318531638062,0.03912825720319413,0.0048444523036276525,0.005166325345931788,4.418831961495584,31.576738630022305,868.4175047024005,747.2432915448092,121.17421315759134,17539.44921875,-0.0001910505934481499,17548.678571428572,17586.83324032738,46.86835529560557
0.000703201469377,835.2492239815848,817.4129551478794,814.8348669027047,29.21032019568809,46.52900723898715,802.20654296875,0,Test,2022-09-03,-0.013443729490656642,-0.004155125776830859,0.023326176759966177,0.005244209112969122,0.00566247652327196,-3.48504638671875,19.0390625,869.3895638357621,753.4492065674185,115.94035726834363,17539.44921875,-0.0001910505934481499,17548.678571428572,17586.83324032738,46.86835529560557
-0.0063550597535587,829.674577985491,818.9352300734747,813.6868374541633,27.406225170142378,42.94337200312481,800.1346435546875,0,Test,2022-09-04,-0.015652642470074807,-0.018737635442946043,0.007397726446696229,0.005760621532146718,0.006158626000179113,-15.843000139508945,6.092633928571445,868.9253082239751,760.2996385882458,108.62566963572931,17539.44921875,-0.0001910505934481499,17548.678571428572,17586.83324032738,46.86835529560557
-0.0025827505799129,822.0138549804688,820.276622953869,812.4548198269382,25.62375264716293,42.85946835447119,800.5292358398438,1,Test,2022-09-05,-0.0197582067210591,-0.029076711725961157,-0.009393303247020035,0.0057903108589273,0.006752075418931317,-24.61724853515625,-7.79464285714289,866.7086786915684,768.1226288558646,98.58604983570376,17665.80078125,0.007203850071011875,17557.371651785714,17602.088076636905,49.189620805359276
0.000493157355871,811.7278878348214,821.4171578543527,811.3706758281114,24.06720453566385,41.74964335870864,800.2332763671875,0,Test,2022-09-06,-0.02816085962299797,-0.036945059394688395,-0.02394008313690177,0.004357914700901786,0.007468409658274618,-31.13979666573664,-19.909467424665195,864.1061107437888,774.6151155396935,89.49099520409527,17655.599609375,-0.0005774531254664206,17576.393136160714,17614.823753720237,45.48575633759044
-0.0003697047645558,804.3243844168527,822.3885498046875,810.3581849680274,22.67641134395004,33.02260013320499,799.0739135742188,0,Test,2022-09-07,-0.03055438149037959,-0.04085269100787936,-0.035771782193384616,0.0031288167318058347,0.007159118093904089,-34.25836181640625,-29.839529854910666,861.3428109778654,780.2101370201815,81.13267395768389,17624.400390625,-0.0017671004916441913,17585.75027901786,17626.366629464286,41.07191728917495
-0.0014487810332405,802.3263898577009,822.9253394717261,809.3323421140449,21.93813819657821,33.99251426287292,796.6320190429688,0,Test,2022-09-08,-0.02395028381028408,-0.039416779062592444,-0.04340812316470066,0.0034928548417538677,0.006550652761480043,-32.922834123883945,-36.407880510602695,858.6827398693572,785.1631411295266,73.5195987398306,17798.75,0.009892512965589573,17655.157366071428,17645.473772321428,45.96207647497595
-0.0030559057050524,800.8781215122768,823.0897885277158,808.1777672894016,21.71582345313164,34.045877837035164,792.9319458007812,0,Test,2022-09-09,-0.013366260399756524,-0.03470813405315376,-0.05279542113330704,0.003980343537111837,0.005968516413869772,-28.79645647321422,-44.639456612723166,856.7642246627443,788.6342398671104,68.12998479563385,17833.349609375,0.0019439347917691308,17665.735770089286,17660.15234375,52.09230154807073
-0.0046446453993056,798.8202253069196,821.9022681826636,806.7917835177088,22.67616968239876,34.70606596813937,810.3218994140625,1,Test,2022-09-10,-0.006843208059548855,-0.02821561891326052,-0.05647191322191136,0.004162793632678708,0.005812512145492834,-23.19362967354914,-47.81087820870539,856.0675952540928,789.916172010137,66.15142324395583,17833.349609375,0.0019439347917691308,17665.735770089286,17660.15234375,52.09230154807073
0.0219312057048213,799.9795619419643,821.2726847330729,807.11270314465,22.81146859495013,38.13223626267261,798.407958984375,0,Test,2022-09-11,-0.002925028947574293,-0.014473231816876764,-0.050883576802457586,0.005085610794133842,0.0057031865459305515,-11.74832589285711,-42.88812255859375,856.0774147595855,789.8961343475573,66.18128041202817,17833.349609375,0.0019439347917691308,17665.735770089286,17660.15234375,52.09230154807073
-0.0147027254703375,799.732892717634,820.1603393554688,806.3213627664431,23.349335706372543,28.6448440778304,791.3286743164062,0,Test,2022-09-12,-0.0014299663879947522,-0.005708507398476614,-0.046327990517489814,0.005018984617435754,0.005234193193201674,-4.59149169921875,-38.849853515625,856.6011858123953,788.6450518061873,67.956134006208,17936.349609375,0.005775695663245095,17721.95703125,17679.27613467262,63.71101782402873
-0.0088667511242924,798.4185267857143,818.5546642485119,804.9583910891671,24.142353497947653,15.56482050427249,797.5198974609375,1,Test,2022-09-13,-0.0005028647353676474,-0.004870665007889907,-0.04409545814397842,0.0032995562445111435,0.004121741887692561,-3.907863071986526,-36.83069719587047,857.3124399512943,786.1546341977011,71.15780575359327,18070.05078125,0.007454201929980142,17797.757254464286,17698.84998139881,64.72890764076759
0.0078238326822663,798.0309012276786,816.3287963867188,804.2821643956917,23.80604649140864,23.68473598122722,798.2846069335938,1,Test,2022-09-14,-0.002435888123885732,-0.0035551230681916124,-0.03813986543331915,0.001436331816383609,0.003965458600467401,-2.8472202845982792,-31.6436767578125,857.5577868905082,783.3541829755632,74.203603914945,18003.75,-0.0036690976717561608,17846.035714285714,17713.40234375,61.65466492538676
0.0009588594279477,797.9181431361607,814.3707391648065,803.7369318991373,23.50231884933675,38.70234579470656,791.822021484375,0,Test,2022-09-15,-0.00226919462485331,-0.0011292680658058218,-0.029313023981670683,0.0013350760536386596,0.004109731399678514,-0.9020821707589448,-24.095711844308084,856.9975605987964,780.7253737971299,76.27218680166652,17877.400390625,-0.007017960667916379,17877.721540178572,17715.885695684523,60.113975969324436
-0.0080955907117427,797.2310006277902,812.2306227911087,802.653758225068,23.407224807038187,38.60045503969495,797.0020141601562,1,Test,2022-09-16,-0.0014873479485814078,-0.003435789418797075,-0.017859294258941616,0.0012605811586103466,0.004170593147772862,-2.7485613141741396,-14.49688720703125,855.9488578725206,778.333441060236,77.6154168122846,17530.849609375,-0.019384853148544656,17864.35714285714,17696.19996279762,49.32075678722973
0.0065418648828061,797.8124389648438,810.6272960844494,802.139963310076,23.233392363205542,42.63624076551229,797.1006469726562,1,Test,2022-09-17,-0.0002737516335504786,-0.0024013689699121654,-0.008096168135857562,0.0010169545994549675,0.00432450158986421,-1.9204537527901948,-6.511945452008945,854.1794081316983,776.4677432703664,77.71166486133188,17530.849609375,-0.019384853148544656,17864.35714285714,17696.19996279762,49.32075678722973
0.0001237547844894,795.9236886160714,808.5259428478423,801.6818436430378,22.304240627229404,46.08107589000872,808.471923828125,1,Test,2022-09-18,-0.002499572841206721,-0.00312472479776571,-0.007980170317923863,0.0010203300494645955,0.004214843756062463,-2.4948381696428896,-6.402701241629416,851.3187940084326,775.0472992184089,76.27149479002378,17530.849609375,-0.019384853148544656,17864.35714285714,17696.19996279762,49.32075678722973
0.0142657980502916,797.3613978794643,806.3693818591889,802.2991236598639,19.755792637370725,55.599738292440165,818.51123046875,1,Test,2022-09-19,0.0001635626958453873,-0.000838944140113207,-0.004391084658639355,0.0014049573966187338,0.00397552838596184,-0.6695033482142208,-3.5167236328125,846.3071183054592,775.2433568968286,71.06376140863063,17622.25,0.0052136885924867205,17839.14285714286,17680.283296130954,58.09707264754088
0.0124176317627564,801.2446201869419,803.7970116024926,803.7729515515808,13.109027401838263,60.692341807112,797.1006469726562,0,Test,2022-09-20,0.004301990110045617,0.004168945247574829,0.003034969325032888,0.0023206941557922596,0.0031168798234580955,3.32647705078125,2.424394880022305,839.958926008032,777.0529008613876,62.906025146644424,17816.25,0.011008809885230342,17836.700055803572,17683.035714285714,51.71755680225065
-0.0261579593524113,801.1847272600446,801.1800043015253,803.1663784080422,7.102275308632009,48.51114761003294,789.922607421875,0,Test,2022-09-21,0.00660997871934299,0.004959323745741262,0.0015064951348939815,0.0022964776452645912,0.0020376598151198486,3.9537266322544156,1.205165318080276,833.5088843202404,779.3346468251277,54.17423749511272,17718.349609375,-0.005495005437451739,17805.557198660714,17693.87620907738,55.70239271969638
-0.0090051859549268,799.9901559012277,800.0782296316964,801.9623992274816,6.960430591563497,45.88599936452293,800.9239501953125,1,Test,2022-09-22,0.00329682127671882,0.002729610156504414,0.00032168638546248296,0.002419134934235846,0.0019711335028048805,2.177716936383945,0.25726318359375,827.0529289415491,781.9313431706163,45.121585770932825,17629.80078125,-0.004997577656902563,17742.66434151786,17696.366722470237,52.78098398499495
0.0139271147199386,801.2904314313616,799.7998511904761,801.8679947700116,6.794340731987939,51.79157509512145,810.3958740234375,1,Test,2022-09-23,5.717510391400893e-05,0.0067427856364241645,0.0035969914891742505,0.00239008248548643,0.0019703422283155404,5.366742815290195,2.871904645647305,820.1104012484122,785.4779916087305,34.63240963968178,17327.349609375,-0.017155677232420508,17646.035714285714,17683.14769345238,40.60146461101897
0.0118262462070402,803.203839983259,799.9455014183408,802.643256520323,6.9938530463156106,56.95481457246931,814.0958862304688,1,Test,2022-09-24,0.0025201587780130374,0.007327219651380501,0.006482128383277441,0.002471043982294459,0.0019101133915231403,5.84244210379461,5.17293875558039,813.3194427762287,789.6218762806911,23.697566495537558,17327.349609375,-0.017155677232420508,17646.035714285714,17683.14769345238,40.60146461101897
0.0045656849024433,805.6317313058036,800.5116606212798,803.6844046757908,7.637635200123445,51.68688115908184,818.9797973632812,1,Test,2022-09-25,0.007052056032139875,0.005475370452831418,0.009667142220034286,0.0020661084637167183,0.0020201140668271314,4.38711111886164,7.71358816964289,807.8880521536089,793.4150545358443,14.472997617764577,17327.349609375,-0.017155677232420508,17646.035714285714,17683.14769345238,40.60146461101897
0.0059991841445441,807.1328560965402,801.4090488978794,805.0748949201081,8.633330590674586,59.81173522529651,790.9093017578125,0,Test,2022-09-26,0.00729126972693539,0.007424166530030529,0.012420309121136341,0.002066547145402126,0.0020361752090464437,5.948128836495584,9.90185546875,806.3513749224003,794.4922285932248,11.859146329175474,17016.30078125,-0.017951321762256445,17523.021484375,17659.045386904763,34.78874299783348
-0.0342749548839204,803.1897234235491,800.9509567987351,803.7871137235359,8.932389783670759,49.83334958362863,793.1785888671875,1,Test,2022-09-27,-1.7575314020024102e-05,0.003999508617349212,0.006740035873196382,0.002774646968468846,0.0024587754023236647,3.199567522321445,5.37728445870539,806.1575519725709,794.5725854437239,11.584966528846962,17007.400390625,-0.0005230508522044985,17448.243024553572,17632.78348214286,35.16186002818225
0.0028692128216616,802.6294294084821,800.6150192987351,802.8227023729587,9.091964718717268,48.21934625914511,805.1665649414062,1,Test,2022-09-28,-0.003726643056195411,0.0016710519988720751,0.008425105180712045,0.0028003952752719543,0.002465484161084944,1.3389979771204708,6.705740792410666,806.1958448922535,794.5645964791195,11.631248413134017,16858.599609375,-0.00874917846539458,17339.15011160714,17611.15011160714,27.109173412312316
0.0151138422575676,804.8071376255581,800.9051455543155,803.0357807882721,9.137424067217928,52.58476585029934,804.895263671875,0,Test,2022-09-29,-0.0028814568176913635,0.0019961279596627524,0.009337973679055978,0.002812887398136379,0.0025331929259004983,1.6032976422991396,7.44573974609375,806.71935877077,794.4339842119309,12.285374558839067,16818.099609375,-0.0024023347691036756,17196.557198660714,17566.331008184523,25.351466181100875
-0.0003369504911707,805.3744681222098,801.2986333937872,803.2048246867814,9.122116853607867,55.14961859663565,807.92919921875,1,Test,2022-09-30,0.002720085472892153,-0.00031933099652958763,0.005154291000798672,0.002792662169840006,0.0024972099302575925,-0.25726318359375,4.12984793526789,807.3446472370293,794.4641200272007,12.880527209828642,17094.349609375,0.01642575596626905,17107.41434151786,17544.97619047619,31.14393287284892
0.0037693544536892,805.0220860072544,802.0127883184524,803.6343132805968,9.020845019489249,54.3782987458713,802.05859375,0,Test,2022-10-01,0.0029810227623170427,-0.0026151457883821783,0.0047896054638150165,0.002716220574907756,0.0025165985614598397,-2.1107700892857792,3.837358747209805,807.8347471212904,794.4782725494684,13.356474571821991,17094.349609375,0.01642575596626905,17107.41434151786,17544.97619047619,31.14393287284892
-0.0072662375297571,803.302472795759,801.6192975725446,803.4910660505425,8.81822582479552,51.89872352560312,804.77197265625,1,Test,2022-10-02,-0.001869596775990856,0.00014037701046420992,0.00414044706687644,0.0025579003405580797,0.0024959699877278143,0.11274937220980519,3.31231689453125,808.0437565378097,794.6262211407616,13.417535397048141,17094.349609375,0.01642575596626905,17107.41434151786,17544.97619047619,31.14393287284892
0.0033830183073828,801.2727835518973,801.922345842634,803.6075121056068,8.811697325893833,48.48240875927028,801.6885986328125,0,Test,2022-10-03,-0.005092891235894181,-0.001690251823415756,-2.2024323231728538e-05,0.002443018464916474,0.002609266835505041,-1.3566458565848052,-0.017647879464334437,808.0451927255579,794.9102106296318,13.134982095926034,16887.349609375,-0.012109264448790458,17001.34988839286,17513.923828125,24.356024064241325
-0.0038313635765178,802.8126831054688,802.4156755719866,803.4330654262618,8.47242025030829,42.68238677454948,809.0392456054688,1,Test,2022-10-04,-0.002744524579125329,-0.002478176977870228,-0.00048699577656197146,0.0019641379966005954,0.0023195206968157573,-1.9944545200893344,-0.3911568777901948,808.1015617781185,795.3320197648503,12.769542013268165,17274.30078125,0.02291367093271912,16993.771484375,17495.28097098214,36.11446961213402
0.009168955358966,805.0784912109375,802.9642159598214,803.9427181698261,8.512409491247807,55.91686228008615,807.9539184570312,0,Test,2022-10-05,0.0022108962381224284,-0.00036750222782999664,-0.0006867158695069708,0.0022104511933752134,0.002425490853368052,-0.2959769112723052,-0.5532400948660552,808.3650337689296,795.7845825815168,12.580451187412791,17274.30078125,0.02291367093271912,16993.771484375,17495.28097098214,36.11446961213402
-0.0013415012365998,805.4766845703125,803.4246593656994,804.3073727413902,8.508138828720709,59.51083544685232,807.6332397460938,0,Test,2022-10-06,0.005246529153005941,0.0005647032186568701,-0.002051919350969378,0.001976420320380591,0.0023669626021925747,0.45459856305808444,-1.6561715262276948,808.5160345307709,796.4581502139276,12.057884316843229,17331.80078125,0.0033286441360573793,17038.842912946428,17479.861979166668,39.334603446103564
-0.0003969022287185,805.8678240094866,804.1775745210193,804.6097242872723,8.120821891088092,53.98826649638453,808.3485717773438,1,Test,2022-10-07,0.0038055463849921978,0.0031935059340717498,0.0033343312393518953,0.0019673283665102505,0.0023444359845363814,2.565351213727695,2.6781005859375,808.6752548900522,797.1044683591106,11.570786530941632,17314.650390625,-0.0009895331040011834,17082.735770089286,17465.111979166668,45.149008450911616
0.0008857139553528,805.927734375,804.7178867885044,804.9496195136425,7.996039116591154,48.64158453051383,807.5346069335938,0,Test,2022-10-08,0.0010548575987729958,0.005809445820021741,0.0041093745702156514,0.0019539564749102047,0.0022747595627413135,4.654950823102695,3.2983049665178896,808.303702081364,798.4764257436918,9.827276337672174,17314.650390625,-0.0009895331040011834,17082.735770089286,17465.111979166668,45.149008450911616
-0.0010069478343486,806.7100219726562,805.2147420247396,805.1846183700017,7.821317770694034,45.4731200183265,802.6258544921875,0,Test,2022-10-09,0.0015311894508798218,0.004854605500391074,0.002364397950933128,0.0016782810334092532,0.002144325603115133,3.8973388671875,1.9028843470981656,808.0874810327709,799.627509201604,8.459971831166968,17314.650390625,-0.0009895331040011834,17082.735770089286,17465.111979166668,45.149008450911616
-0.0060786898781292,806.4034336635044,804.9363577706473,804.9520034720185,7.803607771755049,38.72064955938031,807.7565307617188,1,Test,2022-10-10,0.0006646371006016061,0.00164573077908714,0.00127762374152951,0.0011105292618067862,0.002085243072367129,1.3249424525669156,1.0289655412946104,808.3035072948261,799.9273642872053,8.37614300762084,17241.0,-0.00425364584114718,17137.364397321428,17438.55245535714,41.37697971646519
0.0063923635661815,807.270281110491,804.4242292131696,805.2069604983549,7.197549246759972,66.99843456133847,809.9519653320312,1,Test,2022-10-11,0.0016658400973534881,0.002226751654686776,0.002792712327170044,0.0010251267306304347,0.0015695201314059892,1.7935965401785552,2.2481951032366396,808.5955090796613,800.2439178874147,8.351591192246588,16983.55078125,-0.014932383199930399,17161.00027901786,17398.085844494046,31.69168799491557
0.0027179409719437,807.4006696428571,805.0361967540923,805.6383245741437,7.089254979414027,66.94917867579126,811.7525024414062,1,Test,2022-10-12,0.0008561287840604948,0.0019021055161925204,0.005101685835517289,0.0005111997400216661,0.0015413989859708746,1.5328456333704708,4.098196847098166,808.6111335448645,800.9693447963743,7.641788748490171,17123.599609375,0.008246145339619648,17165.178850446428,17359.383463541668,37.16135995682677
0.0022230171497106,807.9433244977679,806.0757155645462,806.194158925713,6.321179938676316,58.38034644729975,807.5592041015625,0,Test,2022-10-13,0.0019095787170295697,0.002500956396954024,0.008324931387662104,0.0005203203390522436,0.0013981447714539847,2.0155901227678896,6.670540945870584,808.8171640173928,801.4286036304866,7.388560386906192,17014.349609375,-0.006380083772817624,17183.321707589286,17309.111979166668,36.832177341103645
-0.0051657350328235,807.9327479771206,806.3916800362723,806.3182539416993,6.215745585475083,53.08212696843443,812.2705688476562,1,Test,2022-10-14,0.000820625857449242,0.001515694575696891,0.0063776581753121064,0.0005460633497004817,0.0013944735051855258,1.2227260044643344,5.120064871651834,809.1407542671267,801.577904180139,7.562850086987737,17185.69921875,0.010070888003887335,17170.66434151786,17270.157180059523,46.7892101523382
0.0058340796837741,808.4930332728794,806.480951218378,806.8593734786044,6.289158415932071,54.83520113985368,814.169921875,1,Test,2022-10-15,0.0013529387218684796,0.0025912583232463593,0.004241253615912655,0.0005411105444174734,0.0013857185716547227,2.089599609375,3.4145420619419156,809.5353540209638,801.4694346230095,8.065919397954303,17185.69921875,0.010070888003887335,17170.66434151786,17270.157180059523,46.7892101523382
0.0023383255533169,809.440935407366,806.4844767252604,807.5239687873677,6.29365968702089,64.79802168037848,810.9879150390625,0,Test,2022-10-16,0.0018536088661034178,0.0026888817136796472,0.00492162084017167,0.0005773639549709426,0.0012074401173503163,2.170654296875,3.964250837053555,809.966905091463,801.2686914835928,8.69821360787023,17185.69921875,0.010070888003887335,17170.66434151786,17270.157180059523,46.7892101523382
-0.0039082834558779,810.635515485491,806.1039109002976,807.8388729920672,5.715371932911146,57.50885502531903,822.1865234375,1,Test,2022-10-17,0.00334528772987297,0.004006493881240969,0.005916220171545472,0.0005398610968947956,0.0008432156193103427,3.234845842633945,4.767691476004416,810.7219488759108,801.2582269053391,9.463721970571669,17311.80078125,0.007337586960815656,17167.807198660714,17243.22386532738,57.31109053621236
0.0138086008321074,812.6969430106027,807.5933024088541,809.1432048507429,5.632494018097824,70.70247291969238,821.8658447265625,0,Test,2022-10-18,0.005199685791608344,0.005883603922081759,0.00839927495590187,0.0008713369702999427,0.0009180770555197427,4.753618512834805,6.769208635602695,811.8241108797934,801.1628162616687,10.661294618124657,17486.94921875,0.010117285874136073,17192.421316964286,17241.133370535714,60.96286817268117
-0.0003900315826106,814.39892578125,808.9593622116815,810.2998084758174,5.43706155895703,65.09863821923851,824.3324584960938,1,Test,2022-10-19,0.006125203405222823,0.008003361443535084,0.00953118667075925,0.0008830651235711599,0.0008139915396113282,6.466177804129416,7.68890380859375,813.2980671628486,800.6480387941826,12.650028368665971,17512.25,0.0014468379208691928,17231.171316964286,17235.89527529762,65.83723661707627
0.003001236497852,816.196062360491,809.8720238095239,811.5755039322061,6.307485914048922,68.67253582870137,823.2718505859375,0,Test,2022-10-20,0.006859490817731739,0.009527638174479769,0.012143585069446683,0.0009103880860253395,0.0008862874448317826,7.70302908761164,9.79262869698664,815.0070156922678,800.0212496885916,14.98576600367619,17563.94921875,0.0029521745492440132,17314.085379464286,17223.880952380954,67.97358242267183
-0.0012866264081013,818.4407261439732,810.7470993768601,812.6388081734543,6.835180630638914,67.5331642673068,836.0985107421875,1,Test,2022-10-21,0.007067558433397014,0.01111852680403147,0.013837304921117566,0.0007543220950089231,0.0009958472695535336,8.99979073660711,11.17044503348211,817.0210891325361,799.3490402619949,17.672048870541175,17576.30078125,0.0007032337856462956,17378.756975446428,17217.116722470237,63.30657555432605
0.0155801029114757,821.8447178431919,812.0884951636905,814.7715084069755,8.750317669052977,74.4671530804111,842.8571166992188,1,Test,2022-10-22,0.009142684041238303,0.013827672416977244,0.01788956678314868,0.0009752572572627571,0.00123881183048078,11.20920235770086,14.444048200334805,819.5389994960542,798.6853544032203,20.853645092833858,17576.30078125,0.0007032337856462956,17378.756975446428,17217.116722470237,63.30657555432605
0.0080835043600684,825.942888532366,814.0312819707962,817.3247455244522,10.71962569980873,78.18891194435514,858.989013671875,1,Test,2022-10-23,0.011941770637420746,0.016298751503474707,0.022278250823827284,0.001241383946825102,0.0015563387654163523,13.24594552176336,17.999564034598166,822.552665053765,798.1386993435566,24.41396571020846,17576.30078125,0.0007032337856462956,17378.756975446428,17217.116722470237,63.30657555432605
0.0191395393751099,832.8001883370536,816.6130458286831,821.112406265127,14.306807359834275,88.14696089690099,868.1650390625,1,Test,2022-10-24,0.01754490182903523,0.022594900328670287,0.030779096926316418,0.002232746980547895,0.0022467193442941105,18.401262555803555,24.86744035993297,827.1338272747714,796.5562876457084,30.57753962906304,17730.75,0.008787356376761757,17481.09988839286,17221.923828125,73.98203489721772
0.0106823547735501,839.3685477120536,819.7785906110491,825.3899183376154,17.773758001268387,88.76231818897459,872.2350463867188,1,Test,2022-10-25,0.02132255581668807,0.02839083208089277,0.038188967830911524,0.002591011618184248,0.0026594326850310243,23.1724853515625,30.87551443917414,832.8264475584946,794.2926730120968,38.53377454639781,17656.349609375,-0.004196122026705051,17548.33565848214,17237.590494791668,63.211914491236364
0.004688057156291,846.5641479492188,822.7879144577753,829.6485663420793,20.93358433336862,89.02631365584045,877.6863403320312,1,Test,2022-10-26,0.02496693137402639,0.034362197416234475,0.04586278123328391,0.00269080774931046,0.002953255959616736,28.123421805245584,37.123212541852695,839.4679739787455,791.7598929297367,47.7080810490088,17656.349609375,-0.004196122026705051,17548.33565848214,17237.590494791668,63.211914491236364
0.0062497992575449,854.1861310686384,826.1085059756324,834.0156367048023,23.7976216231461,89.50640581160272,879.832275390625,1,Test,2022-10-27,0.025679560392857903,0.039352218884270096,0.05372404089286009,0.0025021148728734026,0.0031925082109007913,32.341413225446445,43.550615583147305,846.97232269131,789.0873749230875,57.884947768222446,17736.94921875,0.004564907874966551,17609.071149553572,17271.907087053572,63.79041672539097
0.0024449908355437,862.2661917550223,829.5465552920386,838.1807856762407,26.099061277303505,94.39396484240268,864.6377563476562,0,Test,2022-10-28,0.027279606920443955,0.043977984103961365,0.060993521841970155,0.00206236751262048,0.003281801411290049,36.32330322265625,49.56924874441961,855.2762848687123,786.4172584836872,68.85902638502512,17786.80078125,0.002810605244745412,17651.907087053572,17309.021391369046,65.72104910612671
-0.0172697904679874,866.3432268415179,832.2269926525298,840.5859648281876,26.696795916599854,78.49672646883769,854.47509765625,0,Test,2022-10-29,0.023363945827629795,0.04027741464785639,0.0637823791459915,0.0019155449333456333,0.0030770011307099873,33.543038504464334,51.94430106026789,863.0924045126642,784.5644593266218,78.52794518604242,17786.80078125,0.002810605244745412,17651.907087053572,17309.021391369046,65.72104910612671
-0.0117536605552996,868.0029384068081,834.4622541155134,841.8486132671023,26.49029844872432,70.12318426322865,851.5890502929688,0,Test,2022-10-30,0.016175405846128754,0.03411420498517126,0.06347356773137114,0.002766490375172682,0.0030124851841615797,28.63439069475453,51.80687604631703,869.9039132693712,783.9129010442449,85.99101222512627,17786.80078125,0.002810605244745412,17651.907087053572,17309.021391369046,65.72104910612671
-0.0033775675513509,866.94580078125,836.7938348679315,842.734107542181,25.69078375553365,70.33103191121951,829.7838134765625,0,Test,2022-10-31,0.005427104844158315,0.024075733518133635,0.059265226042458874,0.004106378097778023,0.0033251074020424747,20.38165283203125,48.505074637276834,875.3609528831443,784.4234133975475,90.93753948559674,18012.19921875,0.012672230395564199,17723.32840401786,17363.95470610119,73.32163867035226
-0.0256053513239803,861.4627685546875,837.8427530924479,841.5568080816703,24.88292381468312,53.43903269227794,817.771240234375,0,Test,2022-11-01,-0.005633400407161204,0.008518796104715065,0.04820624851792821,0.0059714484943120165,0.004446421916885314,7.27663748604914,39.618050711495584,878.8551741103176,786.3354020615573,92.51977204876039,18145.400390625,0.007395053222392978,17806.39285714286,17427.159505208332,87.99003735990037
-0.0144767505066869,853.6822248186384,838.215099516369,839.3944837319162,24.50026128311098,48.32392603948265,798.1119384765625,0,Test,2022-11-02,-0.016498462107115586,-0.009955124088667389,0.03358505372636955,0.007178945340545928,0.0056730310109789316,-8.583966936383945,27.739336286272305,880.5289964116546,789.2354697923074,91.29352661934718,18082.849609375,-0.003447197631545107,17878.756975446428,17474.230933779763,83.03993563369329
-0.0240400992240544,842.314453125,837.5655488513764,835.6415250723386,25.40117153090847,40.591265146394896,814.5151977539062,1,Test,2022-11-03,-0.02841163499961985,-0.027735859151483355,0.011424426796714071,0.008049103606252729,0.00722563716360956,-24.02877371651789,9.514264787946445,880.5320924108448,792.6705443079052,87.86154810293965,18052.69921875,-0.0016673473084335422,17924.74972098214,17529.723772321428,87.82549053926947
0.0205525797655079,832.9834420340402,837.8967866443452,833.720949861572,25.03300239218157,47.16950310198738,805.6846313476562,0,Test,2022-11-04,-0.03305926565860562,-0.04034490532606383,-0.0076070347112932035,0.006841228865091656,0.008053618721611241,-35.01949637276789,-6.38510567801336,879.7784703544478,795.8732072404184,83.90526311402937,18117.150390625,0.003570168155688336,17990.57840401786,17569.859468005954,86.79721920017283
-0.010841499864706,824.5615670340402,837.5831705729166,831.1721936330342,25.4085405226162,39.90832246804309,820.114501953125,1,Test,2022-11-05,-0.03411182397616952,-0.048889138985407365,-0.025990447349417356,0.005533262367037685,0.008550112023009848,-42.384233747209805,-22.002580915178555,878.8935955610422,798.2701451964912,80.62345036455099,18117.150390625,0.003570168155688336,17990.57840401786,17569.859468005954,86.79721920017283
0.017910073053438,819.6529105050223,837.8662458147321,830.1669489348607,25.166614825104205,42.81929439206771,814.4906005859375,0,Test,2022-11-06,-0.02690389858075337,-0.04853356358024774,-0.04042821500790805,0.004001986651088032,0.008585697848013938,-41.809858049665195,-34.533220563616055,878.2142562834704,799.8512239760162,78.3630323074542,18117.150390625,0.003570168155688336,17990.57840401786,17569.859468005954,86.79721920017283
-0.0068574587497161,814.3531319754464,838.0330403645834,828.7418263576858,24.99056014860432,34.95162223816604,832.7931518554688,1,Test,2022-11-07,-0.022365762773268183,-0.04606994464661274,-0.05556643671956518,0.002797929747641727,0.008322685404272164,-39.329092843191916,-47.91305977957586,878.0690439531002,800.1620552028708,77.9069887502294,18202.80078125,0.004727586225111935,18057.12862723214,17611.33565848214,86.36131763865686
0.0224711632723133,814.7830374581473,838.5381179082962,829.110128675666,24.76040093966516,38.73346908130609,830.81982421875,0,Test,2022-11-08,-0.011859065431664928,-0.03268543661421297,-0.05951473709945976,0.004518024509992288,0.007901412610928858,-27.531415666852695,-51.560189383370584,878.0372844158685,800.2322259077923,77.80505850807617,18202.80078125,0.004727586225111935,18057.12862723214,17611.33565848214,86.36131763865686
-0.0023695291349624,816.6471208844866,838.9644978841146,829.2655555432191,24.53501442910908,36.629989860382224,838.565185546875,1,Test,2022-11-09,-0.0036671493287123713,-0.01961181978559179,-0.059165488099134134,0.005874990054631354,0.007412283335282225,-16.336321149553555,-51.355817522321445,878.0043281904616,800.3102879855987,77.69404020486286,18157.0,-0.002516139235956394,18110.014229910714,17651.44754464286,80.5720416769148
0.0093225523781985,822.4261561802456,839.6422467912946,830.1109764526423,24.30612609941891,37.55491412756581,825.4178466796875,0,Test,2022-11-10,0.009913419483284391,-0.0025897530750501607,-0.05135228126243352,0.006799927987271404,0.007196168407986063,-2.1354108537946104,-44.519644601004416,877.7948899902261,800.9182691894613,76.87662080076484,18028.19921875,-0.007093725904609771,18112.299944196428,17688.93322172619,71.50943703486573
-0.0156783743157824,823.9836774553571,839.7444370814732,829.6843282914646,24.23827521284079,33.822227157977565,829.7098388671875,1,Test,2022-11-11,0.011292134929456576,0.0052836595769134576,-0.043506338831346913,0.0060849110261448035,0.006461064164352155,4.330766950334805,-37.47909109933039,877.7080997105837,801.2189554303203,76.48914428026342,18349.69921875,0.017833173247033374,18141.485491071428,17753.98790922619,76.74153957416034
0.0051997811832695,827.4158499581473,839.4402146112351,829.6866474347121,24.32625794360852,38.89583770733749,852.8223876953125,1,Test,2022-11-12,0.013186514466612342,0.016040606304311034,-0.03076832818683939,0.005033067675427286,0.0064093443581029344,13.06271798270086,-26.266374860491055,877.6776501825667,801.3967011009155,76.28094908165122,18349.69921875,0.017833173247033374,18141.485491071428,17753.98790922619,76.74153957416034
0.0278561826622194,832.0884050641741,839.9147513253348,831.7898965493121,24.492871371482035,49.51454813786417,845.841796875,0,Test,2022-11-13,0.011748469830780595,0.021239234017455644,-0.012140416233969442,0.004425509327305707,0.006711559867504601,17.305367606026834,-10.22604806082586,877.6698480102829,801.3333249459114,76.33652306437148,18349.69921875,0.017833173247033374,18141.485491071428,17753.98790922619,76.74153957416034
-0.0081852809225342,836.5671473911831,839.2886933826264,833.0673420334656,24.146517788060283,48.35150714294968,856.3251342773438,1,Test,2022-11-14,0.01527150389032772,0.0243924529913504,0.004302252813563667,0.002359083364292314,0.007068181013256811,19.920026506696445,3.5837053571428896,877.5523881630875,801.1706447610197,76.38174340206774,18329.150390625,-0.0011198455015547504,18176.671316964286,17811.395089285714,75.4796702824545
0.0123939694645911,839.9288591657366,838.7248883928571,835.181686782909,23.56990454681731,58.14168322077786,863.15771484375,1,Test,2022-11-15,0.015122999164473683,0.021281792722622317,0.018636925059426268,0.0018534714153227649,0.007179739417511851,17.502702985491055,15.367292131696445,877.0721670235473,800.9873370222115,76.08483000133583,18403.400390625,0.004050924260950772,18226.771484375,17877.540364583332,74.07215839114943
0.0079789559980303,844.5485578264509,838.2926345098587,837.7249620611672,23.000996298770115,64.37950609243421,860.0744018554688,0,Test,2022-11-16,0.014974554009457464,0.024957873479487525,0.030373401963630364,0.001642575641526907,0.0071011055904380265,20.56488037109375,24.895647321428555,876.0218435870297,801.0739031345104,74.94794045251933,18409.650390625,0.0003396111515991951,18268.557198660714,17935.823753720237,78.34080387978544
-0.0035721316455352,847.6213030133929,837.4539707728794,839.7567293151945,21.781560378995923,71.93508449343909,855.5357055664062,0,Test,2022-11-17,0.013213709929539963,0.02441994923866586,0.04085226633468575,0.0013384629505733454,0.006177912488696293,20.205453055245584,33.268171037946445,873.8841673977503,801.7470904496273,72.13707694812297,18343.900390625,-0.00357149639481924,18288.714285714286,17984.971354166668,73.09284280081505
-0.0052770972828292,851.9238542829241,836.2969912574405,841.1911817016683,19.98955383214417,65.85321668767597,864.2430419921875,1,Test,2022-11-18,0.014280965567847748,0.023838151208488645,0.045583689298004826,0.0008146805820898397,0.005302420643943023,19.83544921875,37.140816824776834,871.2900269746312,802.8992936168868,68.39073335774447,18307.650390625,-0.00197613371355454,18310.235770089286,18024.05236235119,70.02416340408149
0.0101776423463431,856.8571690150669,836.2781953357514,843.2868053644427,19.96173917136724,72.6526755496707,855.7330932617188,0,Test,2022-11-19,0.014574190050473668,0.02425390679894357,0.04923797207174374,0.0008429668021131725,0.004180755761744544,20.29002162388383,40.210048130580276,868.9274561511822,804.1472875011616,64.78016865002064,18307.650390625,-0.00197613371355454,18310.235770089286,18024.05236235119,70.02416340408149
-0.0098467078321535,857.2729840959821,836.3380998883929,844.4182860823768,20.02087792093296,64.4400290000668,856.2756958007812,1,Test,2022-11-20,0.01138678446173591,0.020649516612005314,0.0423707680669867,0.0018484127292773915,0.003437008221134488,17.34412493024547,34.846827915736526,866.7780512672643,805.3294107165525,61.44864055071184,18307.650390625,-0.00197613371355454,18310.235770089286,18024.05236235119,70.02416340408149
0.0006340791811547,858.7635410853794,836.561273484003,845.4962324204134,20.22446706527956,67.66788838633387,857.0651245117188,1,Test,2022-11-21,0.008028518943412388,0.016831457619811196,0.042209408489049416,0.0019905719044006403,0.0020976970129422527,14.214983258928555,34.779863630022305,866.1935648013247,805.6439744355613,60.54959036576338,18159.94921875,-0.008067729540576885,18329.057198660714,18054.895182291668,56.041188177006305
0.0009219328713974,858.8692539760044,837.8603835332962,846.5479498832593,20.63929974464038,62.04703065377843,845.6197509765625,0,Test,2022-11-22,0.002348215121138919,0.01327001919680848,0.03801402163065659,0.002404383768685027,0.0021484756643255793,11.247950962611526,31.45340401785711,867.173925339093,805.1823168135298,61.99160852556315,18244.19921875,0.00463933015368867,18313.985770089286,18087.288039434523,54.20812958892851
-0.0133541468528156,856.3638305664062,839.1865030924479,846.4635681644687,20.173395263104418,56.714393627249,867.2030029296875,1,Test,2022-11-23,-0.0010605181155155519,0.005211705554623025,0.029174094188176847,0.003070804759784293,0.0027821640480926585,4.43997628348211,24.27542550223211,869.0755666251746,804.6856132715889,64.38995335358572,18267.25,0.0012634580983039712,18305.14285714286,18120.190383184523,58.12763100126546
0.0255235901576325,857.3822021484375,842.4765537806919,848.3489713249431,18.721389944952005,61.54300711274508,865.92041015625,0,Test,2022-11-24,-0.0016085207054739037,0.0006127428845277283,0.024881511092284425,0.0029902636987636554,0.002624393396514564,0.5250331333705844,20.815054757254416,871.5002343866931,804.7008215215101,66.79941286518306,18484.099609375,0.011870949889830174,18316.671316964286,18156.06417410714,66.32727434007731
-0.0014789994604544,858.8657313755581,844.9244210379464,849.946374855062,18.23698531011681,68.05191032069362,861.62841796875,0,Test,2022-11-25,-4.101439689430109e-06,0.0018579230993212015,0.022545804925229618,0.0025903186238931068,0.002629961081142611,1.592747279575974,18.936872209821445,873.80603905226,805.8254332900948,67.98060576216517,18512.75,0.0015500019600884762,18331.399832589286,18196.845145089286,65.38935531664325
-0.004956566604921,858.4922136579241,847.5884108770462,851.0083787744882,16.189474054822128,64.22604591037293,865.5256958007812,1,Test,2022-11-26,0.0024853724731812576,-0.00031595126536498874,0.016510188434113227,0.0016256768365329607,0.0027534900053312883,-0.27132742745527594,13.94365583147328,875.3331151915406,808.1822874661045,67.1508277254361,18512.75,0.0015500019600884762,18331.399832589286,18196.845145089286,65.38935531664325
0.0045231537757528,859.8911568777902,849.7508486793155,852.3281348677875,15.347170814336192,56.83206264734672,871.3717041015625,1,Test,2022-11-27,0.002926296723988031,0.0011898235931198098,0.01447563177184974,0.0017060610042173502,0.0026222686747960702,1.0219029017857792,12.269853864397305,875.9187388021907,812.1504663456886,63.76827245650202,18512.75,0.0015500019600884762,18331.399832589286,18196.845145089286,65.38935531664325
0.0067542862437752,862.0477294921875,852.45947265625,854.0593684344943,13.74921781930627,63.90006938702808,847.6423950195312,0,Test,2022-11-28,0.003704884244867035,0.0066372477712211,0.011883544706920768,0.0018245444082622456,0.002475277166624547,5.68389892578125,10.12387520926336,876.0837803433709,816.7118940079125,59.371886335458385,18562.75,0.0027008413120686026,18362.6640625,18236.168991815477,64.40197429910194
-0.0272321317875448,860.7016252790179,853.1665794735864,853.4760072149522,13.051359842751925,45.868498733174334,829.463134765625,0,Test,2022-11-29,0.0025735954105858827,0.003871579235331213,0.004486694402487279,0.001993073996399928,0.002597215579291543,3.3194231305803896,3.844456263950974,875.3878947108135,821.813230079923,53.57466463089054,18618.05078125,0.00297912654375021,18407.006975446428,18275.75232514881,68.30798249070091
-0.0214468511258068,858.393537248884,853.1019752139136,851.293018810468,13.17032278948782,35.52966401576907,835.087158203125,1,Test,2022-11-30,-0.0017416385980104643,-0.0005497880628184681,0.0013071135725610805,0.0019306094790638314,0.0026088836418643653,-0.4721941266741396,1.1205531529018344,874.4800914159067,826.3177714816937,48.162319934212974,18758.349609375,0.007535634625419174,18492.492745535714,18311.283296130954,78.73136450482882
0.0067803175352563,853.8055594308036,852.9363548642114,849.819758755255,13.382427645217383,39.498254886599696,841.1797485351562,1,Test,2022-12-01,-0.009561152798626571,-0.005459169171903588,-0.005773395605860876,0.0028242629428248,0.0030253208003021767,-4.686654227120584,-4.95798165457586,872.5318736844766,831.2481774106683,41.283696273808346,18812.5,0.002886735334004964,18573.678571428572,18343.049944196428,73.06391014035702
0.0072957538290263,850.2711791992188,853.6869216192337,849.0343032807006,12.146823728316052,44.04420910192159,859.507080078125,1,Test,2022-12-02,-0.012118538844884674,-0.011187436458238498,-0.010010923940963257,0.002889927352007356,0.002960486249225655,-9.619977678571445,-8.598074776785666,870.2094290672234,835.8561549520288,34.35327411519461,18696.099609375,-0.006187396179402005,18634.942801339286,18372.25232514881,66.6923730289321
0.0217876518959048,849.9681309291294,855.1058378673736,849.9863738986481,10.880258478593005,48.180449576265225,858.989013671875,0,Test,2022-12-03,-0.009815318911600368,-0.014012679518538795,-0.007468437373221004,0.00289458957308887,0.002420707487119896,-12.079598563058084,-6.395699637276834,868.11473213374,839.7388244720079,28.37590766173207,18696.099609375,-0.006187396179402005,18634.942801339286,18372.25232514881,66.6923730289321
-0.0006027482707913,849.0343191964286,855.3994867234003,850.8047956962142,10.89874896076777,51.3327647003859,861.1597290039062,1,Test,2022-12-04,-0.005588204693297794,-0.013555575753452453,-0.00973647800373123,0.002582220317651929,0.002404364998945384,-11.667306082589334,-8.347882952008945,866.4353201779022,842.6649536083701,23.770366569532143,18696.099609375,-0.006187396179402005,18634.942801339286,18372.25232514881,66.6923730289321
0.0025270583179546,847.5754656110491,856.128912062872,851.7461532696408,10.73851071202508,51.97291276086483,880.8929443359375,1,Test,2022-12-05,-0.0031704162790845425,-0.012602694648082169,-0.013145553899823748,0.0017707643783255907,0.002311833101897061,-10.818071637834805,-11.290265764508945,865.2221069793304,844.6428274514733,20.579279527857125,18701.05078125,0.00026482378562620035,18665.93582589286,18403.12620907738,64.45110329328541
0.0229146982463479,852.3255440848214,857.2988077799479,854.395861548395,12.022456616149826,58.34769180371896,880.8683471679688,0,Test,2022-12-06,0.002773531230065185,-0.0017334337187600024,-0.007183139782744541,0.003536724858924547,0.00289512907884056,-1.4800153459821104,-6.166669573102695,864.484867425755,846.1577656308855,18.327101794869577,18642.75,-0.0031175136590962937,18684.507254464286,18428.154761904763,60.77265383122569
-2.792299351117577e-05,859.6691458565848,858.1421712239584,856.8024511501744,13.032745598784569,63.42289943906327,894.06494140625,1,Test,2022-12-07,0.012525791266272401,0.01105290510518886,-0.0002581850265928054,0.0050873045847804575,0.0036971416086426963,9.397966657366055,-0.22201102120538962,864.5225647127057,847.3248526282542,17.197712084451496,18560.5,-0.004411902750398933,18684.18582589286,18445.188058035714,59.85973971474956
0.0149813468501949,868.0945434570312,859.7607683454241,860.1899502643631,15.21306029327313,60.92716514319084,884.6176147460938,0,Test,2022-12-08,0.024209145590580627,0.021325990785192372,0.007014476992365459,0.005526296931814757,0.004490927486974513,18.126412527901834,6.04681396484375,866.6823541545114,846.7821321038591,19.900222050652246,18609.349609375,0.002631912360927746,18682.942801339286,18466.728515625,63.57777488687385
-0.0105667119049503,874.2999529157366,861.1456211635044,862.4106470354295,16.106647018160736,57.13207427685119,886.04833984375,1,Test,2022-12-09,0.02578170862461948,0.029758082975045008,0.015799119273546713,0.004917897270143569,0.004791668549543097,25.265633719308084,13.59832763671875,870.2839859614306,844.9247786870068,25.359207274423852,18496.599609375,-0.006058782405979346,18645.549944196428,18489.033296130954,65.6428388623786
0.0016173373374064,878.0915614536831,862.1839686802456,864.5595281998222,16.994692507300744,59.52288466555085,890.3156127929688,1,Test,2022-12-10,0.02142965777693684,0.03600398676079397,0.022947544861451785,0.0045296826062328375,0.004829578571048126,30.516095842633945,19.69802420479914,874.283406920986,843.0072154632219,31.27619145776407,18496.599609375,-0.006058782405979346,18645.549944196428,18489.033296130954,65.6428388623786
0.0048160723939409,882.5667898995536,863.8307553245908,866.9009904355628,17.98501743658014,59.63935313299506,900.9715576171876,1,Test,2022-12-11,0.01667127912691302,0.03548086294562891,0.033685925502668246,0.0037534741415591864,0.0049179372228118886,30.24124581473211,28.76123046875,878.7841917572653,840.8867555083598,37.89743624890548,18496.599609375,-0.006058782405979346,18645.549944196428,18489.033296130954,65.6428388623786
0.0119687273491595,888.2541939871652,865.9591296968006,869.9983147248014,19.61689041053335,61.09464964842224,917.6461791992188,1,Test,2022-12-12,0.01596047331913031,0.03325122027276883,0.04467164796026446,0.001953863727870879,0.005067331002244826,28.58504813058039,37.983014787946445,884.1037162914928,838.5057249752484,45.59799131624436,18497.150390625,2.977743269738653e-05,18600.5,18496.054780505954,62.745013137565564
0.0185073784417022,893.504656110491,868.8439418247768,874.3299387679302,22.487919628461285,77.70402011215502,920.4335327148438,1,Test,2022-12-13,0.017552947019888743,0.029271135091194722,0.05122136183361414,0.0019279182064095017,0.005039415277217602,25.410112653459805,43.53652518136164,889.9650369198667,836.3584869012828,53.6065500185839,18608.0,0.0059927938646799905,18587.91434151786,18509.333333333332,65.77323800534502
0.0030375035376459,899.1568254743304,872.4065028599331,878.521174581286,24.46397838482074,90.99598363086152,915.5494995117188,0,Test,2022-12-14,0.018797484524275987,0.028430600362836067,0.0590347235025086,0.0017472726755208656,0.004873533278947646,24.85687255859375,50.122506277901834,896.327508447097,834.173477706642,62.15403074045503,18660.30078125,0.002810661073194387,18582.092912946428,18521.56668526786,59.62213277188672
-0.0053062312807307,902.226048060826,874.7087169828869,881.8873859385981,26.165494959588525,86.50397327997598,922.5301513671876,1,Test,2022-12-15,0.015729567243521148,0.027485159482899757,0.06447872156183432,0.0013117765414946806,0.004188214639470946,24.13448660714289,54.650582449776834,902.4219067364666,832.415111085799,70.00679565066753,18414.900390625,-0.013150934355333654,18549.54296875,18521.81668526786,45.67937008960527
0.0076245488192521,907.642124720982,877.4044189453125,885.5821827957425,28.062176313343272,86.61185329163182,921.5928344726562,0,Test,2022-12-16,0.015822490139036027,0.028411826853673272,0.06490076593393246,0.001135110678492941,0.003500975279952233,25.07533482142844,55.31658063616055,908.9100103289669,830.8419985996044,78.06801172936252,18269.0,-0.00792295301794177,18507.90011160714,18518.25,38.04196760518139
-0.0010160284659989,912.7199096679688,880.2598673502604,888.8558784027347,29.39576785131524,83.12708954946814,919.1261596679688,0,Test,2022-12-17,0.015084225364672577,0.02754359714417176,0.06171067563268595,0.0010415473400747586,0.0031898194235866774,24.465715680803555,53.050763811383945,915.6420201281951,829.3928640793945,86.24915604880061,18269.0,-0.00792295301794177,18507.90011160714,18518.25,38.04196760518139
-0.0026765342702549,916.8357020786832,882.8122703915551,891.6077221541195,30.36355235447192,81.4337260606988,917.2268676757812,0,Test,2022-12-18,0.016192897610591173,0.026111834794184885,0.05614729292911913,0.0011050365069677137,0.0026586776373243672,23.331045968192143,48.74115862165195,922.3583459710909,828.155335495148,94.20301047594285,18269.0,-0.00792295301794177,18507.90011160714,18518.25,38.04196760518139
-0.0020664105489867,919.1578892299108,884.995849609375,893.9367353833615,31.138606101305008,79.38972279206902,923.3934936523438,1,Test,2022-12-19,0.01268756065334542,0.022244243928225993,0.051307261500558976,0.0014560217740497163,0.0019064563338042385,20.00106375558039,44.85793631417414,928.6150467916306,827.7442610696975,100.87078572193309,18420.44921875,0.008289956688926514,18480.91434151786,18523.62137276786,42.539972334219144
0.0067231196488917,919.9789341517856,888.603044782366,896.6146224987235,30.98233795209999,75.97228842772553,920.1621704101562,0,Test,2022-12-20,0.007953178633363533,0.019676760750940714,0.047702739141186834,0.0020058536764978284,0.00231706125395434,17.752886090959578,41.88737269810247,934.071927377922,828.4459201736962,105.62600720422574,18385.30078125,-0.0019081205394395617,18465.014508928572,18534.352399553572,34.701733420690516
-0.00349940005469,919.940168108259,892.9220464797247,898.7553086724901,28.552430250565173,73.10701174822077,904.4002685546876,0,Test,2022-12-21,0.003386065815867756,0.01354944096612698,0.04234623219049394,0.002294622213698767,0.0025567810771838185,12.298043387276948,37.37337820870539,938.4126607452864,830.7186476740773,107.69401307120916,18199.099609375,-0.01012771964355863,18422.43582589286,18532.20479910714,27.30336900011129
-0.0171294825654948,918.3474208286832,896.2226707821801,899.2684868435989,25.36032748980008,55.89976113029694,893.2755737304688,0,Test,2022-12-22,-0.0008817510144057961,0.0061656496161692775,0.033879070929501154,0.002967165840296002,0.0026947128412114735,5.627511160714448,30.093226841518003,941.2927179430105,834.6462146392998,106.64650330371069,18127.349609375,-0.003942502735851727,18353.771484375,18525.542875744046,28.236368582643507
-0.012300631933687,914.168195452009,898.7034243629092,898.723676560587,22.03707035252677,54.84939565451046,884.790283203125,0,Test,2022-12-23,-0.006316164951248648,-0.002909470716101481,0.023126392459406064,0.0035387783765409627,0.0033804317204027996,-2.6675066266742533,20.66353934151789,942.5648924923912,839.7940465422068,102.77084595018437,17806.80078125,-0.01768316025411787,18231.842912946428,18493.290550595237,22.43797195253505
-0.0094990737202269,908.9106881277902,899.9073864164807,897.4570044371815,20.41988181764264,49.346959362699245,873.93701171875,0,Test,2022-12-24,-0.011989344919191347,-0.011148466680415359,0.010847788035545758,0.003694227403175368,0.004114002199729054,-10.247201102120584,9.753862653459805,942.0791528681661,846.2674230595683,95.81172980859787,17806.80078125,-0.01768316025411787,18231.842912946428,18493.290550595237,22.43797195253505
-0.0122664903654726,902.455095563616,900.6191958472842,895.3188232809604,19.14280344780058,42.04219183054471,888.4902954101562,1,Test,2022-12-25,-0.017305351879495112,-0.019048086795950825,0.0002538693083429244,0.0036285485882786494,0.004757583955921399,-17.523838588169497,0.22904750279008113,939.5855347253968,854.2490041975944,85.33653052780232,17806.80078125,-0.01768316025411787,18231.842912946428,18493.290550595237,22.43797195253505
0.01665255447047,898.349870954241,901.9206513904388,894.6980480199782,17.15142801915589,44.15705905715416,887.0596313476562,0,Test,2022-12-26,-0.017303516548119013,-0.023469240612045028,-0.010237794736110861,0.0030066460744748013,0.004804157462354359,-21.59029715401789,-9.292253766740942,936.3681901454341,862.068781464499,74.29940868093513,18014.599609375,0.011669632893506865,18174.657087053572,18469.56910342262,32.27314567291528
-0.0016102191210085,893.1593191964286,902.2143031529018,894.0036465043125,16.823055988966804,33.2974260044609,883.4336547851562,0,Test,2022-12-27,-0.017329941365093804,-0.027427639105825352,-0.021431098702181295,0.002481459048820049,0.0048663202602328695,-25.188101632254643,-19.560590471540195,933.2461807752892,868.5398081686284,64.7063726066608,18132.30078125,0.006533654614990558,18155.12862723214,18449.07152157738,38.1529602739045
-0.0040876356384195,887.9123883928571,902.336460658482,893.0427381662074,16.668913883005224,29.97863792672959,887.1336669921875,1,Test,2022-12-28,-0.016114604751249706,-0.02872098065736106,-0.031546888521302274,0.0017043037972511246,0.004733763733751562,-26.255807059151834,-28.923313685826088,931.0660065155049,872.701766921995,58.364239593509865,18122.5,-0.0005405150382313817,18112.564453125,18425.47386532738,36.23279976758905
0.0041882174026197,885.4457310267857,902.0063999720982,892.5055498776602,16.907798443484786,34.42404444566377,877.0943603515625,0,Test,2022-12-29,-0.014364269806983354,-0.025816570767077884,-0.0366772222684939,0.0013798328568232223,0.004587956655558922,-23.46495710100453,-33.712158203125114,929.7723211131204,875.1100301354843,54.662290977636076,18191.0,0.00377983170092433,18084.807198660714,18398.457217261905,41.13639015812843
-0.0113165659405792,883.1341291155134,901.6481497628348,891.1045326480149,17.36809952624058,25.90268624094591,874.60302734375,0,Test,2022-12-30,-0.011224414127968596,-0.021409338307338266,-0.040049618168966905,0.0016911636761978077,0.004078114970916564,-19.320966448102695,-36.84480503627219,929.1579642582794,876.2286437565085,52.92932050177092,18105.30078125,-0.00471107793689185,18071.407366071428,18364.781063988095,39.169733749499315
