RELIANCE.NS_Return,RELIANCE.NS_MA7,RELIANCE.NS_MA21,RELIANCE.NS_EMA21,RELIANCE.NS_STD21,RELIANCE.NS_RSI,Target_Reg,Target_Cls,Split,Date,RELIANCE_Return_3,RELIANCE_Return_5,RELIANCE_Return_10,RELIANCE_Volatility_7,RELIANCE_Volatility_14,RELIANCE_Momentum_5,RELIANCE_Momentum_10,RELIANCE_BB_upper,RELIANCE_BB_lower,RELIANCE_BB_width,NIFTY_Close,NIFTY_Return,NIFTY_MA7,NIFTY_MA21,NIFTY_RSI
-0.0153713949100777,548.4095720563616,513.6829209100632,522.8272474633071,26.79080434204468,71.99482284908902,531.7084350585938,0,Train,2019-01-01,-0.003052324617733748,0.007257170913436806,0.039112346052802005,0.005166055601053907,0.006815608930257848,3.979901994977695,21.4495849609375,550.8487928125539,543.3022430412409,7.546549771313039,10652.2001953125,0.0,10652.2001953125,10652.2001953125,0.0
-0.0123489388390639,545.7414637974331,515.2647240048364,523.6346281537877,26.829565278301235,68.46733834418788,545.6939086914062,1,Train,2019-01-02,-0.003052324617733748,0.007257170913436806,0.039112346052802005,0.005166055601053907,0.006815608930257848,3.979901994977695,21.4495849609375,550.8487928125539,543.3022430412409,7.546549771313039,10652.2001953125,0.0,10652.2001953125,10652.2001953125,0.0
0.026302899692143,545.2332676478794,517.8216610863095,525.6400172935712,27.05902855328063,74.75081718910106,555.83251953125,1,Train,2019-01-03,-0.003052324617733748,0.007257170913436806,0.039112346052802005,0.005166055601053907,0.006815608930257848,3.979901994977695,21.4495849609375,549.8737626113087,543.0491063898074,6.8246562215013,10652.2001953125,0.0,10652.2001953125,10652.2001953125,0.0
0.0185793000038363,546.7356480189732,521.1504342215402,528.3847902242693,27.23854164663575,77.12058462444136,574.0424194335938,1,Train,2019-01-04,-0.003052324617733748,0.007257170913436806,0.039112346052802005,0.005166055601053907,0.006815608930257848,3.979901994977695,21.4495849609375,549.3296036533161,543.7303721070075,5.5992315463086015,10652.2001953125,0.0,10652.2001953125,10652.2001953125,0.0
0.0327614870711427,549.495867047991,525.2214093889509,532.5354837887534,28.483006986299863,77.75866008326987,574.3314208984375,1,Train,2019-01-05,0.006879453916573741,0.007257170913436806,0.039112346052802005,0.005166055601053907,0.006815608930257848,3.979901994977695,21.4495849609375,550.7169830954581,543.5293443319972,7.187638763460882,10652.2001953125,0.0,10652.2001953125,10652.2001953125,0.0
0.0005034496668885,552.3894740513393,529.1769787016369,536.3351144350883,29.288031531730287,77.32139531510764,582.64697265625,1,Train,2019-01-06,0.01312503625160577,0.007257170913436806,0.039112346052802005,0.005166055601053907,0.006815608930257848,3.979901994977695,21.4495849609375,553.3694740894553,542.6322901172041,10.73718397225116,10652.2001953125,0.0,10652.2001953125,10652.2001953125,0.0
0.0144786641566716,557.5160348074777,533.5306425548736,540.5452833642847,30.146346447715143,79.09630971438774,573.820068359375,0,Train,2019-01-07,0.019717731645203518,0.02157536451072195,0.039112346052802005,0.005166055601053907,0.006815608930257848,11.77457101004461,21.4495849609375,558.0638799288844,540.6564993361029,17.407380592781465,10652.2001953125,0.0,10652.2001953125,10652.2001953125,0.0
-0.0151496613062859,562.5822492327009,537.3348098028274,543.5702638183838,29.93941216053604,69.49093196870146,568.1724853515625,0,Train,2019-01-08,0.023815251341220423,0.031819374594775685,0.039112346052802005,0.005166055601053907,0.006815608930257848,17.348981584821445,21.4495849609375,563.3557029619988,538.6701912030403,24.685511758958455,10652.2001953125,0.0,10652.2001953125,10652.2001953125,0.0
-0.0098420799815518,567.7913992745536,540.9388631184896,545.8068294123091,28.804742488650355,58.643012590818856,557.2999877929688,0,Train,2019-01-09,0.027882365516948227,0.03851175852877575,0.039112346052802005,0.0038776344250831276,0.006815608930257848,21.05575125558039,21.4495849609375,568.9526385357811,536.8018005608211,32.15083797496004,10652.2001953125,0.0,10652.2001953125,10652.2001953125,0.0
-0.019135910025397,569.4494105747768,544.2252865745908,546.851661992369,26.32747496544529,53.57280646426814,558.7007446289062,1,Train,2019-01-10,0.021404542689825945,0.03631245423915641,0.039112346052802005,0.0029439155840572406,0.006815608930257848,19.95354352678578,21.4495849609375,572.9616161055463,536.107261196351,36.85435490919531,10652.2001953125,0.0,10652.2001953125,10652.2001953125,0.0
0.0025134700639144,569.8591570172991,547.6048801967075,547.9288513229633,23.065779860932487,56.07830637382618,544.382080078125,0,Train,2019-01-11,0.01293483360792691,0.03162566230278352,0.039112346052802005,0.0034084380045740544,0.006815608930257848,17.469682965959805,21.4495849609375,575.7014080693274,536.1537816628155,39.54762640651188,10652.2001953125,0.0,10652.2001953125,10652.2001953125,0.0
-0.0256285045052012,565.6219656808036,549.6070207868304,547.6064175734325,20.63691005123788,45.5055467259591,553.3868408203125,1,Train,2019-01-12,-0.0038208285587308932,0.014539368138756892,0.036428424816828064,0.006131263124459573,0.006815608930257848,8.10593087332586,19.88050188337047,576.4023053286365,537.0686128726285,39.333692456008066,10652.2001953125,0.0,10652.2001953125,10652.2001953125,0.0
0.0165412512125586,562.6298828125,551.9056120372954,548.1319105958761,17.946533174546538,49.72064137218663,542.558837890625,0,Train,2019-01-13,-0.011975651630569795,8.466953919028519e-05,0.03190673826575008,0.00704326268917935,0.006815608930257848,0.047633579799139625,17.396615164620584,576.3002159559687,538.0775366625066,38.22267929346208,10652.2001953125,0.0,10652.2001953125,10652.2001953125,0.0
-0.0195667878795899,556.9030064174107,553.7192876906622,547.6252676226715,14.508384828194288,48.34415679679996,540.780029296875,0,Train,2019-01-14,-0.02273570660459734,-0.019176748487304662,0.01859647973436096,0.0077900877227489364,0.006815608930257848,-10.88839285714289,10.1673583984375,575.5306740384752,538.8062400240248,36.72443401445048,10652.2001953125,0.0,10652.2001953125,10652.2001953125,0.0
-0.0032785542682627,552.1830008370536,554.391607375372,547.0029732294172,13.482697966025691,51.00755373484585,548.8956298828125,1,Train,2019-01-15,-0.023759623315856127,-0.030321235595441753,0.00489018016368048,0.00712624686309763,0.006815608930257848,-17.26640973772328,2.6871337890625,574.7166779844468,538.9555085854937,35.76116939895314,10652.2001953125,0.0,10652.2001953125,10652.2001953125,0.0
0.0150072120756556,549.4291643415179,554.3206758045014,547.1750329251804,13.508722447436377,57.05943315956858,554.4762573242188,1,Train,2019-01-16,-0.02346252638589641,-0.035850950930952696,-0.005359098695545184,0.004823857437628742,0.0068230864993864635,-20.42999267578125,-2.960309709821445,574.03998236079,538.7063380912189,35.333644269571096,10652.2001953125,0.0,10652.2001953125,10652.2001953125,0.0
0.0101670101519986,549.0257742745536,554.5694841657366,547.8387805978202,13.45870921566226,53.87477285628576,548.0061645507812,0,Train,2019-01-17,-0.014144711111422792,-0.02934149027659172,-0.01522872886670612,0.003990654288025319,0.006820104115272454,-16.59619140625,-8.49026053292414,573.4141248505274,538.4677972542521,34.946327596275296,10652.2001953125,0.0,10652.2001953125,10652.2001953125,0.0
-0.0116688364704031,547.4979771205357,554.6975940522693,547.8539973208167,13.378789122054489,46.4314955230543,547.9839477539062,0,Train,2019-01-18,-0.008484548979986517,-0.026894955554657485,-0.026812563198960637,0.0032817749185962046,0.0068408532719615445,-15.131905691964334,-15.084272112165195,572.884339872565,538.0594729064529,34.82486696611204,10652.2001953125,0.0,10652.2001953125,10652.2001953125,0.0
-4.054114408225118e-05,548.0125296456473,554.3767874581473,547.8658109965521,13.458735485279725,35.75589425767784,542.62548828125,0,Train,2019-01-19,-0.0025783754991753893,-0.01596413858304757,-0.034834746799928595,0.003992405183813127,0.0066998886548237414,-8.89047677176336,-19.77886962890625,572.343807660243,537.8148075667895,34.52900009345353,10652.2001953125,0.0,10652.2001953125,10652.2001953125,0.0
-0.0097784971523703,546.4751935686384,553.8315168108259,547.3894180224338,13.70129584786642,33.578952026907416,544.0707397460938,1,Train,2019-01-20,-0.0046456483928926096,-0.010336803667919447,-0.04034461460404237,0.0040209443608747175,0.006541329682145404,-5.707807268415195,-22.974217006138474,571.8880576004746,537.41014622207,34.47791137840454,10652.2001953125,0.0,10652.2001953125,10652.2001953125,0.0
0.002663441906169,546.691179547991,553.7034069242932,547.087719997312,13.783045262042773,28.48994355266321,547.4280395507812,1,Train,2019-01-21,-0.0014736083168522818,-0.0049833262797548405,-0.04065562022477909,0.0032982122186735693,0.005892214704906596,-2.7379847935268344,-23.167977469308084,571.9495757549578,537.1767888167499,34.7727869382079,10652.2001953125,0.0,10652.2001953125,10652.2001953125,0.0
0.0061707045783316,547.6408952985491,554.1353817894345,547.1186581385365,13.415257801668565,34.327889743197574,545.20458984375,0,Train,2019-01-22,-0.0006781493615455325,-0.002522429803654136,-0.0317899082306885,0.002428606371891417,0.005170805866004633,-1.3848789760044156,-17.981070382254416,571.8614379286081,537.4548697932111,34.40656813539704,10652.2001953125,0.0,10652.2001953125,10652.2001953125,0.0
-0.0040616291939591,547.1136038643973,554.7780558268229,546.9446519299195,12.584713573476211,35.78305660542736,550.3629760742188,1,Train,2019-01-23,0.0011682328919451201,-0.0007020542033048249,-0.0275781280413675,0.0017607486266244222,0.004078982435551282,-0.3843732561383604,-15.516278948102695,571.7580002554747,537.7463410879963,34.011659167478456,10652.2001953125,0.0,10652.2001953125,10652.2001953125,0.0
0.0094613771170692,546.5259922572544,555.0003923688616,547.2554086703103,12.456792143798992,45.37916869270513,562.4361572265625,1,Train,2019-01-24,-0.00030215832432711753,-0.002712597446182685,-0.018633431747679285,0.001769668543465874,0.0037897098458066006,-1.4865373883928896,-10.37701416015625,571.7685695234555,537.7148062438436,34.053763279611985,10652.2001953125,0.0,10652.2001953125,10652.2001953125,0.0
0.0219367611507275,548.587419782366,555.3148513067337,548.6354767208787,12.561757442303056,52.17846924457474,564.8596801757812,1,Train,2019-01-25,0.0017283670594046008,0.0038651822417303805,-0.006511575056162511,0.002147172682180307,0.004091244755037854,2.112226213727695,-3.5955810546875,571.7867980370125,537.6057330037241,34.181065033288405,10652.2001953125,0.0,10652.2001953125,10652.2001953125,0.0
0.0043089743041582,550.9982386997768,554.8775780087426,550.110404307688,12.025642569730906,63.86626097608756,563.4589233398438,0,Train,2019-01-26,0.007100234408249806,0.007878413467996559,0.002855826483363799,0.002658637272080246,0.004257550603580449,4.307059151785779,1.5690743582589448,571.7680190114265,537.485388494154,34.28263051727254,10652.2001953125,0.0,10652.2001953125,10652.2001953125,0.0
-0.0024798315140879,553.9744437081473,554.3598400297619,551.323906037884,11.361953977861154,57.60321782520353,579.912353515625,1,Train,2019-01-27,0.013628723164893497,0.01156514873883796,0.009013546659321303,0.002623606573026581,0.004544358875173242,6.333548409598166,4.94866943359375,571.5383544800413,537.3608939156061,34.17746056443525,10652.2001953125,0.0,10652.2001953125,10652.2001953125,0.0
0.0292007624588768,559.0946742466518,554.2296200706845,553.9228558085877,11.032436120650775,75.99008639580354,592.0299072265625,1,Train,2019-01-28,0.01915329095307028,0.02189868849472809,0.02118126022511868,0.0036708212971411015,0.004523110301483276,11.98107038225453,11.596697126116169,571.0834269066298,537.4670639904126,33.61636291621721,10652.2001953125,0.0,10652.2001953125,10652.2001953125,0.0
0.0208954915988197,565.4663696289062,555.0967552548364,557.3871332102217,13.159746555424825,81.17395649713906,599.12255859375,1,Train,2019-01-29,0.026258034804740538,0.03465594983584319,0.03184934474864076,0.004694971570912423,0.004676215682277089,18.940377371651834,17.453839983258945,570.6017536058621,537.7162343266154,32.88551927924664,10652.2001953125,0.0,10652.2001953125,10652.2001953125,0.0
0.0119802247835989,573.1689365931919,556.570568266369,561.1812627905424,16.1016468249095,80.93672039590918,596.565673828125,0,Train,2019-01-30,0.034648697431892694,0.04480875048242594,0.04884712671079505,0.005040473580056763,0.005237357194124128,24.58151681082586,26.693743024553555,571.5809178408107,537.1090226935086,34.47189514730212,10651.7998046875,-3.758759858607519e-05,10652.0,10652.0,0.0
-0.0042677157268563,579.7693219866071,558.4403628394717,564.3980274303226,18.317912352223573,76.92752844483354,587.7164306640625,0,Train,2019-01-31,0.03697879570720852,0.052216289029749285,0.06050608401248647,0.003938544509113696,0.005571171354892027,28.771083286830276,33.078142438616055,574.371382895299,535.309574135951,39.06180875934797,10830.9501953125,0.016818790618479573,10711.650065104166,10711.650065104166,99.77700424235832
-0.0148336445630159,583.3807896205357,559.8220621744791,566.5178822697534,19.40083458690517,74.65487278324684,600.345458984375,1,Train,2019-02-01,0.03168078767157456,0.05308249549482946,0.06526155118949384,0.003538387005315418,0.005249259408615493,29.40634591238836,35.739894321986526,578.6445467577341,532.8122926674891,45.83225409024499,10893.650390625,0.005788983808607595,10757.150146484375,10757.150146484375,99.83472073851611
0.0214883022855816,588.4501865931919,562.4869849795386,569.5931165165372,20.95526450626455,78.10930732881124,612.1295776367188,1,Train,2019-02-02,0.02666098775489978,0.05250544084701758,0.07555392963513285,0.002967682810369183,0.005247053042253897,29.35551234654008,41.33658272879461,584.1029571966953,529.9359126065972,54.16704459009816,10893.650390625,0.005788983808607595,10757.150146484375,10757.150146484375,99.83472073851611
0.019628896123041,595.4031372070312,565.2842581612723,573.4600675274628,23.45177723568096,84.90396127186871,611.6404418945312,0,Train,2019-02-03,0.026965578597456963,0.05294172949272191,0.08943242525008754,0.0024586264674740363,0.0049994403223216225,29.936767578125,48.877144949776834,591.0081564574936,526.8807264247608,64.12743003273272,10893.650390625,0.005788983808607595,10757.150146484375,10757.150146484375,99.83472073851611
-0.000799072222708,599.9357212611607,568.5738583519345,576.9310106517418,24.904735790981302,84.26155171688112,596.6546630859375,0,Train,2019-02-04,0.028377574193681143,0.046699642913423434,0.09360094604277536,0.0026515707142401976,0.004724336961143847,26.76678466796875,51.34830147879461,598.0498932296649,524.6142616950002,73.43563153466471,10912.25,0.0017073807867935553,10788.1701171875,10788.1701171875,99.84650575977777
-0.0245009613199805,600.5964006696429,571.2345551990327,578.7240699639414,24.77123987145549,72.32760744688214,588.9614868164062,0,Train,2019-02-05,0.020641023408915826,0.03592304368860155,0.09001510075042307,0.004220426558979155,0.004778174661698031,20.82707868303578,49.598161969866055,604.082200433513,523.6986781239648,80.3835223095482,10934.349609375,0.0020252110586724825,10812.533365885416,10812.533365885416,99.85849431043587
-0.0128938509082315,599.1448189871652,573.1424531482514,579.6547442232563,24.50618437189868,68.90851651148549,607.9939575195312,1,Train,2019-02-06,0.006284282944301722,0.02702185201690188,0.08153873484968055,0.005292240635969813,0.004967844416852983,15.76402936662953,45.17037527901789,608.8708073387974,523.9219756899414,84.94883164885596,11062.4501953125,0.011715428033110209,10848.235770089286,10848.235770089286,99.90259339155556
0.0323153060584722,600.7774309430804,575.6909150623139,582.2310363410994,25.239724759903844,72.23744662170628,599.98974609375,0,Train,2019-02-07,0.0014029997749598344,0.020948662487910052,0.07455402209401063,0.004894030034421838,0.00461205878445626,12.327244349888474,41.682756696428555,613.1949235101876,524.9258049008057,88.26911860938185,11069.400390625,0.0006282690714798367,10907.83579799107,10875.88134765625,99.90421299292345
-0.0131649522610989,602.53076171875,578.1663237072173,583.8454645004313,24.93609962542062,64.9601631598706,604.77001953125,1,Train,2019-02-08,0.0032207336689835664,0.011971089949498026,0.06554658964805937,0.004927490353526787,0.004660447219652891,7.12762451171875,37.06439208984375,617.1641653531257,526.4083862651779,90.75577908794776,10943.599609375,-0.011364733121095205,10949.521484375,10883.405598958334,76.79279809931884
0.0079672585550372,603.162841796875,580.8704223632812,585.7476967759602,24.575808189673484,65.60598300430405,618.9332885742188,1,Train,2019-02-09,0.006706263131010859,0.005379110496921857,0.052329955949743656,0.004721602651645101,0.004870553008832183,3.2271205357143344,29.993905203683084,620.4214617491912,528.8198546919361,91.60160705725502,10943.599609375,-0.011364733121095205,10949.521484375,10883.405598958334,76.79279809931884
0.0234192644899073,604.1348005022321,584.5041271391369,588.76456875762,24.27780235771524,69.72334558105501,617.9771728515625,0,Train,2019-02-10,0.005588374972544274,0.005891476919681837,0.04202616039105944,0.0030053044401491297,0.005038328557512505,3.5383998325892208,24.365478515625,623.1233460411444,531.862332495407,91.26101354573734,10943.599609375,-0.011364733121095205,10949.521484375,10883.405598958334,76.79279809931884
-0.0015447799307398,605.0400477818081,588.0234810965402,591.4202600388875,23.46669642468729,65.20963382001898,611.5292358398438,0,Train,2019-02-11,0.004164577516175605,0.009839405445595917,0.03712713642038312,0.0017630526016216177,0.005105875394628485,5.89522879464289,21.65925816127242,625.3028902506989,535.4227035341784,89.88018671652048,10888.7998046875,-0.005007475295473629,10957.785714285714,10883.94501953125,69.76269560564336
-0.0104339404349932,607.1649867466518,591.0759190150669,593.2483487480653,22.048336140568733,58.16115338299691,601.6795043945312,0,Train,2019-02-12,0.006635264430173038,0.010632150068527801,0.03180354187974421,0.0019619752580873943,0.004854177806061723,6.387555803571445,18.71480015345992,626.9560388006942,539.7746932724087,87.18134552828542,10831.400390625,-0.005271417887377283,10948.892857142857,10879.168235085228,63.65853113904831
-0.0161067220797471,608.9818464006696,593.7652006603423,594.0148174431986,19.466590306454,51.04603053721021,602.0574951171875,1,Train,2019-02-13,0.00802311983088555,0.010706647845692752,0.022805908039609246,0.0009297777423427788,0.004208048233182039,6.45108468191961,13.57870919363836,627.8586923512131,545.1176251362311,82.74106721498197,10831.400390625,-0.005271417887377283,10948.892857142857,10879.168235085228,63.65853113904831
0.0006282260238141,608.1337803431919,596.2268444242932,594.7459699590157,16.787969384485947,52.28744910452436,591.095947265625,0,Train,2019-02-14,0.005113269068264259,0.008241453554247657,0.01366489574049301,0.0016564421197429891,0.003920797641837443,4.970938546316916,8.19805908203125,627.8115558546828,551.1193976888438,76.69215816583892,10746.0498046875,-0.007879921603800577,10925.149972098214,10868.075032552084,56.329629161265856
-0.0182068123733413,606.8632376534598,597.5915963309152,594.414149714162,14.970170978227866,51.383292761409095,593.4083862304688,1,Train,2019-02-15,-0.0004969803921153204,0.004516272111719788,0.010434356544311019,0.0020883779838313794,0.004089765952954181,2.728437151227695,6.266836983816916,626.7517839409699,557.7656694979252,68.9861144430447,10724.400390625,-0.002014639281967212,10895.1572265625,10857.02313701923,54.73133046551126
0.0039121211633084,605.2401471819196,598.9510585239956,594.32271667019,13.018122766671423,46.8986120062848,592.0520629882812,0,Train,2019-02-16,-0.006144188436592923,0.0003307209181360182,0.010173380460934967,0.00251264255354475,0.003963211342667508,0.20009940011152594,6.095328194754416,624.6384134805894,565.0056103056827,59.63280317490671,10724.400390625,-0.002014639281967212,10895.1572265625,10857.02313701923,54.73133046551126
-0.0022856489285622,601.3999720982143,600.3126366024926,594.1162936081982,10.340220245946355,40.10086018243668,598.9003295898438,1,Train,2019-02-17,-0.011072906098354651,-0.009494972164531323,0.0010362259350467085,0.0035203759763420784,0.003448580217470347,-5.7650146484375,0.6225411551339448,621.646851154468,572.2277024169604,49.41914873750761,10724.400390625,-0.002014639281967212,10895.1572265625,10857.02313701923,54.73133046551126
0.0115670006569981,598.6747087751116,601.2168259393601,594.551205970166,9.23866178153586,44.089186360506,597.2549438476562,0,Train,2019-02-18,-0.013493203032054701,-0.016925196845320345,-0.006399761121969605,0.0036447080430276287,0.0030906792414231287,-10.30713762555797,-3.8560529436383604,618.373465970978,578.8219215150709,39.551544455907106,10640.9501953125,-0.00778133902809619,10834.942940848214,10841.58935546875,49.3354607818027
-0.002747344860061,596.6355242047991,601.4656372070312,594.7970003226652,9.047249351487777,50.31784720969901,595.9431762695312,0,Train,2019-02-19,-0.014216874107219724,-0.018907445220201158,-0.010821816497565417,0.0029246808621564346,0.003184132967857367,-11.498256138392776,-6.52731759207586,615.5812791331266,583.9607671140832,31.620512019043417,10604.349609375,-0.0034395975233135756,10768.507114955357,10825.773372395834,47.29061261052038
-0.0021963277016583,595.8160487583706,601.3142380487351,594.9011981360167,9.114769931738063,53.96471862102049,597.5438842773438,1,Train,2019-02-20,-0.009284874624057804,-0.018203753679008616,-0.01376969467235778,0.0018151729733414906,0.0031469968964375687,-11.04718889508922,-8.318751743861526,613.4699426776924,587.6767762466936,25.79316643099878,10735.4501953125,0.012362906803977669,10738.771484375,10820.128173828125,54.125781970981095
0.0026860077798567,595.1712472098214,601.3608194986979,595.1414423306828,9.091759337755867,42.60077166949589,616.3095703125,1,Train,2019-02-21,-0.005852028679244281,-0.01663620633723706,-0.016310987360535156,0.0018673312486796965,0.00301869803169893,-10.068899972098166,-9.86880057198664,611.5923592224344,590.7334054608805,20.85895376155395,10789.849609375,0.005067269008080633,10724.6357421875,10818.34708180147,47.688383532691745
0.0314046993516652,598.773193359375,602.7223975771949,597.0658176017571,9.087259678239503,60.02724092619149,598.2554931640625,0,Train,2019-02-22,0.0035828727386371106,-0.004367773296820809,-0.0138212735754778,0.00395241109870869,0.003397276507891642,-2.6267787388393344,-8.391793387276834,610.3295112166038,593.0285541433293,17.300957073274503,10791.650390625,0.00016689586186968697,10718.95717075893,10816.863932291666,43.84133513212639
-0.029293845200689,599.4656372070312,602.6228753952753,597.173969925603,9.125955208082605,46.55866842579732,606.4820556640625,1,Train,2019-02-23,0.006125361101410487,0.0013211321947068644,-0.01562642507306744,0.004091478925645492,0.0034010199904709777,0.7909284319196104,-9.51620919363836,610.0916933429149,593.6726220170182,16.419071325896766,10791.650390625,0.00016689586186968697,10718.95717075893,10816.863932291666,43.84133513212639
0.0137509184520667,601.5270647321429,602.3539457775298,598.0201595381902,8.912514426672224,42.98241691256754,617.8882446289062,1,Train,2019-02-24,0.010678972736196002,0.008198540530859777,-0.0108639181453144,0.003763283823962524,0.003518579312433648,4.89154052734375,-6.606715611049026,610.1225312845494,593.8009184224819,16.321612862067468,10791.650390625,0.00016689586186968697,10718.95717075893,10816.863932291666,43.84133513212639
0.0188071334647397,604.2396240234375,602.6514601934524,599.8263490918916,9.332402925839334,49.95516131156703,610.2841796875,0,Train,2019-02-25,0.009129384422494669,0.014137879103157669,-0.004323237044588368,0.0034747106095337978,0.0037232468617684725,8.423575265066916,-2.623613630022305,610.3389445875648,593.948827454846,16.390117132718842,10880.099609375,0.008196078963680797,10738.107142857143,10820.192125822368,48.209791822095
-0.0123065376425361,606.1009434291294,603.3004847935268,600.7770609642196,9.368366525624632,49.37946223507975,619.3556518554688,1,Train,2019-02-26,0.011068701540613235,0.018363952006328788,0.0014222391743472507,0.0028015433405033305,0.003692804579708437,10.92969621930797,0.8607962472098052,610.7410902461709,594.2422942404364,16.498796005734448,10835.2998046875,-0.004117591409631749,10753.949916294643,10820.947509765625,44.620667050650916
0.0148643410232489,609.4455827985491,604.7478259858631,602.466023772515,9.390145436840164,58.878695496485385,619.3556518554688,0,Train,2019-02-27,0.013164026243660976,0.01782375957630533,0.013378136138358254,0.002509877737662612,0.003911726873974854,10.67238943917414,8.045610700334805,611.6899909773896,594.1602086947643,17.52978228262532,10806.650390625,-0.002644081343287419,10777.621372767857,10820.266694568452,34.425246964891556
0.0,612.5615495954241,605.2888590494791,604.001444507329,9.90000197199126,58.72195116546881,624.8030395507812,1,Train,2019-02-28,0.013772558503485133,0.02184597677593003,0.02319597039388044,0.0016907739139697521,0.004107212077864473,13.09591238839289,13.8868408203125,613.1878468833869,593.6654315764346,19.522415306952325,10792.5,-0.0013094150466157473,10804.5,10826.94763764881,33.28704369537489
0.0087952498358465,613.77490234375,606.4704444521949,605.8924986021882,10.685514489453292,67.99624861587873,626.4928588867188,1,Train,2019-03-01,0.012661189522662264,0.020361241130623098,0.028726714122150776,0.0016156041062664855,0.004051513936803151,12.24783761160711,17.13937813895086,614.7565770271459,593.1579074873629,21.59866953978303,10863.5,0.006578642575862936,10822.79282924107,10837.028599330357,44.822928527606585
0.0027045632446864,617.8088117327009,607.504865373884,607.7652586280547,11.53069701591065,67.78205261106729,615.8427124023438,0,Train,2019-03-02,0.013722683649208145,0.02245663337817949,0.0369120016491018,0.0015789256637212218,0.004189909972956108,13.56918770926336,21.992762974330276,617.0925947517891,592.1892908857666,24.903303866022497,10863.5,0.006578642575862936,10822.79282924107,10837.028599330357,44.822928527606585
-0.0169996294982521,619.1460484095982,607.3576950799851,608.4995726075355,11.396480747746486,61.62543634233576,597.4327392578125,0,Train,2019-03-03,0.010749121975616838,0.02152299071943964,0.04028218989437282,0.0017600124664114277,0.003533708830532699,13.04510498046875,23.97480119977672,619.3893877302401,591.3030979700948,28.08628976014529,10863.5,0.006578642575862936,10822.79282924107,10837.028599330357,44.822928527606585
-0.0298939530723936,616.2238333565848,606.379388718378,607.4934968484697,11.320839541583885,49.35566008865603,577.8443603515625,0,Train,2019-03-04,0.003989949741319387,0.011121994726600803,0.02914399006292223,0.0037564803874984907,0.0035610709446844842,6.778250558035666,17.450639997209805,620.6504344412627,590.9479359200653,29.702498521197413,10863.5,0.006578642575862936,10822.79282924107,10837.028599330357,44.822928527606585
-0.0327875886590757,611.5895734514509,604.7753470284598,604.7981208032962,12.839242836794057,42.63781454282978,558.7230834960938,0,Train,2019-03-05,-0.010066606631601083,-0.0015867403767265698,0.02022457250578391,0.005406421146164016,0.004166244570456457,-0.9719761439732792,12.12393624441961,620.943371316761,590.9157717496452,30.027599567115885,10987.4501953125,0.011409784628572783,10851.021484375,10844.480980282739,55.85288582764758
-0.0330907042924764,602.9277779715402,602.7298031761533,600.609481048096,16.30993657957914,37.56310082426727,556.3662109375,0,Train,2019-03-06,-0.026194579582180744,-0.01767280534083293,0.002328595538791056,0.0075431219436375855,0.005936441275660124,-10.847124372209805,1.4007132393973052,620.7026691731745,590.6358736560666,30.06679551710795,11053.0,0.005965879573721855,10888.357142857143,10852.069056919643,63.021477708585344
-0.0042183196438674,593.9292864118304,600.5540277390253,596.5873655834963,19.19635035356305,36.30987722913076,547.8727416992188,0,Train,2019-03-07,-0.03617930001719594,-0.03865196621896372,-0.017063325875509294,0.008367716625826136,0.00728514657716737,-23.87952532087047,-10.31033761160711,620.9272359730287,589.1179117320494,31.809324240979322,11058.2001953125,0.00047047817900125466,10913.800083705357,10859.019066220239,70.2497820710347
-0.0152659688372689,582.9392438616071,598.4957798549107,592.1587634121983,22.32363756100209,25.579153564392183,560.5017700195312,1,Train,2019-03-08,-0.04684568022989366,-0.058478616864301336,-0.03821426087291768,0.009304880563566674,0.008532934445536948,-36.206804547991055,-23.161699567522305,622.6260049371082,585.1890524359386,37.43695250116957,11035.400390625,-0.0020618006804727917,10942.38588169643,10863.831008184523,70.14508632054108
0.0230510250996311,573.511945452009,596.9287981305804,589.2808549219558,23.804406128244896,35.98543979460196,558.923095703125,0,Train,2019-03-09,-0.04878831859181609,-0.06931229464450162,-0.05896119089342544,0.007437409236154603,0.009282700607696415,-42.71188790457586,-35.933637346540195,625.6512843387467,579.3749703696798,46.276313969066905,11035.400390625,-0.0020618006804727917,10942.38588169643,10863.831008184523,70.14508632054108
-0.0028165376112037,565.3805716378348,595.3512282598587,586.5210586293348,25.20057800238657,31.429064434358253,562.6806640625,1,Train,2019-03-10,-0.04806753165258115,-0.07555557488143516,-0.0770224281768106,0.004920914750072041,0.00951688476782488,-46.209001813616055,-47.180977957589334,629.3244352410636,572.3724057536351,56.95202948742849,11035.400390625,-0.0020618006804727917,10942.38588169643,10863.831008184523,70.14508632054108
0.0067228718731831,560.4159894670759,593.626482282366,584.3537500323498,26.16646953200431,27.07290823343573,563.59228515625,1,Train,2019-03-11,-0.03863739597514282,-0.07050892338629489,-0.08693563824933004,0.0039396161238920615,0.009220792586366341,-42.511788504464334,-53.35891287667414,632.7643234779363,565.31056404299,67.45375943494628,11168.0498046875,0.012020353532001593,10994.014369419643,10868.859561011905,82.09717818379032
0.0016201393649608,558.3799787248884,592.0234985351562,582.4663441345226,26.9523738511987,29.46809207312687,589.6063232421875,1,Train,2019-03-12,-0.026384745508996277,-0.05985444479714064,-0.0961929190377504,0.00503786889070601,0.008919757708092271,-35.54930768694203,-59.4288330078125,635.4875883026069,558.8436922149709,76.643896087636,11301.2001953125,0.011922438828049886,11066.685825892857,10879.897646949405,87.96932549940246
0.0461575482331617,562.7918701171875,591.7217436290923,583.1154331443104,26.941766655753256,38.61472403471833,595.7874755859375,1,Train,2019-03-13,-0.004578688498524386,-0.034561704254041814,-0.09101920045709366,0.009257269998539638,0.009171601853538349,-20.14737374441961,-56.354178292410666,636.8437283936424,554.2496144146722,82.5941139789702,11341.7001953125,0.0035836901656514097,11135.00013950893,10898.854817708334,86.6514031205647
0.0104835245147312,568.4234793526786,591.6381051199777,584.2674370026401,26.92550998762485,41.38775178839627,596.0542602539062,1,Train,2019-03-14,0.014288475054427652,-0.008872467504264403,-0.07756979106688666,0.011469001373272279,0.009691202580035791,-5.08846609933039,-47.80035400390625,637.0226361158764,551.0357352917688,85.98690082410758,11343.25,0.00013664659273393553,11185.828683035714,10920.495303199405,85.74018012563384
0.0004477849550401,575.3065534319196,590.673566545759,585.3389663891188,26.35426527662126,39.08126071544145,593.163818359375,0,Train,2019-03-15,0.030313720677601408,0.017556283841396514,-0.05932576615845697,0.011823959682414079,0.010609713797457825,9.925981794084805,-36.28302001953125,636.5232694896698,549.1191935404642,87.40407594920566,11426.849609375,0.007369987382364052,11239.235770089286,10948.850027901786,87.10284276167029
-0.0048492932393436,579.9725603376116,590.4311058407739,586.0503165682329,26.304398089670933,37.45608413102056,594.4755859375,1,Train,2019-03-16,0.030527609108579767,0.034896525506227905,-0.038072914323433404,0.010386587308314437,0.01074101650815881,19.55657087053578,-22.955217633928555,635.6043882096333,547.8826243810474,87.72176382858584,11426.849609375,0.007369987382364052,11239.235770089286,10948.850027901786,87.10284276167029
0.002211476050163,585.0514875139509,589.859369187128,586.8162501472572,26.067496492180823,41.35011526458968,582.824951171875,0,Train,2019-03-17,0.029252852433555798,0.047765875936256474,-0.01494756884529802,0.007876303971766151,0.011188524986483565,26.6715087890625,-8.87779889787953,634.3324065827325,547.2357923569997,87.09661422573276,11426.849609375,0.007369987382364052,11239.235770089286,10948.850027901786,87.10284276167029
-0.0195981719707659,587.9292428152902,588.1896885463169,586.4534047858588,25.29388082461001,43.74407954581099,588.6502075195312,1,Train,2019-03-18,0.02194080583311897,0.044665486537444954,0.008560066947333134,0.005124604003685,0.011433331248790566,25.137372698102695,4.989998953683084,632.8325197777298,546.9185091006185,85.91401067711126,11462.2001953125,0.0030936423551506387,11296.95005580357,10982.952427455357,86.24990725751032
0.0099948643858562,591.5089460100446,587.1594993954614,586.6531141252834,24.784437252952696,55.24613820957529,583.8921508789062,0,Train,2019-03-19,0.019891261175731145,0.04061314758436052,0.03138034124790812,0.0023854253938946353,0.011623028594780604,23.085466657366055,17.997000558035666,630.9530854198921,547.0042797796058,83.94880564028631,11532.400390625,0.006124495656707252,11367.95005580357,11021.428617931548,92.08020948408296
-0.0080829949260947,590.6926356724331,585.4707612537202,586.4021174665219,23.663855735353827,64.19969725310219,591.318359375,1,Train,2019-03-20,0.009642139672959571,0.026744145618939452,0.04476995727191779,0.0043747032289474155,0.01111189141603775,15.386082240513474,25.31206403459828,628.3864737582733,547.3840000489254,81.0024737093479,11521.0498046875,-0.0009842344657688962,11418.378627232143,11063.338123139882,94.04430048225994
0.0127184591964721,590.0541904994419,584.1356520879837,586.8490485491108,22.41443409033024,68.65214768607004,591.4962768554688,1,Train,2019-03-21,0.003614291532730185,0.017382943351598623,0.052886073183868954,0.00503808904539206,0.01041012735687898,10.081630161830276,29.638201032366055,625.3554716182562,548.0429310045117,77.31254061374443,11521.0498046875,-0.0009842344657688962,11418.378627232143,11063.338123139882,94.04430048225994
0.0003008827269574,589.4030500139509,582.5496157691592,587.2715238496887,20.488598988725805,75.54694849776817,604.8590087890625,1,Train,2019-03-22,-0.003560209884058141,0.007437913744123614,0.055559068145506485,0.00453862933287605,0.009032096470290503,4.3515625,31.0230712890625,621.1063297604777,549.4514966904152,71.65483307006252,11456.900390625,-0.005568018119008533,11440.621512276786,11103.935779389882,88.5830656576655
0.0225914049782918,591.0737915039062,581.5194324311756,588.8703861169045,18.62802638463993,75.75529477139332,601.056884765625,0,Train,2019-03-23,0.0006452693134377796,0.005348515534894016,0.05025289612095807,0.004052150209643829,0.007594655488484867,3.144548688616055,28.28192138671875,616.1384066432186,551.6121941171052,64.52621252611334,11456.900390625,-0.005568018119008533,11440.621512276786,11103.935779389882,88.5830656576655
-0.0062859674208199,592.0139770507812,580.8153454008557,589.9782496304244,17.51182646957043,73.8485126117424,590.2510986328125,0,Train,2019-03-24,0.0033213670589822275,0.0008538011878658214,0.041501624325876785,0.0030550456942437542,0.005978852071638979,0.5050310407366396,23.590497698102695,611.4464454882562,553.8831696414869,57.56327584676933,11456.900390625,-0.005568018119008533,11440.621512276786,11103.935779389882,88.5830656576655
-0.0179779758067759,593.0748552594866,580.4733625139509,590.0030540851869,17.23908493550405,64.45225815533857,584.71484375,0,Train,2019-03-25,0.00622970180668192,0.004032925828407752,0.030884928602972428,0.0027148527643822778,0.004905545106147794,2.382219587053555,17.76830182756703,607.6514950496314,555.8266482609154,51.82484678871606,11354.25,-0.008959700017030503,11442.414341517857,11133.402436755952,77.4883652745839
-0.0093794910261684,592.5126604352679,580.8005283900669,589.522307691079,17.251886434903255,60.56031247139239,586.6046752929688,1,Train,2019-03-26,0.002434330454240907,0.004166515508931656,0.021621885163595422,0.0017583292804467584,0.00462593799487361,2.458469935825974,12.54010009765625,605.7178977962861,556.7187337606337,48.999164035652484,11483.25,0.011361384503600025,11462.414341517857,11166.42150297619,77.61499926570174
0.0032320567250327,592.900163922991,582.1282232375372,589.2570683821599,16.525447064621353,48.022237611387126,591.0515747070312,1,Train,2019-03-27,0.0014969019424584395,0.005933314917453192,0.013415360146149524,0.0016068421023021995,0.004592128166639011,3.497113909040195,7.848676409040195,605.5581180642009,556.7756012438347,48.782516820366254,11445.0498046875,-0.0033266013813597617,11465.014369419643,11197.53576078869,72.52252201710203
0.0075807432183208,592.8620518275669,583.7799072265625,589.4202053207846,15.524921380511488,46.80657016919297,592.3855590820312,1,Train,2019-03-28,-0.0003588137821600723,0.0030254434376302264,0.008390140603750318,0.0014772705974267194,0.0043152933865228185,1.7882603236606656,4.932809012276721,606.6035488613454,556.7224512432863,49.88109761805913,11570.0,0.010917400749215211,11480.414341517857,11230.388160342261,75.84584899537708
0.0022569678046475,592.9890921456473,585.8995651971726,589.6897829354433,13.24923476452686,47.561284354536376,590.2066650390625,0,Train,2019-03-29,0.0008040869709509124,0.001647114988270637,0.0025023224848699233,0.0012834520669714287,0.0034777947762424447,0.9751150948660552,1.4801461356026948,607.7577014877888,557.5160132862065,50.24168820158229,11570.0,0.010917400749215211,11480.414341517857,11230.388160342261,75.84584899537708
-0.0036781687358232,590.8959001813616,587.3140840076264,589.7367722175904,11.921261286679885,48.015502428091146,585.8931884765625,0,Train,2019-03-30,-0.0033804405253794467,-0.0036739967287462427,0.00034411214336049767,0.0018058124544760757,0.003337014622839939,-2.178955078125,0.2032645089285552,607.909994854771,559.9152527735773,47.994742081193635,11570.0,0.010917400749215211,11480.414341517857,11230.388160342261,75.84584899537708
-0.007308417234181,588.7296578543527,588.5983741396949,589.3873555138606,10.0091526027427,44.46354493137999,570.2181396484375,0,Train,2019-03-31,-0.006970245372385775,-0.006384678055885162,-0.0022447644070929806,0.002085286431278171,0.002825112090683421,-3.783002580915195,-1.3245326450892208,606.684580467026,563.97203400005,42.71254646697594,11570.0,0.010917400749215211,11480.414341517857,11230.388160342261,75.84584899537708
-0.0267541066126458,585.8678065708706,588.9573015485491,587.6446995260949,9.129793629175133,42.268840000359326,569.6400756835938,0,Train,2019-04-01,-0.012009134179870595,-0.01186094688453121,-0.00599800670016315,0.002222617241608327,0.0028445660316458086,-7.032357352120471,-3.535243443080276,603.8873248435475,569.5180724081267,34.369252435420776,11669.150390625,0.008569610252809001,11499.95005580357,11270.09533110119,79.71303406633054
-0.0010137593398907,583.7142682756696,589.2452915736607,586.0079155404129,8.351922202154416,37.54010455587754,568.016845703125,0,Train,2019-04-02,-0.012153802223856647,-0.015429868590337681,-0.012451107347377643,0.002297854066882266,0.0023203779430223488,-9.147783551897305,-7.35952322823664,600.8720779604363,574.6255591070861,26.246518853350153,11713.2001953125,0.0037748939051200914,11527.400111607143,11313.264369419643,77.87490512523469
-0.0028495712464063,581.0588640485491,588.2172212146577,584.3723637370231,9.548332728034527,39.14886728961357,576.6437377929688,1,Train,2019-04-03,-0.013029399323553736,-0.020118798566648666,-0.018504821553043227,0.0020771352945906057,0.0025127372303194477,-11.930228097098166,-10.95511300223211,598.4471955663429,578.3139799707666,20.133215595576303,11643.9501953125,-0.005912133221091298,11554.121512276786,11353.809616815477,68.75100172456902
0.0151877398621247,579.0006016322544,587.3056146530878,583.6697613784727,9.702057431252102,40.13154168264009,568.9729614257812,0,Train,2019-04-04,-0.011721423948536147,-0.020130954615620533,-0.02373099028296244,0.0016681869310709292,0.0025908474787509988,-11.895298549107224,-14.074253627232224,597.7157319983351,579.4148483588078,18.30088363952723,11598.0,-0.003946272059030087,11588.942940848214,11388.785807291666,63.938406763062325
-0.0133024532557076,575.6559448242188,586.0160289946057,582.3336886555007,10.264555732978415,36.24009271163638,561.368896484375,0,Train,2019-04-05,-0.013805253510858484,-0.022206649275631207,-0.02844954502519148,0.0008641354178998419,0.002845604526121537,-13.073713030133945,-16.85671561104914,598.5020303917165,578.1968884140872,20.30514197762932,11665.9501953125,0.005858785593421345,11615.04296875,11421.09533110119,66.36739804707662
-0.0133645453421044,571.5362636021206,584.5019850957962,580.4277984581257,11.435631658557762,21.420171316447693,576.24365234375,1,Train,2019-04-06,-0.016388357592687752,-0.0244620762704707,-0.036032879767672554,0.0013344950777880971,0.0028787856361768152,-14.33154296875,-21.36390032087047,600.2583896978277,575.0890067167928,25.169382981034914,11665.9501953125,0.005858785593421345,11615.04296875,11421.09533110119,66.36739804707662
0.0264972925157227,570.1577584402902,583.6337977818081,580.047421538637,11.332193170879313,35.76536628954142,575.4876708984375,0,Train,2019-04-07,-0.015272597588043002,-0.023224564777945655,-0.03829608138569174,0.0015675922563415335,0.0026415821011619325,-13.556509835379416,-22.70429338727672,601.6049559686454,571.9652920084749,29.639663960170537,11665.9501953125,0.005858785593421345,11615.04296875,11421.09533110119,66.36739804707662
-0.0013119128379769,570.9105486188616,583.2844034830729,579.6328987531642,11.470644244566826,40.42680513559295,566.593994140625,0,Train,2019-04-08,-0.008243459045326418,-0.017465210596700587,-0.03723263010943012,0.0027039246796513768,0.002582506084726112,-10.1483154296875,-22.078543526785666,601.9883942554801,569.522013982522,32.46638027295808,11604.5,-0.005267483083991831,11637.821568080357,11447.357235863095,59.21755609153002
-0.0154541568960597,570.4753941127232,582.2341076078869,578.4475437883879,11.954342200294784,38.73999884704191,557.2333984375,0,Train,2019-04-09,-0.0018561717898900598,-0.014724004596019302,-0.034558550943357136,0.00292103255423584,0.002592731356051954,-8.52520751953125,-20.420506068638474,602.1579526597096,567.3307314223217,34.8272212373879,11671.9501953125,0.005812417192683883,11652.38588169643,11476.583426339286,60.53224145540136
-0.0165208170222886,568.9349016462054,580.9646432059152,576.5189851201253,13.127394949386003,33.29969342335133,564.2371826171875,1,Train,2019-04-10,-0.0021447691906009148,-0.011675451697221173,-0.03362282831187757,0.0028690415255574987,0.002407246929067693,-6.72104317801336,-19.794756208147305,602.2685221338794,565.1082330628282,37.16028907105124,11584.2998046875,-0.007509489773200095,11640.264369419643,11502.721493675595,52.56115791614418
0.0125688521171314,567.1625366210938,579.6750633603051,575.4024576198582,13.38703686899843,35.1843096204678,568.5283203125,1,Train,2019-04-11,-0.0065649724056334735,-0.007652580001593079,-0.03192745827639898,0.0028602209135333355,0.002260502039879868,-4.373726981026834,-18.705269949776834,602.3408460343917,562.8118578230301,39.52898821136159,11596.7001953125,0.0010704480058416621,11623.621512276786,11523.13341703869,53.729368742742594
0.0076052019035828,567.0990164620536,578.5813511439732,574.777536046462,13.310979640993311,37.23534394755112,570.3292236328125,1,Train,2019-04-12,-0.0059185333592187694,-0.00536472920513098,-0.028464700482135896,0.0027230177592054753,0.002224453649031225,-3.0587419782366396,-16.615251813616055,601.8669905083611,560.8882358448755,40.97875466348569,11643.4501953125,0.0040313191867198395,11623.550083705357,11539.43103608631,59.35694084016391
0.0031676580672754,568.3790631975446,576.9370756603423,574.3731440088576,11.967559103717027,39.32151527512004,570.97412109375,1,Train,2019-04-13,-0.0009769807530747299,-0.004434119193350239,-0.021821886964528137,0.0020771012301245583,0.002651420251230933,-2.5314854213170292,-12.67980085100453,600.8280797989619,559.5636551689511,41.26442463001081,11643.4501953125,0.0040313191867198395,11623.550083705357,11539.43103608631,59.35694084016391
0.0011307459520129,567.6262730189732,575.5045631045386,574.0641419256659,10.665709346391136,41.65635803581669,561.7913208007812,0,Train,2019-04-14,0.0008176428588568818,-0.004994292695448044,-0.019644761302865632,0.0019735899560732687,0.0026642360334865065,-2.84912109375,-11.37432861328125,599.3492411496545,558.4976355942069,40.85160555544758,11643.4501953125,0.0040313191867198395,11623.550083705357,11539.43103608631,59.35694084016391
-0.0160826908851461,565.6696515764509,574.1493355887277,572.9484309143128,10.505166223380172,44.91818822266701,556.7664184570312,0,Train,2019-04-15,-0.002520485566206876,-0.005739233188729598,-0.017347676746076623,0.0020091037051122797,0.002597932005048932,-3.2652500697545292,-9.98629324776789,597.7736903183064,557.3888855396734,40.384804778633,11690.349609375,0.0040279653604204935,11636.742885044643,11556.033389136905,67.85671296104132
-0.0089444285764106,564.2657121930804,572.8184581938244,571.4773388727417,10.863954771336433,42.63170029623833,569.23974609375,1,Train,2019-04-16,-0.007236985439477039,-0.005107573651234709,-0.012721067536847763,0.0020352332576684265,0.002575857855760795,-2.8968244280133604,-7.270551409040195,595.8225352938764,556.4765953911124,39.34593990276403,11787.150390625,0.008280400884877803,11654.057198660714,11577.17150297619,66.71798916103302
0.0224031608646335,565.9809047154018,571.9915568033854,571.2739213473787,10.4136894993168,50.62260417339942,568.6839599609375,0,Train,2019-04-17,-0.002898682428528754,-0.0019716340783435538,-0.00732578600055267,0.002582282110589037,0.0028733853898623043,-1.1181117466517208,-4.17685372488836,593.3092029111857,556.3018130625866,37.00738984859913,11787.150390625,0.008280400884877803,11654.057198660714,11577.17150297619,66.71798916103302
-0.000976365646683,566.6161586216518,570.9264322916666,571.0384703122477,9.4676559913574,45.584641501180585,569.8846435546875,1,Train,2019-04-18,0.0016732505315835144,-0.0031016353170632005,-0.007522001489723262,0.0024247005167523836,0.0029346524139627784,-1.762904575892776,-4.294389997209805,590.2073692155188,556.766353405854,33.441015809664805,11752.7998046875,-0.0029142400664389223,11675.242885044643,11592.692940848214,67.00177173723043
0.0021113371895216,566.8099190848214,569.8549601236979,570.9335769706513,8.090773435957377,50.5448258505039,569.4177856445312,0,Train,2019-04-19,0.004508880899129375,-0.0014381891271696423,-0.006425299085165204,0.0024314845386828694,0.0027013867789588693,-0.8163539341517208,-3.6654750279017208,587.0828700453093,557.4822544664095,29.600615578899806,11752.7998046875,-0.0029142400664389223,11675.242885044643,11592.692940848214,67.00177173723043
-0.0008192147576467,566.6797136579241,568.8650134858631,570.7957777591857,6.612985873045665,55.258643446803454,567.4611206054688,0,Train,2019-04-20,0.0012346864297014815,0.0017856041572290593,-0.0039638770301415605,0.0022059530233103147,0.002067071132288912,1.0100620814732792,-2.25518798828125,583.9703428709188,558.3897872211571,25.580555649761664,11752.7998046875,-0.0029142400664389223,11675.242885044643,11592.692940848214,67.00177173723043
-0.0034362555726068,566.1778564453125,567.9872959681919,570.4926271088477,5.340719361614049,43.096796354700885,574.9762573242188,1,Train,2019-04-21,-0.0007735433761817401,0.003388730186706379,-0.0017361516535410182,0.002182258716236882,0.002003857475558635,1.9121442522321104,-0.98468017578125,581.1208242797646,559.2703107997555,21.850513480009113,11752.7998046875,-0.0029142400664389223,11675.242885044643,11592.692940848214,67.00177173723043
0.0132434389702884,568.0614188058036,568.213873000372,570.9002298556996,5.537402383423989,49.63663124771783,570.01806640625,0,Train,2019-04-22,0.0022079707479409905,0.003675943963953765,0.0016970622692209503,0.0020864833080844686,0.002205543228816986,2.0805140904017208,0.96240234375,578.3160836054013,560.5097665271322,17.806317078269103,11594.4501953125,-0.013473352052831178,11664.171456473214,11598.990559895834,51.302687374801636
-0.0086232967967109,569.9545113699777,568.2318725585938,570.8200331784769,5.542881737892119,52.57698335847538,561.1243896484375,0,Train,2019-04-23,0.005778921731492304,0.00589173587362346,0.002771826540495681,0.0017890224003665324,0.002409473368109799,3.3383527483258604,1.5754481724330844,575.8916804864207,561.8237343782557,14.06794610816496,11575.9501953125,-0.0015955909670886115,11662.97865513393,11601.064360119048,44.56749799917804
-0.0156024471537959,568.7951747349331,567.9036603655134,569.9386110393824,5.756208161008942,52.9491169765514,555.4100952148438,0,Train,2019-04-24,0.004622784624699339,0.003502506895639801,0.002059280501135019,0.0020408327527088725,0.0023594242905409894,1.9852556501116396,1.1689017159599189,573.5168351378786,563.1780370370657,10.338798100812937,11726.150390625,0.012975193636658888,11681.47154017857,11610.8310546875,50.67172397164586
-0.0101836500765435,566.898908342634,566.8925345284598,568.6178368735153,6.003786221909862,43.17626131800831,569.4177856445312,1,Train,2019-04-25,-0.002046452064309312,0.00038680524364442803,0.002173100081924728,0.002527881257738122,0.0023821333028907076,0.2191946847098052,1.2292567661830844,571.7970109417092,564.0221575850765,7.774853356632775,11641.7998046875,-0.007193374050953438,11681.235770089286,11619.635788690477,49.890180040895714
0.0252204462078944,566.8322143554688,566.9137166341146,568.6905594890621,6.012271928224874,50.59779260169612,566.3272705078125,0,Train,2019-04-26,-0.005478151242287788,0.001155746207145203,0.004548392905912024,0.002525729591383516,0.0023821486385934357,0.65435791015625,2.5665021623883604,571.1892802656688,564.1594833364517,7.029796929217127,11754.650390625,0.009693568677590747,11690.421595982143,11638.702473958334,57.48840396767302
-0.0054275001846325,566.3907121930804,567.1498296828497,568.4757150362212,5.879525603894753,47.35619299533076,559.9014892578125,0,Train,2019-04-27,-0.004227290681523832,-0.0029410668589945343,0.0007240659079914558,0.0025428282855184236,0.002294399537302232,-1.6707066127231656,0.4098074776785552,570.84068201717,564.1313769602297,6.709305056940366,11754.650390625,0.009693568677590747,11690.421595982143,11638.702473958334,57.48840396767302
-0.0113464097256664,565.3107648577009,566.3716314406622,567.6962399654568,5.694294566842128,43.20416499343694,547.628173828125,0,Train,2019-04-28,-0.0028014580052307947,-0.008147573919741191,-0.002303841399663664,0.002625357345003582,0.0023205448228117735,-4.643746512276834,-1.305393763950974,570.2802662818094,564.1318143194742,6.14845196233523,11754.650390625,0.009693568677590747,11690.421595982143,11638.702473958334,57.48840396767302
-0.021920490774112,561.4038957868304,565.0449887230283,565.8718703166085,6.6323270473164015,41.625071550817495,539.7571411132812,0,Train,2019-04-29,-0.009576587976409812,-0.01299462315507005,-0.0095376300166371,0.0031266057884828946,0.00281509546168289,-7.391278948102695,-5.406023297991055,570.4160331906015,563.0888975780928,7.327135612508755,11754.650390625,0.009693568677590747,11690.421595982143,11638.702473958334,57.48840396767302
-0.0143729506460967,557.0809064592634,563.7670433407739,563.4978040253968,8.609689389869853,40.26962102219957,538.4898681640625,0,Train,2019-04-30,-0.016437073443117067,-0.017318787774832978,-0.016938681529113486,0.00295567466363341,0.0033810414668272626,-9.818001883370584,-9.59880719866078,571.6944101387984,560.6251211112016,11.069289027596824,11748.150390625,-0.0005529726349993158,11684.850167410714,11651.31677827381,54.17470546982486
-0.0023478576802243,553.8474033900669,562.874494280134,561.2243553107301,10.153946465916974,29.822093703190447,525.127197265625,0,Train,2019-05-01,-0.02027798191764396,-0.022907679973987682,-0.02177840923108687,0.0030385494236041233,0.003412461490751341,-12.984810965401834,-12.330453055245584,573.2701865183128,557.7178314085845,15.552355109728296,11748.150390625,-0.0005529726349993158,11684.850167410714,11651.31677827381,54.17470546982486
-0.024815083232664,549.5212751116071,561.0121140252976,557.9427954884478,13.061807732021643,25.530948994608565,518.612548828125,0,Train,2019-05-02,-0.021165903486596416,-0.029784099065032987,-0.03263756889734237,0.0033779835120053645,0.0036992436540120434,-16.86943708147328,-18.540143694196445,575.1215688446958,554.108674947157,21.01289389753879,11724.75,-0.001991836148409698,11680.843052455357,11664.635835193452,56.35266537896422
-0.0124058484714222,542.2633841378348,558.6351725260416,554.3673185193276,15.86631546360849,22.81948771178708,524.8382568359375,1,Train,2019-05-03,-0.026598510467010783,-0.04076940004082097,-0.04858480226006601,0.0041304239674337965,0.004641353885841348,-23.047380719866055,-27.69112723214289,577.6412109436245,548.9774649422571,28.66374600136737,11712.25,-0.0010661208128105448,11697.671595982143,11671.409644717261,52.260217176270324
0.0120045456321493,536.3363821847098,556.4689360119048,551.6828583662921,17.236205808344558,27.72729629098805,529.8226318359375,1,Train,2019-05-04,-0.031617050288894055,-0.044651477822374996,-0.057065871849826366,0.003617979818847214,0.004991767124350189,-25.067513602120584,-32.45879255022328,580.3012372380276,543.1884495644279,37.11278767359977,11712.25,-0.0010661208128105448,11697.671595982143,11671.409644717261,52.260217176270324
0.0094969734676908,532.0394025530134,554.5093412853423,549.6955650453507,17.83356484833012,31.7473735556554,511.4811706542969,0,Train,2019-05-05,-0.03181291307610101,-0.04495128735502829,-0.06149157332395405,0.0025528325626714664,0.005022703964287941,-25.04150390625,-34.859505789620584,582.7561224666821,537.3705394334296,45.38558303325249,11712.25,-0.0010661208128105448,11697.671595982143,11671.409644717261,52.260217176270324
-0.0346181157231504,526.8755449567523,552.1136198497954,546.2215291916185,20.04817677626994,22.134322133438204,504.7485046386719,0,Train,2019-05-06,-0.02837705740642671,-0.04869907896691672,-0.07049117602490229,0.002456801314621882,0.004671827864862137,-26.97185843331465,-39.956669398716485,585.1828696380048,531.204775538474,53.978094099530836,11598.25,-0.00973339879186319,11700.85728236607,11668.033435639882,50.75993663027553
-0.0131630769653015,521.8743111746652,549.6365763346354,542.4512542322598,22.507268613759955,21.79486604640735,496.2934875488281,0,Train,2019-05-07,-0.026964553385572798,-0.05031099829815844,-0.07859662960581837,0.002388238590580714,0.00405465695186637,-27.646963936941916,-44.516401018415195,587.1793816607475,524.7976041616574,62.38177749909005,11497.900390625,-0.008652133673183404,11668.25013950893,11657.781063988095,45.08850506970788
-0.0167509502497611,515.8462568010602,546.1629449753534,538.255093624675,24.83883577628052,21.87780890435421,515.50732421875,1,Train,2019-05-08,-0.03043598965461891,-0.04871641366450763,-0.08749967474808618,0.0019397751161857248,0.004087924763722188,-26.41712733677457,-49.464508056640625,588.9634126750566,517.9365829652893,71.0268297097673,11359.4501953125,-0.012041345863927244,11627.914481026786,11644.233444940477,37.06152644232908
0.0387146661239061,514.4719892229352,543.6307242257254,536.1871145877727,25.13689642934324,34.50570270113978,519.8689575195312,1,Train,2019-05-09,-0.023541718442891768,-0.04076619391866032,-0.08359740093737356,0.003387697145060425,0.004137085954528341,-21.86439296177457,-46.931906563895154,589.7514969977746,511.914705656383,77.83679134139157,11301.7998046875,-0.005075103956069027,11563.22154017857,11630.128673735118,32.470165686949215
0.0084608561234145,514.6514761788504,541.249024890718,534.7036457633872,24.89327438555299,29.20212577901593,570.2633666992188,1,Train,2019-05-10,-0.0138401811339538,-0.03268165156701974,-0.07616385661122205,0.0045134384978463655,0.0041973534138862725,-17.38792637416293,-42.42943028041293,589.5703300458347,506.8930488604153,82.67728118541936,11278.900390625,-0.0020261741013145596,11496.185825892857,11611.697730654761,25.431467480380974
0.0969367538699292,521.1407775878906,541.289290655227,537.9363476666446,24.94175323919301,51.18255187245479,576.3026733398438,1,Train,2019-05-11,0.010263757305642773,-0.010884481968758575,-0.059053496688764806,0.00848879620352923,0.006554266435447467,-5.73476736886164,-32.70662580217629,588.1015411315673,503.85812988894054,84.24341124262673,11278.900390625,-0.0020261741013145596,11496.185825892857,11611.697730654761,25.431467480380974
0.0105903815557739,527.78078351702,541.7103169759115,541.4241954551172,25.47456658174391,54.93900430678926,571.71728515625,0,Train,2019-05-12,0.0258688414002608,0.011317806253119178,-0.03956260217617891,0.010309986568739602,0.008204001060004327,5.906472342354846,-21.74049159458707,585.4897057903797,502.44190170124966,83.04780408913007,11278.900390625,-0.0020261741013145596,11496.185825892857,11611.697730654761,25.431467480380974
-0.0079565624032594,536.3859427315848,541.5551278250558,544.1781127006747,25.270892787502948,57.60631468506941,578.2485961914062,1,Train,2019-05-13,0.042231427594664694,0.03981745657688429,-0.010838720773291288,0.011329043359422595,0.009924204179700125,20.53968593052457,-5.87744140625,582.0652123691694,502.50953825862064,79.55567411054881,11148.2001953125,-0.011588026384304118,11413.821568080357,11589.969168526786,23.264394500785087
0.0114240223353947,546.8859558105469,541.9470578148251,547.2754293816503,25.79283466601764,62.25766750490875,570.8001708984375,0,Train,2019-05-14,0.04940158078171941,0.06300433700301178,0.01966969606437008,0.01147839324325913,0.011522509292558533,32.41396658761164,10.54957362583707,579.056758060738,503.3270706746135,75.72968738612457,11222.0498046875,0.006624352638199937,11343.79296875,11568.545340401786,32.20225704978017
-0.0128810088637089,557.529767717634,542.4078093029204,549.4140422468128,26.235167571334724,59.89954441734528,568.5634155273438,0,Train,2019-05-15,0.05636617536995736,0.08331520169172224,0.04791067173277774,0.008933041523934112,0.012676478224116156,42.878291538783515,25.490365164620584,577.4643200474923,503.98259462535924,73.48172542213302,11157.0,-0.005796606308085428,11280.757254464286,11548.197730654761,30.830481770402784
-0.0039186312218041,565.1092093331473,543.03415788923,551.1548943632247,26.71375870630056,64.28212770808113,557.7374877929688,0,Train,2019-05-16,0.053549625956428315,0.08436958617739587,0.07256678496917779,0.006514807304910563,0.012880023184909942,43.96843174525668,38.23366437639504,577.1276273176518,504.14698685296753,72.98064046468426,11257.099609375,0.008971910851931497,11246.357142857143,11532.026274181548,27.506804511489463
-0.0190408447654584,570.5189993722098,542.4779532296317,551.7533119477469,26.25461249476584,62.50987483548446,570.7554321289062,1,Train,2019-05-17,0.04321384250329863,0.08097721097458543,0.09321150161243286,0.0037552413569607694,0.012222767290107225,42.738215855189765,48.64468819754461,577.9882670016652,503.6991758868671,74.28909111479811,11407.150390625,0.013329435330307948,11253.171456473214,11520.773902529761,39.41447692455445
0.0233406299932446,570.5892944335938,542.6888180687314,553.4807774187614,26.472613848732564,64.07048155274725,566.7069091796875,0,Train,2019-05-18,0.02342390930877425,0.06376630887794321,0.10612277768964318,0.006756202185492402,0.011542857895979721,34.203351702008945,54.743037632533515,579.0506155469382,503.16468029918343,75.88593524775473,11407.150390625,0.013329435330307948,11253.171456473214,11520.773902529761,39.41447692455445
-0.0070932709901995,569.2184709821429,543.0128856840588,554.683153033391,26.73422237005177,61.36771407578351,570.3080444335938,1,Train,2019-05-19,0.0072716239288415085,0.0408357810880271,0.10641294940449031,0.008943395468736442,0.01116662438369417,22.332515171596015,54.746481759207654,580.4684166702285,502.52833669542434,77.94007997480418,11407.150390625,0.013329435330307948,11253.171456473214,11520.773902529761,39.41447692455445
0.0063544932937538,569.0171508789062,544.0928795224145,556.1035977061367,27.38028816560239,69.94235703628388,565.14111328125,0,Train,2019-05-20,-0.002632425028712748,0.02060407143514209,0.1056359054941538,0.009463727900504827,0.010484974792754667,11.487383161272305,54.36567470005582,582.4123475375653,501.7780302700518,80.63431726751355,11828.25,0.036915407876193296,11328.378627232143,11527.340587797618,52.59775623570417
-0.0090598952667331,567.1446533203125,545.3016401018415,556.9251900311469,27.737294363849568,70.69281122842591,555.500732421875,0,Train,2019-05-21,-0.00603698868325353,0.0036018595229887485,0.08827533309780833,0.008939698509311625,0.009915580984013569,2.035443987165195,46.003875732421875,584.312854487376,501.20724831326584,83.10560617411011,11709.099609375,-0.010073374389702572,11389.835658482143,11523.62388392857,48.723204798103644
-0.0170583605276959,564.9590192522321,546.1116812569754,556.7956938848495,27.776781418681217,70.12319930265406,558.542724609375,1,Train,2019-05-22,-0.007482982276666883,-0.009745477584612972,0.07044257179555524,0.006860956065048625,0.009042211377121308,-5.559980119977695,37.17823573521207,586.1728682685629,500.89100894614137,85.2818593224215,11737.900390625,0.0024596922232125173,11474.078543526786,11522.914388020834,50.42844906909528
0.0054761263306306,563.5274919782366,547.702896844773,556.9545148598063,27.469986059412275,66.43324405380638,539.686767578125,0,Train,2019-05-23,-0.009647615879750271,-0.012376331845425081,0.050600784033286716,0.004629330144346923,0.00903205818271057,-7.06180245535711,27.141549246651834,588.1534219637921,501.0368660349524,87.11655592883966,11657.0498046875,-0.006887993870017373,11536.221400669643,11525.895321800595,48.278223278725875
-0.0337592026544383,560.9488176618304,548.7064310709635,555.3847196523807,26.729070282157405,56.81331645121259,537.3380737304688,0,Train,2019-05-24,-0.010924612657827182,-0.014528083226188815,0.025714432235585116,0.0017422435494501177,0.009381876184941608,-8.2696533203125,14.062861851283515,589.7904259779713,501.86110556848513,87.92932040948614,11844.099609375,0.016046067214389392,11634.378487723214,11538.664341517857,57.33419333487154
-0.0043519574478287,556.1749093191964,549.3016604468936,553.7441154776614,26.30681804406272,33.09593285602551,536.1973876953125,0,Train,2019-05-25,-0.015548224975082459,-0.022569164285951016,-0.0024301095239881443,0.00252716326296455,0.00995465746725902,-12.842241559709805,-1.3548583984375,590.7280153437982,503.33706687927656,87.39094846452167,11844.099609375,0.016046067214389392,11634.378487723214,11538.664341517857,57.33419333487154
-0.0021228461017791,551.81640625,549.605220249721,552.1489584065387,26.106826503003127,28.319135358862624,546.88916015625,1,Train,2019-05-26,-0.020781746933278167,-0.027027050295853505,-0.023522538411351324,0.00289012879757979,0.010192956403897677,-15.3282470703125,-13.292803083147305,590.9647899663286,505.59437838607084,85.37041158025772,11844.099609375,0.016046067214389392,11634.378487723214,11538.664341517857,57.33419333487154
0.0199399935663486,548.4708513532366,551.2913149879092,551.6707949292397,24.62271349917199,37.40921775605359,546.7549438476562,0,Train,2019-05-27,-0.022244393633994886,-0.029184714885725493,-0.03864577348560627,0.00229492752973327,0.00972906809615752,-16.48816789899547,-22.048148018973166,590.448135356565,508.7706870136917,81.67744834287328,11924.75,0.006809330661248669,11729.757114955357,11548.12146577381,62.88523581101159
-0.000245417752576,545.844255719866,553.2916216169085,551.2238993763684,22.24396559783448,32.920890722457514,552.212646484375,1,Train,2019-05-28,-0.018574468977710534,-0.031379544938072934,-0.0433675131221859,0.0021482633042909636,0.008355474568698945,-17.683236258370584,-24.745038713727695,588.8097604276355,513.4088618345019,75.40089859313366,11928.75,0.0003354368016101894,11804.27134486607,11561.78576078869,68.70357097252551
0.0099819904659872,545.374529157366,555.9544387090774,551.3137854770963,18.026861232967708,39.69747858222517,541.4537963867188,0,Train,2019-05-29,-0.011673949921879423,-0.02776418812928727,-0.04188891091962621,0.0027366606328424613,0.006175643231412625,-15.574288504464334,-23.843941824776834,586.3532103543395,518.9556659012409,67.39754445309859,11861.099609375,-0.005671205333752538,11808.964146205357,11566.854771205357,68.25508536866015
-0.0194831649839092,542.9332536969866,557.1899850027902,550.4174228325165,15.877021143619494,36.2709291025492,548.2760009765625,1,Train,2019-05-30,-0.01009643017962969,-0.023808437598198506,-0.04584026534460395,0.002532962149147038,0.004398198233544465,-13.241655622209805,-26.08389718191961,583.1035976247522,525.0334563826418,58.07014124211037,11945.900390625,0.007149487319284775,11842.79282924107,11576.271437872023,70.9247978314443
0.0125997908507988,544.1602870396206,558.5427013578869,550.2227481183389,13.582653191531245,45.00591814341044,541.6326904296875,0,Train,2019-05-31,-0.0030850717262282945,-0.013874395765809844,-0.0405264620694763,0.003839958252701425,0.003031724224363237,-7.656119210379416,-22.984366280691916,580.3166167796055,530.1223881729613,50.194228606644174,11922.7998046875,-0.0019337668306382838,11869.20703125,11585.702380952382,76.0596817603583
-0.0121167268584476,544.7738037109375,557.1793358212426,549.4418337830069,13.782796796477555,33.518978422385175,535.6829833984375,0,Train,2019-06-01,-0.0011014915701265116,-0.006740645620779029,-0.035728636685916304,0.0038169599801887847,0.0031309577449802756,-3.6970476422991396,-20.18521554129461,578.2343259441966,533.903981027762,44.33034491643457,11922.7998046875,-0.0019337668306382838,11869.20703125,11585.702380952382,76.0596817603583
-0.0109847635424847,544.7003173828125,555.2450648716518,548.1910292025915,13.81508486050629,32.81290364465339,539.3737182617188,1,Train,2019-06-02,0.003254660998922798,-0.0020957229558913326,-0.033409505061292144,0.003239359162136404,0.0032376310000562496,-1.1439383370535552,-18.82717459542414,577.3706056541644,535.5991387829172,41.771466871247185,11922.7998046875,-0.0019337668306382838,11869.20703125,11585.702380952382,76.0596817603583
0.0068897743211233,543.6266828264509,553.7048950195312,547.389455480694,13.689197218111502,32.879537786569486,527.45166015625,0,Train,2019-06-03,-0.0009806011682195193,-0.0032048550811782928,-0.030880063011064607,0.0026714398918758816,0.00315864178055247,-1.7478463309151948,-17.32213483537953,577.5707031389833,535.0731139996886,42.49758913929463,12088.5498046875,0.013901936014629301,11930.849888392857,11603.621419270834,77.45383909929467
-0.0221035206236798,540.8690708705357,551.2859933035714,545.5769286330172,13.623231421653022,30.59210815798769,561.1373291015625,1,Train,2019-06-04,-0.007167622256803119,-0.003801909005196058,-0.02751982909009032,0.002735224495444772,0.0031960623214800157,-2.064182826450974,-15.30583844866078,577.8171935492269,533.160553904735,44.65663964449186,12021.650390625,-0.005534114111566901,11956.214285714286,11623.78334263393,77.36316593648941
0.0638649406001179,542.144025530134,550.8258579799107,546.9915104937941,13.083669520286314,52.32641212082128,554.3600463867188,0,Train,2019-06-05,-0.004693024349537889,-0.0037052713281515715,-0.017528258693135013,0.003071848661459039,0.0035377325766789832,-2.0162615094866396,-9.672380719866055,576.9461331772803,531.7350958963806,45.211037280899745,12021.650390625,-0.005534114111566901,11956.214285714286,11623.78334263393,77.36316593648941
-0.0120777612954299,543.987775530134,550.1495070684524,547.6613773931508,12.473795013153834,48.32530553295064,572.0303955078125,1,Train,2019-06-06,0.0006642291761795871,-0.0014428523828591278,-0.008173772247042188,0.0029603811140914323,0.003923885427565886,-0.7860281808035552,-4.483075823102695,574.7179983873207,531.3101083021324,43.40789008518823,11843.75,-0.014798333410505293,11944.642857142857,11640.252371651786,67.69413386429775
0.0318752212326047,547.3812604631696,550.8301217215402,549.8767426763019,13.27286537564101,63.07412944897587,572.41064453125,1,Train,2019-06-07,0.012040232920238036,0.004921868034222232,0.002815830206505554,0.0036944480281025957,0.004507049885973635,2.6809430803571104,1.5370047433035552,572.0289333372295,531.6783699551811,40.35056338204845,11870.650390625,0.0022712730870713127,11936.34291294643,11664.595238095239,65.10162055803806
0.0006647356966056,551.7781110491071,550.908941359747,551.9252792085699,13.40139845737304,64.40650260562523,580.12744140625,1,Train,2019-06-08,0.017770343424060586,0.014994532976701835,0.011741622590323297,0.004593536547435719,0.004756546265275057,8.15142822265625,6.403581891741055,569.4304813204013,532.5327859787056,36.89769534169568,11870.650390625,0.0022712730870713127,11936.34291294643,11664.595238095239,65.10162055803806
0.0134812253208871,558.1273193359375,551.5480143229166,554.4891121356318,14.469827004314734,67.11993157260278,585.6075439453125,1,Train,2019-06-09,0.025992392553351173,0.031908366358653906,0.027985144648057902,0.005728413982310234,0.005261689679240702,17.258248465401834,15.19406563895086,567.2115676408071,533.6627165040031,33.54885113680393,11870.650390625,0.0022712730870713127,11936.34291294643,11664.595238095239,65.10162055803806
0.0094463770336024,564.7321515764509,552.2765619187128,557.3180604819663,15.786836740549315,65.7277703012951,595.9861450195312,1,Train,2019-06-10,0.03169799985224131,0.04166443782946638,0.0378047884544217,0.005905035858823022,0.005621191505156534,22.588126046316916,20.571864536830276,566.6129601480001,534.020073822424,32.592886325576046,11922.7001953125,0.004384747505377318,11945.142996651786,11694.161923363095,54.05173071074219
0.0177227926476097,574.5227922712054,553.745372953869,560.8333408944723,18.28142463751976,68.46166100109039,583.7510375976562,0,Train,2019-06-11,0.041220702247237284,0.05613180684311159,0.05460796454899475,0.005277408063940561,0.006565290885464195,30.535016741071445,29.74898856026789,569.3103854023201,532.2790258700012,37.0313595323189,11965.599609375,0.0035981290613484873,11947.95717075893,11726.861886160714,61.77358652951376
-0.0205291809618729,577.7533220563616,555.0906255812872,562.9167678674889,19.42094817733776,61.25478582963165,586.5023193359375,1,Train,2019-06-12,0.035164024480606404,0.05548611870178477,0.06068108208998835,0.00474342966360176,0.006447668433110281,30.37206159319203,33.05300467354914,572.9436365716937,530.0683577084402,42.87527886325347,11906.2001953125,-0.004964181988503125,11945.58579799107,11762.957124255952,57.51404586236755
0.0047131080907432,582.3450753348214,556.4220348539807,565.0609089100751,20.59249428225409,67.05047119664127,585.1826171875,0,Train,2019-06-13,0.03118810166767383,0.05539720346571331,0.07122239163659883,0.004093527099961193,0.006009558189566373,30.566964285714334,38.718392508370584,577.7988601263406,527.3527599210923,50.446100205248285,11914.0498046875,0.0006592875347493088,11920.6572265625,11795.909505208334,62.274329167389595
-0.0022501226421947,584.2239641462054,558.5885038829986,566.8901551171136,21.13001773725558,64.57596312848622,586.0773315429688,1,Train,2019-06-14,0.01688561708169889,0.046757511962177034,0.0801578341425393,0.0046493977245873125,0.005980715970251547,26.09664481026789,43.354893275669724,582.8929299157498,525.063595614384,57.82933430136586,11823.2998046875,-0.007617057296864349,11892.32142857143,11827.63806733631,48.905965081696905
0.00152894896258,586.1763480050223,560.9094209216889,568.6344438831004,21.354727909852496,68.3879911820186,592.6310424804688,1,Train,2019-06-15,0.014578931227398506,0.03797233142952794,0.0812188651010799,0.00518003925862334,0.00589615119782451,21.444196428571445,44.03232247488836,587.9592847304914,523.4332349751448,64.52604975534655,11823.2998046875,-0.007617057296864349,11892.32142857143,11827.63806733631,48.905965081696905
0.0111823313832084,587.9625767299107,563.5967378162202,570.8159528464975,21.63840296358468,73.44383577201535,609.6304931640625,1,Train,2019-06-16,0.009646344810007035,0.02339295261999097,0.0808378481610581,0.005395160612518626,0.005731128173079901,13.439784458705276,43.97480119977672,592.7803501157746,522.5613421275291,70.2190079882455,11823.2998046875,-0.007617057296864349,11892.32142857143,11827.63806733631,48.905965081696905
0.0286847118443918,591.3944266183036,566.5844203404018,574.3445474208215,23.47011072862601,76.0663879517625,605.0899047851562,0,Train,2019-06-17,0.012273482281024206,0.023610603420487486,0.08040678286628222,0.005053820048876684,0.005314036713189638,13.641104561941916,44.013166155133945,597.6421005485657,522.2546087845814,75.38749176398437,11672.150390625,-0.012784029548381648,11867.807198660714,11847.402390252977,37.63100058721928
-0.0074480991843763,592.6949637276786,569.3622756231399,577.1395799084883,24.438023720444114,80.4741901619173,607.5055541992188,1,Train,2019-06-18,0.011120571044603844,0.017772775680993558,0.07415454121725751,0.0020530916438004183,0.004424508812913588,10.34988839285711,40.916852678571445,602.0420562909392,522.5866964992395,79.45535979169972,11691.5,0.0016577587443133979,11842.214285714286,11860.942847842261,38.55467321948811
0.0039922156938319,596.0884660993304,571.9952712286087,579.9001230258273,25.45540611061659,74.12157678324786,610.2567138671875,1,Train,2019-06-19,0.013820419344737322,0.020308139825219174,0.06801520987820342,0.002063113950532168,0.004266792921913803,11.864501953125,37.96114676339289,606.3195941382983,523.6246798921147,82.69491424618354,11691.4501953125,-4.259905700743083e-06,11809.17857142857,11854.42857142857,41.24479261688074
0.0045286164858115,599.481951032366,575.2716006324405,582.6598131023146,25.75392134295794,80.34977044077888,613.9249877929688,1,Train,2019-06-20,0.013675347703745455,0.022698976293785478,0.06153324077425215,0.0015403750823172275,0.004168898368635707,13.30560302734375,34.749799455915195,610.5976669751296,524.8787734545579,85.71889352057178,11831.75,0.012000205478679637,11790.057198660714,11860.269066220239,44.42814214839475
0.0060110341147014,603.5880039760044,578.3977428617932,585.5021017105558,26.291997983213182,76.82614075417926,624.7285766601562,1,Train,2019-06-21,0.018378830452372208,0.026575547261865173,0.05059018039980345,0.0017689087559578163,0.004163835241484868,15.62542724609375,29.065211704799026,614.9515661905551,526.4062942656391,88.54527192491605,11724.099609375,-0.009098433505187353,11764.04282924107,11859.611886160714,41.04064161421598
0.0175975714981497,609.1096104213169,582.3546898251489,589.0681448877922,26.73149287302805,79.55523895493292,633.6085815429688,1,Train,2019-06-22,0.021844315168843886,0.029954938710383017,0.054272796309246196,0.002318111614790569,0.00419537083689055,17.71518380301336,31.356288364955276,619.5638827633423,528.2349069967023,91.32897576664004,11724.099609375,-0.009098433505187353,11764.04282924107,11859.611886160714,41.04064161421598
0.014214180709142,614.9635445731027,587.0178135463169,593.1172754928082,26.72407929212789,79.82044466830249,632.6244506835938,0,Train,2019-06-23,0.02582495355210579,0.03757173961015092,0.056012269391180425,0.002482309500593463,0.004070705201210229,22.26858084542414,32.61846923828125,624.3036854405312,530.6287904941786,93.67489494635265,11724.099609375,-0.009098433505187353,11764.04282924107,11859.611886160714,41.04064161421598
-0.0015532157992217,618.2483956473214,591.4583246140253,596.7088368737886,26.15287068978385,77.59986757652865,622.8944091796875,0,Train,2019-06-24,0.024288739296912665,0.03717557176202502,0.058238678296669955,0.00250919808599778,0.0038355882265890583,22.159929547991055,34.024431501116055,628.2275771870571,534.4428312253314,93.78474596172578,11699.650390625,-0.002085381356743965,11733.414341517857,11861.64048549107,29.90384722133912
-0.0153804385736154,620.7918962751116,596.0032174246652,599.0893434470521,22.51338508562875,65.91688768189981,642.600341796875,1,Train,2019-06-25,0.019179283422755766,0.03554726744658088,0.05905313032144499,0.00203953028775811,0.0022682169141584954,21.309945242745584,34.615548270089334,631.5080613231269,539.0271341637592,92.48092715936764,11796.4501953125,0.008273734808782462,11729.578683035714,11859.37146577381,38.71173650455192
0.0316360723852682,625.805437360491,599.8824085053943,603.0448887515814,23.21282124087844,81.9839328494214,640.2517700195312,0,Train,2019-06-26,0.017630139027045244,0.03680893794796147,0.06436270287992163,0.002057242846212242,0.0023668678128518756,22.21743338448664,37.84286063058039,634.6898768838945,544.0270847860273,90.66279209786717,11847.5498046875,0.004331778503613437,11754.6357421875,11855.695265997023,50.218204943286906
-0.0036547938502126,630.0904453822544,603.9724905831473,606.4273325032132,22.34143806467828,79.3406548006565,641.6162719726562,1,Train,2019-06-27,0.019154194039653127,0.0344450893599022,0.06543182861093477,0.0019821408862301963,0.0023048576788107945,20.9808349609375,38.69601876395086,637.7798744382401,549.2080057235903,88.57186871464978,11841.5498046875,-0.0005064338279993086,11776.07142857143,11851.542875744048,48.287789692148046
0.002131195909202,634.0463431222098,607.2861037481399,609.6263270004353,22.526621205925707,80.79084342645535,656.2894287109375,1,Train,2019-06-28,0.02135086963381405,0.03103078014543792,0.06976840014711283,0.0020077289702450257,0.0022002692977711323,19.08279854910711,41.35137939453125,640.8491268422067,554.3655765269339,86.48355031527285,11788.849609375,-0.004450447465215945,11789.985630580357,11848.10239955357,42.13056793480445
0.0228690533255468,638.5550362723214,611.2803315662202,613.8684271559355,23.450981309754145,83.30151848590275,661.6799926757812,1,Train,2019-06-29,0.020373103445066487,0.03284544006578205,0.0712420598420278,0.0017904178537023142,0.0020959222354956005,20.306640625,42.466570172991055,644.3676064435733,558.8898686192058,85.47773782436752,11788.849609375,-0.004450447465215945,11789.985630580357,11848.10239955357,42.13056793480445
0.0082136992141284,642.5652378627232,615.1637863885788,618.2149331122852,24.750644551147623,83.11521880144532,655.0814819335938,0,Train,2019-06-30,0.019798415563817562,0.03507349518938052,0.07186752954974462,0.0012786042446816515,0.001898452825969508,21.773341587611526,43.08328683035711,648.2876724742046,562.7531112172016,85.5345612570029,11788.849609375,-0.004450447465215945,11789.985630580357,11848.10239955357,42.13056793480445
-0.009972359471689,645.7733851841518,618.4720691499256,621.566437550586,25.240740512904026,74.21349209704009,651.7487182617188,0,Train,2019-07-01,0.018495559810651985,0.03190759720446201,0.06989101991799118,0.0013277026007314941,0.0019296669594906096,19.96794782366078,42.18538120814742,652.8371665966697,565.3286763860312,87.50849021063846,11865.599609375,0.006510389269786421,11794.8212890625,11844.278552827382,44.34579026415761
-0.0050875559205821,649.8954293387277,621.127429780506,624.3102812515981,25.68613291569949,75.18100355353292,652.084228515625,1,Train,2019-07-02,0.017759460692077234,0.03143196996815001,0.06695973634236285,0.0009424661459148972,0.001526846782471976,19.80498395647328,40.78581891741078,657.4524503503133,567.9276033606243,89.52484698968897,11910.2998046875,0.003767209141051886,11821.421316964286,11843.683314732143,50.235718745648356
0.0005147846777528,651.2502702985491,624.3813912527902,626.8351855483278,25.03449980332637,74.61096003962678,647.4541015625,0,Train,2019-07-03,0.013516187811083213,0.027133548458970314,0.05900630378120386,0.001732737602815037,0.0019416292539244909,17.203927176339334,36.286725725446445,661.6640725084354,570.6065006988748,91.05757180956061,11916.75,0.0005415644793391738,11852.435546875,11835.502371651786,50.15550568875241
-0.0071005044297188,652.2791748046875,627.2838570731027,628.7096324587071,23.9323411048826,70.11851079141441,641.9069213867188,0,Train,2019-07-04,0.010074415839668616,0.021492491254133883,0.05504386165326802,0.002229578408384883,0.0023216330363570485,13.724138532366055,34.030779157366055,665.1972116902075,573.8788825829511,91.31832910725643,11946.75,0.0025174649128327786,11873.906947544643,11831.93568638393,57.6444649243433
-0.0085676809559075,652.3206961495536,629.9850144159226,629.9093859976173,22.07174364931351,64.83278914258574,652.5091552734375,1,Train,2019-07-05,0.003731780070054702,0.015182051116363837,0.050788033902539054,0.0027846881971807175,0.0028007534170457504,9.75545828683039,31.528799874441916,667.9079158535048,577.7826132341067,90.1253026193981,11811.150390625,-0.011350334557515662,11868.70703125,11830.383324032739,58.77637796829218
0.0165167776409305,651.7806570870536,633.1484345935639,631.9639104772373,20.14018109264562,64.75755699153436,646.6489868164062,0,Train,2019-07-06,0.0008144131568057489,0.009302445781639967,0.04150686167911899,0.0029517407964642175,0.00307469705072217,6.007271902901721,25.9752197265625,669.7153090559522,582.3570280673736,87.3582809885786,11811.150390625,-0.011350334557515662,11868.70703125,11830.383324032739,58.77637796829218
-0.0089809750708792,649.6333705357143,635.7207176571801,633.2989174171618,18.0474295845974,57.15692619375897,638.730712890625,0,Train,2019-07-07,-0.004056245195572017,-0.0004032322604269334,0.031016063323423104,0.0033373697865178723,0.00345004698541644,-0.2620588030133604,19.54292515345992,670.6224387109515,587.2737928041155,83.34864590683605,11811.150390625,-0.011350334557515662,11868.70703125,11830.383324032739,58.77637796829218
-0.0122450882738789,647.2975463867188,637.1064424060639,633.7927170056583,17.032659297289918,53.11424706162875,658.637939453125,1,Train,2019-07-08,-0.007700429853728208,-0.006069439188130188,0.020899423848510068,0.0034457539043418767,0.003958306649217454,-3.9527239118303896,13.251203264508945,670.4023626042934,592.9541271766774,77.44823542761605,11558.599609375,-0.02138240331360608,11828.285574776786,11815.523763020834,43.517684066525554
0.0311668535123483,648.281720842634,639.6563488188244,636.0513735917917,15.975346415050415,66.51509596782836,654.3658447265625,0,Train,2019-07-09,-0.005368272602714441,-0.006128440269843827,0.015232335535388941,0.002336457618091891,0.003977537542615674,-3.997453962053555,9.7266845703125,669.8162014899599,598.7596137653413,71.05658772461857,11555.900390625,-0.00023352472109261502,11795.007114955357,11798.057105654761,43.405500681765275
-0.00648625666798,648.607666015625,641.8877912248884,637.7163255131345,14.460918880489398,56.34047793532361,657.9893188476562,1,Train,2019-07-10,-0.0015788975237579495,-0.005692031781063256,0.009403602617844564,0.0021286709071723668,0.0037587394130714023,-3.713030133928555,6.042428152901834,668.7595432472074,604.7288435064199,64.03069974078744,11498.900390625,-0.004932545113165099,11742.621512276786,11775.833333333334,32.37863917048213
0.0055373827199185,650.1126970563616,644.1607724144345,639.5593249071819,12.90852881061832,59.42927041355994,652.777587890625,0,Train,2019-07-11,0.004349082868237986,-0.0025590818207867905,0.006719558240964707,0.0022676878071310547,0.0035511089459338567,-1.6679600306919156,4.339311872209805,667.5025230219516,610.6383330397115,56.86418998224008,11582.900390625,0.007305046321514741,11695.850167410714,11760.43810453869,42.33278679136025
-0.0079206923391379,651.6656494140625,646.0108962286087,640.760985178404,11.001743129348068,55.70019008218607,675.391357421875,1,Train,2019-07-12,0.005219842643457762,0.0031283474195180627,0.0027238537084897096,0.002516065992825677,0.0033580013210152216,2.0322788783481656,1.7702200753348052,666.372411861907,616.0240480990306,50.34836376287649,11552.5,-0.0026245922523520093,11643.814453125,11743.221447172618,42.06094466549771
0.0346423804228999,654.9345354352679,648.4234095982143,643.9092008369013,11.637905257110326,59.02365550225991,692.345947265625,1,Train,2019-07-13,0.00975453999566267,0.01179826664132988,0.005657218591294866,0.0031418438738159155,0.0031513778078594,7.63698904854914,3.68426513671875,665.8186398046956,620.5749192424586,45.24372056223706,11552.5,-0.0026245922523520093,11643.814453125,11743.221447172618,42.06094466549771
0.0251033562355158,661.4626726422991,651.2204270135788,648.3125414213307,14.584645222715196,63.05960625013321,687.85009765625,0,Train,2019-07-14,0.017458473949715003,0.020332135514375738,0.014079090966473862,0.004167153442293236,0.003665425463073717,13.180951799665195,9.18349783761164,666.1251452377811,624.5898415088706,41.53530372891055,11552.5,-0.0026245922523520093,11643.814453125,11743.221447172618,42.06094466549771
-0.0064936461708645,668.4797276088169,653.8502197265625,651.9068647154143,15.976432576135734,64.20953896367533,691.83154296875,1,Train,2019-07-15,0.02580169479528749,0.030638030714723596,0.024771606289123005,0.004111776097439391,0.004266782671241099,19.872061593191916,16.15903145926336,667.5627440812439,627.9210257987786,39.64171828246526,11588.349609375,0.0031031905972733753,11592.61439732143,11732.03334263393,37.98217643323381
0.0057882456164013,673.2216709681919,657.1329403831845,655.536380920263,16.37520276624421,67.28398213482052,698.564208984375,1,Train,2019-07-16,0.02792208158754428,0.03554610456996943,0.03289605735917789,0.003948398174757285,0.004320666138183931,23.108973911830276,21.44101388113836,670.2266481773295,629.998745063463,40.22790311386643,11662.599609375,0.006407297199588324,11571.392857142857,11731.578543526786,39.59726898718533
0.0097316551753829,679.5357230050223,659.7978864397321,659.4480016533641,18.3291546746912,68.99455052289838,697.9827270507812,0,Train,2019-07-17,0.02732285752501795,0.04276744311445424,0.04602958195427864,0.003509149782774337,0.004687015241855756,27.870073590959805,29.90235246930797,674.4182746767124,630.7516463263566,43.66662835035572,11687.5,0.0021350634900458854,11589.807198660714,11731.38806733631,41.515685120783445
-0.000832395828637,685.2490670340402,662.5469796316964,662.9511585076748,19.54031963174377,71.35574480862505,702.2772827148438,1,Train,2019-07-18,0.025085786049500625,0.04628635376301449,0.058630719147895416,0.0029593358511669408,0.004873612957018921,30.314531598772305,37.951520647321445,679.667791714395,630.6224016798574,49.045390034537604,11596.900390625,-0.007751838235294128,11595.664341517857,11726.885695684523,39.852010639703934
0.0061528108040846,692.3204520089286,665.4355991908482,666.5262607083265,20.738439796760428,75.78837590079989,706.9520874023438,1,Train,2019-07-19,0.02836923091508603,0.04665082497151962,0.0679314713810737,0.002023479703471644,0.005077508383173282,30.857779366629416,44.03873116629461,686.1871963464092,629.4795386215036,56.70765772490563,11419.25,-0.01531878214359883,11584.285714285714,11707.242838541666,28.677234854493037
0.0066566366342197,696.8291277204241,667.8481067475818,670.201335862328,22.49377693508551,74.49688980432543,693.9118041992188,0,Train,2019-07-20,0.025448852988813497,0.04240876565249674,0.07434611743185515,0.0016077114846853484,0.00488575800382746,28.349400111607224,48.22146170479914,692.8576752684528,628.2354486852303,64.62222658322253,11419.25,-0.01531878214359883,11584.285714285714,11707.242838541666,28.677234854493037
-0.0184457807473782,697.0528215680804,669.3829549153646,672.3568329838636,23.142169056610097,69.9754522603732,709.7257080078125,1,Train,2019-07-21,0.017225495227786825,0.0353986682657077,0.07220305759948764,0.0035270574697052453,0.004506001098352585,23.831150599888474,46.94012451171875,698.4793258894045,627.7417417026712,70.73758418673333,11419.25,-0.01531878214359883,11584.285714285714,11707.242838541666,28.677234854493037
0.0227895010762111,700.1779087611607,671.9850609188989,675.7540034405862,24.486746723276934,78.1284429582526,706.3258666992188,0,Train,2019-07-22,0.011349450575137476,0.030376895661724967,0.0744434809333856,0.0033903605564429232,0.0037702648828446305,20.64218575613836,48.512259347098166,704.0542360721636,627.1950794621557,76.85915661000786,11346.2001953125,-0.006397075524881224,11550.471400669643,11689.247628348214,23.762808866279073
-0.0047903595293694,702.2485264369419,674.583972749256,678.5332637368256,25.119669068839155,71.73749380275311,694.6051635742188,0,Train,2019-07-23,0.007777227588414037,0.024807708934913908,0.0722423210897396,0.003649719879778088,0.003667915503988579,16.99945940290172,47.313991001674026,709.2639416061751,627.0851995419833,82.17874206419174,11331.0498046875,-0.0013352832106081625,11518.835658482143,11671.695219494048,22.976834467414434
-0.0165939032925027,701.6829485212054,676.6087791806176,679.9943455402249,24.928365782032945,67.17587003382125,693.777587890625,0,Train,2019-07-24,0.006642433413739157,0.013523356828632371,0.0608050575525918,0.0041050377142268545,0.0038247456324625407,9.362496512276834,40.22027587890625,713.6079236518965,627.6815948679136,85.92632878398285,11271.2998046875,-0.005273121293252303,11473.54282924107,11646.688058035714,19.6685941519401
-0.0011914332443705,701.0822143554688,678.8146594819568,681.2473675720794,24.26010831672092,65.64949591624635,695.5894165039062,1,Train,2019-07-25,0.0012915368836872165,0.006103485726777658,0.048771092675124805,0.004165485662734171,0.00411971308984633,4.25308663504461,32.602486746651834,717.1867607626564,628.9789095777453,88.20785118491108,11252.150390625,-0.0016989534831232112,11414.9072265625,11618.335704985118,21.965897693079228
0.002611540996575,700.1268048967634,681.3709687732514,682.5511902022455,22.970676297805827,69.29446359262693,703.5075073242188,1,Train,2019-07-26,-0.0030213257277216243,0.004409971860909634,0.03996474725758303,0.0030691796571938232,0.004441084172640565,3.0739833286829708,26.905133928571445,719.9860201713128,631.01426495006,88.9717552212528,11284.2998046875,0.0028571795564771296,11357.307198660714,11591.799990699405,32.33966729415255
0.011383282483091,699.6347220284598,683.7994617280506,684.4563099406067,22.45686121592955,64.60615338371422,698.7431640625,0,Train,2019-07-27,-0.002919019903593556,-0.000775783877074776,0.02957754587876016,0.002249290345944032,0.004708877891591597,-0.5431867327008604,20.0989990234375,721.9825019804947,634.0179182901526,87.96458369034212,11284.2998046875,0.0028571795564771296,11357.307198660714,11591.799990699405,32.33966729415255
-0.0067722706753192,700.3249162946429,686.2801368350074,685.7551148607788,20.976343864003884,53.80526809546353,698.9443969726562,1,Train,2019-07-28,-0.0010801843853963655,-0.002739215633614789,0.022000539637150318,0.002250763118677383,0.0045506303079829325,-1.923610142299026,15.075849260602695,723.2111179205023,638.0920393409375,85.11907857956476,11284.2998046875,0.0028571795564771296,11357.307198660714,11591.799990699405,32.33966729415255
0.0002879926709926,698.7847290039062,689.147455124628,686.954140507313,18.065054674365644,56.9545611413241,701.5391845703125,1,Train,2019-07-29,-0.001916904028628097,-0.004130383278383998,0.00933711690333583,0.001718843993040407,0.004426357850428287,-2.8982195172991396,6.464276994977695,723.588345618339,642.765112459228,80.82323315911094,11189.2001953125,-0.008427603929443195,11299.06431361607,11563.24525669643,28.90100072483719
0.0037124377974773,698.1009172712054,691.1903715587798,688.2800536039492,16.8255828445947,56.19298598099545,708.115234375,1,Train,2019-07-30,-0.002192293648330401,-0.004252421503809223,0.0018251096290158308,0.0009570981060215914,0.0044031737364413235,-2.9812970842633604,1.27178955078125,723.1029779338621,648.1998052692629,74.9031726645992,11085.400390625,-0.009276785013729971,11251.371512276786,11526.09291294643,27.424081179127683
0.0093737455431164,700.0309273856027,693.7498663039435,690.083251855863,14.924541342662405,56.10527268584556,700.8233032226562,0,Train,2019-07-31,-0.000419789303792939,-0.00013694306587053173,0.004272424879972148,0.0016686845502015065,0.00395212413340569,-0.09587751116066556,2.978105817522305,722.1182876962115,654.1763185398376,67.94196915637394,11118.0,0.00294076968140633,11218.771484375,11488.364350818452,23.108443371925915
-0.0102976617340817,701.0374581473214,695.7895798456101,691.0596201619351,12.527342861264149,51.67230569776902,699.07861328125,0,Train,2019-08-01,0.0032237813018987094,0.0020049549782130693,0.0012276156893917811,0.0017714821061451938,0.0035156503320946716,1.4027361188616396,0.8595493861607792,720.3338600593851,660.89792704999,59.43593300939506,10980.0,-0.012412304371289817,11168.621512276786,11443.75720796131,20.55035234686926
-0.0024894861991368,701.5359148297991,697.994390578497,691.7886195364182,7.737530854715758,48.05859014680877,704.96142578125,1,Train,2019-08-02,0.004920488533406875,0.001729195273479034,-0.0010147569988625538,0.001678054681403422,0.002472931208570805,1.21099853515625,-0.7126116071427759,717.7928680901167,668.0990569587115,49.693811131405255,10997.349609375,0.0015801101434427256,11129.485770089286,11398.547665550595,19.00885104395617
0.0084150943659797,701.7436174665179,699.4024890718006,692.9861473768574,5.888092125158065,48.80924303417216,720.216064453125,1,Train,2019-08-03,0.0024465920203147196,0.00423433475260615,8.646204876483488e-05,0.0016212126582205299,0.0018851562425431562,2.9588884626116396,0.0606689453125,715.1568040229189,674.7632155083312,40.39358851458769,10997.349609375,0.0015801101434427256,11129.485770089286,11398.547665550595,19.00885104395617
0.0216389693307963,704.8111746651786,700.7296375093006,695.4615943837907,7.2104609176545615,65.32838900914575,715.3623657226562,0,Train,2019-08-04,0.005383045476386128,0.009612159543068266,0.005318863085320036,0.002211699327892975,0.002147493885412794,6.710257393973166,3.728960309709805,713.111344993032,680.4418192438542,32.669525749177865,10997.349609375,0.0015801101434427256,11129.485770089286,11398.547665550595,19.00885104395617
-0.0067392258657188,707.1565987723214,702.0397455124628,697.2707554145966,7.252603251458127,53.76569361816647,702.9706420898438,0,Train,2019-08-05,0.008011968915213608,0.010179080820515995,0.010040743800110219,0.0018757884467396593,0.002012727757750628,7.12567138671875,7.029793875558084,711.1452885322437,685.8013684850553,25.343920047188476,10862.599609375,-0.012252952282714391,11073.835658482143,11353.378580729166,10.552192261834819
-0.0173223029705993,707.3610927036831,702.5701788039435,697.7889269305281,6.8656962455188495,47.998890456616415,691.8092041015625,0,Train,2019-08-06,0.00800502505095202,0.009020394677730303,0.011043435141157909,0.0016169242339374513,0.001907176275977607,6.32363455636164,7.726370675223279,709.5370766921924,690.1921172949728,19.344959397219554,10948.25,0.007884888857643269,11025.828543526786,11324.31431361607,15.608218495977425
-0.0158775307530619,705.0316598074777,702.2485119047619,697.2453157642584,7.212259076010768,48.32124599175447,677.9188842773438,0,Train,2019-08-07,0.000312828669897236,0.004982987903800584,0.006720799736410488,0.002466050189529113,0.0021416426744019206,3.495744977678555,4.706743512834805,707.9309305850884,693.7765226794204,14.154407905667995,10855.5,-0.00847167355513434,10978.15708705357,11290.9619140625,15.577051428073972
-0.0200782524168029,701.7595999581473,701.2930908203125,695.4883674472661,8.930000171437559,41.76920225925703,689.9750366210938,1,Train,2019-08-08,-0.007631971226095824,2.277540006301315e-05,0.004257206591336882,0.003242479834601255,0.0025115096324476328,0.015982491629415563,2.974870954241055,707.1559377930406,695.4954302663904,11.660507526650235,11032.4501953125,0.016300510829763803,10970.5927734375,11268.75,32.029342293791345
0.0177840632904064,700.4590890066964,700.707269577753,694.9871555539777,9.259645947107645,47.36616658210393,690.802734375,1,Train,2019-08-09,-0.009757397979871518,-0.006174824995573536,0.0033779811444867303,0.0033128296522201305,0.002536358438890995,-4.35208565848211,2.358171735491055,706.9619620805603,696.0524021074979,10.909559973062414,11109.650390625,0.006997556657477588,10969.399972098214,11246.214285714286,39.05215420730974
0.0011996053624774,698.4364188058036,699.9382527669271,694.606753628616,9.38483831846333,43.61514757964233,677.31494140625,0,Train,2019-08-10,-0.009354531686527556,-0.01233132799956449,-0.0022777687633803723,0.00344684918598604,0.0026500380946009915,-8.72017996651789,-1.5945085797991396,706.8244595509502,696.3282643608802,10.496195190070011,11109.650390625,0.006997556657477588,10969.399972098214,11246.214285714286,39.05215420730974
-0.019524811205261,692.3076869419643,699.1479259672619,693.03477069931,10.544863665313938,40.09923327433709,675.3242797851562,0,Train,2019-08-11,-0.01346887597511548,-0.021281076831892842,-0.012452645866353307,0.00380531426608944,0.0034883164842023535,-15.05340576171875,-8.72977120535711,707.8585358145626,694.507165915348,13.35136989921466,11109.650390625,0.006997556657477588,10969.399972098214,11246.214285714286,39.05215420730974
-0.0029390487340508,686.5879603794643,697.5097627185639,691.4247260707506,11.45252042892033,39.26401200236142,686.8212280273438,1,Train,2019-08-12,-0.01980291046962135,-0.026160100998939173,-0.021307468561978515,0.003312292549321953,0.004010419938922525,-18.44369942801336,-14.947954450334805,709.7051142398788,691.0945308842842,18.6105833555946,11109.650390625,0.006997556657477588,10969.399972098214,11246.214285714286,39.05215420730974
0.0170243371759788,684.2809012276786,696.5809704008557,691.0062262486226,11.492627657299009,43.8111248277225,687.6488647460938,1,Train,2019-08-13,-0.02026743909249218,-0.024906960633685915,-0.024884752499615748,0.002721953699542212,0.0040483774752784855,-17.47869873046875,-17.462716238839334,711.2665430706451,687.7928973241652,23.47364574647986,10925.849609375,-0.01654424529912324,10961.66420200893,11216.373790922618,33.77900271701948
0.0012050249540584,683.6865670340402,696.2497180757068,690.7010115665745,11.651575468658002,40.956740164284135,671.70068359375,0,Train,2019-08-14,-0.012452728852405226,-0.023945041524753297,-0.02997201007939987,0.0030668714809928247,0.0038721352607326226,-16.77252197265625,-21.12460763113836,712.3312034313935,684.988672231274,27.342531200119538,11029.400390625,0.009477595331455646,10966.242885044643,11189.757161458334,40.644359119431776
-0.0231923325551223,682.7982526506696,695.1984369187128,688.9737090235905,12.822867953170308,38.046314097505416,682.0345458984375,1,Train,2019-08-15,-0.005519624501863163,-0.02239025018465146,-0.034445476665196706,0.0032723442276617765,0.0037704157847935505,-15.638166155133945,-24.358346121651834,713.1641525121912,682.4228679258671,30.741284586324127,11029.400390625,0.009477595331455646,10966.242885044643,11189.757161458334,40.644359119431776
0.0153846237723014,681.6638968331473,694.552966889881,688.342876012213,13.139453470228364,43.46487672545976,676.9122924804688,0,Train,2019-08-16,-0.003824459209421205,-0.015374363609672481,-0.03632825742834633,0.0032930928935337687,0.003697883503413262,-10.64379010881703,-25.69719587053578,713.8335322521972,679.9564056663297,33.87712658586747,11047.7998046875,0.0016682152620135504,10992.70005580357,11160.480980282739,42.09200043233143
-0.0075102550871837,679.6795479910714,693.2865280877976,687.3037320547817,13.509687518826398,39.18216481464132,692.5026245117188,1,Train,2019-08-17,-0.005860900646844525,-0.010061948048979419,-0.03595882747071122,0.0032919370379237436,0.0036406596653439133,-6.90841238839289,-25.35211181640625,714.3652779992767,677.360123088893,37.00515491038368,11047.7998046875,0.0016682152620135504,10992.70005580357,11160.480980282739,42.09200043233143
0.0230315392473092,681.8492170061384,692.9893595377604,687.7763586417759,13.45217133717281,39.3392378089296,692.345947265625,0,Train,2019-08-18,-0.0013899210211025803,-0.0035536345047443296,-0.028372084903714012,0.0034287926886571157,0.00348545049048141,-2.431684221540195,-19.910382952008945,714.4805455430514,675.5513043453416,38.92924119770987,11047.7998046875,0.0016682152620135504,10992.70005580357,11160.480980282739,42.09200043233143
-0.0002262478733625,684.2808837890625,692.6751476469494,688.1917757893985,13.383005026590835,40.81413221670893,690.5790405273438,0,Train,2019-08-19,0.0038391162684030533,0.0008692824807141619,-0.023096574049136676,0.002777304368701852,0.0035158315177730376,0.5943167550223052,-16.178205217633945,714.3028778368762,674.3469687033025,39.95590913357364,11053.900390625,0.0005521991749806165,11007.79296875,11130.3095703125,40.90050409407699
-0.0025520576025027,684.8177141462054,692.1532360258557,688.4087998564845,13.232911166421978,44.59622323317388,684.1818237304688,0,Train,2019-08-20,0.007559689224607036,0.0029576254591983098,-0.019498846699437022,0.0024869194537896736,0.003546685923179913,2.0194614955357792,-13.618704659598166,713.7844720177306,673.3440531985084,40.44041881922226,11017.0,-0.0033382235519596737,11030.86439732143,11102.695265997023,42.87133860343195
-0.009263554816245,684.3224225725446,691.0135498046875,688.0245292995739,12.813430850314967,46.52962180661724,681.698974609375,0,Train,2019-08-21,0.0036272030600337235,0.0039000536066942093,-0.011534270845224848,0.0024779348332645014,0.003558092098845255,2.658525739397305,-7.985264369419724,713.0297343375611,672.4272873212002,40.602447016360884,10918.7001953125,-0.008922556475220111,11014.61439732143,11078.859561011905,43.067456059625215
-0.0036289317181157,685.750749860491,690.1028674897693,687.4494788731922,12.760866083873372,51.919116548843846,687.9842529296875,1,Train,2019-08-22,0.0021480449129156476,0.008932447485530792,-0.001219378385998171,0.002481718353885001,0.0036449166921020083,6.07120186941961,-0.8372105189732792,712.0249829014564,671.8535222603738,40.171460641082604,10741.349609375,-0.016242829527789215,10962.0,11050.057152157739,36.019463788856164
0.0092200202060066,686.6007080078125,689.5745646158854,687.49809469651,12.599320213595332,48.92638794073327,707.2652587890625,1,Train,2019-08-23,0.0026036035937389013,0.00696853627336691,0.0033901381376741924,0.0022706532722307615,0.0037239137241787046,4.75149100167414,2.319806780133945,710.8489789269092,671.5152352890507,39.33374363785856,10829.349609375,0.008192639025843995,10948.214285714286,11026.166666666666,44.192588063985205
0.0280253592684271,690.9368460518973,689.6842709495908,689.2951096140148,12.749136864172735,57.40437143468928,685.5015869140625,0,Train,2019-08-24,0.009665653588388112,0.009726944622475475,0.010604682565740875,0.0022770857834867805,0.004223634489040444,6.655962262834805,7.25027901785711,709.080503293091,671.8962780615408,37.18422523155027,10829.349609375,0.008192639025843995,10948.214285714286,11026.166666666666,44.192588063985205
-0.0307715833692474,689.9366978236607,688.0312005905878,688.9502439140191,10.67410130404098,53.42699551652,686.1949462890625,1,Train,2019-08-25,0.006104182844891115,0.007474958038778734,0.010454691624179002,0.0026382748608531474,0.003555533860604823,5.118983677455276,7.138445172991055,706.4832273502553,672.7715639095103,33.71166344074504,10829.349609375,0.008192639025843995,10948.214285714286,11026.166666666666,44.192588063985205
0.0010114628298985,689.0579833984375,686.6422758556548,688.6997623117503,8.644641881120648,54.600515470574834,685.9489135742188,0,Train,2019-08-26,0.0035789001700199385,0.00692007257060312,0.010847114831284754,0.0026977833791860663,0.002739484628781012,4.73556082589289,7.394086565290195,703.3564815480249,674.0679987812159,29.28848276680901,11057.849609375,0.021100066785376237,10952.27845982143,11016.002371651786,52.00569800569801
-0.0003585463812788,688.3965366908482,685.8317173549107,688.4496851537929,7.79315329531723,49.591977032863376,683.0411987304688,0,Train,2019-08-27,-0.003676615852179266,0.003858233958760282,0.012825144916514652,0.0027993894090255784,0.002565046308514258,2.6457868303571104,8.71698869977672,700.3501982434892,675.4107697740889,24.939428469400355,11105.349609375,0.004295591066795668,10960.49986049107,11009.01185825893,58.54180182755853
-0.0042389670516409,688.2335902622768,685.4141932896206,687.9580045698543,7.691100567624206,47.885913482972384,680.6701049804688,0,Train,2019-08-28,-0.0024684982937653865,0.002378212307998062,0.009363321240098976,0.002762562434017506,0.002545900198156856,1.6328822544643344,6.384373256138474,697.8362363512526,676.5721306967382,21.264105654514424,11046.099609375,-0.005335266523260329,10959.385463169643,10997.668991815477,53.50827928421271
-0.0034713773552854,688.0866088867188,685.5452037992932,687.2954682435466,7.579666340595638,54.70104062367043,673.9598388671875,0,Train,2019-08-29,-0.0014097137470607812,-0.004125177549099024,0.0055616416997985585,0.002722938413205299,0.0025038310767457146,-2.850237165178555,3.80572509765625,695.2229914185831,677.9481276174103,17.27486380117284,10948.2998046875,-0.0088537862364102,10949.57114955357,10986.197544642857,53.315219931997994
-0.0098583235317405,686.0831211635044,684.7825753348214,686.0831383002411,7.910153136333125,45.600797001401936,658.3919677734375,0,Train,2019-08-30,-0.003360585656726922,-0.005585406128289727,0.0018478012340505945,0.002972840255887346,0.0026090249378939927,-3.85357666015625,1.265407017299026,692.5622179048718,679.3735713668915,13.188646537980276,11023.25,0.006845829640179435,10964.5068359375,10983.238002232143,49.645492551241965
-0.0230991079823346,679.1012224469866,683.2392054966518,683.5657591614408,9.647824899400522,40.94097303700732,662.0155029296875,1,Train,2019-08-31,-0.013269285231791716,-0.014449815822964673,-0.007629737026488392,0.0035218401002160486,0.003788255347839024,-9.95676095145086,-5.221200125557971,691.8737031294899,678.7414396927758,13.132263436714084,11023.25,0.006845829640179435,10964.5068359375,10983.238002232143,49.645492551241965
0.0055036138555943,675.7460675920759,682.5106608072916,681.6066449585542,10.643807652282293,33.11027900613574,645.8660278320312,0,Train,2019-09-01,-0.017934575582874812,-0.01837671810434094,-0.014589385823421286,0.003601059587228918,0.003874730055640447,-12.650469098772305,-10.004682268415195,692.5615288723876,676.9694246711391,15.592104201248503,11023.25,0.006845829640179435,10964.5068359375,10983.238002232143,49.645492551241965
-0.0243944062128277,669.9847935267857,681.1078869047619,678.3574979470521,13.258345698875525,28.12633025398982,631.5059814453125,0,Train,2019-09-02,-0.023464106811749263,-0.026515411327913796,-0.02420025829748751,0.004050555723938385,0.004200227701347307,-18.24879673549117,-16.615914481026834,694.2766690464506,673.8246737269868,20.451995319463776,11023.25,0.006845829640179435,10964.5068359375,10983.238002232143,49.645492551241965
-0.022233784976926,662.2072317940848,678.4738275437128,674.0982691741667,17.025976813056424,25.145847724652228,619.8077392578125,0,Train,2019-09-03,-0.024876984600363694,-0.037610639065487894,-0.04158066605070676,0.004672588829062993,0.004925359965724507,-25.879377092633945,-28.7296142578125,697.123659460079,668.8297497893628,28.293909670716175,10797.900390625,-0.02044311880570615,10972.585518973214,10967.995163690477,39.21841332027424
-0.0185243569043107,653.1738804408482,675.2432977585565,669.1627664544982,21.137695663588865,24.07207373752225,638.1044921875,1,Train,2019-09-04,-0.03340335702087094,-0.04796684207424695,-0.05328433390886045,0.004890016131576142,0.005733963460051798,-32.90924072265625,-36.7628173828125,700.93469698791,662.05627504055,38.87842194736004,10844.650390625,0.004329545403159107,10974.77134486607,10961.54994419643,46.89771735156069
0.0295200459284308,647.0930786132812,673.6434791201636,666.3392869756801,22.6373988239189,34.42546310267892,647.9909057617188,1,Train,2019-09-05,-0.03416751415058683,-0.04713309706375046,-0.060901848314978024,0.003721317371648278,0.005718268111934489,-32.00814383370539,-41.96490478515625,704.5552449100483,654.9786452964249,49.57659961362333,10847.900390625,0.000299686931614751,10944.778599330357,10954.433314732143,42.49007194105069
0.0154934085173525,643.3832310267857,672.0223533993676,664.6712523198654,23.217980110079548,36.07042137947367,652.1512451171875,1,Train,2019-09-06,-0.02842614798437071,-0.04789200872542332,-0.06538862888596653,0.0030842984391039456,0.005515550910658159,-32.362836565290195,-45.0133056640625,707.6047849991079,648.2994735109368,59.30531148817113,10946.2001953125,0.009061643373168504,10922.04296875,10958.414295014882,46.056836615575875
0.0064203668886035,642.49169921875,670.843255905878,663.5330698468947,23.583093265201608,28.543974269534985,641.3478393554688,0,Train,2019-09-07,-0.01635426881259916,-0.04103540046530396,-0.06646274127087459,0.004182916096408346,0.004658638060738463,-27.493094308035666,-45.741891043526834,709.5178470805349,642.4506596507708,67.06718742976409,10946.2001953125,0.009061643373168504,10922.04296875,10958.414295014882,46.056836615575875
-0.0165657979534754,639.5391758510044,668.4073137555804,661.5162307113105,23.874135597787376,31.207100524080857,642.22021484375,1,Train,2019-09-08,-0.01167359536353696,-0.03423106069329229,-0.07055424769021601,0.004225131740968277,0.0045396582757528765,-22.66805594308039,-48.547433035714334,710.7413428658891,636.7529930716106,73.98834979427852,10946.2001953125,0.009061643373168504,10922.04296875,10958.414295014882,46.056836615575875
0.0013602220741211,639.0183454241071,666.0203741164435,659.7620474506232,23.86686603668553,31.31177255456943,649.8922119140625,1,Train,2019-09-09,-0.006784270077590526,-0.021671924491510675,-0.06859923278622826,0.004955247216424675,0.0045732538325429315,-14.155535016741055,-47.064775739397305,711.1384496493692,631.7759494159209,79.36250023344837,11003.0498046875,0.005193547382711383,10915.892996651786,10961.02380952381,48.10124366698342
0.0119460535389392,641.6449497767857,664.0829060872396,658.8647896745722,23.420830449365223,35.58648965038357,657.7432861328125,1,Train,2019-09-10,-0.0013179149909546828,-0.008419389754826145,-0.05515565490404484,0.005854396948809105,0.005117021281406129,-5.448128836495584,-37.456272670200974,710.647577951173,627.999073834541,82.64850411663201,11003.0498046875,0.005193547382711383,10915.892996651786,10961.02380952381,48.10124366698342
0.0120805790172913,647.0643136160714,662.8239281063989,658.7628348071395,22.99309106320243,40.27174640132001,659.4655151367188,1,Train,2019-09-11,0.011766500081959341,0.005721446273026176,-0.0424445740072269,0.006043760773381776,0.00615874145509598,3.6810825892857792,-28.681753976004416,709.095540084159,625.6824680771133,83.41307200704568,11035.7001953125,0.0029673946046386845,10928.37876674107,10969.604771205357,50.70048689124876
0.0026183908528083,650.1158883231027,661.7651919410342,658.8267148371012,22.588843399314268,41.80492757342674,665.4824829101562,1,Train,2019-09-12,0.01736654820391781,0.011866595496289545,-0.02965575546736443,0.005225365638203469,0.006544050509440594,7.624189104352695,-19.86890520368297,706.9233510737453,624.206175119056,82.71717595468931,10982.7998046875,-0.00479356902496042,10922.600167410714,10967.240466889882,52.48563634077734
0.0091240066922833,652.6146850585938,660.6936790829614,659.4317846619244,21.802964339157988,46.70605059514634,661.2996826171875,0,Train,2019-09-13,0.017096269963044586,0.020445204455521226,-0.014485717272374798,0.004465601839679912,0.006873333492984614,13.075509207589334,-9.592546735491055,703.5842962290538,623.7130138644171,79.87128236463673,11075.900390625,0.008476944640087414,10962.314453125,10965.633324032739,63.88004284994255
-0.0062853649801228,653.9216047014509,658.5048421223959,659.6015935669484,19.02397057847661,51.23948106226962,656.4458618164062,0,Train,2019-09-14,0.010597541760660523,0.023322114903371993,0.0011447552986931786,0.004207855494938611,0.006738713671941967,14.90325927734375,0.7477242606026948,700.0006771890702,623.6951235921798,76.30555359689038,11075.900390625,0.008476944640087414,10962.314453125,10965.633324032739,63.88004284994255
-0.0073398202484712,656.0784650530134,657.1212361653646,659.3147088623537,17.99089023316789,47.65045477975766,672.7296142578125,1,Train,2019-09-15,0.009171559774197258,0.022494551357801207,0.013885771207733821,0.002803446479246047,0.006883738473586349,14.433515276227695,8.98538643973211,696.1895040247337,624.208344921974,71.98115910275965,11075.900390625,0.008476944640087414,10962.314453125,10965.633324032739,63.88004284994255
0.0248059335713513,660.4369506835938,656.4800298781622,660.5342457164862,17.121841925447413,61.31954206742454,664.7443237304688,0,Train,2019-09-16,0.011986039854891883,0.020666627391008996,0.026506316662297413,0.0021651535417312275,0.006985113611937428,13.372637067522305,17.053719656808084,692.2630778238538,625.3388125221284,66.92426530172543,11003.5,-0.006536749886833726,10985.007254464286,10969.330961681548,57.32000656760529
-0.0118699851442596,662.5586809430804,655.4702875046503,660.9169800813937,15.877061585991797,64.80082187983268,646.40283203125,0,Train,2019-09-17,0.01320812185976461,0.019139345528183416,0.031233059895919624,0.0022330082930894514,0.00634802465817933,12.442792619977695,20.06698172433039,688.0683577006662,626.9660417133964,61.102315987269776,10817.599609375,-0.01689465993774708,10980.67857142857,10959.245210193452,39.52658117052853
-0.0275917988983921,660.9386160714286,653.725603376116,659.5975120768352,14.66247407188168,61.181106968952975,633.6309814453125,0,Train,2019-09-18,0.00740788072966625,0.012754740589521862,0.033460718324172856,0.0028195147407638036,0.0050652521637058415,8.323931012834805,21.39944022042414,683.20319442158,629.1164057109537,54.08678871062625,10840.650390625,0.002130859163064436,10965.600027901786,10949.380952380952,38.209409435186814
-0.0197583456523594,657.2479684012277,651.4856451125372,657.2369183830604,13.914353934935056,48.02761882618374,622.7154541015625,0,Train,2019-09-19,-0.004828594582821699,0.005086792783510319,0.028527542452669197,0.004164934419528203,0.0045630356348281675,3.3263636997768344,18.229622977120584,677.8337480018934,631.6023368544124,46.23141114748091,10704.7998046875,-0.012531589991591652,10922.992885044643,10932.757114955357,35.768531315331046
-0.0172269470139412,651.1383928571429,649.0454363141741,654.0986034483786,14.264943771090348,38.95621507422653,620.143310546875,0,Train,2019-09-20,-0.01723664395987079,-0.007529697222223741,0.014795476974703403,0.005660399545469442,0.005048304044118696,-4.940072195870471,9.493443080357224,673.4106094117298,633.2291924855916,40.18141692613813,11274.2001953125,0.05319112930777714,10957.06431361607,10945.00474330357,59.75339022679448
-0.0041305278964025,645.2589111328125,647.2240716843378,651.011758639151,15.407924727207586,35.817709189722464,594.3756713867188,0,Train,2019-09-21,-0.023723390580225323,-0.02298181459270421,-0.002790143800651901,0.00639716722055425,0.005684115597021021,-15.17803955078125,-1.8054024832589448,669.1636746323126,634.4274116190826,34.73626301322997,11274.2001953125,0.05319112930777714,10957.06431361607,10945.00474330357,59.75339022679448
-0.041551103949558,636.3917410714286,644.0031273251489,645.8630234343844,18.847262042339764,31.62407080727901,588.7838134765625,0,Train,2019-09-22,-0.031732661541019946,-0.03949376956982287,-0.02111030894364685,0.007277333730631957,0.006723439813803444,-26.166939871651834,-13.72414725167414,666.5498130001228,633.6819680057366,32.86784499438613,11274.2001953125,0.05319112930777714,10957.06431361607,10945.00474330357,59.75339022679448
-0.0094079522082558,624.3994838169643,641.2849266415551,640.6740043473096,22.3550073131059,29.83964784976692,600.7280883789062,1,Train,2019-09-23,-0.041064863220321546,-0.05528370012884132,-0.043234088793291825,0.007253859468441903,0.008352492348474932,-36.53913225446422,-28.215201241629416,667.2905570500352,629.1604491581122,38.13010789192299,11600.2001953125,0.028915576657539077,11045.264369419643,10977.457124255952,65.0110398272248
0.0202863506586856,615.2543073381696,639.8193126860119,637.042557441091,23.978164953235584,32.03075120586185,599.3189086914062,0,Train,2019-09-24,-0.04650009984669101,-0.06389317743379064,-0.05913139600416606,0.005627125223558882,0.00885214368201035,-41.993661063058084,-38.66729736328125,670.247062388036,622.4119865098435,47.83507587819258,11588.2001953125,-0.0010344649056013289,11118.45005580357,11017.78334263393,73.12977841037382
-0.0023457862463244,608.5280325753348,638.8436540876116,633.6131348274833,25.21792759073616,27.59093903499347,586.5469970703125,0,Train,2019-09-25,-0.04378389394114768,-0.06543979090963636,-0.07247674632002488,0.0043740239050193115,0.008436954274850255,-42.610360281808084,-47.550432477678555,673.6775876478428,615.124956646242,58.55263100160073,11440.2001953125,-0.012771612287114875,11180.83579799107,11046.87146577381,66.45480374618542
-0.0213107102677284,601.8017490931919,636.3885352725074,629.334395031377,27.682748814000323,24.21706835655681,568.5857543945312,0,Train,2019-09-26,-0.03619114895104025,-0.06734841052148732,-0.08878243643047334,0.003494252381030602,0.008183317895643985,-43.457162039620584,-58.635201590401834,677.2611510033415,607.3832450973838,69.87790590595773,11571.2001953125,0.01145084856589107,11288.49302455357,11071.316731770834,68.66673286620653
-0.0306220009061407,594.0689348493304,632.6073375883557,623.8117913371183,31.216219467881714,18.40724814649127,498.4184265136719,0,Train,2019-09-27,-0.03443352161238078,-0.06650432978725263,-0.10337159268106222,0.003195435539642814,0.007934315533705705,-42.322806222098166,-68.48974609375,680.9647588278174,598.8373608359659,82.12739799185147,11512.400390625,-0.005081564893442914,11384.457310267857,11090.700102306548,64.91646569276438
-0.1234067637793323,576.67966570173,625.2867271786645,612.4123945349868,42.419528886512055,12.8696878984924,516.044189453125,1,Train,2019-09-28,-0.05233672923631838,-0.07642514023798086,-0.12748377583160098,0.006469982661507795,0.009546067553861002,-47.719818115234375,-84.2589503696986,686.6185799143992,586.8975887344569,99.7209911799423,11512.400390625,-0.005081564893442914,11384.457310267857,11090.700102306548,64.91646569276438
0.0353633854645814,565.4894539969308,619.3198867071243,603.6516486184538,48.43378699521819,19.755261672869864,475.5363464355469,0,Train,2019-09-29,-0.0603392980345725,-0.0808850141278018,-0.1396101910021902,0.006508263197038556,0.009238642753884788,-49.76485334123879,-91.75851440429688,692.2203915724117,573.9428879337265,118.27750363868518,11512.400390625,-0.005081564893442914,11384.457310267857,11090.700102306548,64.91646569276438
-0.0784968493890146,549.3112444196429,611.3825596400669,592.0048029654623,57.33362516790122,11.535775033153628,494.4593811035156,1,Train,2019-09-30,-0.07534090373037106,-0.09731152056394543,-0.15638326591477836,0.007931692759211309,0.009002770657446533,-59.216788155691916,-101.8271484375,698.2473003759493,558.6826085944748,139.5646917814745,11474.4501953125,-0.003296462425282254,11494.40736607143,11111.097749255952,62.543890650174106
0.0397930354005726,534.1300005231585,603.9809962681362,583.137037341649,61.95985874393635,18.14377789112256,454.3765563964844,0,Train,2019-10-01,-0.07378388333980024,-0.11244857408939524,-0.17222375188055405,0.008486644078698636,0.008480198158171394,-67.6717485700334,-111.12891060965399,703.663672208515,541.9728054526179,161.6908667558971,11359.900390625,-0.009983032105041145,11506.65025111607,11130.697777157739,58.26660325254674
-0.0810639381895756,513.4239501953125,594.2968662806919,571.4315390739067,68.6666428054043,16.77888874117656,450.9319458007813,0,Train,2019-10-02,-0.09207157345484451,-0.1357502133560835,-0.1932265661856133,0.009944324444923183,0.009728996242131017,-80.64498465401789,-122.96779087611606,709.2671812704132,522.7001025779407,186.56707869247248,11359.900390625,-0.009983032105041145,11506.65025111607,11130.697777157739,58.26660325254674
-0.0075809602128709,494.0503714425223,584.3666963123139,560.4770305945317,73.66747264776082,17.338449035672,433.261474609375,0,Train,2019-10-03,-0.10060029452975183,-0.1432845636383946,-0.20875916100637326,0.009271567063939008,0.010387353593492294,-82.62929425920765,-130.34911237444203,714.2849651407647,501.8258873459818,212.4590777947829,11314.0,-0.004040562773145462,11465.76450892857,11144.543015252977,58.47534757399176
-0.0391865587611595,474.7183314732143,573.3085530598959,548.9119800504266,78.17384938093682,16.929566900736944,410.5359191894531,0,Train,2019-10-04,-0.11123072845890125,-0.160517799018422,-0.22841932870485515,0.007353185155665021,0.011033908730649472,-90.77112252371654,-140.53597586495533,718.4547636010844,479.7357615628388,238.71900203824566,11174.75,-0.012307760296977222,11406.7001953125,11162.488234747023,52.47117507643842
-0.0524522874793127,462.1636875697545,561.367421468099,536.3323381539744,83.06055107554839,15.816730216433513,455.3831176757813,1,Train,2019-10-05,-0.09984003006883102,-0.158648776509138,-0.2405219433953697,0.007570657663274254,0.010390468607155631,-87.14755684988842,-146.36434500558033,720.2226695932059,458.5763778223913,261.64629177081457,11174.75,-0.012307760296977222,11406.7001953125,11162.488234747023,52.47117507643842
0.1092406203454081,453.4978201729911,551.7930050804501,528.9733181105023,83.14108710448319,28.66072519578968,395.48248291015625,0,Train,2019-10-06,-0.08208181516213897,-0.15095984174487764,-0.24643319688530052,0.007741190485524871,0.010110935230676547,-80.6321803501674,-148.3039289202008,718.6584563865275,439.44667797800946,279.21177840851806,11174.75,-0.012307760296977222,11406.7001953125,11162.488234747023,52.47117507643842
-0.1315389886901175,442.0615539550781,538.5907607305618,516.8377876377435,84.96935883798908,24.56440102460429,422.0329284667969,1,Train,2019-10-07,-0.06879190322562634,-0.1389931190648338,-0.2558749868528386,0.008017695127362792,0.010010589742779642,-71.36239624023438,-152.00738089425226,714.5228251372542,421.5325965284825,292.99022860877176,11126.400390625,-0.0043266837625002275,11361.871651785714,11175.90490141369,53.109824624177016
0.0671343149291197,431.7149178641183,527.0330752418155,508.2191640767484,83.44509082631605,27.3567442062989,484.14788818359375,1,Train,2019-10-08,-0.0658830854188226,-0.1261722633592961,-0.2513782892989853,0.00842118259683231,0.009625970899889461,-62.335453578403985,-144.96474783761164,708.2312905708357,404.90176127416976,303.3295292966659,11126.400390625,-0.0043266837625002275,11361.871651785714,11175.90490141369,53.109824624177016
0.1471803632537733,435.9679652622768,519.3066493443081,506.0308662682797,79.24582427268616,37.35201153316012,476.9678649902344,0,Train,2019-10-09,-0.03865477215309965,-0.08162812270316544,-0.2290431551272697,0.016286483391691777,0.012973633235364785,-38.7503662109375,-129.52148873465404,698.5209092187417,392.484142312369,306.03676690637275,11313.2998046875,0.01679783285706482,11325.028738839286,11198.06677827381,62.536670471817274
-0.0148302272272571,439.6873822893416,511.8465009416853,503.3887752430029,75.21695385530332,37.81647091141709,476.6994323730469,0,Train,2019-10-10,-0.0053706811743637894,-0.048632780733169345,-0.1995660260807529,0.018532123015793,0.015267307705094185,-22.476305280412873,-109.62386213030129,686.4290137150368,383.43093675929356,302.9980769557433,11234.5498046875,-0.006960833829169011,11285.33579799107,11211.79771205357,59.68906814125492
-0.0005627897325808,445.89280482700894,504.8933570498512,500.9624713457342,71.09146368940024,39.365233654102575,460.9749755859375,0,Train,2019-10-11,0.03284085487023436,-0.016769684456435008,-0.16519797728965768,0.018558663255441695,0.017978442264122135,-7.605015345982167,-88.23719569614957,672.0667916869961,377.8565481567539,294.2102435302422,11305.0498046875,0.006275284833450412,11261.1357421875,11226.178664434523,65.25529568155126
-0.0329861034422294,453.09838431222096,497.3139125279018,497.3272444584799,66.52811025231446,45.04147277933859,498.2395324707031,1,Train,2019-10-12,0.03929283895810687,0.024966727502985675,-0.11749659489032993,0.01877700386016349,0.0201689821328454,11.036830357142833,-60.32556588309154,656.3653622027662,375.22864196506293,281.13672023770323,11305.0498046875,0.006275284833450412,11261.1357421875,11226.178664434523,65.25529568155126
0.0808385679448202,459.2207292829241,492.7360011509487,497.4101797323184,62.71345871912718,47.75875746171042,483.3426513671875,0,Train,2019-10-13,0.044425534551110424,0.06371290469851965,-0.07049816005178389,0.018121302304008814,0.021712715040282538,27.505811418805763,-34.82964215959822,640.4405833812139,374.6355453332114,265.8050380480025,11305.0498046875,0.006275284833450412,11261.1357421875,11226.178664434523,65.25529568155126
-0.0298990347667597,471.7721819196428,487.7149934314546,496.13131351730647,58.7338020091639,51.05038067506844,482.0005798339844,0,Train,2019-10-14,0.058039458839606484,0.08212579710031287,-0.0062061002456521575,0.015724299155638548,0.023955547417830944,35.804216657366,-2.9461495535715017,623.9478790748138,376.78003709775874,247.1678419770551,11341.150390625,0.003193315072573366,11258.45717075893,11240.723911830357,52.33430509504129
-0.0027766461937652,480.3389892578125,482.0613025483631,494.8467013642771,52.717471596028645,48.24034753577968,539.5526123046875,1,Train,2019-10-15,0.06012072849683925,0.09245570513488066,0.03932654636635613,0.006241562756327442,0.02456071956270358,40.6516069684709,18.175301688058028,606.743635741874,381.16537609894635,225.5782596429276,11428.2998046875,0.007684353972992053,11274.785714285714,11261.938197544643,42.80871389772233
0.1194024133550333,488.2539498465402,479.2152884347098,498.9108750861326,47.417531043710426,61.46434822812592,533.31201171875,0,Train,2019-10-16,0.06322280052329443,0.09500297955237458,0.07664012510642504,0.005746200269346583,0.023527462794541397,42.36114501953125,34.75612967354908,588.9939210387107,387.5603108774445,201.4336101612662,11464.0,0.003123841334461419,11316.107142857143,11280.419131324405,44.90523197075999
-0.0115662503407794,496.3031136648996,476.6802891322545,502.03825114364327,42.56750764745596,61.00518804417876,545.7484130859375,1,Train,2019-10-17,0.05199741037176131,0.0953539691346752,0.1227013732013742,0.004624865332720607,0.02182889831174057,43.20472935267867,54.2415597098215,571.1420738440968,395.63557595361544,175.50649789048134,11586.349609375,0.010672506051552677,11381.814174107143,11308.173874627977,56.12401146750886
0.0233191848184848,506.16725376674106,475.5927966889881,506.0119022293063,40.33535044575213,65.24030496718638,531.9699096679688,0,Train,2019-10-18,0.053770909891859286,0.10223084780411429,0.17245717676602612,0.004438350057303363,0.01910506430015447,46.94652448381697,74.45233590262274,556.8390462530284,402.8873623511846,153.9516839018438,11661.849609375,0.006516288783389612,11431.607003348214,11348.376255580357,53.98371750689881
-0.0252469876001253,516.3093872070312,477.1904863630022,508.3717210873665,41.91811931873888,66.86127953632581,514.388916015625,0,Train,2019-10-19,0.05746074838577142,0.09440405134988339,0.1842828564168042,0.004370214536190458,0.017209129374752864,44.537205287388474,80.34142194475447,545.4917866960957,409.3166152291275,136.1751714669682,11661.849609375,0.006516288783389612,11431.607003348214,11348.376255580357,53.98371750689881
-0.0330488498180602,518.6164419991629,477.1116638183594,508.91873880811727,41.84289485464758,58.864228311843725,522.5308227539062,1,Train,2019-10-20,0.044959073839962116,0.07968841505140811,0.17951176879094777,0.006844264071380012,0.015453452761484516,38.27745274135043,78.92905970982133,538.2795379463578,413.4593837368175,124.8201542095403,11661.849609375,0.006516288783389612,11431.607003348214,11348.376255580357,53.98371750689881
0.0158283090571764,524.2147521972656,479.3494960239955,510.1562009850072,42.99523788590174,72.60065388544149,547.5601196289062,1,Train,2019-10-21,0.035655207436318115,0.07365184114133227,0.1756519650516517,0.0056549231982894735,0.01173698223956639,35.96080235072543,78.32194737025668,535.9662032507688,414.78119359981713,121.18500965095166,11661.849609375,0.006516288783389612,11431.607003348214,11348.376255580357,53.98371750689881
0.0479001348534571,533.5804007393973,481.8781026204427,513.5565572253615,45.421316188023816,72.45156315858019,556.4179077148438,1,Train,2019-10-22,0.033450899713044935,0.075109919821432,0.17762591793246796,0.005630298934711817,0.005711928650484419,37.27728707449768,80.48201642717635,540.2222433208946,412.5407985840998,127.68144473679479,11588.349609375,-0.006302602285396697,11482.149832589286,11383.980980282739,53.295122141363336
0.016176832037988,535.989728655134,486.73721458798366,517.4530436334962,47.73150764038184,65.96817348149747,553.5323486328125,0,Train,2019-10-23,0.033499297841388165,0.058918222517286845,0.16717233016045485,0.0068427111455129684,0.006253115668331446,29.82247488839289,76.76899937220986,547.3219945928091,409.6349830334466,137.68701155936253,11604.099609375,0.001359123648397631,11524.87123325893,11426.804780505952,55.735435792202175
-0.005185956530195,538.8783482142857,491.6229480561756,520.7329804516158,49.114270263159376,67.24429337138784,610.0106811523438,1,Train,2019-10-24,0.027972497827573495,0.043712087299711655,0.14224273678364763,0.007288864372341545,0.006547962616543857,22.568961007254416,67.10616629464289,555.5860847109959,407.7868945893667,147.79919012162924,11582.599609375,-0.0018527934715960592,11559.363978794643,11441.490466889882,60.73560482519405
0.1020325779677175,548.0586722237723,500.0395769391741,528.8491350607729,53.55660190750759,73.9587982710214,613.2763671875,1,Train,2019-10-25,0.027134189082492544,0.05677072271583872,0.14098310668179503,0.006832527980540054,0.006575855743009658,29.442230224609375,67.7196829659598,564.915845545011,407.04663222075357,157.8692133242575,11583.900390625,0.00011230477560042473,11581.59263392857,11440.714285714286,63.59563252271202
0.0053534899241225,559.6738804408482,509.69388398670014,536.5243379813845,54.87282548622013,78.65494671867026,633.8994140625,1,Train,2019-10-26,0.044187697113414304,0.06764237003051576,0.14627619626375887,0.007084236592265394,0.0067863394004619776,35.45912824358254,71.41993059430797,575.1539137391952,407.426170053355,167.7277436858402,11583.900390625,0.00011230477560042473,11581.59263392857,11440.714285714286,63.59563252271202
0.0336276562711486,576.746808733259,518.1946600051153,545.3766176251223,59.65750868488159,77.22900957967033,639.6031494140625,1,Train,2019-10-27,0.07027274457112687,0.08089953816527884,0.16208581581189585,0.009222684536369825,0.007886939651330822,43.16640799386164,80.44369506835932,586.7342006390485,409.31440863131974,177.41979200772874,11583.900390625,0.0,11598.721261160714,11440.509533110118,73.97319844821075
0.0089978555351688,593.4714268275669,529.8194536481585,553.9426659695714,58.31991828303721,82.56567457425149,638.8873901367188,0,Train,2019-10-28,0.08286111853595957,0.10724402931500543,0.17248087941512424,0.010241355723464733,0.008074310913593086,57.48169817243297,87.30417306082586,598.774308575792,413.4499515909213,185.32435698487075,11583.900390625,0.0,11598.721261160714,11440.509533110118,73.97319844821075
-0.0011190677813257,606.5181797572544,540.1458565848214,561.6649136211303,57.47295476142965,82.78178043405705,638.3505249023438,0,Train,2019-10-29,0.08369927729967963,0.12551966833908068,0.17471848233906107,0.01035476374357768,0.008196463032164054,67.63983154296875,90.20879255022317,611.4211407296298,417.8581408865811,193.56299984304866,11786.849609375,0.017519938181983052,11627.36411830357,11457.016648065477,82.76202840699905
-0.0008403127728974,618.2228393554688,547.4888392857143,568.6363328285133,59.76574591713004,77.10141190770781,655.8196411132812,1,Train,2019-10-30,0.07191375833237101,0.1280230944015579,0.19206178071089108,0.008333310677475508,0.008221749237020884,70.16416713169644,99.60639735630582,624.101321394506,423.03150592831764,201.0698154661884,11844.099609375,0.004857107869982835,11653.399832589286,11470.01185825893,80.21746115931103
0.0273660246674192,632.8353097098214,556.0055905296689,576.5620881271285,61.91849740701871,81.65522892876598,642.0411987304688,0,Train,2019-10-31,0.0663281854910458,0.13072153592614488,0.20720622046073434,0.004931040047915445,0.008405264196574003,73.16142926897328,108.62055751255582,637.7127439788421,428.1143338322629,209.59841014657923,11877.4501953125,0.0028157974888274317,11694.699916294643,11487.395182291666,88.59407426514557
-0.0210094994401555,637.4110979352679,563.8790079752604,582.5147345456139,61.84208147857529,74.71009519346461,653.42626953125,1,Train,2019-11-01,0.05093485934812003,0.10518357151424773,0.1945924120376039,0.007636369744181045,0.00880518470956062,60.664289202008945,103.83069719587058,649.7536393208471,434.5047098525625,215.24892946828464,11890.599609375,0.0011070906504571099,11735.628487723214,11507.211821056548,87.75062550131396
0.0177326171954281,643.1467982700893,573.0433553059896,588.9612377261262,60.06439981398555,81.55504044080686,653.4710693359375,1,Train,2019-11-02,0.04031549358578412,0.08370305493571073,0.19992373712799694,0.009064648429436835,0.008970224399158845,49.67537144252242,107.15706961495539,660.5415176750521,442.109438397074,218.43207927797812,11890.599609375,0.0011070906504571099,11735.628487723214,11507.211821056548,87.75062550131396
6.856137681698904e-05,645.9427490234375,580.4353332519531,594.8257678724727,59.95005407694425,89.75697655186275,674.1387939453125,1,Train,2019-11-03,0.020712243947996978,0.06500146340537039,0.19868009387264807,0.009440786790995971,0.008982091534924994,39.424569266183084,107.06440080915183,670.3117537933355,449.7562589891701,220.5554948041654,11890.599609375,0.0011070906504571099,11735.628487723214,11507.211821056548,87.75062550131396
0.0316276046166477,650.8764125279018,589.5208638509115,602.0360429700037,58.94914976288888,90.44146977063448,698.6760864257812,1,Train,2019-11-04,0.021125008077599317,0.05281845168722055,0.18760352771527544,0.00801846301937126,0.009156483594703523,32.653573172433084,102.81774030412953,679.2643780246681,457.8573770848465,221.40700093982156,11941.2998046875,0.004263888868356602,11786.871372767857,11534.897507440477,87.97695748307098
0.0363979831762348,659.4176548549107,599.8387451171875,610.8215014659835,58.14579268756889,90.41631406840928,705.3863525390625,1,Train,2019-11-05,0.025298822335096727,0.04200515479655875,0.1782176690745252,0.007062373833376542,0.009154613580820467,26.58234514508922,99.7437744140625,688.1462377387426,466.09188787160895,222.05434986713362,11917.2001953125,-0.002018173043904281,11834.485630580357,11563.621326264882,83.6199046403868
0.0096042590316909,668.9942016601562,607.735589890253,619.4183061089907,60.75153515078581,90.30494509033151,661.7470092773438,0,Train,2019-11-06,0.035686525890365584,0.04954903331177296,0.15994434911483157,0.006448214589151881,0.00862497757425079,31.58310372488836,92.2473929268973,697.177060250628,474.33017415924917,222.8468860913788,11966.0498046875,0.004099084396871566,11889.078404017857,11601.302269345239,83.91087247613834
-0.0618658740768621,669.8409685407366,613.8515421549479,623.2663700333865,59.332892473617605,73.98847950521458,675.7872314453125,1,Train,2019-11-07,0.029136953879123517,0.041505563492577835,0.1286827608894452,0.004637159338468935,0.00907367982327971,26.694170270647305,76.36954171316972,704.7898475334749,483.0847583538019,221.70508917967305,12012.0498046875,0.003844209304726398,11921.24986049107,11643.476050967261,82.0605942930102
0.0212169030930737,674.6618303571429,620.0438668387277,628.040993798107,58.6517661370157,67.96021591929858,648.4658203125,0,Train,2019-11-08,0.02311763324806093,0.04446072252862043,0.11235219796241136,0.004638299542504044,0.009339244618417198,28.71908133370539,68.14365059988847,711.9801578917613,491.72969231052656,220.25046558123478,11908.150390625,-0.008649599006986697,11930.399972098214,11671.802269345239,67.78861751919132
-0.0404290135437745,673.9531947544643,625.591291155134,629.8977962085063,55.31958363902476,58.49276615903491,659.0556030273438,1,Train,2019-11-09,0.007412609977787588,0.035454937039331114,0.09014606360563704,0.005754770427515817,0.010067444281464553,23.0767822265625,55.730355398995584,716.9029798536515,502.34054562416645,214.562434229485,11908.150390625,-0.008649599006986697,11930.399972098214,11671.802269345239,67.78861751919132
0.0163305179442463,674.7509852818081,632.4801810128348,632.5485059193096,49.478493176031385,56.38029077329324,650.6333618164062,0,Train,2019-11-10,0.007330123076478845,0.023252835761989443,0.0662347295241894,0.0060868395440665975,0.009253803673046916,15.333330426897419,41.91567557198664,720.2411573592973,514.0559914269751,206.1851659323222,11908.150390625,-0.008649599006986697,11930.399972098214,11671.802269345239,67.78861751919132
-0.0127792574287363,671.39306640625,638.5803019205729,634.1925837281366,42.67414987687478,52.75950769572808,636.2501220703125,0,Train,2019-11-11,-0.0048450405874637115,0.0035857780831893837,0.053312483232654806,0.007350067443596804,0.008697098172464989,2.39886474609375,33.98196847098211,721.9033367669733,526.1750785859845,195.72825818098886,11913.4501953125,0.0004450569159482054,11935.54282924107,11704.130859375,76.04560952749043
-0.0221065204924926,662.4750714983259,642.8036353701636,634.3796326683344,37.261139310312885,49.38244749681783,647.44970703125,1,Train,2019-11-12,-0.017031039166332862,-0.010996486312949139,0.03005266181877131,0.008799992298495436,0.009664953086990776,-7.365897042410779,19.328273228236526,720.29592859033,540.4310210469469,179.8649075433832,11913.4501953125,0.0004450569159482054,11935.54282924107,11704.130859375,76.04560952749043
0.0176024877205442,654.1984078543527,647.1384829566592,635.5678212467813,31.569235909212995,52.02935935672953,650.8591918945312,1,Train,2019-11-13,-0.03045949969064754,-0.03033137726489965,0.012780790315235269,0.007561525651907301,0.010117112319502105,-20.463422502790195,8.255658830915195,715.5363706233829,556.7225849779006,158.8137856454823,11840.4501953125,-0.006127528029514329,11928.378627232143,11729.62611607143,67.34432084804236
0.0052660227138177,652.6430053710938,651.7730945405506,636.9579458511221,23.165703415365,48.8196651980741,646.478759765625,0,Train,2019-11-14,-0.027927099598331062,-0.03161968746380728,0.002714175547291253,0.0073274669029315025,0.008514052729854232,-21.310189383370584,1.7665928431919156,709.2909287146765,573.4264602013391,135.86446851333744,11872.099609375,0.002672990768123773,11918.492885044643,11754.909412202382,70.93281400492026
-0.0067302301073072,648.4560808454241,653.5096697126116,637.8234743888041,21.15844694605688,51.105350776504935,643.0918579101562,0,Train,2019-11-15,-0.02116153687291933,-0.03896979035221704,-0.01662311272496697,0.005548218021087408,0.008677993626184136,-26.294904436383945,-10.961574009486526,701.81301902763,589.7825899288431,112.03042909878695,11895.4501953125,0.001966845520657623,11915.3857421875,11777.15466889881,71.83103796089358
-0.0052389994323969,647.6883719308036,654.929454985119,638.3024183452907,19.2367852296528,47.31897852034989,652.8010864257812,1,Train,2019-11-16,-0.009951164425637815,-0.035306731125970714,-0.03184755514544191,0.005530044424072259,0.008402103225927613,-23.704694475446445,-21.305829729352695,694.970346909248,603.7194183669798,91.25092854226818,11895.4501953125,0.001966845520657623,11915.3857421875,11777.15466889881,71.83103796089358
0.0150977319899165,646.7948695591518,655.8295346214658,639.6204790798806,18.636432652959723,49.8344880619407,664.8585815429688,1,Train,2019-11-17,-0.008960696374301413,-0.023669119962068885,-0.03440532912131555,0.005067700497451246,0.008341436757421432,-15.680201939174026,-23.046098981584805,689.3726850432646,614.6494245061216,74.723260537143,11895.4501953125,0.001966845520657623,11915.3857421875,11777.15466889881,71.83103796089358
0.0184703968297674,648.8270438058036,657.0321742466518,641.9148520310705,18.349642187994267,47.60556282588532,661.3135375976562,0,Train,2019-11-18,0.0005720710643899451,-0.008210603975888908,-0.03829294231402314,0.006157034264875216,0.008113432439612026,-5.37136404854914,-25.834786551339334,684.8425780353765,623.4104179188645,61.43216011651202,11884.5,-0.0009205364347466549,11903.735770089286,11797.178478422618,70.74537058254234
-0.0053320270561678,652.4075317382812,658.100086030506,643.6783689007601,17.887614574274146,39.18874431839856,686.5802612304688,1,Train,2019-11-19,0.007286157992013376,-0.0003608000558875668,-0.031969079134690714,0.005966109629989084,0.007374164033667449,-0.2354736328125,-21.545663016183084,681.5342722231469,630.1371929693753,51.39707925377161,11940.099609375,0.004678329704657314,11893.45717075893,11814.023716517857,63.276480541455165
0.0382068749486039,657.9976109095982,660.396740141369,647.5785409307337,18.316172219677284,45.0859734164525,693.51220703125,1,Train,2019-11-20,0.017320393029836456,0.014714227140462999,-0.0248289735586128,0.005146670768071381,0.0065521921391610335,9.541530064174026,-16.75337437220992,680.4039681365892,633.7837271759107,46.62024096067853,11999.099609375,0.004941332311304558,11906.449916294643,11830.083240327382,63.38749510789619
0.0100963371541704,664.0908987862723,662.1916242327009,651.7543287580534,19.64392249591703,60.27044425052384,696.19921875,1,Train,2019-11-21,0.023525306360437925,0.0253247202919078,-0.010876143924249626,0.005775746595657176,0.0071052029135717405,16.40252685546875,-7.302167619977695,679.9827890367059,636.8728863608945,43.10990267581133,11968.400390625,-0.002558460196964596,11914.29994419643,11848.180896577382,57.89159719833174
0.0038744980859852,671.1938214983259,664.7705775669643,655.7947733027759,20.406469134979723,57.12258782317121,713.427490234375,1,Train,2019-11-22,0.028795329370263856,0.03772285942188147,0.013160872574843774,0.0049322878213561095,0.007453243044636256,24.398951939174026,8.71875,680.8417348333054,638.8186428871187,42.023091946186696,11914.400390625,-0.004511881140131235,11924.8642578125,11862.957124255952,51.928445280009115
0.0247461804328188,681.2417689732143,667.6277785528274,661.0341112056485,22.798953846291564,74.38548947764428,714.2855224609375,1,Train,2019-11-23,0.03532559644325173,0.04995896129310018,0.041338164070986894,0.005347872031851879,0.00849343005595571,32.41472516741078,27.04336111886164,683.6015876788425,639.5886920365593,44.01289564228318,11914.400390625,-0.004511881140131235,11924.8642578125,11862.957124255952,51.928445280009115
0.0012026901658648,690.0252598353794,670.5237048921131,665.8751485924929,24.69439653427076,72.36651455537479,708.7760620117188,0,Train,2019-11-24,0.0390524265526091,0.05765986176902205,0.05727825803178588,0.004077806203056109,0.009089542650617214,37.617728097098166,37.382254464285666,688.3341406728423,638.7710237733072,49.56311689953509,11914.400390625,-0.004511881140131235,11924.8642578125,11862.957124255952,51.928445280009115
-0.0077132467003347,696.2991856166294,672.1730986095611,669.7752316306043,26.06655699151804,74.11502386162384,694.1671142578125,0,Train,2019-11-25,0.0374040453207094,0.05820929145028986,0.07378002332683797,0.0030800900860553306,0.009079645907112134,38.30157470703125,47.843104771205276,694.0665653389639,636.7267521833575,57.33981315560641,12073.75,0.013374538722098483,11953.671456473214,11886.345238095239,59.12509335073638
-0.0206115140407558,700.9925537109375,671.9583856491815,671.992675505805,25.85504602029119,73.9765195296629,709.9728393554688,1,Train,2019-11-26,0.028992327888955005,0.055567174602315195,0.08229911804843826,0.0027958187257990826,0.007875091170350146,36.901654924665195,53.304181780133945,699.7870034833461,634.2061492440534,65.58085423929265,12037.7001953125,-0.0029858001604721185,11973.992885044643,11907.954752604166,58.16730694385242
0.0227693371999555,704.3343505859375,672.1767897832962,675.4454176739563,26.169004668445297,74.93251969159368,694.4154663085938,0,Train,2019-11-27,0.020737053530434313,0.04937549784595907,0.08896094223196904,0.003478019395501589,0.006269274293082657,33.14052908761164,57.539481026785666,705.5245252755816,631.9179656563382,73.6065596192434,12100.7001953125,0.005233557820665036,12004.878627232143,11932.564267113095,58.954632597818915
-0.0219126312789632,704.4633876255581,673.7324305943081,677.1699675498324,26.487066781682525,65.83489176482493,717.4918212890625,1,Train,2019-11-28,0.011725135082125027,0.03408719152283335,0.08574911349781322,0.005042038598068043,0.006061758144977902,23.22161865234375,55.63634381975453,710.2943692506904,630.1282774080707,80.16609184261961,12151.150390625,0.004169196368656758,12035.028738839286,11949.911923363095,59.196151069986534
0.0332313378662763,707.5051879882812,675.7183634440104,680.8355906170352,28.159486577733546,72.72730469189514,729.1204223632812,1,Train,2019-11-29,0.009290589811356664,0.025332301830619963,0.08445282062148673,0.005149496525649928,0.005031461992622629,17.479928152901834,55.09765625,715.3015918574971,628.4762541246458,86.82533773285127,12056.0498046875,-0.007826467690735917,12043.164481026786,11960.004789806548,59.89295032001244
0.016207294256437,709.7470354352679,679.5590587797619,685.2251207757848,29.71400572306807,76.15323526355634,730.5428466796875,1,Train,2019-11-30,0.00768482304579865,0.019313321193574762,0.07864682738609452,0.004157917652865429,0.004656904984147573,13.447849818638474,51.749424525669724,720.2410593842063,627.0363916132825,93.20466777092383,12056.0498046875,-0.007826467690735917,12043.164481026786,11960.004789806548,59.89295032001244
0.0019508770743188,712.0695103236607,682.9632132393973,689.344914039776,31.30019491453504,74.88796983401912,729.481689453125,0,Train,2019-12-01,0.01079704471759646,0.015801817799752094,0.07224705477078008,0.0028321899232361595,0.004188720611864024,11.076956612723166,47.97861153738836,725.3135681259994,626.0315272632304,99.28204086276901,12056.0498046875,-0.007826467690735917,12043.164481026786,11960.004789806548,59.89295032001244
-0.0014525598756944,715.0274571010044,686.7178955078125,692.9937118046258,31.95054221159682,72.25511771963787,747.7937622070312,1,Train,2019-12-02,0.01063210452790031,0.015181861435795696,0.06530697124837559,0.001988870071109438,0.00412716515336453,10.693106515066916,43.833635602678555,730.4974540080709,626.1028799414269,104.39457406664405,12048.2001953125,-0.0006510929783939412,12054.564453125,11968.1357421875,58.98274851897663
0.025102854559152,722.6884068080357,692.0294974190848,697.9755345684808,32.40951471210449,77.03282496809999,794.5338134765625,1,Train,2019-12-03,0.018233780102837827,0.025870782644796142,0.0608398364904883,0.003178929561571047,0.004219025688181349,18.22501918247758,41.44663783482133,736.2011644521526,627.2481693927134,108.95299505943922,11994.2001953125,-0.004481997238144242,12065.964425223214,11973.069103422618,60.51571345749498
0.062503933078531,734.7685459681919,699.0335024879092,706.7535599237609,37.747272848368965,79.7511662714335,788.550048828125,0,Train,2019-12-04,0.031877555934411106,0.038534499029514224,0.06484296842044168,0.00566475448864821,0.004906892336820492,27.263357979910666,44.7432861328125,743.3721448699417,628.2897430346342,115.08240183530756,12043.2001953125,0.004085307832292884,12061.600167410714,11977.92150297619,61.43110100853253
-0.0075311642461821,748.2163434709821,705.5902099609375,714.1896043696122,40.79631193300028,76.32929902616596,777.1473388671875,0,Train,2019-12-05,0.04641624043996595,0.054201435321419966,0.07456156624451005,0.006588143203802796,0.0056369373819288695,38.46930803571422,51.917157854352695,751.9050115612872,629.7329026058446,122.17210895544258,12018.400390625,-0.00205923710353606,12058.843052455357,11982.740559895834,58.19833429924008
-0.0144603503327191,756.7385602678571,711.8125232514881,719.9130347784827,41.291633331345295,71.39278075470115,780.285888671875,1,Train,2019-12-06,0.04711595362407128,0.06273130543658967,0.07952439189519134,0.006348571460936572,0.00566008071593559,44.669049944196445,55.74600655691961,760.5327805153543,632.0101524854826,128.5226280298716,11921.5,-0.008062669529681155,12033.24302455357,11980.619140625,52.21345129682728
0.0040385518263015,764.0479125976562,718.3455723353794,725.4014760415183,40.72453575761237,69.09092049841684,775.7925415039062,0,Train,2019-12-07,0.03984842137041045,0.06855744490624116,0.08478013597099565,0.005678781697699058,0.00537239832428737,49.020455496651834,59.71356201171875,768.7413767845721,635.5268605201154,133.21451626445673,11921.5,-0.008062669529681155,12033.24302455357,11980.619140625,52.21345129682728
-0.0057585908360036,770.5121547154018,724.2023082914807,729.9824819926445,39.656968120185496,67.20567119175956,786.5178833007812,1,Train,2019-12-08,0.029798615653046534,0.06617478218392026,0.0937575582351633,0.0048393672228519815,0.0052051195851445355,47.82374790736617,66.04876708984375,776.5319711287352,639.9047772669121,136.62719386182312,11921.5,-0.008062669529681155,12033.24302455357,11980.619140625,52.21345129682728
0.0138250127747856,778.6601824079241,729.9956083751861,735.1220639297478,39.43998386852429,71.13049952520652,778.1634521484375,0,Train,2019-12-09,0.028968554387274192,0.05973532302188711,0.10057169279841593,0.0037315343081417455,0.0052456363125486915,43.891636439732224,71.15499441964289,784.4441293073697,644.617884155242,139.82624515212774,11937.5,0.001342112989137334,12002.72154017857,11977.069149925595,49.8367488114921
-0.010622048563324,782.9987095424107,735.5598900204614,739.0349174041742,37.4586272063441,73.6340567713607,769.5606079101562,0,Train,2019-12-10,0.02480315256712684,0.04648704398793657,0.10320814381735266,0.004511199604292294,0.005276941272459598,34.782366071428555,73.25167410714278,791.7559276615523,649.8061956643407,141.94973199721153,11856.7998046875,-0.006760225785340301,11974.257254464286,11974.62388392857,41.30089823755357
-0.0110553177671471,779.4311087472098,739.5113351004464,741.8099801774453,36.39514221820248,67.47451901873521,784.6889038085938,1,Train,2019-12-11,0.011575357996918667,0.02998730297465002,0.09459975107336205,0.006941707867233918,0.006214150548632586,22.692548479352695,67.36159842354914,796.8686693847176,656.2274749372689,140.6411944474487,11910.150390625,0.0044995771891509495,11954.535853794643,11974.466750372023,46.535010061297235
0.0196583553562081,778.8795166015625,743.8530825660342,745.7080641439134,36.07031624533063,76.54009114184262,798.1976928710938,1,Train,2019-12-12,0.00028168153270669016,0.019411876872329703,0.0893001504577724,0.006132799150817613,0.0062964371844000545,14.83160400390625,63.852059500558084,800.8844561328518,662.9802576994583,137.9041984333935,11971.7998046875,0.005176207859728388,11951.33579799107,11980.721493675595,53.38360061573392
0.0172154709935787,781.8867100306919,748.7101527622768,750.479848573657,36.19971440816859,75.14164319414863,810.689697265625,1,Train,2019-12-13,-0.0014201805164769654,0.01476233080254441,0.08191400701185025,0.0056218839224097955,0.0063137825008824115,11.374555315290081,59.19830322265625,805.0246292043684,668.9045787336896,136.12005047067873,12086.7001953125,0.009597587037832866,11957.550083705357,11990.94056919643,50.805609927087474
0.0156502637205049,786.2301112583706,753.3416864304315,755.9534711820178,37.65269641070879,75.27465024999839,839.6639404296875,1,Train,2019-12-14,0.008723032009960274,0.009721736158432082,0.07003779023007661,0.005217330684669239,0.006228671926599748,7.569928850446445,51.46156529017867,809.4642500883035,674.0854429920535,135.37880709625006,12086.7001953125,0.009597587037832866,11957.550083705357,11990.94056919643,50.805609927087474
0.0357402385423051,795.3545968191964,759.3120872860864,763.5635138408969,40.94636682144044,78.88060516421095,826.8092041015625,0,Train,2019-12-15,0.021152283333266464,0.015780214100233447,0.0630008335951866,0.005761562996030186,0.006206657885105676,12.35588727678578,47.138253348214334,814.9007220062159,678.5545121943982,136.34620981181774,12086.7001953125,0.009597587037832866,11957.550083705357,11990.94056919643,50.805609927087474
-0.015309382372127,801.1104997907366,764.9327130998884,769.3131220464119,41.75562831527964,74.24566330905849,815.2694702148438,0,Train,2019-12-16,0.024586413240468286,0.027814377435322557,0.05863575857317693,0.00530022579543251,0.006115643530653218,21.679391043526834,44.37193952287953,820.4673103581326,682.9997184504612,137.46759190767148,12053.9501953125,-0.0027095898360001147,11962.628627232143,11998.488188244048,51.015052546049475
-0.0139569489907386,806.411359514509,770.6994919549851,773.4909718799057,39.81099003529864,67.39613040968763,827.1719360351562,1,Train,2019-12-17,0.02566837363152885,0.0353480125309682,0.0554460606702305,0.005363564208077402,0.00608248172017442,27.531842912946445,42.363446916852695,825.9103088755039,687.7644208259471,138.1458880495568,12165.0,0.009212731336046609,11997.414341517857,12011.84533110119,53.78902361126297
0.0145994254110557,814.6415492466518,776.2804013206845,778.371059530383,39.08045011252288,60.25702848220845,851.566650390625,1,Train,2019-12-18,0.024249501423124098,0.04189205264107154,0.05727280778270094,0.004082126633561924,0.005583210615251674,32.75483921595992,44.12939453125,831.406001406217,693.2865444573431,138.1194569488739,12221.650390625,0.004656834412248179,12038.007254464286,12025.252511160714,54.12424846951718
0.0294917093928486,824.1955130440848,783.7637910388764,785.0252041540414,37.6402442734331,67.74993467108612,877.3895263671875,1,Train,2019-12-19,0.028816265994988655,0.04828790101278391,0.058479079404506695,0.003089582757884817,0.004821354978455341,37.96540178571422,45.535330636160666,837.4489504241473,698.9126279449935,138.5363224791538,12259.7001953125,0.003113311498149862,12095.564453125,12037.662062872023,62.76564225496269
0.0303239634439855,835.5086321149554,791.3779674711682,793.4219607188728,39.68127693442964,76.11393427504754,869.227783203125,0,Train,2019-12-20,0.036082419049707104,0.0504857021715146,0.06706259146101501,0.0030753787848425283,0.005023313923160211,40.154035295758945,52.509922572544724,844.2332954287552,704.704442608354,139.5288528204012,12271.7998046875,0.000986941701855537,12147.22865513393,12052.109654017857,63.94185686832792
-0.0093023029324911,843.8712158203125,798.0497465587798,800.3133991265321,40.46103144354184,72.57917766786905,836.1272583007812,0,Train,2019-12-21,0.035880402369227404,0.053376801378518524,0.08267582131367335,0.0025294381070121155,0.005037824727704744,42.76071602957586,64.4401070731027,850.9054453119085,711.2124632748663,139.69298203704216,12271.7998046875,0.000986941701855537,12147.22865513393,12052.109654017857,63.94185686832792
-0.0380803807033957,843.3659755161831,803.0775756835938,803.5692045060092,38.14692405608051,63.37426467006889,835.855224609375,0,Train,2019-12-22,0.02325960548037198,0.04582601121085683,0.08279388216035066,0.004669057283759533,0.005421633622645109,36.95461600167414,64.48645891462058,855.3325340287432,719.6192263995491,135.7133076291941,12271.7998046875,0.000986941701855537,12147.22865513393,12052.109654017857,63.94185686832792
-0.0003253496267531,844.6582641601562,808.1429821196057,806.5042972426788,34.80154515841187,61.46796305591409,866.8245239257812,1,Train,2019-12-23,0.01095097248970367,0.036846530773274155,0.08028216022114032,0.005356715048072693,0.005435882126670575,30.016714913504416,62.771554129464334,858.7866934968371,728.3620526666674,130.42464083016966,12262.75,-0.0007374472230261553,12188.79296875,12068.697730654761,67.73893489628017
0.0370510327681199,852.0232718331473,813.8111136300223,811.9879542138699,34.16852638155957,68.64787701787606,870.5426025390625,1,Train,2019-12-24,0.009660308184478605,0.03376354074809673,0.08368181227436589,0.0053511667420159635,0.005488695162439186,27.8277587890625,65.79316057477672,863.4614253346433,735.4127934153566,128.04863191928666,12214.5498046875,-0.003930618769240168,12207.057198660714,12075.40248325893,61.330392174589115
0.0042893094399802,858.2190813337054,817.4305797758557,817.3111040616146,36.001041787411744,71.68488978445508,893.96240234375,1,Train,2019-12-25,0.01761169675884955,0.027181585379030926,0.07903956897454067,0.005254771780145919,0.00455940697769791,22.71044921875,62.864484514508945,869.3332418328675,740.5412507034046,128.79199112946299,12214.5498046875,-0.003930618769240168,12207.057198660714,12075.40248325893,61.330392174589115
0.0269025315204336,864.275617327009,822.4502156575521,824.2794039054451,38.99705332537279,72.65852986224435,908.6762084960938,1,Train,2019-12-26,0.02322519532364753,0.024179520671127053,0.07884694752193622,0.004911407856934375,0.0039991222788503126,20.404401506696445,63.165117536272305,875.7152550394013,744.9129432027861,130.80231183661522,12126.5498046875,-0.007204522590446127,12217.42857142857,12079.63341703869,56.5997032234227
0.0164590883394735,868.7451433454241,828.7134951636905,831.9518406864131,41.81756358465708,72.79448543912328,933.0709228515624,1,Train,2019-12-27,0.01962607368258773,0.030092710123511557,0.07729775020585339,0.0038566498097318113,0.003922854128137314,25.379167829241055,62.333783830915195,882.1076479965677,748.9902733203967,133.11737467617104,12245.7998046875,0.009833794601157297,12228.971400669643,12086.542922247023,69.26456750833333
0.0268464323456241,877.8655918666294,835.9889729817709,841.1444845196085,46.04770786865049,74.06816745761799,973.1315307617188,1,Train,2019-12-28,0.022892185643778262,0.0393145122891696,0.07760964644934276,0.003953246642101634,0.003950904762522293,33.207327706473166,63.22404261997758,889.4679428386139,752.365322193473,137.10262064514086,12245.7998046875,0.009833794601157297,12228.971400669643,12086.542922247023,69.26456750833333
0.0429341510157952,897.4376307896206,845.3860677083334,853.1433069052548,52.79104356592576,75.15170503833947,977.6884765625,1,Train,2019-12-29,0.0383697200265507,0.05330178230785099,0.08886497995484488,0.006535010190969587,0.0054629913782138495,45.41435895647328,73.24211774553578,900.3918070147106,753.3192028555461,147.07260415916448,12245.7998046875,0.009833794601157297,12228.971400669643,12086.542922247023,69.26456750833333
0.0046827645151055,917.6995239257812,854.4894292922247,864.4655950559134,58.32497528250442,79.35082125108283,987.4373168945312,1,Train,2019-12-30,0.05635068115815889,0.06930682839123192,0.09837228324352898,0.007351649168927067,0.006576964774617723,59.48044259207586,82.19089181082586,914.5168194456036,752.6642718629902,161.8525475826134,12255.849609375,0.0008206736062803532,12233.857003348214,12091.528599330357,69.04574390517499
0.0099713155731442,934.9299229213168,864.454851422991,875.6448424957877,62.369879934919496,83.72712763947722,950.6866455078124,0,Train,2019-12-31,0.06500349436563502,0.0817497383679806,0.10790592852783543,0.007595582714883786,0.006921989862391244,70.65430559430786,91.0587071010043,929.9038803179634,752.8270924080413,177.07678790992213,12168.4501953125,-0.007131240742024536,12220.8212890625,12096.88099888393,68.49668702212207
-0.0372182322441478,946.3790719168528,873.0799008324033,882.4668245877898,61.1018912544976,72.04953162049262,956.2185668945312,1,Train,2020-01-01,0.0545346433536229,0.08936329505391027,0.12214518891116088,0.007148636648659848,0.006933598127117489,77.63392857142867,103.01309640066972,944.8371195593514,754.6438086981819,190.1933108611695,12182.5,0.001154609211690083,12208.064174107143,12103.27622767857,66.95512290497359
0.005818869353912,955.2728097098214,881.2479800269717,889.1715284338572,60.15264909584315,70.03123233732698,937.2877197265624,0,Train,2020-01-02,0.040942906479135344,0.08817661673992605,0.13095774971153484,0.006811728199808292,0.006937227074934158,77.40721784319203,110.6145455496652,958.9198711893814,757.899667036065,201.0202041533164,12282.2001953125,0.008183886337984836,12210.8427734375,12116.990513392857,68.44987392441037
-0.0197976151304505,959.3601684570312,887.8713146391369,893.545727642285,58.17589118560989,61.775691514636605,910.9434204101562,0,Train,2020-01-03,0.026130563304016086,0.0689992658463936,0.1259788320017905,0.00701900310943383,0.007070048074744297,61.922537667410666,107.33689662388394,971.1595623443828,762.9729816009298,208.18658074345308,12226.650390625,-0.004522789386603554,12212.57142857143,12125.726236979166,58.949954597289825
-0.0281069502586587,956.1990966796876,892.6453014555432,895.1273360757278,55.58120021937678,57.65389734868616,975.1492919921876,1,Train,2020-01-04,0.01037641792199051,0.04195226405829544,0.11416667081523935,0.009690439355529067,0.007905527176153929,38.499572753906364,97.98001534598222,980.7162724540717,769.5007214772897,211.21555097678197,12226.650390625,-0.004522789386603554,12212.57142857143,12125.726236979166,58.949954597289825
0.0704828314728069,956.4873482840402,899.0969848632812,902.4020593408604,56.969804107167455,72.89425432603613,964.1988525390624,0,Train,2020-01-05,0.001271404945135668,0.02305779805973507,0.1066925053864407,0.009482377757795061,0.007824745891085881,21.557425362723393,92.21173095703125,988.4250100976346,777.3296686830574,211.0953414145772,12226.650390625,-0.004522789386603554,12212.57142857143,12125.726236979166,58.949954597289825
-0.0112295004908981,954.5602591378348,905.6393490745908,908.019949631606,56.1360171408071,70.41762696750001,967.6676025390624,1,Train,2020-01-06,-0.005003240156318256,0.008644725421084631,0.09878054162345906,0.008155572842900098,0.008138349033520363,8.181187220981997,85.81511579241067,994.0156774432239,786.5538912998006,207.4617861434233,11993.0498046875,-0.019105853072941215,12193.5,12124.519066220239,46.90137177973614
0.0035975462850486,951.7360142299106,912.8964029947916,913.4424635322838,53.665573773031056,67.58100211136357,973.2675170898438,1,Train,2020-01-07,-0.004667524227197739,-0.0037023931215892647,0.08414775911903383,0.006248892546712207,0.008725200687368352,-3.536795479910893,73.87042236328114,997.8998552490567,796.3791599922937,201.52069525676302,12052.9501953125,0.004994592001242859,12165.95005580357,12130.778599330357,43.98583929041301
0.0057870228744743,954.9618530273436,919.8533354259672,918.8811047647893,51.41959075267253,67.79233569381167,961.2062377929688,0,Train,2020-01-08,-0.0015948932930825999,-0.004584634190891612,0.06409829526215627,0.004655559749568608,0.00881043383821315,-4.398315429687614,57.52422223772305,1001.434430919492,805.9212183201845,195.5132125993075,12025.349609375,-0.0022899444111396106,12133.021484375,12134.9619140625,39.12461045706372
-0.0123925632830522,955.674377441406,925.0742681594122,922.7288441309872,49.67597836668909,62.12391822947167,967.5316162109376,1,Train,2020-01-09,0.0011671534540704798,-0.00054875521228126,0.04138048732244526,0.0030023528451543083,0.009004847473802233,-0.5247192382815911,37.97485351562477,1004.5292446879631,814.8429790843583,189.68626560360485,12215.900390625,0.015845758122611686,12139.800083705357,12152.061941964286,47.9241817941149
0.0065806672587691,959.9949340820312,929.3667486281622,926.8018234109828,49.24221521086664,60.94249478627293,964.7203369140624,0,Train,2020-01-10,0.008677742282142464,0.0036671533651582155,0.02680950790664105,0.003059869899176908,0.009018029460513824,3.507585797991055,25.065011160714448,1007.5476991820613,823.4368964164321,184.11080276562916,12256.7998046875,0.0033480474426501594,12150.414341517857,12168.569056919643,49.307990902963745
-0.0029056200849382,967.6773507254464,933.9140130905878,930.2489610021717,47.79898865240011,56.397774824344445,962.2037963867188,0,Train,2020-01-11,0.013315189143726647,0.01374150187171952,0.022505018803358423,0.0038492785641839277,0.008972298917653509,13.11709158761164,21.298278808593636,1009.9668668406734,833.4488662787462,176.51800056192724,12256.7998046875,0.0033480474426501594,12150.414341517857,12168.569056919643,49.307990902963745
-0.0026085699980095,965.8279942103792,939.9176577613468,933.1539460371304,42.52999530594776,47.39571514848963,958.4629516601562,0,Train,2020-01-12,0.010624556866489554,0.014806605791702676,0.011049392794676205,0.004069022950400932,0.008091085985733925,14.091979980468636,10.555184500557743,1010.1986948632232,845.3340112612186,164.86468360200456,12256.7998046875,0.0033480474426501594,12150.414341517857,12168.569056919643,49.307990902963745
-0.0038877883672983,965.0085797991072,945.756120954241,935.4547647301328,35.33773283985076,45.40030332580716,948.2835083007812,0,Train,2020-01-13,0.005222575181472289,0.010520552983257048,0.005887685905451523,0.003927480444662178,0.006508376199454409,10.046726771763588,5.648411342075974,1009.2108651351539,857.6203717858841,151.59049334926976,12329.5498046875,0.0059354808073293075,12157.17857142857,12185.604771205357,52.91066439383817
-0.0106205913767905,962.2394234793528,949.6351202101936,936.6210141456462,30.360598300073555,40.65173344027685,960.6167602539062,1,Train,2020-01-14,-0.005619566523921371,0.006869542799214923,0.006317017889516663,0.003910487588627435,0.005034261648523473,6.565046037946786,6.040326799665195,1006.5541427631664,870.6791283724361,135.87501439073026,12362.2998046875,0.0026562202609821117,12176.557059151786,12198.728562127977,56.52576732630561
0.0130058699167139,960.4321725027902,953.9243658156622,938.8024456100336,24.406903187536567,52.68381391079832,966.5113525390624,1,Train,2020-01-15,-0.0055867315297692954,0.0004554590917471568,0.00412428269524634,0.004008891394910203,0.004181164994507751,0.4372384207589448,3.94482421875,1002.2026811003665,884.6462455528143,117.55643554755216,12343.2998046875,-0.0015369308543056182,12226.5927734375,12212.507114955357,60.194715239526566
0.0061362580053236,961.1900460379464,957.3790777297248,941.321437149036,20.28089977403801,52.77639025308995,950.8679809570312,0,Train,2020-01-16,-0.003956994622737686,-0.0067039955855499045,0.006945383318282872,0.004008786621238224,0.003425667232850273,-6.4873046875,6.62978690011164,995.5573428312962,900.5360740911367,95.02126874015948,12355.5,0.000988406301843714,12269.814174107143,12221.578543526786,55.73745205297539
-0.0161853986928713,958.8095267159598,959.388209751674,942.1893047679448,17.046926381862455,53.72929894563448,943.9758911132812,0,Train,2020-01-17,-0.003564494116226169,-0.0072667882236705506,0.007432221099432423,0.0038019391558842537,0.00331845897934903,-7.018467494419383,7.073512486049253,986.3832004414933,917.8046099658725,68.57859047562079,12352.349609375,-0.000254978804985595,12316.52845982143,12227.802315848214,55.083755196114744
-0.0072482089856609,955.8460344587054,959.9074939546132,942.3517217084296,16.357309038545264,60.15614678788896,950.2786254882812,1,Train,2020-01-18,-0.004775077486350532,-0.009494781219778647,0.0009258814145913785,0.0013466797257353279,0.003303448974751294,-9.162545340401834,0.8841814313617533,977.6837249228194,932.3449258514551,45.33879907136429,12352.349609375,-0.000254978804985595,12316.52845982143,12227.802315848214,55.083755196114744
0.0066767959164368,954.1424386160714,958.8192603701636,943.07234932478,16.192902517916398,38.1251489889732,944.0892333984376,0,Train,2020-01-19,-0.0073321685455706165,-0.008414729916181973,-0.0016029924642700921,0.0013450711014452031,0.0033345827828240118,-8.096984863281364,-1.5319388253345778,971.2220957781574,942.4508464651462,28.77124931301114,12352.349609375,-0.000254978804985595,12316.52845982143,12227.802315848214,55.083755196114744
-0.0065132393003823,952.0890502929688,957.2192964099702,943.164793331476,15.892404846053262,39.941052410476594,969.11865234375,1,Train,2020-01-20,-0.0070091882023841645,-0.008686841662207234,-0.008235339071473669,0.0012907375382734576,0.0033406224939669716,-8.343122209821445,-7.9058837890625,968.065579813797,947.3232751666718,20.742304647125138,12224.5498046875,-0.010346193941151438,12317.764090401786,12226.128487723214,52.8347396989884
0.0265117089146478,955.0654994419644,956.3469790504092,945.5242350598644,14.601124710718182,50.597043861904965,957.0120239257812,0,Train,2020-01-21,-0.0008165907359577451,-0.006371837308581707,-0.013033116124943067,0.0022157828266515197,0.003347121014625119,-6.124546595981997,-12.611851283481997,967.1435331239024,949.1139646090776,18.02956851482486,12169.849609375,-0.004474618385662321,12305.34263392857,12221.273716517857,49.38599418320257
-0.0124924109021012,954.550537109375,956.648187546503,946.5685795022204,14.543648970446228,43.65149967915437,959.528564453125,1,Train,2020-01-22,0.0004277123381026815,-0.004441955871227532,-0.011676465342282949,0.002191687242134324,0.003226606888609624,-4.258989606584805,-11.277457101004188,967.1612185908521,949.0240518820833,18.137166708768746,12106.900390625,-0.005172555189302153,12273.535574776786,12213.852306547618,41.176788633590995
0.0026295808876262,953.552995954241,956.8058064778646,947.7467599523028,14.556690534686872,49.29201046156477,943.4544067382812,0,Train,2020-01-23,0.0015376142187768504,-0.002398962198721599,-0.011870965797268873,0.0020655799160519046,0.0032291480798125375,-2.2930385044643344,-11.455583844866169,967.0696698289415,948.5348833937147,18.534786435226806,12180.349609375,0.0060667236352978104,12247.542689732143,12212.223725818452,47.71083034303747
-0.0167521409057843,952.493913922991,957.0994582403274,947.3565460237552,14.201123357886347,40.61173054725888,946.4243774414062,1,Train,2020-01-24,-0.0026925750333102183,-0.001727755339623549,-0.010127946661261378,0.001980721655951982,0.002939807391464479,-1.6485246930803896,-9.745509556361753,967.1632909328241,948.0707440141623,19.09254691866181,12248.25,0.005574584704263197,12233.964146205357,12218.018973214286,65.08987810300326
0.0031479748061093,952.8436976841518,958.789027622768,947.27180342536,9.892087938705934,42.8747935013846,964.9923706054688,1,Train,2020-01-25,-0.001788107972147679,0.0007926226973735684,-0.007901104352703636,0.0017761301520218856,0.0016592176261456056,0.7546473911830844,-7.58847481863836,967.2082518475898,947.661418039408,19.546833808181873,12248.25,0.005574584704263197,12233.964146205357,12218.018973214286,65.08987810300326
0.0196190985847806,954.9456612723214,958.3053646995908,948.8827640780972,9.281645229637734,50.96530252117885,957.6921997070312,0,Train,2020-01-26,0.0014605012243569249,-0.0001254763884916965,-0.006496514181939861,0.0019113083952000296,0.0018576767703126342,-0.11983816964300331,-6.244384765625,967.205151883883,947.7030582165635,19.502093667319514,12248.25,0.005574584704263197,12233.964146205357,12218.018973214286,65.08987810300326
-0.0075650037459437,956.8889421735493,957.9955240885416,949.6836218625456,9.183151720629084,49.73961039710858,941.8900756835938,0,Train,2020-01-27,0.0046142323707418775,0.002449744642390117,-0.002003092886434743,0.0017274237143132772,0.0020066489773334123,2.3384050641742533,-1.9205845424105519,967.0918990873754,948.3316038074349,18.760295279940465,12119.0,-0.010552527912150667,12200.178431919643,12211.980887276786,53.609475413300544
-0.0165002116841627,952.9991455078124,956.7680228097098,948.9751176644592,9.541488170282935,47.91910844474462,944.338623046875,1,Train,2020-01-28,0.00016314094750091712,-0.0005808281750239175,-0.0029783969889095596,0.0021456118389134274,0.002132103830852965,-0.5538504464286689,-2.8468889508930033,967.1545876503574,948.0726444924999,19.081943157857495,12055.7998046875,-0.005214967844912932,12157.814174107143,12202.45470610119,51.601714879238266
0.002599610534705,951.1886596679688,955.3904564267114,948.5536181537695,9.11922454243277,44.33755598197705,955.425048828125,1,Train,2020-01-29,-0.003934256949601811,-0.0013703544305563309,-0.0030957421329953494,0.0022300746733603335,0.0021330400286491305,-1.3052542550223052,-2.953778948102695,967.3249809712552,947.4536793942584,19.871301576996757,12129.5,0.006113256399948197,12144.235630580357,12200.599934895834,44.818251673874435
0.0117398838834739,950.6024431501116,955.1151617140996,949.17829366962,9.02161703378514,46.27800441136335,980.0236206054688,1,Train,2020-01-30,-0.006569726899715245,-0.002352174380213068,-0.0015614160696414414,0.0022185246760056255,0.002090807991544439,-2.241254534040195,-1.4866071428571104,967.2180776426667,946.6213336296546,20.596744013012085,12035.7998046875,-0.0077249841553650445,12125.085658482143,12193.614211309523,37.53525098702763
0.0257462077297587,955.8266165597098,955.7100190662202,951.9824143001516,10.214263310439602,59.23320230834892,1049.2398681640625,1,Train,2020-01-31,0.002966918769261584,0.0009225187600880869,0.0007969266172740408,0.00311140990847345,0.0026155614789677767,0.8809552873883604,0.7611171177453571,965.2974606472927,947.3568772084549,17.940583438837848,11962.099609375,-0.006123414854723341,12104.399832589286,12178.371326264882,29.297418759195338
0.0706271217379752,970.5145438058036,959.7347586495536,960.8240010150528,22.81786716704641,73.90093358940085,1051.8472900390625,1,Train,2020-02-01,0.02031761411514399,0.014239480708496899,0.01672410844246297,0.006414166187076988,0.004798092275536744,13.625601632254302,15.964006696428555,966.7402345343505,946.3827582809399,20.357476253410596,11962.099609375,-0.006123414854723341,12104.399832589286,12178.371326264882,29.297418759195338
0.0024850579492012,982.922389439174,964.0034964425224,969.0988454717808,30.4212581622194,73.45549181799758,1044.048095703125,0,Train,2020-02-02,0.03399943532856953,0.03139902493345548,0.03079995932008206,0.007455010434531817,0.005632189831170497,29.92324393136164,29.36939348493297,972.6723462734486,942.2420275058483,30.430318767600284,11962.099609375,-0.006123414854723341,12104.399832589286,12178.371326264882,29.297418759195338
-0.0074147591668443,995.2589460100446,968.0789794921876,975.9124136746302,35.026203329723806,72.91337295948718,1051.4390869140625,1,Train,2020-02-03,0.04125468862989279,0.046331803784813275,0.04489795836166466,0.007995974154176933,0.006120064972085169,44.07028634207586,42.765032087053555,981.8248106051786,936.3915154271875,45.43329517799111,11707.900390625,-0.021250384719316173,12036.90708705357,12153.6689453125,20.493292459003115
0.0070791673691621,1010.9088047572544,972.9911499023438,982.7784748782148,39.10692230455721,70.5303241102965,1054.0235595703125,1,Train,2020-02-04,0.04162148955856715,0.06344015002454562,0.06093875334876797,0.007465482427696492,0.006976303304875294,60.306361607142776,58.06510707310258,994.0937221584821,929.1702670993303,64.92345505915182,11979.650390625,0.02321082268667074,11998.535714285714,12153.03087797619,36.64673115168658
0.002458033649705,1026.57808140346,977.4390927269344,989.2553007593148,42.769548300942205,75.4006331632433,1042.3250732421875,0,Train,2020-02-05,0.044414180034289874,0.07402123315879683,0.07501203789511868,0.006224438988244979,0.007458056577776057,70.75146484375011,71.63242013113847,1008.4526896713355,921.3501031230285,87.10258654830704,12089.150390625,0.009140500467834434,11994.271484375,12154.754696800595,40.8718683984353
-0.0110988850504385,1038.9923706054688,981.049269903274,994.0798255304848,44.94538865946606,70.68415441459003,1045.4765625,1,Train,2020-02-06,0.04394175482747453,0.07055826956609468,0.08580246339290287,0.003567122031443162,0.007433547146757436,68.4778267996652,82.1034284319195,1023.4715505112044,914.3495266721106,109.1220238390938,12137.9501953125,0.004036661230167438,12006.007254464286,12160.116629464286,42.87519577025902
0.0030235186111466,1048.3427908761162,985.5544404529388,998.7522561640772,46.48413561021875,77.24628982994653,1022.873046875,0,Train,2020-02-07,0.03703003272174543,0.06655703658787249,0.10004588757264754,0.002441548651291045,0.007157410968522032,65.42040143694214,95.34364536830378,1038.1822927966075,908.8884600284482,129.2938327681593,12098.349609375,-0.0032625431230384194,12001.557198660714,12154.518973214286,45.5450350353318
-0.0216202987572952,1044.5761021205358,989.3114478701636,1000.9450553196156,46.14270402202501,68.47874804189756,1002.6045532226562,0,Train,2020-02-08,0.01753205240118727,0.049552085221842734,0.09817972649628293,0.006646795394864658,0.007505094440788915,49.31715611049117,93.38744245256703,1049.3062137298914,906.8079054456107,142.4983082842807,12098.349609375,-0.0032625431230384194,12001.557198660714,12154.518973214286,45.5450350353318
-0.0198152583199512,1037.5414254324776,991.8031587146576,1001.0959187653466,45.335277121970464,59.01727956583935,1011.5143432617188,1,Train,2020-02-09,-0.001396492615384326,0.026345225751217338,0.0914567208498509,0.009179494647023329,0.008252121819228889,26.632620675223166,86.93898228236594,1057.1797687932547,907.4795878961984,149.70018089705627,12098.349609375,-0.0032625431230384194,12001.557198660714,12154.518973214286,45.5450350353318
0.0088866443010096,1032.8937465122767,995.0138782319568,1002.0430482650168,44.15947013126958,62.80468821696043,989.0243530273438,0,Train,2020-02-10,-0.014736634332104703,0.006152152693716717,0.08062877578148364,0.009933702221189557,0.008664700025679558,6.315665108816802,77.06712995256692,1063.1661482352652,909.2760331612191,153.8901150740461,12031.5,-0.005525514763038308,12000.942940848214,12143.79041108631,45.15768706497115
-0.022233980550245,1023.9773559570312,995.9617687406994,1000.8595305161374,43.78790889567431,60.86776266349182,998.3196411132812,1,Train,2020-02-11,-0.01971971800014205,-0.014451515788982738,0.05508707983043415,0.009963412664369585,0.009126587567573593,-15.0150146484375,53.462812151227695,1066.8853974640615,912.4994658171887,154.3859316468728,12107.900390625,0.006350030388978967,12021.77162388393,12133.235677083334,50.03467406380028
0.0093984420681707,1016.0196533203124,997.9287981305804,1000.628631479514,42.86889487324228,62.0654731226128,1004.9169921875,1,Train,2020-02-12,-0.020743048503527706,-0.030832603454821195,0.033672306416809406,0.008424616047683015,0.009599739960685274,-32.32313755580378,33.09726388113836,1068.8988783356451,916.7326506822121,152.166227653433,12201.2001953125,0.0077056964194832656,12092.24302455357,12125.564267113095,50.71315721791527
0.0066084556514001,1010.6756417410714,1000.0901518322172,1001.0184824529672,41.97082285139342,61.28863852400546,1017.975830078125,1,Train,2020-02-13,-0.021510542440815517,-0.03245379662682779,0.015490135298790175,0.005973411310317943,0.009876147057678348,-33.900460379464334,15.416695731026834,1069.7375225075496,921.7121792921155,148.02534321543408,12174.650390625,-0.0021759994314084485,12120.100167410714,12117.53334263393,47.4093766499472
0.0129949418630075,1006.7469656808036,1003.6387910388764,1002.5600595097998,40.04924445968504,59.137555396913605,1013.1242065429688,0,Train,2020-02-14,-0.016826925103362034,-0.02968022191387487,-0.004116928309324863,0.0019722734237496878,0.010113897499239816,-30.794459751674026,-4.16183907645086,1069.7344765533578,927.105552045973,142.6289245073848,12113.4501953125,-0.005026854435148831,12123.571568080357,12106.007161458334,49.794824064252595
-0.0047659515990511,1005.3542742047993,1006.8149733770462,1003.5204365128152,37.87048507787037,37.39919359132108,1008.9979248046876,0,Train,2020-02-15,-0.010497217333010345,-0.026662444612980507,-0.020674323349710644,0.0024874540678131375,0.00961381840311825,-27.539472307477467,-21.223807198660666,1069.286834644079,932.5940552484991,136.6927793955798,12113.4501953125,-0.005026854435148831,12123.571568080357,12106.007161458334,49.794824064252595
-0.0040728290881144,1006.2676130022322,1008.9104759579614,1004.0183899938944,36.63802275137908,35.206584890758975,1003.0806274414062,0,Train,2020-02-16,-0.004361467276727482,-0.0172950533053996,-0.03149662935846809,0.003355486198371325,0.00915574228409722,-17.709742954799026,-32.724757603236526,1068.5477233170568,938.2710336583897,130.27668965866712,12113.4501953125,-0.005026854435148831,12123.571568080357,12106.007161458334,49.794824064252595
-0.0058645287743548,1005.0627964564732,1011.0718296595982,1003.9331388527588,34.75591250990671,35.670089534853446,1002.2417602539062,0,Train,2020-02-17,-0.001672882344563642,-0.010784099331181851,-0.04128420092770724,0.0035588180198128263,0.008626313291355785,-10.95685686383922,-43.279994419643,1066.676050198755,945.3490718715575,121.3269783271976,12045.7998046875,-0.00558473346026378,12110.4072265625,12091.40955171131,49.631513113671005
-0.000836290886845,1006.9509974888392,1013.9457194010416,1003.779377161954,31.046642365377824,31.96470308680179,1023.62109375,1,Train,2020-02-18,0.0015882195212260086,-0.0036853012958893983,-0.036019495903951815,0.0034393203759534616,0.007495123396490754,-3.724644252232224,-37.62510463169656,1063.7073517493545,953.8940041030451,109.81334764630947,11992.5,-0.004424762618648104,12095.285853794643,12080.359561011905,44.87467265245043
0.0213315133572937,1010.5654907226562,1017.7210751488096,1005.5831695790492,26.67116937607132,40.2045482970434,1015.3458862304688,0,Train,2020-02-19,0.004271108067963381,0.0037929342446743064,-0.025999862799287232,0.003143026703111778,0.006118950011815652,3.818525041852695,-26.97593470982133,1059.3854939020014,964.2121667076528,95.17332719434853,12125.900390625,0.011123651500938081,12108.77162388393,12078.26674107143,53.2735275813938
-0.0080842487225574,1012.0553327287946,1020.5744483584448,1006.4706892746328,22.56202077900993,41.11142972164387,1012.7160034179688,0,Train,2020-02-20,0.006957312813661964,0.006665370303712725,-0.020174789375815516,0.002503236977932083,0.004892346974222917,6.701058523995357,-20.83841378348211,1054.2545363685315,974.965995858031,79.28854051050052,12080.849609375,-0.003715252459506435,12104.9072265625,12077.02622767857,54.40614192994814
-0.0025901348970482,1011.3039289202007,1022.1312284923736,1007.0384451058452,20.672912598358387,39.16947309161422,1014.3483276367188,1,Train,2020-02-21,0.004322883081914641,0.005004946848028435,-0.012376667279898612,0.0018431302042415814,0.0037990899645691397,5.036315917968523,-12.673427036830503,1050.5186287894726,982.7808419485297,67.73778684094293,12080.849609375,-0.003715252459506435,12104.9072265625,12077.02622767857,54.40614192994814
0.0016118282057762,1011.4788033621652,1020.4697265625,1007.702979881379,19.76753543685228,46.72807169198347,1034.140869140625,1,Train,2020-02-22,0.0009037639300901734,0.006383687594758047,-0.004469254057544947,0.0016401058913516346,0.003853204630048997,6.416006905692029,-4.5408499581471915,1048.1552290497366,987.9998830805648,60.155345969171776,12080.849609375,-0.003715252459506435,12104.9072265625,12077.02622767857,54.40614192994814
0.0195125687741013,1015.0706525530134,1019.6265636625744,1010.1064243594922,18.711665341997,62.14854541735342,1037.22412109375,1,Train,2020-02-23,0.002979402140087073,0.008063604966302318,0.004348586856581127,0.0019293019963280533,0.003920630755080156,8.11965506417414,4.395010811941916,1047.2251925831263,990.9110902014718,56.31410238165449,12080.849609375,-0.003715252459506435,12104.9072265625,12077.02622767857,54.40614192994814
0.0029814622409103,1019.9482945033482,1019.3016124906994,1012.571669517152,18.32153615176349,60.36951532992335,1000.49609375,0,Train,2020-02-24,0.008547742509393164,0.00928470630239131,0.013112856827551811,0.0019948352195416955,0.004165616654170195,9.382803780691916,13.20132882254461,1047.4146807239188,991.6255510352888,55.78912968862994,11829.400390625,-0.02081386879900149,12051.79296875,12060.314360119048,54.517397732587014
-0.0354099240432438,1019.6989135742188,1016.8757556733632,1011.4738899019565,17.19131118434436,54.1502290483574,986.5757446289062,0,Train,2020-02-25,0.008126823997428145,0.0075525325525580556,0.014268243282464343,0.002186995277557017,0.0035199085721133957,7.64358084542414,14.344639369419497,1046.8732331311674,991.4790818451161,55.39415128605128,11797.900390625,-0.002662856861702312,11997.97154017857,12038.869140625,41.77267342139232
-0.0139134467471215,1014.406720842634,1013.6639549618676,1009.2104221498608,16.174557180413643,45.888888983849725,986.7571411132812,1,Train,2020-02-26,-0.0006540743826152218,0.0030681102225580403,0.008088412799174272,0.003249579512267013,0.0031457719177875832,3.102791922433198,8.13910784040172,1044.0789303745764,991.8148196254234,52.26411074915302,11678.5,-0.010120477938589723,11935.83579799107,12017.89295014881,31.576115625859842
0.0001838647314842,1010.3226143973214,1011.0178629557292,1007.169214782899,15.792094650566892,43.34390591254602,977.552490234375,0,Train,2020-02-27,-0.009437419678919978,-0.0011430679130403076,0.005233322693261266,0.0036305704243998855,0.003004495352314321,-1.15618896484375,5.259817940848279,1038.0776206169878,994.0141117351325,44.06350888185534,11633.2998046875,-0.003870376787472707,11876.9072265625,11997.773902529761,27.285426439457353
-0.0093281826858849,1005.2992553710938,1007.7833833240328,1004.4767852784876,15.330745640543409,34.752932942888194,963.360107421875,0,Train,2020-02-28,-0.014121480381548812,-0.009626322224313588,-0.001640340117706418,0.004055404401075694,0.0031235182862440125,-9.77139718191961,-1.6517421177454708,1032.0294512396763,996.1345964374997,35.89485480217661,11201.75,-0.03709607866493836,11763.942940848214,11953.59533110119,20.16904633795751
-0.0145182820915297,998.0152239118304,1004.9494338262648,1000.7389054733412,17.716811322617534,32.46530309227978,955.3569946289062,0,Train,2020-02-29,-0.01615870300739697,-0.021504100462462983,-0.012419053417162651,0.00466855290621421,0.0036565181354762276,-21.933070591517776,-12.55026681082586,1027.7309680875114,996.4804594376,31.250508649911467,11201.75,-0.03709607866493836,11763.942940848214,11953.59533110119,20.16904633795751
-0.0083074986511394,986.7603846958706,1002.6995500837054,996.613277214756,20.76694261966268,31.60192209382116,958.1229248046876,1,Train,2020-03-01,-0.02332149094327285,-0.03230221042689263,-0.024993641370103292,0.00512324987566058,0.004615657836822179,-32.938528878348166,-25.294948032924026,1026.108776488119,993.489314855352,32.61946163276707,11201.75,-0.03709607866493836,11763.942940848214,11953.59533110119,20.16904633795751
0.0028951796986169,975.4602137974332,1000.1571015857514,993.1141542683862,22.80235527988521,34.23944231546925,920.0573120117188,0,Train,2020-03-02,-0.029681750398438123,-0.03839338427573624,-0.03544306918795315,0.0040213955361343085,0.005339985442837314,-38.94650704520075,-35.84371512276755,1028.5191475131123,986.2272296143988,42.291917898713564,11132.75,-0.006159751824491688,11622.06431361607,11910.592959449405,20.140227244706594
-0.0397293622848325,963.9689592633928,996.8729567754835,986.4726231541435,28.69188785677108,27.152455197765136,922.5059204101562,1,Train,2020-03-03,-0.034113973246810314,-0.04588005303788989,-0.046970676934454,0.0034246991466342688,0.005782673448249615,-46.35365513392867,-47.50984409877242,1033.0462599933644,976.495047728455,56.551212264909395,11303.2998046875,0.015319647408546855,11510.985770089286,11879.22154017857,24.842089577942673
0.0026613650763598,954.8161272321428,993.2627795991444,980.6574683592356,32.95386988940997,18.5828010439333,912.0542602539062,0,Train,2020-03-04,-0.03237286169891518,-0.05021701535063383,-0.05935993240403892,0.0032179794005741317,0.005675489269384585,-50.483128138950974,-60.254525320870584,1037.8201510765505,966.135205194376,71.68494588217447,11251.0,-0.004626950146523701,11428.357142857143,11857.464378720239,19.507738977558688
-0.0113296401952662,944.144287109375,988.8407447451636,974.420813076933,37.260912173286926,18.33482647051564,919.059814453125,1,Train,2020-03-05,-0.03210374574494057,-0.053978071187433696,-0.07432142178431211,0.002596441075277718,0.005738473457439481,-53.87093680245539,-75.80400739397317,1042.9246151328339,954.7704732809495,88.15414185188433,11269.0,0.0015998577904186018,11352.79994419643,11823.62388392857,20.777001903273387
0.0076810717349957,935.7881905691964,984.1304582868304,969.3879950202232,39.57405323305941,22.03882260287031,931.5745239257812,1,Train,2020-03-06,-0.029234103882069373,-0.051656101032455104,-0.0822897052139645,0.0016942857865628379,0.0056918885195304655,-50.97219412667414,-83.9107230050223,1047.5236997083064,943.2147803419169,104.30891936638943,10989.4501953125,-0.024806975302821943,11254.3642578125,11771.25720796131,18.210878679577746
0.0136168607046571,931.2473929268972,980.2471400669644,965.9504067389104,40.57518898055257,26.79557349324864,851.2944946289062,0,Train,2020-03-07,-0.024684055529693993,-0.04532508886079223,-0.08197828958256415,0.0024559529635141703,0.005459449466746546,-44.21282087053601,-83.15932791573675,1050.791216241687,932.4452418010029,118.34597444068402,10989.4501953125,-0.024806975302821943,11254.3642578125,11771.25720796131,18.210878679577746
-0.0861767118303794,916.381321498326,972.7374529157366,955.5271420016372,48.75694460038158,11.722840479285622,839.0291748046875,0,Train,2020-03-08,-0.029405426681179292,-0.04936635905935227,-0.09298148092531155,0.0033783737752828163,0.005358838118428098,-47.5876377650668,-93.94129289899547,1054.8030052439208,919.5653053029541,135.23769994096665,10989.4501953125,-0.024806975302821943,11254.3642578125,11771.25720796131,18.210878679577746
-0.0144078458178745,899.3679286411831,964.9254789806548,944.9364177110052,56.22295912632538,10.04574671233958,867.5046997070312,1,Train,2020-03-09,-0.0389193433888716,-0.058072121961005196,-0.10537292867167936,0.004569088383372332,0.004932556909880455,-55.44819859095969,-105.93132672991067,1059.2112750875697,904.3987285745397,154.81254651302993,10451.4501953125,-0.048956043335951605,11085.528599330357,11690.947684151786,14.38401408745672
0.0339386588183567,891.8604125976562,958.5094284784226,937.897170619735,59.35244150817775,22.26744196406186,886.4580688476562,1,Train,2020-03-10,-0.04229486238393454,-0.05537699610701763,-0.1063659238564405,0.004719043285051568,0.004264522952162554,-52.28387451171875,-106.15481131417414,1061.7326025181903,890.006893331419,171.72570918677138,10451.4501953125,-0.048956043335951605,11085.528599330357,11690.947684151786,14.38401408745672
0.0218481457760699,886.7107195172991,951.9778558640252,933.2208886404552,59.37601597980316,29.551784971672447,920.0800170898438,1,Train,2020-03-11,-0.03237800824280668,-0.05244506347322653,-0.10139205700825515,0.005114533615345963,0.0042216041861685896,-49.077471051897305,-100.04966517857144,1062.3652749236992,876.8397596047606,185.52551531893857,10458.400390625,0.0006649981756232659,10979.33579799107,11612.85486421131,15.005261736881067
0.0379284135637618,887.8572562081473,947.441385904948,932.0262639540358,57.91373738809119,38.01841791585635,929.8515014648438,1,Train,2020-03-12,-0.012798624530037217,-0.04659356584330965,-0.08980679719191276,0.006751094480389618,0.004936379272549741,-43.390136718749886,-87.6029575892859,1060.8222179528952,866.0381493043591,194.78406864853616,9590.150390625,-0.08301938801064712,10758.964425223214,11496.600120907739,6.679764243614926
0.010620254970765,889.39892578125,943.4954572405134,931.8285582732,56.03644818096506,41.445771105724496,945.2000732421876,1,Train,2020-03-13,-0.00275994626696896,-0.029444506434241235,-0.07735729741663544,0.007819147974199915,0.005649849099917649,-26.982395717075974,-74.57003348214278,1057.3067374537277,857.3456420454349,199.96109540829275,9955.2001953125,0.03806507612689369,10566.37876674107,11394.090587797618,17.264956442306627
0.0165064763063398,891.3454328264509,940.202683221726,933.044150543108,53.64548321693836,46.756805896248856,905.5928955078124,0,Train,2020-03-14,0.005226860583883219,-0.008920148872612166,-0.06647425886037683,0.008588123007697143,0.006354846229412045,-8.022495814732224,-63.470694405691916,1051.3871630510491,850.8926944754576,200.49446857559155,9955.2001953125,0.03806507612689369,10566.37876674107,11394.090587797618,17.264956442306627
-0.0419034856805673,899.1023472377232,934.0813511439732,930.5485819035356,49.56981298578589,42.01411872192989,897.7938842773438,0,Train,2020-03-15,0.0126654267349251,0.008120031495706614,-0.04770662756383748,0.008968535467325331,0.007674218230858518,7.241934640066916,-45.041939871651834,1042.4070072265486,847.7882555733955,194.61875165315303,9955.2001953125,0.03806507612689369,10566.37876674107,11394.090587797618,17.264956442306627
-0.0086120499279042,907.4973057338168,927.4418160574776,927.5708821193364,44.099843819529845,40.47261444504526,905.2301025390624,1,Train,2020-03-16,0.020349001362542918,0.023442353587236786,-0.03023214560783416,0.006626823068232041,0.008615777384050933,20.786586216517662,-28.290884835379643,1031.4798477231043,847.4952542927999,183.98459343030436,9197.400390625,-0.07612100106679087,10273.007393973214,11251.052501860118,14.935649543840583
0.0082827677843944,912.8866489955356,922.9053402855284,925.5399021574932,41.00011302750699,47.40764185890759,907.9053955078124,1,Train,2020-03-17,0.024167079760287313,0.0281907847374967,-0.019716290290654248,0.005206213816890813,0.008858662784995591,25.029392787388247,-18.36074393136164,1019.9767608842232,848.8463339469707,171.13042693725242,8967.0498046875,-0.02504518409052825,9944.15736607143,11098.309616815477,14.184131301866643
0.0029553734031226,915.9505528041292,919.159133184524,923.9367651893403,38.40348154720872,47.449296755926426,903.8018188476562,0,Train,2020-03-18,0.018738918453686804,0.02985345074433976,-0.0004700758124275284,0.003355156678779826,0.008893929563952359,26.551627022879188,-0.4307686941967859,1007.7073711690198,851.6785175028551,156.02885366616465,8468.7998046875,-0.05556454027271507,9584.064453125,10924.754836309523,12.943332178060544
-0.0045198284760284,913.6250959123882,915.2088797433036,922.1063155219146,35.23862212075935,48.5256009020346,901.0586547851562,0,Train,2020-03-19,0.006752405918843296,0.02499554299087925,0.015852430153636687,0.004200352405716496,0.008571361454407032,22.279663085937386,14.257167271205162,994.7418741747315,855.4765985512731,139.26527562345836,8263.4501953125,-0.024247781753128472,9271.49302455357,10744.64295014881,12.48176671308525
-0.0030351389046744,909.5118321010044,911.5663161504835,920.1928918185728,32.30331191736724,46.73413275368161,894.6878051757812,0,Train,2020-03-20,-0.0036968630204466946,0.011577641739298983,0.019791684050574965,0.005303217452349773,0.008393059208271155,10.40948486328125,17.651419503348166,981.4990556833218,859.8690778616001,121.6299778217217,8745.4501953125,0.058329146858465686,9026.785853794643,10590.021530877977,22.956575928098985
-0.0070704049903321,902.2957938058034,908.2962065197172,917.8742475783192,30.205794624650263,43.15522208334258,861.292724609375,0,Train,2020-03-21,-0.014907746882757533,-0.005731710601396545,0.01757627819926255,0.006798116979572501,0.008513183929280948,-5.20151192801336,15.585074288504302,969.1426709065366,863.7790035493784,105.36366735715819,8745.4501953125,0.058329146858465686,9026.785853794643,10590.021530877977,22.956575928098985
-0.0373259592599958,895.9671979631695,903.8169555664062,912.7304727629604,29.85052147049621,52.24612103942075,884.5084228515625,1,Train,2020-03-22,-0.01932729084196705,-0.018534010822683022,0.00913428560538887,0.006720126921733206,0.007698805548197336,-16.919451032366055,8.109941755022192,957.9224111106741,867.0499617618145,90.87244934885962,8745.4501953125,0.058329146858465686,9026.785853794643,10590.021530877977,22.956575928098985
0.0269544808389232,894.0692749023436,900.3115030924479,910.1648318619244,27.37398550075519,59.73788938776386,890.5616455078125,1,Train,2020-03-23,-0.01697895140406025,-0.02388914754709992,0.005251129707618096,0.005140270749396243,0.005967784080445041,-21.881277901785552,4.670349121093636,948.0607714072731,869.9216330291105,78.13913837816267,7610.25,-0.12980466070471242,8743.942940848214,10374.990559895834,18.591730460650666
0.0068436009198589,891.9737810407366,898.9069475446429,908.3827240115504,27.06514002820885,55.46128101891675,883.1934204101562,0,Train,2020-03-24,-0.011439721692073412,-0.023698248842463743,0.0007049435506649715,0.003739606359820387,0.0055545776725908665,-21.651314871651607,0.6283482142857792,939.0716492800071,872.6265205372362,66.44512874277098,7801.0498046875,0.02507142402516349,8436.20717075893,10171.19056919643,18.884651837836316
-0.0082736833938708,888.4434988839286,897.034923735119,906.0927873205148,26.70846829529732,49.18183142007193,885.3699340820312,1,Train,2020-03-25,-0.008397292999503536,-0.02316444104790505,-0.011854988908149733,0.002323916745797358,0.005428535063420326,-21.06833321707586,-10.65884835379461,931.8063204101381,874.3217705845605,57.48454982557769,8317.849609375,0.06624746894667499,8310.557059151786,10003.973865327382,25.927592975693443
0.0024643680779055,885.8103724888393,895.7642415364584,904.2088915715616,26.59269616784858,39.673557377680254,875.0316162109375,0,Train,2020-03-26,-0.009237430079907849,-0.01827052883337743,-0.023897518050966626,0.0022739156552057014,0.0054787573450560114,-16.485421316964107,-21.686933244977467,925.805025685748,875.3252835009146,50.47974218483341,8641.4501953125,0.038904356430389475,8264.04282924107,9853.666713169643,29.465690381486624
-0.0116768341380518,882.0922241210938,893.6676606677827,901.5564119933232,26.39912796548959,33.745601008234615,886.4127807617188,1,Train,2020-03-27,-0.01107830423906997,-0.015486028811789287,-0.03373302140887413,0.002274658004087463,0.005550575054029637,-13.874973842075747,-30.794424874441802,920.1362316607718,876.0785606453106,44.05767101546121,8660.25,0.0021755381634551707,8291.392857142857,9709.940522693452,31.02391871547951
0.0130065752367485,880.9100777762277,891.517101469494,900.1797182449953,24.956821857945307,32.149265692235275,887.8864135742188,1,Train,2020-03-28,-0.008479347439836582,-0.01471831936910406,-0.03825585881315008,0.0018795509929583514,0.0054952834221579675,-13.159197126115942,-35.04047502790149,917.8741585793823,874.7935093544902,43.08064922489211,8660.25,0.0021755381634551707,8291.392857142857,9709.940522693452,31.02391871547951
0.0016624679206833,884.7091761997768,893.2595738002232,899.0621450931066,23.22544136527265,43.00304814074994,890.5616455078125,1,Train,2020-03-29,-0.0012431512694623947,-0.008144415223151125,-0.031649655686980305,0.0028790001136260834,0.0050138761794422445,-7.264604840959805,-28.915919712611412,917.6969284368608,873.5048642528711,44.192064183989714,8660.25,0.0021755381634551707,8291.392857142857,9709.940522693452,31.02391871547951
0.0030130339790024,885.5739222935268,895.7135009765625,898.2893724035343,19.657451823377563,47.021470309217285,882.7173461914062,0,Train,2020-03-30,0.003947090879190318,-0.0032298920460406277,-0.026319514450054093,0.003054591808521669,0.004081132949874684,-2.8695765904017208,-23.93790980747758,917.7818930014081,872.7912506579108,44.99064234349726,8281.099609375,-0.04378053643081892,8293.91420200893,9550.311941964286,31.848249322792483
-0.0088082608946552,884.4533081054688,896.4379127139136,896.8737336569772,18.828769999968955,40.75939282645352,887.9091186523438,1,Train,2020-03-31,0.00402223838576754,-0.00153200326561731,-0.01977454158915748,0.0030236842415576216,0.0034431128454731792,-1.3570643833705844,-17.84248570033469,917.8719370781375,872.4754654399985,45.39647163813902,8597.75,0.03823772271336057,8272.814174107143,9426.311941964286,35.20487146690057
0.0058815797416218,885.1269792829241,896.5070103236607,896.0587686565559,18.792943322842337,41.95843468570745,904.0285034179688,1,Train,2020-04-01,0.0004722490671362767,0.003440405752192399,-0.012098901282199592,0.00282733895217737,0.0031776084420972613,3.0347551618303896,-10.840218680245357,917.9525033796873,872.1218714459268,45.830631933760515,8253.7998046875,-0.04000467509668226,8364.74986049107,9289.219075520834,38.407283803797334
0.0181543183046601,887.7924891880581,895.7426525297619,896.7832899985025,18.09987774199245,50.08312808708708,919.08251953125,1,Train,2020-04-02,0.002505230606594022,0.007812842179311108,-0.00702046909616838,0.002871985317359202,0.003494422056815254,6.88241141183039,-6.276785714285552,917.9664618835457,871.9472692827492,46.01919260079649,8253.7998046875,-0.04000467509668226,8364.74986049107,9289.219075520834,38.407283803797334
0.0166521476439789,894.0854753766741,895.2298438662574,898.8104926832978,17.21616228176259,56.06221539388808,910.0364990234376,0,Train,2020-04-03,0.010890532245097173,0.0105981710477705,0.002367439919000347,0.003072244970872923,0.004173488172836799,9.376299176897305,2.1116943359375,918.0454813988487,872.1422540224681,45.90322737638053,8083.7998046875,-0.020596574186770744,8405.14271763393,9135.90955171131,33.197155558673174
-0.0098424464785011,897.4602922712054,893.5553879510788,899.8310387142195,13.400108642191586,55.07117958017019,909.492431640625,0,Train,2020-04-04,0.013933947644746869,0.013422222220471847,0.010148977845641172,0.0027553224453158837,0.0038863483756358154,11.886369977678555,9.016793387276834,917.9146995092776,872.1088304153875,45.805869093890124,8083.7998046875,-0.020596574186770744,8405.14271763393,9135.90955171131,33.197155558673174
-0.0005978522657019,900.5468662806919,893.7410801478794,900.7093471620746,13.60077551539589,70.3405930964423,902.917724609375,0,Train,2020-04-05,0.014366394453616538,0.018196051761846244,0.016636172085508383,0.002687247530071503,0.003497837720909216,16.093558175223166,14.736493791852581,916.9726984997401,872.3557874796124,44.616911020127645,8083.7998046875,-0.020596574186770744,8405.14271763393,9135.90955171131,33.197155558673174
-0.0072289848738927,902.312020438058,893.9850725446429,900.9101087481928,13.722531283588886,59.03829418970655,895.2320556640625,0,Train,2020-04-06,0.009201072255332177,0.019415339897396633,0.022922542296652804,0.002616692482882911,0.0034440885890407095,17.18504115513383,20.21979631696422,915.0853786394491,873.185644484156,41.89973415529312,8083.7998046875,-0.020596574186770744,8405.14271763393,9135.90955171131,33.197155558673174
-0.0085120368510182,904.099836077009,893.5089750744048,900.3939221041809,13.484252888242812,52.256825037662914,896.2294921875,1,Train,2020-04-07,0.0073981477096896064,0.01836842177372433,0.02632477353343665,0.002020275829612804,0.003346401962404418,16.30734688895086,23.18975830078125,912.4673692539621,874.6185821969306,37.848787057031586,8792.2001953125,0.08763210467115035,8472.90708705357,9018.82384672619,46.329244050309946
0.0011141653352633,905.2884608677456,892.9529796781994,900.0153375663008,13.096094957383729,56.71254988456387,900.3331298828125,1,Train,2020-04-08,0.005265239117023146,0.012530105677370118,0.023261072928355997,0.001919847402558818,0.0030309576566240103,11.202985491071445,20.57928466796875,910.4910819098905,875.7612060365382,34.729875873352285,8748.75,-0.004941902407507137,8488.235630580357,8898.811941964286,47.953081645065296
0.0045787800235144,904.7605503627232,892.7878040132068,900.0442277768927,12.973724263617804,57.554929223289776,903.031005859375,1,Train,2020-04-09,0.002713617761045173,0.008134352187374239,0.02166575549052463,0.002405549448814018,0.002830687374589903,7.300258091517776,19.18662806919633,909.4196350826276,876.3575246899725,33.062110392655086,9111.900390625,0.04150883161880259,8552.757114955357,8809.404808407739,56.186869801919826
0.0029965308251109,902.4674769810268,892.8817254929315,900.3157530571184,13.043545129307777,65.31881045817983,879.5206298828125,0,Train,2020-04-10,-0.001805507567687492,0.002132715988749201,0.020367574761120055,0.0022301092033411786,0.0025977599487427964,1.9206107003349189,18.014168875558084,909.4489526595734,876.3453754305496,33.10357722902381,9111.900390625,0.04150883161880259,8552.757114955357,8809.404808407739,56.186869801919826
-0.0260349598452477,898.1080671037946,892.1594790504092,898.4252873139997,13.354744296483569,46.67104156090566,878.1603393554688,0,Train,2020-04-11,-0.007931608624579534,-0.004659090468752014,0.014665791603580836,0.002925248130609591,0.0030358668358714046,-4.20395333426336,12.98108782087047,909.6669130479193,876.341501956266,33.32541109165322,9111.900390625,0.04150883161880259,8552.757114955357,8809.404808407739,56.186869801919826
-0.00154662719796,893.6320539202009,892.9626988002232,896.5830193177696,11.825089609952844,45.297086975204586,881.4024047851562,1,Train,2020-04-12,-0.012299935533286455,-0.011578126373995357,0.006577623491141882,0.003055475708064918,0.0033472790995622954,-10.467782156808084,5.839564732142776,909.6403150279172,876.3243778780542,33.315937149862975,9111.900390625,0.04150883161880259,8552.757114955357,8809.404808407739,56.186869801919826
0.0036918832295103,890.5584368024554,892.8147931780134,895.2029634511684,11.954833967965152,45.59531685599578,904.2100219726562,1,Train,2020-04-13,-0.013196087928187827,-0.01627108341927941,-0.003944856136638197,0.0028283341002246216,0.0035248228675557724,-14.730024065290195,-3.52703857421875,909.5995867837961,876.2235716983467,33.37601508544935,8993.849609375,-0.01295567073707915,8654.578543526786,8739.99525669643,57.14676120652603
0.0258765089176939,891.8410034179688,893.4647158668155,896.0217869531218,12.194804794175717,59.03547620636037,908.3589477539062,1,Train,2020-04-14,-0.00697807303528164,-0.014279520630707143,-0.006261323093209925,0.002710519915217392,0.00350017391744636,-12.919546944754416,-5.61928885323664,909.646673696506,876.516235239041,33.13043845746506,8993.849609375,-0.01295567073707915,8654.578543526786,8739.99525669643,57.14676120652603
0.0045884536561522,893.5737827845982,894.663074311756,897.1433470259203,12.370219461060048,58.67311332281325,902.3508911132812,0,Train,2020-04-15,-6.520707862600617e-05,-0.009854863940560232,-0.0077431655777038255,0.002843579952853227,0.0035185598596067127,-8.893694196428669,-6.97308349609375,909.6774271681368,877.261822796986,32.41560437115072,8925.2998046875,-0.007621853562688519,8701.371372767857,8666.990466889882,51.914698072680466
-0.0066141877673809,893.8620343889509,895.471691313244,897.6167601247713,12.28709805361564,49.22174779713231,904.8220825195312,1,Train,2020-04-16,0.003709579798443219,-0.004727752561600185,-0.009364816003453846,0.002930403611990928,0.003454570338448055,-4.24603271484375,-8.44998604910711,909.3556788286153,878.7605521632934,30.595126665321914,8992.7998046875,0.007562771164790316,8806.942801339286,8638.545200892857,69.04940735129287
0.0027386146903463,894.117902483259,896.8902849469866,898.2717894333858,11.503973555373117,42.51011237251743,900.1971435546875,0,Train,2020-04-17,0.0025530324985776343,0.0005436785318149173,-0.011040742620928579,0.0029939662963042284,0.0028872768727747247,0.48584856305808444,-9.98193359375,908.7108633330523,880.7261501295592,27.98471320349313,9266.75,0.03046328187687486,8975.93568638393,8605.76185825893,69.74271334203786
-0.0051114346722898,897.0716901506696,897.5466831752232,898.4468216262313,11.267070026938825,44.58047130078365,901.1947021484376,1,Train,2020-04-18,0.003914514317073126,0.007313673172981261,-0.009076411632597203,0.002984276601239348,0.0028423855937838726,6.513253348214221,-8.216770717075974,908.5370542123119,882.1362106453892,26.40084356692273,9266.75,0.03046328187687486,8975.93568638393,8605.76185825893,69.74271334203786
0.0011081556977741,900.3623134068082,898.1804112025669,898.6966289464318,11.069080219327804,45.45231943416758,902.713623046875,1,Train,2020-04-19,0.007272127876312595,0.009554741210800577,-0.004861216544147173,0.002385598037856201,0.00286443684313648,8.521309988839448,-4.398236955914967,908.614036603986,883.5380673650432,25.07596923894289,9266.75,0.03046328187687486,8975.93568638393,8605.76185825893,69.74271334203786
0.0016854525385205,903.406773158482,898.7590767996652,899.0618102282904,10.96805184527671,49.88157667343776,891.4912109375,0,Train,2020-04-20,0.010388865550532866,0.011004116910460215,0.001040808894961387,0.0014399448315355297,0.0029631477712323286,9.832990373883831,0.9392961774551623,908.6982105321447,885.3492399421859,23.348970589958753,9261.849609375,-0.0005288143766692954,9043.02845982143,8608.830868675595,64.74952287310042
-0.0124318630215157,901.5898001534598,899.1768798828125,898.3735739291276,10.482800749689988,47.91506500751788,867.9807739257812,0,Train,2020-04-21,0.005036509403202105,0.00864536748089062,0.003876741761036584,0.0021156504542924224,0.0029593142183033296,7.727765764508945,3.481733049665195,908.2407904682415,887.4529420931425,20.787848375098974,8981.4501953125,-0.030274667144095657,9076.27134486607,8609.5166015625,55.38502561970484
-0.0263720345453489,895.8214896065848,898.2279110863095,895.6105921106416,12.298588206737325,37.41417090384802,866.5751342773438,0,Train,2020-04-22,-0.005043329482596559,0.0019053271594209331,0.0024500415767085837,0.003652317814643299,0.0033489849190033835,1.7035871233258604,2.189435686383945,907.572289868873,888.9243427343636,18.647947134509423,9187.2998046875,0.02291941778872575,9087.042689732143,8643.730887276786,57.880642145758124
-0.0016194363869143,890.7106672014509,896.4444173177084,892.9710050348873,14.01170759654678,34.589092432956875,876.800048828125,1,Train,2020-04-23,-0.014053587303361814,-0.007090874697149752,0.0001709381357859474,0.004314461376126974,0.0036002487364660395,-6.36102294921875,0.15223039899547075,907.8330177957096,888.326133990005,19.506883805704547,9313.900390625,0.01377995587701486,9132.764229910714,8693.75232514881,66.70440574223622
0.0117992244946054,886.70751953125,894.4309663318452,891.5009181069998,13.628724912155674,38.79529795046621,860.2723999023438,0,Train,2020-04-24,-0.016506709170486022,-0.015165887856735005,-0.005756052779637533,0.00454226955428267,0.003696657727944405,-13.654793875558198,-5.13348388671875,908.5445664644301,886.5393080472886,22.005258417141476,9154.400390625,-0.017124941572334906,9165.492885044643,8713.226143973214,59.485388431490406
-0.0188499635097774,881.0039847237723,892.0612473260788,888.6619619065766,15.033613891979408,41.25641774939184,887.3876953125,1,Train,2020-04-25,-0.016540689249729734,-0.02479811874376947,-0.01406688323112526,0.004429982871628723,0.003838037444087749,-22.40278843470969,-12.56979806082586,909.7069539365318,883.4226324194949,26.284321517036915,9154.400390625,-0.017124941572334906,9165.492885044643,8713.226143973214,59.485388431490406
0.0315194296751055,879.0315551757812,891.0086408342634,888.5461194889333,14.517092074377976,53.39676556720757,879.1124877929688,0,Train,2020-04-26,-0.013112127715237287,-0.02502051928031901,-0.016591463383169414,0.0035108442509006756,0.0037068543986667995,-22.558244977678555,-14.83047921316961,910.3933130451634,880.4082267846355,29.98508626052785,9154.400390625,-0.017124941572334906,9165.492885044643,8713.226143973214,59.485388431490406
-0.0093253575221335,875.6599644252232,889.8750581287202,887.688516607482,14.4700142052144,49.18715849954286,888.9973754882812,1,Train,2020-04-27,-0.01245907456820372,-0.022506186126675654,-0.02064374061493679,0.0018491136750249037,0.0037269696418368663,-20.16152518136164,-18.45793805803578,910.7827357310002,877.1748169336206,33.607918797379625,9282.2998046875,0.013971358975458648,9206.850027901786,8792.847563244048,68.91876161782659
0.0112441670805163,875.3037022181919,889.5781685965402,887.8075037784637,14.418474459742782,44.054588894444166,878.5003662109375,0,Train,2020-04-28,-0.006470211945031834,-0.017297384606009603,-0.02426560571632974,0.0022557801934999077,0.003658463491023773,-15.406964983258945,-21.767987932477695,910.3514047695975,874.6076720300676,35.74373273952983,9380.900390625,0.010622430648890235,9223.1572265625,8868.078543526786,74.50316843920932
-0.0118076943383306,876.8065011160714,888.7339245024182,886.961400363234,14.528176081683815,38.88231093794813,899.5849609375,1,Train,2020-04-29,-0.0025312561837042002,-0.011166047650540523,-0.026162592480804547,0.002931439590536872,0.0036433770376205544,-9.901018415178555,-23.555812290736753,909.2790973578941,872.884574517106,36.39452284078811,9553.349609375,0.018383013524196468,9264.800083705357,8926.911876860118,68.02944791860878
0.0240006669746792,881.5221906389509,888.6982974097842,888.1089967790763,14.49919786812839,49.07407672268479,914.2987670898438,1,Train,2020-04-30,0.006694637704003803,0.0005881992864549268,-0.024224505693065,0.004044394313448433,0.00404940483755612,0.5182059151785552,-21.884582519531136,907.8803158010992,872.1888274396931,35.69148836140607,9859.900390625,0.03208830345213909,9390.29296875,8984.933314732143,73.40297483345853
0.0163562162455559,886.879150390625,889.234857468378,890.489884989146,15.2454033434597,52.93208314512024,931.6651611328124,1,Train,2020-05-01,0.013224493559319539,0.008927546649078355,-0.01631634448429975,0.004655759615822373,0.004463766328656359,7.84759521484375,-14.710649762834805,906.9521731257774,871.994078443698,34.95809468207949,9859.900390625,0.03208830345213909,9390.29296875,8984.933314732143,73.40297483345853
0.0189942223133963,897.0781162806919,891.7179303850446,894.2330919112975,17.642182745154297,59.02465425785165,951.9335327148438,1,Train,2020-05-02,0.02311982762310394,0.024459439423529572,0.0014027646006338212,0.005380008883949849,0.005441475496781411,21.41815185546875,1.2566266741071104,907.3634045248125,871.9274532807119,35.43595124410058,9859.900390625,0.03208830345213909,9390.29296875,8984.933314732143,73.40297483345853
0.0217549957083154,906.2989501953124,895.230939592634,899.4785865298016,21.688564754426643,63.10298509203556,929.352783203125,0,Train,2020-05-03,0.0281067905260588,0.035410849855395776,0.017500950160211692,0.005580692643207662,0.006037147251759608,30.99524797712047,15.588282993861526,909.6556293778592,871.2092797669511,38.4463496109081,9859.900390625,0.03208830345213909,9390.29296875,8984.933314732143,73.40297483345853
-0.0237209308588175,913.4761352539062,897.5142909458706,902.1944225910128,22.662150269940867,56.20446402526503,880.110107421875,0,Train,2020-05-04,0.02998941270810862,0.04182180913480771,0.03018877717063595,0.004320375898821196,0.006319736628758959,36.669634137834805,26.76861572265625,913.3311186522644,869.6973036761397,43.63381497612477,9293.5,-0.05744483901313502,9405.464425223214,9015.088076636905,53.52319429613792
-0.0529859883902529,912.206525530134,896.3666759672619,900.1867575756365,22.91492577380487,47.74807871507595,859.252197265625,0,Train,2020-05-05,0.016864093521938628,0.03480835220828893,0.03541702574267558,0.004574354053488504,0.006300547275133183,30.684334891183084,31.20254080636164,916.143345313769,868.7483512891883,47.39499402458068,9205.599609375,-0.009458265521601117,9389.992885044643,9059.111886160714,54.15676832120483
-0.0236992053384655,909.456787109375,894.0282592773438,896.46543391109,24.10468249753525,48.25459957297744,850.886474609375,0,Train,2020-05-06,0.00348432149610467,0.025457399363606248,0.034612218133067474,0.005546193507841144,0.006061286016548568,22.57763671875,30.42523193359375,918.1155358118303,868.3356360631692,49.77989974866114,9270.900390625,0.007093593467121684,9406.6357421875,9091.166666666666,56.792993692926245
-0.0097360503503767,902.4998604910714,891.5775727771577,892.3218921563886,25.774540344140213,46.94779319616613,835.19775390625,0,Train,2020-05-07,-0.01201594036146758,0.006043781597145914,0.030651048530539793,0.007378938760271104,0.006248508962598801,5.421744210379529,26.83989606584828,918.8778020139857,868.4115656617955,50.46623635219021,9199.0498046875,-0.007750119504051356,9394.742885044643,9136.17857142857,54.04705002245805
-0.0184380891826108,891.1997157505581,888.2621285574777,887.1287886791033,28.3363458819098,42.07481724496848,859.3883056640625,1,Train,2020-05-08,-0.023028567754837748,-0.016660324323999665,0.018160569288216744,0.009337835810731976,0.0070977672793592185,-15.099234444754302,15.896013532366169,918.5529363186209,868.149233917149,50.403702401471946,9251.5,0.0057016970693835045,9376.257114955357,9191.78334263393,49.67227591949941
0.0289638611271072,880.8744506835938,886.3188505626861,884.6069265868268,28.87119681240734,49.836358784692,873.2178955078125,1,Train,2020-05-09,-0.031427921404190706,-0.03568969490511176,0.004639506621294753,0.008970430025890049,0.0075947338130806005,-32.6016845703125,4.067949567522305,917.941484542653,866.8118994207954,51.129585121857644,9251.5,0.0057016970693835045,9376.257114955357,9191.78334263393,49.67227591949941
0.0160923644790158,869.6293596540179,884.9866216750372,883.5715601250982,28.795826659928352,47.241578758262506,875.4170532226562,1,Train,2020-05-10,-0.03642161320575488,-0.04667491920360045,-0.013491244022243776,0.0075937746324944875,0.00832152528007434,-42.577165876116055,-11.89283098493297,917.6112456325974,863.7643969804047,53.84684865219265,9251.5,0.0057016970693835045,9376.257114955357,9191.78334263393,49.67227591949941
0.002518452411657,861.9242553710938,883.686785016741,882.8302413157853,28.570825715401657,49.26318289994349,872.537841796875,0,Train,2020-05-11,-0.03284949474519172,-0.05226475013657228,-0.0281378753898317,0.004563753086322773,0.008570149527301712,-47.53253173828125,-24.95489501953125,917.9870446913005,859.4220434434651,58.565001247835426,9239.2001953125,-0.0013294930214019507,9331.378627232143,9213.069056919643,49.514804802706536
-0.003288959719464,860.8425031389509,882.7842436290923,881.894568632248,28.611296118910325,46.62388575197235,872.288330078125,0,Train,2020-05-12,-0.022740979181649856,-0.04615774381333848,-0.04039292953881746,0.004597714128511529,0.008567911857902842,-41.657357352120584,-36.235613141741055,918.536481500078,855.374707987924,63.161773512154014,9196.5498046875,-0.004616242718351149,9236.6142578125,9234.392857142857,55.130451958293385
-0.0002859609140116,862.7048078264509,882.9893653506324,881.0212742182368,28.51513915866307,48.66989619811277,884.8484497070312,1,Train,2020-05-13,-0.00796264724815865,-0.0319736501487875,-0.04810128309148631,0.0058293058887836985,0.008580245918565599,-28.494907924107224,-43.594142368861526,918.8710405196971,852.2395630308051,66.63147748889196,9383.5498046875,0.02033371253039773,9249.478515625,9247.328543526786,54.723331603450745
0.0143990458152538,867.5565185546875,883.8595232282366,881.3691992626726,28.266934542238804,46.725110456973255,886.9795532226562,1,Train,2020-05-14,0.006534522202497728,-0.015118990133691557,-0.05026909289365844,0.007646677874246241,0.008594798712072919,-13.31793212890625,-45.91961669921875,918.8614295274881,850.3340739253579,68.52735560213023,9142.75,-0.025661909373274727,9240.5,9254.419038318452,46.09540283354989
0.0024084390002949,874.9539184570312,884.3442615327381,881.8792314408529,28.22707546041892,43.569219699769135,895.2092895507812,1,Train,2020-05-15,0.01639256340924722,0.006122790984347315,-0.04083790899374806,0.008555818834381671,0.008775321768908969,5.32455880301336,-37.252607073102695,918.7985095005438,849.791987325628,69.00652217491574,9136.849609375,-0.0006453627874545287,9221.349888392857,9264.492838541666,49.5694227888715
0.0092783833609511,880.0712018694196,886.0079229445685,883.0910549053917,27.76312927002856,41.032786486537645,932.11865234375,1,Train,2020-05-16,0.020130169538202347,0.021053992140542377,-0.03231113963463261,0.008022780027887816,0.00827527073642575,18.14694649832586,-29.38558523995539,918.8202207280966,849.8742407674389,68.94597996065772,9136.849609375,-0.0006453627874545287,9221.349888392857,9264.492838541666,49.5694227888715
0.0412298701809605,888.485595703125,888.1379685174851,887.5481092179697,29.533746421870507,45.49485952685388,925.7252197265624,0,Train,2020-05-17,0.024124165631657535,0.0321116725340318,-0.015528273633550471,0.006429206354149756,0.008199672316356158,27.64309256417414,-14.014264787946445,919.2576362352687,850.7193883880569,68.53824784721178,9136.849609375,-0.0006453627874545287,9221.349888392857,9264.492838541666,49.5694227888715
-0.0068590330223644,895.6724766322543,890.3576224190848,891.0187556278418,30.55545906468448,49.10969902871897,921.6443481445312,0,Train,2020-05-18,0.023679599277365293,0.03821430981573415,0.005018808694221111,0.0038569349323531164,0.008214596243842272,32.96766880580344,4.472760881696217,920.2748683813811,851.7390336833507,68.53583469803038,8823.25,-0.034322509703259896,9167.66420200893,9256.419038318452,39.678489040776455
-0.0044082968629033,902.6876918247768,891.9122401646206,893.8029004020862,31.304134666964856,63.09691296413413,933.8416748046876,1,Train,2020-05-19,0.025698477472408943,0.040494391453154366,0.024763167014612675,0.002487252747775975,0.008575040867633164,35.131173270089334,21.813241141183084,922.057260412235,852.5447607233676,69.51249968886736,8879.099609375,0.00632982284022332,9114.464146205357,9237.959495907739,38.496095096774084
0.0132343096170579,911.4810267857144,894.5475405738467,897.4427889841409,32.427870033392246,74.87901226123093,944.6107177734376,1,Train,2020-05-20,0.025881602576113272,0.041747465275769224,0.04812586726412649,0.0016314905521913902,0.008980005095895551,36.5271083286832,41.85166713169656,925.05647318276,852.5414315675192,72.51504161524076,9066.5498046875,0.021111396826158035,9089.7998046875,9228.659505208334,38.916230527142936
0.0115319794128938,920.018493652344,896.6916242327009,901.7307825104406,34.21676651583968,80.76805014005716,937.559814453125,0,Train,2020-05-21,0.027181830027457332,0.04539097711420337,0.06740063053015977,0.0013553576492493769,0.008987940695862078,39.94729178292437,58.09423828125023,929.2819835894048,851.6298554870463,77.65212810235857,9106.25,0.004378754451001221,9076.899832589286,9234.602353050595,30.466799497026514
-0.0074643482099508,927.2442452566964,897.7992931547619,904.9879672325028,35.178241974999175,85.62403988634968,943.27294921875,1,Train,2020-05-22,0.02720381994162202,0.04362327283752854,0.07713576162378155,0.0013705999398725614,0.00817081221412942,38.758649553571445,66.40174211774558,934.0780519170537,849.8504000569974,84.22765186005631,9039.25,-0.0073575840768702605,9027.714146205357,9227.55236235119,41.108597563224606
0.0060936216309115,934.1104823521206,898.352044968378,908.4684201403433,35.8222796071345,83.50226262874455,910.5352172851562,0,Train,2020-05-23,0.024827127390909753,0.04291524717203976,0.08276953353902528,0.000968793515701025,0.00709199267491583,38.43800571986628,71.40567452566972,939.1383359025076,847.5712692872246,91.56706661528301,9039.25,-0.0073575840768702605,9027.714146205357,9227.55236235119,41.108597563224606
-0.0347065310848871,931.0271344866072,896.3806966145834,908.6563107898716,33.808695392337896,62.94835330767975,917.4954223632812,1,Train,2020-05-24,0.01196567341875987,0.03139451542154337,0.07316020867165984,0.004498436607260192,0.005652977869288536,28.33944266183039,63.470615931919724,942.2576996219809,846.2070054910212,96.05069413095976,9039.25,-0.0073575840768702605,9027.714146205357,9227.55236235119,41.108597563224606
0.007644081136013,929.8514491489956,895.8160603841146,909.4598663874544,33.32606767723299,64.13337706800056,934.5218505859376,1,Train,2020-05-25,0.002811776838342439,0.020154475873253697,0.06274333943069288,0.0053327910968762994,0.004471691801536428,18.370422363281136,54.897530691964334,945.137000656064,845.0921968188245,100.04480383723944,9039.25,-0.0073575840768702605,9027.714146205357,9227.55236235119,41.108597563224606
0.0185575075446151,931.6910923549108,898.4070957728794,911.7382285873164,34.14894890120592,69.01246022634942,972.3153076171876,1,Train,2020-05-26,-0.0025900469408262072,0.012687352246831818,0.05865422067651105,0.0053424748318659995,0.004172669487086876,11.672598702566802,51.61989048549117,948.5271977533043,843.9254302461377,104.60176750716664,9029.0498046875,-0.0011284338094974533,9011.471261160714,9213.988048735118,43.47104119101395
0.0404414910229802,937.1873256138392,903.7910534086682,917.2452357718502,36.49904445718429,74.9378092419088,945.7669677734376,0,Train,2020-05-27,0.006616553802837322,0.010723259171471211,0.05481431566954442,0.004897946295356049,0.004048546757362347,9.943080357142776,48.70172991071422,953.3470862545845,842.5742882571343,110.7727979974502,9314.9501953125,0.03166450477176164,9036.91420200893,9221.633277529761,51.40049490963397
-0.0273042495945177,937.352504185268,908.3091721307665,919.8381204992672,35.48098541617189,64.19740196487041,952.9765014648438,1,Train,2020-05-28,0.008066939125746853,0.0034707049052526973,0.046534898236162636,0.004425968566294959,0.004333078415963678,3.242021833147419,41.6800275530137,958.2535392807516,842.2831140744385,115.97042520631317,9490.099609375,0.018803043536468778,9132.178431919643,9231.528506324405,58.6831280995564
0.0076229493491182,939.5548880440848,913.9176839192708,922.8507005870468,32.532548211732205,65.02529287880816,954.9262084960938,1,Train,2020-05-29,0.008440346541574995,0.009159511298432843,0.04084158513868874,0.003797578839606578,0.0043212511956081945,8.527753557477581,36.86719621930797,962.9667896095506,843.4379074816885,119.52888212786206,9580.2998046875,0.009504662651105722,9232.349888392857,9241.023716517857,59.59327091129677
0.002045913019107,941.2196393694196,918.4671078636532,925.7666558515056,31.177666233461213,63.99574978671687,998.5009765625,1,Train,2020-05-30,0.00430256966283582,0.012225813306876221,0.032626694039454396,0.002933119027978939,0.0044042010645187245,11.368190220424026,29.738612583705162,966.655247156084,846.9084779066952,119.74676924938876,9580.2998046875,0.009504662651105722,9232.349888392857,9241.023716517857,59.59327091129677
0.0456315552748645,953.7861764090402,924.4329688662574,932.3788668252324,33.949554421105915,65.08655702776481,986.598388671875,0,Train,2020-05-31,0.01753200866311877,0.023715031983704726,0.03670326519485845,0.00488455968747489,0.004815450219268304,22.095084054129416,33.76768275669622,970.8519339808499,851.8979831857237,118.95395079512627,9580.2998046875,0.009504662651105722,9232.349888392857,9241.023716517857,59.59327091129677
-0.0119204569349562,963.6580287388392,929.7273181733632,937.3079142658362,34.586696513806054,63.49653650432959,987.890625,1,Train,2020-06-01,0.025653786704181947,0.028244836866164524,0.03927097274360758,0.004981833784932384,0.004959566516787243,26.470703125,36.413783482142776,975.3725890776219,857.6588806489407,117.71370842868123,9826.150390625,0.025662097319460564,9340.8642578125,9254.014229910714,65.0712517897577
0.0013097896195275,971.2821393694196,935.2203078497024,941.9063425143964,34.207816299994775,64.87173802653945,993.5133056640624,1,Train,2020-06-02,0.03193994126614341,0.03619730574427038,0.039793640816126574,0.0048604586674566835,0.0049627854384014245,33.92963518415161,37.171657017299026,979.9262781572686,863.9629247235907,115.96335343367787,9979.099609375,0.015565527970742954,9465.557059151786,9259.690383184523,69.01654586695055
0.0056916024120203,974.3104248046876,940.992925734747,946.5978846189116,33.2726225492111,63.803243563164266,993.4905395507812,0,Train,2020-06-03,0.02151871027625951,0.03699149161253912,0.046489826896342734,0.004979709043684959,0.004815901361197876,34.75553676060281,43.28329031808039,983.8195719044517,870.7450216014078,113.0745503030439,10061.5498046875,0.008262288035990828,9611.599888392857,9296.264183407739,67.357910906298
-2.2914754287950423e-05,981.1280779157366,946.1663585844494,950.8608532490814,32.544656195402176,61.89843127618042,989.3643188476562,0,Train,2020-06-04,0.018128888730124304,0.04240077116649843,0.055144968385724136,0.004378122981750107,0.004682235529073944,39.90843854631703,51.276628766741055,988.3737843824487,876.8082250692815,111.56555931316711,10029.099609375,-0.003225168681009971,9754.464146205357,9335.478469122023,75.40192620074087
-0.0041532561598328,986.3263375418528,951.0418236142114,954.3611683034972,30.86009189480868,62.79251191208616,969.2546997070312,0,Train,2020-06-05,0.015489009385265096,0.034116830310253476,0.058640944015948326,0.004035037841539948,0.0045952228690036975,32.540161132812614,54.63524518694203,992.8588848517918,882.9486381671816,109.91024668461023,10142.150390625,0.011272276241460544,9872.63560267857,9376.966564360118,77.14386967078076
-0.0203257978456786,988.3732648577007,954.5677955264136,955.7151257038186,28.28450140475424,55.98999352995989,956.2411499023438,0,Train,2020-06-06,0.014433633978443883,0.025647309918858774,0.0546165508697376,0.003970990343530177,0.004550500684997012,24.715236118861526,51.185939243861526,997.0935999068507,888.7026900275804,108.39090987927034,10142.150390625,0.011272276241460544,9872.63560267857,9376.966564360118,77.14386967078076
-0.0134263468710763,982.3361467633928,955.7164858863468,955.7629460855026,27.813114891305887,61.591540923922814,952.4777221679688,0,Train,2020-06-07,0.0012313059577526708,0.011380840793746794,0.04799010231185519,0.005362947630315798,0.004944205369602335,11.054007393973166,44.98364257812477,999.346610597568,895.1160463499767,104.23056424759125,10142.150390625,0.011272276241460544,9872.63560267857,9376.966564360118,77.14386967078076
-0.0039356471270446,977.4617658342634,956.9904145740328,955.4642893657268,26.970650681220764,59.01813350519423,931.9599609375,0,Train,2020-06-08,-0.008987463246375338,0.003234432219287209,0.040345570304137324,0.005571525041259691,0.0053228416403093655,3.1513410295757467,37.906877790178555,1000.2836326605725,901.6564316879212,98.62720097265128,10167.4501953125,0.002494520758722585,9969.399972098214,9423.080868675595,92.98686778782343
-0.0215414605013202,969.471670968192,957.4816342308408,953.327532235888,26.382221218848,49.35124511354986,910.98876953125,0,Train,2020-06-09,-0.019123942908583214,-0.011880617026379436,0.030016406816266716,0.0060466699233468,0.006181157071751333,-11.65640694754461,28.25203159877242,1000.1319317591264,907.6071970076147,92.52473475151169,10046.650390625,-0.011881032349997822,10036.021484375,9460.94517299107,85.84850443829032
-0.0225022450376024,957.6824515206472,956.3934006463912,949.4785538081936,27.837296398975308,33.023738320915,944.0438232421876,1,Train,2020-06-10,-0.02509700505674639,-0.02904098261493515,0.004085061419401459,0.007263133155588868,0.007284361332538036,-28.643886021205617,3.8962751116069967,999.1934561498281,912.3120684037433,86.88138774608478,10116.150390625,0.006917728526201428,10077.45005580357,9502.70470610119,84.74345936293642
0.0362848092276111,950.618634905134,956.3664056687128,948.984487393102,27.84956602818137,49.53958895691915,935.1566162109376,0,Train,2020-06-11,-0.027462077666248974,-0.03819875678041784,-0.013531142215221559,0.00608951321683178,0.007665277613298393,-37.7546299525668,-13.039393833705276,998.3435749397568,915.4993885786587,82.84418636109808,9902.0,-0.021169158460066062,10066.435825892857,9536.297572544643,73.61344391702745
-0.0094139772036515,942.8746773856028,956.25196765718,947.7274081947234,27.93551398992458,45.28097010353838,946.537841796875,1,Train,2020-06-12,-0.027434523750474615,-0.04017104481781297,-0.02924738428965612,0.004364940976860359,0.00803100295386366,-39.46146937778997,-28.407461983816802,997.9426332990319,916.7767497227313,81.16588357630053,9972.900390625,0.00716020911179549,10053.77162388393,9564.361886160714,77.64157642258746
0.0121703951922531,939.629411969866,956.4074387323288,947.619265794919,27.86867467504584,47.8842932306312,928.3097534179688,0,Train,2020-06-13,-0.01885075739052733,-0.038704689213196364,-0.03559544468773779,0.0027930194652553866,0.008077347793874305,-37.832353864397305,-34.68101283482156,997.3675538493092,918.2120569207802,79.15549692852892,9972.900390625,0.00716020911179549,10053.77162388393,9564.361886160714,77.64157642258746
-0.0192576435658426,935.6392124720982,957.2538452148438,945.8638555788326,26.64904810663108,29.701036718114807,902.9857177734376,0,Train,2020-06-14,-0.015757551854146734,-0.034897830962204446,-0.046363840223870634,0.0029951294165130376,0.007139464969703591,-33.832458496093864,-45.488865443638474,996.8736951451555,919.284691957244,77.58900318791143,9972.900390625,0.00716020911179549,10053.77162388393,9564.361886160714,77.64157642258746
-0.0272797259226135,928.5689261300224,956.5629069010416,941.9658430510692,27.890596495342898,27.561483935260128,904.4366455078124,1,Train,2020-06-15,-0.01517248431705398,-0.03039997793046867,-0.05855811531483068,0.002868935567291044,0.006453678103657468,-29.113525390624773,-57.75741141183039,997.1869699006064,918.6592005793044,78.527769321302,9813.7001953125,-0.015963279394844432,10023.000279017857,9596.31189546131,71.34694680014454
0.0016068113878395,924.6370239257812,955.1302780877976,938.5540978198642,29.787535555180582,27.623129982920744,920.1480102539062,1,Train,2020-06-16,-0.01595563937558564,-0.0273312662148113,-0.0644860026045887,0.0030496747199012138,0.005700496149577577,-25.981610979352695,-63.7362409319195,998.3166550560846,916.2744852550205,82.04216980106412,9914.0,0.010220386061458031,9990.40736607143,9633.319056919643,68.12829325523596
0.0173714375950262,925.9454868861608,952.6461210704986,936.88081713205,30.45060553920096,31.337915881457377,908.2681884765624,0,Train,2020-06-17,-0.010360537968823635,-0.01795486813410152,-0.05740464713940163,0.003329917022693266,0.005565132993147256,-16.92919049944203,-56.390659877232,999.2050857761606,914.2453528050337,84.95973297112687,9881.150390625,-0.0033134566648174157,9949.507393973214,9683.695265997023,62.94912009520175
-0.0129107726636997,920.8346819196428,950.8604649135044,934.27966907246,31.9373650910469,29.55509122935969,916.7699584960938,1,Train,2020-06-18,-0.008329208519407882,-0.020002279420800018,-0.057932786625458865,0.003159980656337077,0.004660912222440938,-18.79473005022328,-56.627083914620584,1000.621877080172,910.956540888578,89.66533619159395,10091.650390625,0.021303187551898528,9955.935965401786,9741.435779389882,65.68318600292204
0.0093604181313355,918.208016531808,949.1363438197544,932.6878772018812,32.78350677690003,32.94265716775364,903.5071411132812,0,Train,2020-06-19,-0.006953006669230377,-0.01863025374303673,-0.052877929259333656,0.0027591322903306173,0.0037643734265016496,-17.431195940290195,-51.26365443638406,1002.1469551766039,907.1303005083847,95.01665466821919,10244.400390625,0.015136275444292302,9974.257393973214,9797.523902529761,63.604719569109335
-0.0144668978950502,912.060773577009,946.6878168015252,930.0350830120084,34.21824583664389,34.03784419439425,899.74365234375,0,Train,2020-06-20,-0.014995173588290167,-0.017778058352452275,-0.04763758370135973,0.0029599843285851523,0.003161318987785314,-16.508152553013474,-45.62167794363825,1003.7404362415165,901.3642791602693,102.37615708124713,10244.400390625,0.015136275444292302,9974.257393973214,9797.523902529761,63.604719569109335
-0.0041654222731366,907.9799019949776,941.9850870768228,927.2813165876212,33.520507909954404,35.63853076128952,908.15478515625,1,Train,2020-06-21,-0.013959921554938748,-0.018014768498109235,-0.044853668279300485,0.0029613031435788803,0.0031759491281669523,-16.65712193080367,-42.638732910156364,1004.3566846548875,895.1802180725123,109.17646658237527,10244.400390625,0.015136275444292302,9974.257393973214,9797.523902529761,63.604719569109335
0.0093483658268549,908.7183401925224,938.2496773856028,925.5425410029512,32.66007705354162,38.99333434580707,909.2883911132812,1,Train,2020-06-22,-0.010334996175626165,-0.01860492538450731,-0.036225744536685256,0.003101356936072257,0.0036107467883261662,-17.22714669363836,-34.15633719308039,1003.1733791752353,890.1071436344747,113.06623554076054,10311.2001953125,0.006520616350433883,10032.714564732143,9854.90248325893,61.44384432890818
0.0012482519230863,909.4114467075892,934.5067138671876,924.0648910129812,31.156010488710898,43.77023682260627,898.7234497070312,0,Train,2020-06-23,-0.0029047701054276676,-0.01240530513928928,-0.0321594501803929,0.003355565462666994,0.0038259976756601626,-11.423235212053555,-30.217965262276834,1000.6862992188198,886.1043257811803,114.58197343763959,10471.0,0.015497691991291696,10103.871651785714,9923.0810546875,63.39516597434811
-0.0116189115681053,906.3507952008928,929.9929112025668,921.7611236215312,28.96958854171692,46.4252614501746,866.5751342773438,0,Train,2020-06-24,-0.0017942101917733932,-0.012913436952665114,-0.03130311008857889,0.0029158339370504442,0.0031411843234553584,-11.857221330915195,-29.28841727120539,996.3359240550501,882.9769726734651,113.35895138158503,10305.2998046875,-0.015824677233549855,10174.100167410714,9983.85486421131,58.31126919579965
-0.0357710878025574,900.3946446010044,923.9493204752604,916.7442154993324,28.290972114221805,27.301711178725725,875.9384765625,1,Train,2020-06-25,-0.009159819080744591,-0.01279095572792932,-0.030341615723066817,0.003086610825025458,0.003079920461183085,-11.66612897600453,-28.174281529018003,990.1395602404251,880.5801671940056,109.55939304641947,10288.900390625,-0.001591357298992957,10227.65736607143,10030.233444940477,54.688650540278125
0.0108049976450854,894.5615757533482,918.548089890253,913.0346028687112,25.904499663212103,32.69739024364142,881.6063842773438,1,Train,2020-06-26,-0.016329100549595243,-0.014778219443125518,-0.0325267617391527,0.0033148537865266836,0.00293020700586214,-13.418326241629416,-30.075448172433084,982.3116117906528,879.0269467333425,103.28466505731035,10383.0,0.00914574014738645,10299.350167410714,10072.752511160714,56.59678449979946
0.0064706687358759,891.4328962053571,914.3743605840774,910.1774920876776,24.33985522528923,30.37275705019329,876.074462890625,0,Train,2020-06-27,-0.01645929928513945,-0.019021784003504516,-0.03727281051594644,0.0030452240376342204,0.00292980092806421,-17.28544398716531,-34.51259068080367,974.518936873643,877.7292965945492,96.78964027909387,10383.0,0.00914574014738645,10299.350167410714,10072.752511160714,56.59678449979946
-0.0062748200164784,888.0515834263393,910.5568992978052,907.0772167061276,23.72402994766416,32.89783057277339,862.290283203125,0,Train,2020-06-28,-0.013708501320701116,-0.023487568095366118,-0.03560150278545249,0.003010590401181368,0.0029263940118968036,-21.359863281249886,-32.78309849330344,966.4667470614766,876.8404681659229,89.6262788955537,10383.0,0.00914574014738645,10299.350167410714,10072.752511160714,56.59678449979946
-0.0157340274958122,881.49951171875,906.2622593470982,903.0056772967636,23.91817321603196,35.58693828847133,862.0408325195312,0,Train,2020-06-29,-0.014601637705708548,-0.02741905630108099,-0.03997841899890053,0.002792191584234737,0.002908706391544166,-24.851283482142776,-36.70850481305797,959.5020479144938,875.0079513879615,84.4940965265323,10312.400390625,-0.006799538608783573,10330.88588169643,10107.614443824405,58.39096323650029
-0.0002892885243552,874.7498604910714,902.9327770414808,899.2816004988333,25.003948110834983,34.855832226866184,864.42138671875,1,Train,2020-06-30,-0.018714853114914054,-0.02848171550520162,-0.04090836287104849,0.0019042256126138983,0.0030945310271909897,-25.64478410993297,-37.3109130859375,954.9257158351454,871.2910243643526,83.63469147079286,10302.099609375,-0.0009988732845714887,10339.128627232143,10130.27869233631,56.099296959384574
0.0027615329917272,869.8495657784598,900.7152826218378,896.1124901551893,26.285845697501124,27.99858115216809,863.4918823242188,0,Train,2020-07-01,-0.020496576986723358,-0.027624716559145,-0.041994691878905366,0.0016503710772817642,0.0027022197937552122,-24.71200997488836,-38.130336216517776,951.2335115162132,866.9063217706171,84.32718974559612,10430.0498046875,0.012419817334717198,10356.107142857143,10151.752511160714,68.35865590612937
-0.0010752908347855,869.4091012137277,896.8794759114584,893.1469803523737,25.51288997994608,30.648642346425547,878.6817626953125,1,Train,2020-07-02,-0.013715731369434825,-0.024706060417312492,-0.043257891075981325,0.0025550090406874404,0.00287622752854246,-22.023794991629416,-39.309238978794724,947.9586925127563,862.8345831568869,85.12410935586945,10551.7001953125,0.011663452514898642,10367.6357421875,10175.093005952382,69.4371694696363
0.0175912254440746,869.8009992327009,894.190197172619,891.831960565368,24.22012776238892,34.43868632396236,901.716064453125,1,Train,2020-07-03,-0.0056574587569437895,-0.020551265865911605,-0.043556134704806126,0.003153334250576785,0.0031116298083587604,-18.250584193638474,-39.61044747488836,944.0980743352303,859.7123600606959,84.3857142745344,10607.349609375,0.005273976044848361,10410.785714285714,10202.628720238095,78.64439301648036
0.0262146123155622,872.673810686384,892.0558268229166,892.7305154642551,21.157727057226143,49.32234490600581,905.6382446289062,1,Train,2020-07-04,0.0032468199319000135,-0.010012145117536897,-0.03715667784794552,0.004205174901122735,0.003529335412198784,-8.825701032366055,-33.67698451450883,939.7303332515609,857.7835609657942,81.94677228576666,10607.349609375,0.005273976044848361,10410.785714285714,10202.628720238095,78.64439301648036
0.0043496842635935,876.8972080775669,890.9762311662946,893.9039453883142,19.746704917581543,52.227548186237854,917.7675170898438,1,Train,2020-07-05,0.00861286919286397,0.0024548132940427347,-0.0260968195050183,0.005111035726999785,0.004091955733453241,2.1473475864954708,-23.4974365234375,935.723417542644,856.6233048694653,79.10011267317873,10607.349609375,0.005273976044848361,10410.785714285714,10202.628720238095,78.64439301648036
0.013393065645,884.822527204241,891.6801263718378,896.0733609975441,20.447233917137723,53.53332989336857,904.3685913085938,0,Train,2020-07-06,0.017270074401836144,0.017213276886999918,-0.01088695156720254,0.005835959904428385,0.0050733948249981195,14.97296142578125,-9.73904854910711,931.6537049899563,856.7115677499991,74.94213723995722,10763.650390625,0.014735139974255018,10478.607142857143,10232.223958333334,79.47412567702526
-0.0145994770263135,890.8693498883929,891.6768856956845,896.8274728440031,20.44511633457502,48.34120823489706,888.29443359375,0,Train,2020-07-07,0.0208503325975804,0.024683717532639093,-0.000632180301358809,0.00493996922682723,0.005554241389134563,21.460248674665195,-0.5635463169642208,926.795175042834,858.0624839973443,68.73269104548967,10799.650390625,0.003344590235981215,10538.128627232143,10262.32872953869,81.79300796123226
-0.0177739008954136,894.27978515625,890.1600487118676,896.0517420030709,19.381144192427225,46.60963846911195,869.0462646484375,0,Train,2020-07-08,0.019822821784084788,0.028142972869821037,0.0070133332862045705,0.0033548520022618,0.0056949723745563455,24.47878592354914,6.228201729910666,922.7944927825667,859.4076765812724,63.38681620129432,10705.75,-0.00869476207364206,10594.32142857143,10293.714425223214,73.122954617325
-0.0216686812585784,895.0732683454241,888.2923380533854,893.5966986071951,19.438630289596546,50.87688596432332,870.6333618164062,1,Train,2020-07-09,0.01158508155705773,0.025667617596341508,0.015398484566608639,0.003074605639028214,0.0054723660130465805,22.399457659040195,13.57375662667414,919.0556553159382,860.8330392292627,58.222616086675544,10813.4501953125,0.010060032721901813,10667.371512276786,10326.919177827382,72.17911465783217
0.0018262516422078,893.9234967912946,886.0953572591146,891.5091225353052,18.650348937155496,48.007506094231466,875.57568359375,1,Train,2020-07-10,0.003428277000756985,0.019416516048733623,0.021918993264496534,0.003469000464734252,0.005198485785883269,17.026288713727695,19.173636300223166,916.3204972116064,861.7544696550228,54.56602755658355,10768.0498046875,-0.004198511095439339,10715.6572265625,10368.159644717261,68.1080972280499
0.005676696981876,890.1891566685268,884.7652878534226,890.0606280860728,18.339919369358544,47.7225780249881,875.9158325195312,1,Train,2020-07-11,-0.004574215537040738,0.0060652043763427255,0.02338288330564886,0.004644164036982804,0.005236331447845478,5.366629464285779,20.33959089006703,913.9504719235617,862.3454204104225,51.60505151313919,10768.0498046875,-0.004198511095439339,10715.6572265625,10368.159644717261,68.1080972280499
0.0003884860351364,885.943097795759,883.6306297665551,888.7747375800236,18.1024554659538,49.93765026669564,873.3993530273438,0,Train,2020-07-12,-0.010200472824467899,-0.005529713299992967,0.019017510351512446,0.005328575755737195,0.005295678107709854,-4.926252092633945,16.53399658203125,910.930959002865,863.0874090914427,47.843549911422315,10768.0498046875,-0.004198511095439339,10715.6572265625,10368.159644717261,68.1080972280499
-0.0028729695237371,879.6047886439732,881.9756091889881,887.3769753479618,17.32007758169332,54.79076921943082,876.5507202148438,1,Train,2020-07-13,-0.016017822776465684,-0.016409849306515234,0.01127130161947476,0.005005251093260421,0.005272497811027731,-14.674996512276834,9.803789411272305,907.1703278731597,863.8673744147866,43.30295345837317,10802.7001953125,0.003217889149241815,10751.514369419643,10407.673921130952,64.59560336996475
0.0036081629515487,875.6308070591518,880.4166724795386,886.3927703358602,16.174218923505574,56.10457561990729,867.4819946289062,0,Train,2020-07-14,-0.01635422033656153,-0.02172164220948347,0.0033884325810604743,0.0038009660910717866,0.0049873053724640605,-19.442461286272305,2.9569963727678896,903.6824549960234,864.2832484777491,39.39920651827424,10607.349609375,-0.01808349601540049,10751.514369419643,10445.466750372023,62.95292457294576
-0.0103459222344997,872.6576014927456,878.9289841424851,884.6736089079552,15.839503473909575,51.21904970280422,878.432373046875,1,Train,2020-07-15,-0.014995879911551713,-0.02378939067479735,-0.004834781711890557,0.002602174762145879,0.004826079479847093,-21.265895298549026,-4.239606584821331,901.3116019706611,863.8803971922853,37.431204778375786,10618.2001953125,0.0010229309240368245,10730.735770089286,10479.000093005952,64.18902371801292
0.0126231766028217,873.9984741210938,879.4936145600818,884.1062238296752,15.586422720450912,55.51092414045253,888.8839111328125,1,Train,2020-07-16,-0.006373674399297258,-0.018187912564589737,-0.0122330215951304,0.0027889613270053893,0.004832622670257699,-16.190682547433084,-10.824053083147305,899.7679069302526,863.3677820694684,36.40012486078422,10739.9501953125,0.011466161662100571,10722.20717075893,10519.895321800595,65.02247718374738
0.0118979427519114,876.605695452009,880.1100638253348,884.5405590390512,15.694409712258317,53.89945475940081,901.398681640625,1,Train,2020-07-17,0.0011133555203834966,-0.010539505716542719,-0.01601093857159963,0.003658136028727985,0.0048823301705911305,-9.33740234375,-14.263654436383945,898.5359061481665,863.1170627762194,35.418843371947105,10901.7001953125,0.01506059125586967,10750.20005580357,10558.46912202381,73.03384596592883
0.014079195664441,880.294695172991,881.0525541759673,886.0731156391943,16.368570720489462,49.86808204485008,905.52490234375,1,Train,2020-07-18,0.008751535157869084,0.000784336940777175,-0.015638383216741825,0.004419913989921414,0.00492713776463926,0.6899065290178896,-13.985089983258945,897.818510179153,863.0587699198982,34.75974025925484,10901.7001953125,0.01506059125586967,10750.20005580357,10558.46912202381,73.03384596592883
0.0045775757022574,884.5245622907366,882.4549560546875,887.8414598850629,17.16306387131273,49.95296983940859,900.242431640625,0,Train,2020-07-19,0.012043600167869872,0.010156969307024477,-0.011785298955679036,0.0047407210265687765,0.0049248767364320585,8.893755231584805,-10.5487060546875,898.0610490939214,863.1187360623287,34.942313031592676,10901.7001953125,0.01506059125586967,10750.20005580357,10558.46912202381,73.03384596592883
-0.0058336006988349,888.3592878069196,884.262201218378,888.9688209537503,16.93016043752955,42.29007559797153,908.0187377929688,1,Train,2020-07-20,0.013408072085192346,0.017992951974881155,-0.006224480063839355,0.003843546933271339,0.0044442263034776275,15.701686314174026,-5.564208984375,898.8436266751387,863.6971012126958,35.14652546244292,11022.2001953125,0.011053321760931656,10780.021484375,10595.50720796131,75.91402278265528
0.0086380133606589,892.854718889509,886.4516252790179,890.7006315754975,16.885682278066692,51.68941098303584,900.355712890625,0,Train,2020-07-21,0.014267976150929451,0.021574688431095224,0.0029943773197123047,0.00298561998273327,0.004265138832322606,18.856244768415195,2.6655622209821104,899.8573868694617,864.9838563294778,34.8735305399839,11162.25,0.012706156865764484,10836.33579799107,10636.033389136905,76.121964492638
-0.0084392805824354,897.5509643554688,888.1627836681548,891.578366240509,16.353941784044622,56.053703134132846,890.153564453125,0,Train,2020-07-22,0.01472700998940768,0.023893603489148818,0.01310227100204342,0.0013299830589567686,0.004375392933239575,20.945268903459805,11.607866559709805,901.3849780953087,866.2704514178049,35.11452667750382,11132.599609375,-0.0026563094918139463,10883.464285714286,10667.538132440477,72.18014946332063
-0.0113312419651846,899.2254202706473,889.4323875790551,891.4488388052923,15.346804710799027,61.652092930480045,893.2822875976562,1,Train,2020-07-23,0.01223168667550345,0.021504986002370607,0.022306190098080325,0.001229297696017296,0.00439378787051001,18.93072509765625,19.62063162667414,902.8385082979057,867.7593633190027,35.07914497890306,11215.4501953125,0.007442159858846331,10970.33579799107,10710.878627232143,72.74626767534711
0.0035148128025004,899.853759765625,890.1276506696429,891.6155159682345,15.165063279331546,62.293881683481246,896.0255737304688,1,Train,2020-07-24,0.007838947062766444,0.017330437308817004,0.02766343133566429,0.0017570564120910003,0.004369298055036861,15.32919747488836,24.222952706473166,904.290352562428,869.0255139624045,35.264838600023495,11194.150390625,-0.0018991484351116306,11052.61439732143,10753.985770089286,67.91207791025758
0.003071018166262,899.0861729213169,889.8566749209449,892.0164303102557,14.99755823918142,61.37171568657398,949.8478393554688,1,Train,2020-07-25,0.00171044166494827,0.012074940017657187,0.030285155808375874,0.002443269407795704,0.004182996195322564,10.726885114397305,26.42857142857133,905.6049962619958,869.9297667472116,35.67522951478418,11194.150390625,-0.0018991484351116306,11052.61439732143,10753.985770089286,67.91207791025758
0.0600677784239114,905.4180210658482,891.9618937174479,897.2738311325478,19.691808018452303,75.77865761368298,979.5475463867188,1,Train,2020-07-26,0.006886594457413242,0.014070936637894382,0.03594920114288569,0.002830670542242243,0.004182071865130704,12.56330217633922,31.419546944754416,908.2259550489165,869.3683573464517,38.85759770246477,11194.150390625,-0.0018991484351116306,11052.61439732143,10753.985770089286,67.91207791025758
0.0312678576511824,916.7473231724332,894.9037998744419,904.7532597920178,26.998991988598725,81.11373344334724,983.4470825195312,1,Train,2020-07-27,0.018773676526292693,0.02138748614765218,0.045792113750442676,0.004501922644388596,0.004329374429070754,19.196358816964448,40.14162772042425,913.1992941761173,866.982815547655,46.216478628462255,11131.7998046875,-0.005569925698846956,11108.59291294643,10789.642903645834,63.52340744970088
0.0039809564601502,927.5228009905134,898.6694423130581,911.9072436763372,33.18995380397451,81.19620698696428,998.1155395507812,1,Train,2020-07-28,0.031628367697837056,0.03146861741447338,0.053650335593856235,0.005281161834148522,0.004349464567264927,28.297380719866055,47.228105817522305,920.2775855920208,863.2288257151781,57.04875987684272,11300.5498046875,0.0151592736988444,11165.57142857143,10836.69763764881,72.82593786562913
0.0149153495820744,941.4884905133928,903.8990187872024,919.7443614831049,39.52153099767978,86.91697466746608,1001.9244384765624,1,Train,2020-07-29,0.03983847085910974,0.046268330043552686,0.06440061774557315,0.0063969330422566344,0.004677221763735089,41.634730747767776,56.963928222656136,930.2595943043225,857.8883392196728,72.37125508464965,11202.849609375,-0.008645614328603224,11191.378487723214,10879.590494791666,65.05910797600785
0.0038160901968276,957.4557582310268,910.226550874256,927.215277573419,44.041177194566046,86.36668540755684,993.2412109375,0,Train,2020-07-30,0.0444052947083835,0.06492101321061927,0.0777798705686803,0.006949658431162567,0.005439405537417711,58.36958530970992,69.09647042410722,943.2140887684022,851.2870708995665,91.92701786883572,11102.150390625,-0.008988714680747911,11182.79282924107,10911.595284598214,62.39059685243441
-0.008666549298134,971.7356044224332,916.0650198800224,933.217635151972,46.58351468725389,81.05520004184798,1009.9727783203124,1,Train,2020-07-31,0.04766761893584115,0.07324526551671307,0.0883468316447189,0.0061412435994036025,0.005762762964017869,66.31758335658503,78.88088553292425,957.8977914844068,844.7580129589526,113.13977852545418,11073.4501953125,-0.002585102372305803,11174.34291294643,10936.440522693452,60.08566235905435
0.0168454220370295,988.0137765066964,922.4648815336682,940.1953754400027,49.859620306329866,81.51901972846782,1004.1688842773438,0,Train,2020-08-01,0.04941673367449617,0.0777383817033066,0.1007884964127792,0.003479796227621739,0.006187542494792296,71.26645333426325,90.4628121512277,974.4214527368998,838.4414195775533,135.98003315934648,11073.4501953125,-0.002585102372305803,11174.34291294643,10936.440522693452,60.08566235905435
-0.0057465846283709,995.77392578125,928.5721697126116,946.01114897067,51.693851904811815,78.36006821087543,986.2129516601562,0,Train,2020-08-02,0.04002082312504851,0.07358430942921346,0.10736852332482294,0.0032306049351743713,0.00610831408296547,68.25112479073664,96.5485055106027,989.7609586715214,834.7188273566594,155.042131314862,11073.4501953125,-0.002585102372305803,11174.34291294643,10936.440522693452,60.08566235905435
-0.0178813871833019,996.7261265345982,933.9442458379835,949.665858306078,51.53516435301163,73.03765307694603,989.8403930664062,1,Train,2020-08-03,0.02571740913725029,0.058670537747184115,0.10765345559505635,0.005834061999112876,0.006348232818803857,55.23763602120539,96.87236676897317,1002.4119878968718,834.1773300788536,168.23465781801815,10891.599609375,-0.016422215545293994,11128.078543526786,10949.976236979166,60.696127269333154
0.0036781522693893,997.6394566127232,939.3389921642486,953.3180887388352,51.154988389670606,72.42449648150966,1007.0098876953124,1,Train,2020-08-04,0.009742455353264567,0.041969248225044664,0.10961494755412171,0.007199430958416246,0.006601170414947707,40.18369838169633,98.55328369140625,1012.8512605693666,836.2362429183568,176.6150176510098,11095.25,0.018697932161379383,11113.949916294643,10965.766694568452,65.67642382975338
0.0173457203294331,998.9100777762276,945.9831775483632,958.199161371242,50.41107495498443,77.78254399297899,1021.45654296875,1,Train,2020-08-05,0.003149461854524027,0.027964883894468384,0.10325844475717583,0.007614176095526127,0.006810087343786536,27.174473353794383,93.49205671037942,1021.6760821245215,839.9025817287153,181.7735003958062,11101.650390625,0.0005768586219327965,11109.642857142857,10980.147646949405,62.86088901636236
0.0143460907881458,1001.7003784179688,952.7938523065476,963.949832425561,50.48987827155338,83.46337469146296,1023.777099609375,1,Train,2020-08-06,0.004990590445005161,0.01385264278365006,0.0926679065192717,0.0068397928554171684,0.006753294804925418,13.686601911272305,84.95305524553555,1029.4356611983103,844.6524709515224,184.78319024678785,11200.150390625,0.008872554668374333,11095.300083705357,11003.690522693452,61.11172113093312
0.0022718114212481,1006.0626482282366,959.2173374720982,969.3886748968168,50.533262599617096,83.3949731984515,1006.3045043945312,0,Train,2020-08-07,0.008443121971250633,0.010332387885045646,0.08467699894153502,0.005751036095878786,0.006526126741662808,10.28872244698664,78.53984723772328,1036.577107675758,850.0878197795992,186.48928789615888,11214.0498046875,0.0012410024488720417,11096.900111607143,11022.766694568452,57.75869967709933
-0.0170667962992241,1005.538609095982,964.2128528413318,972.744659396609,49.71034009940546,76.24311318173189,1008.1472778320312,1,Train,2020-08-08,0.006635763786176696,0.008841428278822061,0.06803069737757794,0.0028199764283892404,0.006491902328226697,8.812482561383831,64.05011858258922,1042.2647460136193,856.5015861222624,185.76315989135685,11214.0498046875,0.0012410024488720417,11096.900111607143,11022.766694568452,57.75869967709933
0.0018312284496915,1006.106951032366,969.099632626488,975.9630792543746,48.68614970994706,68.43393620692189,1012.697509765625,1,Train,2020-08-09,0.004399092492464396,0.008487529601518107,0.050812993063226175,0.001605441723979601,0.006792633701384751,8.46749441964289,48.65119280133922,1046.782574260897,863.7585241975294,183.02405006336767,11214.0498046875,0.0012410024488720417,11096.900111607143,11022.766694568452,57.75869967709933
0.004513459524861,1009.8904593331472,974.454636346726,979.3025729372156,46.88501192988052,62.464148267481846,1017.9755859375,1,Train,2020-08-10,0.003804744278750105,0.010992362376966103,0.03926464640903227,0.00179280054508879,0.006706086338474726,10.98038155691961,38.15485491071399,1050.778253273795,871.4664192289953,179.31183404479964,11270.150390625,0.005002705259437024,11120.900111607143,11046.676246279761,54.68154161652797
0.0052118980455442,1013.9097726004464,979.6906767345612,982.8183013917868,45.20436528264445,62.84926847195204,1012.7430419921876,0,Train,2020-08-11,0.008325054283087496,0.012188668833050142,0.02621015689205275,0.0018903241741296964,0.006599280157164041,12.209394182477695,25.89599609375,1054.2986997746782,879.5818535526097,174.7168462220685,11322.5,0.004644978776729314,11156.47865513393,11071.428617931548,58.08016926728408
-0.0051401467948698,1014.7287946428572,985.042454310826,985.5387323554594,41.87221225669742,55.85456574388808,1003.4608154296876,0,Train,2020-08-12,0.008569510032352179,0.008613923228222742,0.019035313509274676,0.0019406360867724169,0.006251252645389861,8.666146414620584,18.954868861607224,1056.420423690946,889.0104670735631,167.40995661738305,11308.400390625,-0.0012452735151247118,11216.02162388393,11104.811988467261,54.20075681677955
-0.0091654310892531,1012.157976422991,990.4380376906622,987.1680126349348,35.909343542518855,50.589114166262654,979.868408203125,0,Train,2020-08-13,0.002245309943160745,0.0065829071774381465,0.015482537757935733,0.0026177438258323605,0.0056127714680705475,6.6193673270090585,15.43184988839289,1056.328311092055,900.3330013381908,155.99530975386415,11300.4501953125,-0.0007030344733010008,11245.3359375,11137.300083705357,54.862749758093265
-0.0235110398570572,1005.8853062220982,994.5611862909226,986.5044122320428,28.37700558769901,45.39841223169656,957.5499877929688,0,Train,2020-08-14,-0.007914379163904695,-0.0002202994523002877,0.008265360351095152,0.0035601429019389863,0.005278309330762766,-0.22164481026788962,8.245849609375,1052.9625660102174,914.3786597501064,138.583906260111,11178.400390625,-0.010800437378868932,11256.300223214286,11158.178664434523,52.02136627229712
-0.0227769568069692,998.920375279018,997.4909202938989,983.8721918284908,19.474856387384843,32.62917966940847,949.1550903320312,0,Train,2020-08-15,-0.015578960060360858,-0.010862647480968324,1.030873851370906e-05,0.004427383047574794,0.0039908493020216805,-10.970084054129188,0.010297502790422186,1047.2452574696963,929.4462037119441,117.79905375775218,11178.400390625,-0.010800437378868932,11256.300223214286,11158.178664434523,52.02136627229712
-0.0087670592323714,990.492919921875,997.4579322451636,980.7160916924488,19.55999369956892,32.07835888854514,949.9740600585938,1,Train,2020-08-16,-0.02140481723780041,-0.02309559816009321,-0.011188433924517627,0.005165044591437116,0.004145241115083854,-23.416852678571445,-11.20745849609375,1040.3408840184575,943.7251368381275,96.61574718033,11178.400390625,-0.010800437378868932,11256.300223214286,11158.178664434523,52.02136627229712
0.0008628407885122,981.5324271065848,996.0496709914436,977.9213615439164,21.845086486258385,36.71081339747188,960.3711547851562,1,Train,2020-08-17,-0.02421039353579768,-0.03271452205902581,-0.02438239921226737,0.004957431928857392,0.0047208226579923,-33.19636753627242,-24.530221121651834,1032.8128651644954,956.6541183036964,76.15874686079906,11247.099609375,0.0061457110453491115,11263.007254464286,11174.626255580357,47.461158739156126
0.010944609083243,973.30322265625,994.9508172898064,976.325888202211,23.05746114137717,39.704490052148806,954.592529296875,0,Train,2020-08-18,-0.02564483942537721,-0.038388032967003216,-0.03205783064731138,0.003649682366615406,0.005059564202788071,-38.854753766741055,-32.235386439732,1026.9709458704115,965.6775108120662,61.29343505834527,11385.349609375,0.012292057935075373,11287.47865513393,11191.91908482143,58.347060484029456
-0.0060170752312671,964.9960065569196,992.8782929920014,974.3501283017258,24.659180574573657,30.103651190807213,968.7432861328124,1,Train,2020-08-19,-0.025741641209274357,-0.04065006160468776,-0.040861405870680545,0.002271704971820395,0.005282783848610751,-40.889299665178555,-41.110944475446445,1025.462171483102,967.940310031965,57.521861451137056,11408.400390625,0.002024600213507588,11307.22865513393,11203.640531994048,65.07802493259123
0.0148238713394923,960.036359514509,991.2982381184896,973.8404153772792,25.1095016862982,29.946288391308,978.3668823242188,1,Train,2020-08-20,-0.021900516985916774,-0.038926041280965995,-0.049365848897669595,0.0014559164406303573,0.0050992373835200685,-38.88401576450906,-49.85409981863825,1027.3820149266799,964.8505420975947,62.531472829085146,11312.2001953125,-0.008432399987605033,11305.757254464286,11212.192940848214,61.02210552511893
0.0099341036259703,959.8218558175224,990.5899367559524,974.2519123724556,25.26128540945924,33.633977927897206,966.8095703125,0,Train,2020-08-21,-0.01385114784880237,-0.030965455166273914,-0.05334588761700254,0.0031397990410545634,0.0047229712390675065,-30.67106410435258,-54.087916782924026,1029.8162558001613,959.5971091551959,70.21914664496546,11371.599609375,0.005250916093857194,11314.785714285714,11219.628627232143,74.98439491935173
-0.011812861024346,961.1446533203124,988.5345458984376,973.5753358215504,25.361136438178875,35.13192704893963,960.0980834960938,0,Train,2020-08-22,-0.003991056139546867,-0.020771370586677995,-0.052806367184449754,0.004359088000268537,0.004836228416671822,-20.38777378627242,-53.58414132254484,1031.145341166101,954.8050965431627,76.34024462293826,11371.599609375,0.005250916093857194,11314.785714285714,11219.628627232143,74.98439491935173
-0.0069418911670856,962.7079380580356,986.4359363374256,972.3501310646908,25.821945397520945,32.551251009593685,952.1580810546876,0,Train,2020-08-23,0.0027827889194504962,-0.010885903130268826,-0.048856047689031734,0.004854240355585928,0.004907729506247189,-10.595284598214448,-49.4500383649555,1031.7054822611553,950.843136600452,80.86234566070334,11371.599609375,0.005250916093857194,11314.785714285714,11219.628627232143,74.98439491935173
-0.0082699909289407,963.0199410574776,984.8142758324032,970.5144901546904,26.88415284531428,28.543745857481824,942.4208984375,0,Train,2020-08-24,0.003331957092424398,-0.002047744742999069,-0.04261456539773334,0.004526510874915579,0.004613524944736588,-1.9760654994420292,-42.865365164620584,1031.7523310444517,947.3343362616306,84.4179947828211,11466.4501953125,0.008341006471886514,11338.5,11232.595284598214,71.78916884400333
-0.0102264348861083,960.4556187220982,982.5562046595982,967.9605272713096,28.390151005983043,24.04252713619136,948.29052734375,1,Train,2020-08-25,-0.000716889591836023,0.00043671180100024465,-0.038506328941559365,0.0037868200259995014,0.004112916872002926,0.41925920758922075,-38.46475655691984,1031.5032758598154,943.7379455408541,87.76533031896133,11472.25,0.0005058064691958464,11380.478515625,11248.807198660714,71.76926395205294
0.0062282456978421,959.5553327287946,979.7600446428572,966.1723454597133,28.7506337174758,27.95328557613452,955.3887939453124,1,Train,2020-08-26,-0.0032747266378631013,-0.00027767974558234876,-0.03123453643214391,0.00239960583880387,0.003985247199993388,-0.2665230887278085,-30.93758719308039,1030.5808613699555,940.4458554617966,90.13500590815897,11549.599609375,0.0067423225064831005,11423.692801339286,11260.666713169643,71.04991940892032
0.0074853290177276,957.6475481305804,976.6139613560268,965.1920225947676,27.54948641086531,33.307009846933724,949.1550903320312,0,Train,2020-08-27,-0.00557869333525729,-0.0036384795750058485,-0.024334273954059293,0.0016197218507947781,0.004003075839857169,-3.4971051897319967,-23.884878976004416,1028.710370337906,937.4748364840805,91.23553385382547,11559.25,0.0008355606212675504,11448.535714285714,11277.638160342261,70.90096130763382
-0.0065247820078974,953.4744349888392,973.06053234282,963.7341196617916,25.9267699543028,37.872806013385016,947.4943237304688,0,Train,2020-08-28,-0.007268616682723494,-0.009591177868359613,-0.020372672365448374,0.002210040669205919,0.003953125385169818,-9.233503069196331,-19.82878766741078,1026.6528045731711,934.3259848381009,92.32681973507022,11647.599609375,0.007643195654994939,11482.70703125,11303.61193266369,71.99462352129764
-0.0017497315438529,950.7151140485493,970.2600475492932,962.2577745771256,25.325600026107484,45.25552195824333,961.1674194335938,1,Train,2020-08-29,-0.00921282846201843,-0.012777333556994286,-0.014798913582372397,0.002045195363863127,0.003854220430809142,-12.304827008928328,-14.280892508370357,1024.058084783146,931.3815209297447,92.67656385340115,11647.599609375,0.007643195654994939,11482.70703125,11303.61193266369,71.99462352129764
0.0144307943178925,950.8678763253348,968.0229114350818,962.1586513822592,23.84308459840796,55.39877590073781,955.0474853515624,0,Train,2020-08-30,-0.00707950625308873,-0.009982493943364146,-0.009550141615272456,0.0017131789929736576,0.0036920508652143517,-9.58774239676336,-9.16848318917414,1019.9845636043653,929.5527838077439,90.43177979662141,11647.599609375,0.007643195654994939,11482.70703125,11303.61193266369,71.99462352129764
-0.0063671884401135,951.2806483677456,965.2776721772692,961.5121817431047,21.66117782941945,52.1764745004003,952.7041015625,0,Train,2020-08-31,-0.0023008342338191046,-0.008623457218998931,-0.008898742405174631,0.0017358917364401949,0.0033308576949619756,-8.274684361049026,-8.541207449776834,1014.0259093161068,929.2485256727324,84.77738364337438,11387.5,-0.022330747801946216,11493.464146205357,11318.566685267857,53.04935595183337
-0.0024536830105361,952.7496773856028,962.1695062546504,960.7114471812316,18.11392069517955,46.46672220887733,964.9439697265624,1,Train,2020-09-01,0.002140034703339788,-0.005114481579928554,-0.008734352218168984,0.0020641648545709837,0.0029551994398706533,-4.897870744977581,-8.394975934709578,1006.4927781081149,930.5837451549987,75.90903295311614,11470.25,0.007266739846322645,11507.557059151786,11346.12146577381,57.133400362923915
0.0128475023294096,955.1287405831472,959.8933599562872,961.09622195808,13.970504479408136,54.50223202908642,958.1187744140624,0,Train,2020-09-02,0.004481026611476979,0.0017350287890280924,-0.007872790049053724,0.0024874268823641184,0.002349276137085143,1.6543055943079708,-7.57919747488836,997.9916286258949,933.3819710532343,64.60965757266058,11535.0,0.005645038251127943,11517.349888392857,11367.061941964286,59.84470081707504
-0.0070731519410749,955.5187377929686,957.7342151460192,960.8255449086238,9.7740110831151,45.06449231229861,944.9917602539062,0,Train,2020-09-03,0.004455141006489471,0.005052642661757645,-0.00778925019587029,0.0024382148057319124,0.00198873318139837,4.803623744419383,-7.501203264508945,989.5970816469072,936.739861189309,52.85722045759826,11527.4501953125,-0.0006545127600779965,11525.235630580357,11387.338123139882,66.20850342511412
-0.0137008213498206,954.9239763532364,956.0734223865328,959.3861099400132,8.732555820193895,34.98467212853657,935.0496826171876,0,Train,2020-09-04,0.0022821303635598422,0.004265682045729191,-0.005759394042820776,0.001704402436632202,0.001989869889757984,4.056100027901607,-5.531642368861753,981.5431796521002,940.3941232915383,41.14905636056187,11333.849609375,-0.016794744948559814,11494.41420200893,11393.704752604166,53.60961893229526
-0.0105208088100655,953.1461704799108,955.001979282924,957.1737074561198,9.8510410991324,35.500629178968794,927.0186767578124,0,Train,2020-09-05,-0.0020757098169048582,0.0019610638725451324,-0.006679304496862493,0.0014093765402330798,0.001959904389369047,1.8655221121651948,-6.409162248883831,974.5285492700526,943.6740787293894,30.854470540663215,11333.849609375,-0.016794744948559814,11494.41420200893,11393.704752604166,53.60961893229526
-0.0085888546979627,948.2677786690848,953.9478643508183,954.4323410290008,11.546438845920868,35.07800845915318,934.25341796875,1,Train,2020-09-06,-0.0075885054233807425,-0.004704172379062399,-0.009794594556009506,0.00251557627914258,0.0021875828000215564,-4.481898716518003,-9.379769461495584,969.485198325481,945.3909648302113,24.09423349526969,11333.849609375,-0.016794744948559814,11494.41420200893,11393.704752604166,53.60961893229526
0.0078043100881641,945.2971976143972,953.1992623465402,952.597893478069,12.301862854905352,41.87155646047079,926.0859985351562,0,Train,2020-09-07,-0.010081199108229466,-0.010293421767150868,-0.008576252361226389,0.002677245947064805,0.002212254280593915,-9.83154296875,-8.17723737444203,966.7577895973217,945.3177710541851,21.440018543136603,11355.0498046875,0.0018705202595032944,11465.242745535714,11400.419038318452,48.60318143469794
-0.0087421884432077,941.4946114676338,951.5666358584448,950.1877212105314,13.517460510632583,42.476979581694295,943.012451171875,1,Train,2020-09-08,-0.012224314982465234,-0.014676976777794337,-0.009698491635049988,0.00265764172389932,0.002303544687112839,-14.024126325334805,-9.220502580915422,966.5561771131506,943.1692440294275,23.38693308372308,11317.349609375,-0.0033201259317187093,11418.064174107143,11402.66662016369,45.85850437798499
0.0182774090780901,938.3615373883928,951.0152035667784,949.53542393429,13.62363238762562,47.793869285301,949.9512939453124,1,Train,2020-09-09,-0.010446670764871602,-0.01734424873076701,-0.013152551735445384,0.0019427320865898798,0.0023530185864074314,-16.562438964843636,-12.50633893694203,967.3244770613165,940.2334618686497,27.091015192666873,11278.0,-0.003476927967516641,11402.421316964286,11400.547572544643,48.3595445828575
0.0073581666549731,937.1947544642856,950.1203467959448,949.5732302989284,13.004034065303044,47.7242002973499,957.2315673828124,1,Train,2020-09-10,-0.00857131828017621,-0.01673554016126788,-0.014807295751920635,0.001596484658251085,0.002351778433385017,-15.951416015625227,-14.085893903460033,967.7574168073861,937.5378119872566,30.21960482012946,11449.25,0.015184429863450921,11399.421316964286,11407.254696800595,53.36367297487546
0.0076638386450991,938.9432983398438,949.1139032273064,950.2694427610996,11.431380552064269,53.35095523432752,971.1094360351562,1,Train,2020-09-11,-0.002709854200666162,-0.009833172168233095,-0.014491087610383202,0.0022819073120451715,0.002365994860197282,-9.324480329241055,-13.806379045759058,967.2682923537403,935.8068009428556,31.46149141088472,11464.4501953125,0.0013276149365679668,11389.3427734375,11415.064220610118,49.906942084170154
0.0144979220548353,944.094691685268,949.3186587379092,952.1639876041957,11.796854740209172,58.89611064461451,950.5428466796876,0,Train,2020-09-12,0.006109749886841653,-0.001272092980031947,-0.011552420557612408,0.0037753504662418925,0.002879825458255597,-1.2025059291291882,-11.034048897879188,965.7463309639282,935.4674376953907,30.27889326853756,11464.4501953125,0.0013276149365679668,11389.3427734375,11415.064220610118,49.906942084170154
-0.0211784466222858,947.4552873883928,948.8636474609376,952.0166111565128,11.541816435738571,46.19520053157428,945.128173828125,0,Train,2020-09-13,0.010948133112388403,0.0063310781051282294,-0.008438819758993521,0.003758817531000638,0.0030759602132585857,5.960675920758945,-8.06345040457586,963.8395434591496,935.8177598332613,28.021783625888247,11464.4501953125,0.0013276149365679668,11389.3427734375,11415.064220610118,49.906942084170154
-0.0056964006099003,949.008823939732,948.5288899739584,951.3903895812048,11.543434690781194,46.429729480358034,950.0878295898438,1,Train,2020-09-14,0.010720056916839527,0.011346678361276785,-0.006194369981256331,0.0035474120629443804,0.0031133063351679487,10.64728655133922,-5.915152413504416,962.3441721505044,936.1684516636697,26.175720486834734,11440.0498046875,-0.0021283524468515003,11376.857003348214,11427.523716517857,48.527250751940485
0.0052476012238957,952.4376569475446,948.8939819335938,951.2719750365357,11.461547204466736,49.07572918530913,963.3970336914062,1,Train,2020-09-15,0.008837000499795078,0.01626439159059534,-0.0007433419493354521,0.003039034809236562,0.0032469696942471183,15.242902483259058,-0.7085135323661689,961.170678561764,936.6301776742849,24.540500887479084,11521.7998046875,0.007145947910690342,11403.70703125,11440.604678199405,48.73361015638693
0.0140083934211725,955.3497401646206,949.6133393787202,952.3742530960692,11.887911215687154,49.45759991439734,960.3029174804688,0,Train,2020-09-16,0.008332269481537757,0.01747330414284365,0.007468313966626061,0.0021100497751408566,0.003283618345464712,16.406441824776834,7.081961495535779,960.7501609201657,936.8209145192874,23.929246400878355,11604.5498046875,0.0071820376506051,11439.349888392857,11451.042782738095,51.934731234729476
-0.0032116729683938,956.8285435267856,949.8473452613468,953.0950407673782,12.05448035414357,50.78639882737907,976.2965698242188,1,Train,2020-09-17,0.008239880799622679,0.01348789687482177,0.01219864603585985,0.001420818773848121,0.0033079790757894333,12.733851841517549,11.53134591238836,961.283050181168,936.6234361120797,24.65961406908832,11516.099609375,-0.007622027291120936,11467.742745535714,11456.171316964286,44.3841855033781
0.0166547992853258,959.5521153041294,951.1397966657366,955.2042706816364,13.3607880605374,61.04330698489197,988.9686279296876,1,Train,2020-09-18,0.007469736527833115,0.01276770321170595,0.019179614643090703,0.0013401753185607545,0.0033786282085551903,12.09682791573664,18.057503836495584,962.5935137253088,936.1966726934969,26.396841031811846,11504.9501953125,-0.0009681588767627147,11500.16420200893,11465.349888392857,56.37034879101672
0.0129797220405583,962.1034284319196,953.114763532366,958.2737577041866,15.66210997477178,68.66139403618168,984.759765625,0,Train,2020-09-19,0.0070693359545324075,0.013798190450776238,0.02530143244106564,0.0008341677943294975,0.0033669166379676346,13.094604492187614,23.741891043526834,964.3239586199176,935.5897830095465,28.73417561037104,11504.9501953125,-0.0009681588767627147,11500.16420200893,11465.349888392857,56.37034879101672
-0.0042558097252271,966.9915597098214,954.2382085890996,960.6815766060786,17.05299088563466,70.52733173112391,988.5819091796876,1,Train,2020-09-20,0.010621564596699828,0.01528068809135541,0.031793610776842396,0.0012085214088757266,0.0031109859481039076,14.553902762276834,29.796805245535893,967.0070008264556,934.4778319372163,32.52916888923937,11504.9501953125,-0.0009681588767627147,11500.16420200893,11465.349888392857,56.37034879101672
0.0038812954063591,973.199236188616,955.8350859142486,963.2179704764068,18.62978051838718,69.79442324918185,977.4796142578124,0,Train,2020-09-21,0.01422238632673034,0.018683729396231197,0.03648350002533762,0.001638159637542484,0.0030873285119169323,17.84949602399547,34.255937848772305,970.8818187350867,932.6479699088864,38.2338488262003,11250.5498046875,-0.02211225483867385,11471.77845982143,11459.585611979166,39.9542753037522
-0.0112305260887161,977.1123482840402,957.0148722330728,964.5144835474435,19.197431047604194,68.33303505217296,983.8953247070312,1,Train,2020-09-22,0.015600110558365632,0.021198996303444684,0.034972823054256974,0.0016457929079496225,0.002568200702009833,20.283804757254643,33.01765659877219,975.0732895116985,930.654859902364,44.41842960933445,11153.650390625,-0.00861286032635733,11427.378487723214,11444.690383184523,33.060921377051116
0.006563523530964,980.0406755719866,957.9173177083334,966.2763781983152,20.016758916145417,65.76590783807987,993.6098022460938,1,Train,2020-09-23,0.013494549907013598,0.021352212080073762,0.034392533998531594,0.0016496546275556463,0.001904647439450636,20.488560267857224,32.585388183593864,979.4066440054867,928.7736991864779,50.6329448190088,11131.849609375,-0.0019545871070447696,11383.349888392857,11428.48084077381,32.64759577780082
0.0098734868386076,984.798801967076,959.6073666527158,968.7612349299312,21.47946000682202,66.48342050891361,1002.20947265625,1,Train,2020-09-24,0.011919004194750338,0.023589328199512094,0.037713008693391004,0.0014011293537748535,0.0014829186566515825,22.695373535156364,35.78997802734398,984.3921259640381,926.77569978931,57.616426174728076,10805.5498046875,-0.029312272096516434,11281.02845982143,11393.049897693452,29.243298701677404
0.0086549774274733,988.5006452287946,962.332019624256,971.801983814142,23.100615921554223,66.81404742956018,1014.8815307617188,1,Train,2020-09-25,0.011655053755849076,0.022243302232573425,0.037863883287466704,0.0013011812709991584,0.00140198925752205,21.509085518973166,36.06298828125,989.6566277801346,925.0466454481018,64.60998233203281,11050.25,0.022645788482354545,11201.8427734375,11368.811802455357,39.81352565621437
0.0126441212652708,992.2024884905134,966.1335362025668,975.7183062639216,24.88615301038321,66.51214300844522,1013.4937744140624,0,Train,2020-09-26,0.01240949811744163,0.019526579548418743,0.038575138272966436,0.0011328891479555664,0.001303321876357848,19.003252301897305,36.852748325892776,995.0677119005393,924.02903230984,71.0386795906993,11050.25,0.022645788482354545,11201.8427734375,11368.811802455357,39.81352565621437
-0.0013674072348275,996.3073468889507,970.2513979957216,979.1524397321162,25.24216677158799,77.76438386255118,1032.9910888671875,1,Train,2020-09-27,0.011686188995038593,0.019644617774629447,0.041260060257660935,0.001095443912295003,0.0013125125332769387,19.194998604910552,39.478803362165195,1000.5169019541111,923.6808571837239,76.83604477038716,11050.25,0.022645788482354545,11201.8427734375,11368.811802455357,39.81352565621437
0.0192377249326443,1002.6515154157366,974.9531918480284,984.0468623807592,27.3125518188041,84.46983991372136,1027.4854736328125,0,Train,2020-09-28,0.014315489074533394,0.023071327963559707,0.044916163931280506,0.0010785664581030227,0.001376468714618244,22.61083984375,43.099400111607224,1006.307815239968,924.0056342926769,82.30218094729116,11227.5498046875,0.016044868187371275,11160.621372767857,11348.80943080357,47.25500415831571
-0.0053297799891116,1009.7952096121652,979.78173828125,987.9958270400366,27.204352326900462,80.2346513157171,1031.5577392578125,1,Train,2020-09-29,0.01773097863160622,0.025382248226907267,0.049570326610285376,0.00151100709021244,0.001612765698088033,24.99640764508922,47.691781180245584,1012.4095062054441,925.0473105495782,87.36219565586589,11222.400390625,-0.0004586409458945395,11120.257114955357,11340.947544642857,48.26413957617858
0.003963331579377,1016.6041259765624,983.9981805710564,991.9560008780162,28.068633219189543,78.69731221838968,1043.9796142578125,1,Train,2020-09-30,0.020372005838348972,0.028430412143295003,0.05130610062576846,0.0014649030833304444,0.001711951366705612,28.103480747767776,49.61256626674094,1018.6865241565582,926.7112297496918,91.9752944068664,11247.5498046875,0.002241001317642377,11119.828543526786,11330.3427734375,43.070624003156354
0.012041861087618,1023.799813406808,988.4757196335564,996.6854202761796,29.81151609437216,82.66432601068234,1086.79638671875,1,Train,2020-10-01,0.021092371243564667,0.031845641673772906,0.05199405767760479,0.0016003953171779004,0.0016266673888007015,31.59732491629461,50.600577218191916,1025.4075078286544,928.4758975842919,96.93161024436245,11416.9501953125,0.015061092732783665,11157.442801339286,11324.721354166666,48.52447777312632
0.041013035002007,1035.8836582728795,994.645472935268,1004.8773263164132,35.82310943457243,85.6660705343164,1103.67724609375,1,Train,2020-10-02,0.025835385642930753,0.039722994623605734,0.060147955444479706,0.0026386630811429572,0.0023710384971016487,39.57631138392878,58.771309988839334,1034.1097238934556,928.9525781782522,105.15714571520334,11416.9501953125,0.015061092732783665,11157.442801339286,11324.721354166666,48.52447777312632
0.0155326789647936,1048.5687604631696,1000.9582257952007,1013.859137205262,42.52235770407405,86.04521546737512,1110.638916015625,1,Train,2020-10-03,0.03144255828777176,0.04579581673338806,0.06992371500416295,0.0029786682492166923,0.00283168188135868,45.91724504743297,68.52808489118297,1044.5397727737648,928.6338766054203,115.9058961683445,11416.9501953125,0.015061092732783665,11157.442801339286,11324.721354166666,48.52447777312632
0.0063077044910679,1062.446637834821,1008.5818481445312,1022.657298915295,47.13313562553607,88.88267575033372,1106.29345703125,0,Train,2020-10-04,0.03774841909710025,0.052140699145203806,0.07884639554053918,0.0030330357337555753,0.003376648828634869,52.65142822265591,77.64783586774513,1056.5807393432892,927.936691425405,128.64404791788422,11416.9501953125,0.015061092732783665,11157.442801339286,11324.721354166666,48.52447777312632
-0.0039125758351455,1072.9184047154015,1016.2563854399182,1030.2605860167453,49.3533029432777,86.24262401058368,1103.67724609375,0,Train,2020-10-05,0.03575183964603679,0.055394501458218004,0.08539980210844256,0.0027589049270650497,0.0034741235726979854,56.31427873883911,84.41775948660688,1069.1373427858528,927.4281627596268,141.7091800262259,11503.349609375,0.0075676439490797165,11210.514229910714,11323.573707217261,51.8933912556807
-0.0023648435420748,1083.802943638393,1023.5701671781994,1036.9348278419277,50.42607453132371,90.9978252110544,1079.0838623046875,0,Train,2020-10-06,0.03360216754851608,0.058608264473029914,0.0923203239363326,0.0025090608804596852,0.0034559687760898953,60.00313023158492,91.60045514787953,1082.154506037657,927.2563198552002,154.8981861824568,11662.400390625,0.013826475474619793,11332.921456473214,11339.218982514882,54.01968760487203
-0.0222831302141146,1090.5923897879463,1029.0790637788318,1040.766558247633,49.83946098668422,77.65735621205147,1077.6732177734375,0,Train,2020-10-07,0.026491449971062897,0.05281358681367965,0.09463449526233858,0.0026215797537793655,0.0032365550291705287,54.7087315150668,94.28504289899558,1094.3418572766348,928.4453532423385,165.8965040342963,11738.849609375,0.006555187284725372,11431.29282924107,11357.495163690477,53.85343481162798
-0.0013072612616383,1095.40576171875,1034.6681256975446,1044.1217091136152,48.29838561272375,75.66327308258894,1082.1551513671875,1,Train,2020-10-08,0.020959056070357418,0.044667553546885896,0.09250895737643594,0.0032498925768663337,0.003268073638515708,46.83700125558039,92.75424630301336,1105.4000613900967,930.9725137703382,174.42754761975846,11834.599609375,0.008156676606839941,11518.014229910714,11382.12611607143,59.10052815565189
0.004158898560187,1094.7427280970985,1039.709010532924,1047.5792947730308,47.41773887976391,75.03562783742082,1104.8602294921875,1,Train,2020-10-09,0.010093887014165137,0.03039784692442926,0.08412351106078164,0.004888337004889836,0.0038268213855377343,32.2960902622774,84.94751848493331,1114.2204701608957,935.4160349660574,178.80443519483833,11914.2001953125,0.0067260903253916204,11616.8427734375,11412.421363467261,61.25333648408423
0.0209813519774078,1094.9117257254463,1045.2276582263764,1052.7866524747724,47.95798640210598,76.51160139164185,1087.72900390625,0,Train,2020-10-10,0.003960541058185774,0.020498596084647103,0.07702860705356729,0.0052357504163919166,0.0041884533650474245,21.993321010044838,78.30759974888394,1121.4963725839477,940.9321491445679,180.56422343937982,11914.2001953125,0.0067260903253916204,11616.8427734375,11412.421363467261,61.25333648408423
-0.0155053328273127,1091.638881138393,1050.1309552873884,1055.963229877634,46.71427981913105,70.01593678474546,1089.4581298828125,1,Train,2020-10-11,-0.0034387993125457594,0.007230038953109252,0.0662620434612533,0.0051980152098202725,0.004938078963753503,7.8359375,67.83906773158492,1126.9320087264348,947.3404774970585,179.5915312293763,11914.2001953125,0.0067260903253916204,11616.8427734375,11412.421363467261,61.25333648408423
0.0015896661487859,1089.2338344029015,1054.93458484468,1059.0082207871956,45.23176338033685,66.83853025328159,1094.16748046875,1,Train,2020-10-12,-0.005032135453206132,-0.0012457040758454552,0.05150209263748051,0.004880260153140223,0.005466712214659391,-1.3585553850448377,53.350176130021964,1130.7414889647898,954.7431458705896,175.9983430942002,11930.9501953125,0.0014058853909966196,11714.471400669643,11435.359468005952,71.52213345063375
0.0043226540394389,1087.8752964564733,1060.4911499023438,1062.2045171218824,42.31418927516616,69.97952521017932,1105.9068603515625,1,Train,2020-10-13,-0.006426480878457097,-0.006874589787131513,0.037485892652324715,0.0034739059978581687,0.005777119821447431,-7.530465262276721,39.30653599330367,1133.119969339668,963.1481275841597,169.9718417555082,11934.5,0.0002975290843887368,11788.40708705357,11457.74279203869,76.2496996151134
0.0107290520805674,1091.7071533203125,1066.301223028274,1066.1774574154897,39.55792123851237,71.29822863281338,1132.9344482421875,1,Train,2020-10-14,6.254099510316635e-05,-0.002772865897051946,0.027540691874296863,0.002812610420910777,0.005781488071533597,-3.0355747767860066,29.260515485491396,1135.0730342607794,971.8858977983723,163.18713646240712,11971.0498046875,0.0030625333853533387,11855.221400669643,11483.028506324405,77.9342573443795
0.0244392985156389,1099.6016148158485,1072.9357299804688,1072.2462747633713,38.42406561573789,73.5145265652408,1129.658447265625,0,Train,2020-10-15,0.00951841568402112,0.004283349041033224,0.0248697477675619,0.0036125045907212635,0.005785622304634045,4.6898890904021755,26.683210100447013,1137.0507185925328,981.018310425324,156.0324081672088,11680.349609375,-0.02428360085835335,11857.785574776786,11490.57849702381,79.82612980665182
-0.0028916068194814,1106.3877999441963,1079.0047287713917,1077.465563172667,36.72189529229306,64.3247975665558,1148.655029296875,1,Train,2020-10-16,0.017017119101815803,0.013510803857061937,0.020838526448345496,0.004122730624265553,0.005473367047009237,14.748918805803442,22.58485630580344,1138.7777810120085,990.709779151217,148.06800186079147,11762.4501953125,0.007028949362235082,11861.15708705357,11498.097563244048,77.31039632472609
0.0168162173949408,1112.6441999162946,1085.3748953683037,1083.9373328203224,36.64503530189667,64.82227335629003,1159.393310546875,1,Train,2020-10-17,0.019178262716612604,0.021492506727195382,0.020220029348119617,0.004337645768340893,0.005043607023179258,23.410365513393117,22.05181012834828,1140.0991010006323,1001.0221444653271,139.07695653530527,11762.4501953125,0.007028949362235082,11861.15708705357,11498.097563244048,77.31039632472609
0.0093485693929997,1122.8819580078125,1092.3224923270088,1090.7969671590995,36.16306908155194,65.67662957723702,1150.2022705078125,0,Train,2020-10-18,0.021171616045564612,0.03217892865603811,0.025083121934607044,0.004304524801748458,0.0045857213096275485,35.00666155133922,27.4761962890625,1142.0617295885154,1011.0825601366519,130.97916945186353,11762.4501953125,0.007028949362235082,11861.15708705357,11498.097563244048,77.31039632472609
-0.0079274565028559,1131.5596923828125,1097.9039771670386,1096.19744928171,35.58861627000989,63.69191041396883,1146.2889404296875,0,Train,2020-10-19,0.022751419023136155,0.03650478879916896,0.03363070001817681,0.0034536101171783514,0.004407365582472392,39.8525390625,36.81696428571399,1144.5522083553894,1020.7685296468425,123.78367870854697,11873.0498046875,0.009402769621849272,11866.649972098214,11515.095191592261,76.08714870722997
-0.0034022972988891,1139.005615234375,1103.5612851097471,1100.7512212042532,33.19730666325022,63.18080863689879,1148.3138427734375,1,Train,2020-10-20,0.02369258323556056,0.035834796791495815,0.040271638775001506,0.0017788356770394747,0.004106393116616376,39.40400041852649,44.09388950892867,1147.2838887076819,1030.2769982203313,117.00689048735057,11896.7998046875,0.002000328507897331,11864.16420200893,11533.754696800595,76.85139030700523
0.0017664851088861,1145.063755580357,1109.121099562872,1105.0750958923609,30.17479239717453,74.88953724135388,1163.0789794921875,1,Train,2020-10-21,0.019754344981995242,0.034956961418149746,0.04894006192437117,0.0013385707861118137,0.004066111406379124,38.67595563616078,53.42487444196422,1150.0326631408425,1039.6546180045257,110.37804513631681,11937.650390625,0.0034337457642519276,11865.121372767857,11566.47377232143,77.13724167964013
0.0128581021744793,1149.3701171875,1114.7924979073662,1110.3481762196177,28.46308282683797,78.01494036188093,1187.2171630859375,1,Train,2020-10-22,0.015739713003723788,0.03300778206902821,0.05520970877439191,0.0017494896704602389,0.0040585052539266015,36.72591727120539,60.13628278459851,1153.4739180636197,1047.5620089732106,105.91190909040915,11896.4501953125,-0.0034512817819539743,11859.68568638393,11601.845191592261,70.96998479594103
0.0207536925861122,1157.5927908761162,1119.574439639137,1117.3362659347376,31.76813282477029,80.52616047703023,1164.7625732421875,0,Train,2020-10-23,0.01631877437049911,0.030912272319244316,0.06408592478083941,0.0017725081385675187,0.003991596123479031,34.71083286830367,69.71749441964289,1158.8545158870256,1053.0838141910995,105.77070169592616,11930.349609375,0.0028495402835257977,11853.871372767857,11639.86900111607,69.57277659403033
-0.0189136331093662,1159.8938685825892,1122.4832647414437,1121.647748417233,33.01200189806801,67.43022157181726,1170.4730224609375,1,Train,2020-10-24,0.01295134260425157,0.025039930628945717,0.06245879680727007,0.002465374387065849,0.003884257048189795,28.33417619977672,68.18671526227672,1164.7887751321628,1056.894278020739,107.89449711142379,11930.349609375,0.0028495402835257977,11853.871372767857,11639.86900111607,69.57277659403033
0.0049026723127396,1161.4766845703125,1125.332507905506,1126.0864096939335,34.48774544445536,75.79078175283519,1215.450927734375,1,Train,2020-10-25,0.010533219196995569,0.019728673006860875,0.05627044278652349,0.0025275646026267965,0.0034162066632607074,22.4710693359375,61.87506975446399,1170.629656825635,1059.9092243127577,110.72043251287732,11930.349609375,0.0028495402835257977,11853.871372767857,11639.86900111607,69.57277659403033
0.0384271182763962,1170.7979213169642,1130.530482700893,1134.2104567885192,39.357043886481286,80.9317282074796,1206.987548828125,0,Train,2020-10-26,0.011407405561720818,0.022474002527103076,0.05821658678450414,0.0025859531483559835,0.002946587249383653,25.73416573660711,64.41012137276789,1178.1493342222552,1061.0890446839949,117.06028953826035,11767.75,-0.013629073304543216,11866.357142857143,11685.688058035714,54.81334339924363
-0.006963159690886,1179.4691510881696,1135.4500209263392,1140.826556064847,42.18760821068748,77.19647025173646,1213.8809814453125,1,Train,2020-10-27,0.01687678764049494,0.02618741643842437,0.06005958704220293,0.00269286601877726,0.002341117627854173,30.09903390066961,66.824951171875,1186.6678089830086,1061.4582460532636,125.20956292974506,11889.400390625,0.010337608346965288,11884.492885044643,11725.64760044643,56.60570742994258
0.0057112706952779,1188.8358851841515,1141.868931361607,1147.4678674630711,43.41941203323789,76.65095874561604,1226.2347412109375,1,Train,2020-10-28,0.023555531486161962,0.026989710504666586,0.05873629610484854,0.0029173033905971735,0.0023090562914224624,31.243094308035325,65.953927176339,1196.098085376656,1061.3709820061567,134.7271033704992,11729.599609375,-0.013440608945763599,11864.0,11749.554734002977,45.63809140535243
0.0101770766281517,1197.8581368582588,1148.9432896205358,1154.6284923492408,44.52551494053286,74.82751362350024,1228.7144775390625,1,Train,2020-10-29,0.0231126269090538,0.03273081210616513,0.05859031999967823,0.0029226190660703202,0.0023243650657590815,37.96426827566961,66.29844447544633,1205.9221227498376,1061.858485509091,144.06363724074663,11670.7998046875,-0.005012942184360991,11831.714285714286,11770.90708705357,39.710845880243205
0.0020222362364943,1203.7863246372767,1155.9223051525298,1161.3635819119518,45.01687284300488,76.47131358511518,1231.99072265625,1,Train,2020-10-30,0.02061704922648655,0.036427455349753,0.05687479371168136,0.002886567105939558,0.0023457371687103396,42.30964006696422,64.78070940290172,1215.3107741990427,1063.3572939510689,151.95348024797386,11642.400390625,-0.002433373422367602,11789.535714285714,11789.709495907739,37.92122912198914
0.0026664006789838,1213.390345982143,1161.9761381603423,1167.7842310705244,46.33563348343674,74.31307997162288,1243.0245361328125,1,Train,2020-10-31,0.020654205600622477,0.03637897188719719,0.05967055552042644,0.0024955349556348254,0.0023974520020365463,42.59242466517867,68.32659040178578,1224.744462189854,1066.0987524446327,158.6457097452212,11642.400390625,-0.002433373422367602,11789.535714285714,11789.709495907739,37.92122912198914
0.0089560848743834,1223.754847935268,1169.3711635044642,1174.6242588034595,46.28585641345675,74.35729883124557,1228.7144775390625,0,Train,2020-11-01,0.02161918033543686,0.03754714297210793,0.06471782207961585,0.0011767563045016144,0.0023400136245038386,44.28569684709828,74.38473074776789,1234.1768996426147,1070.1184163451087,164.05848329750597,11642.400390625,-0.002433373422367602,11789.535714285714,11789.709495907739,37.92122912198914
-0.0115122897237975,1225.6496407645088,1176.002418154762,1179.5415514157871,44.19259086858226,72.2043162209039,1193.26904296875,0,Train,2020-11-02,0.01816212369235881,0.030966221695650553,0.05879170155930602,0.002494471287807817,0.002591997232058,36.81375558035734,68.05684988839266,1241.4784439569335,1076.5943064615935,164.88413749533993,11669.150390625,0.002297636149117599,11757.06431361607,11801.719029017857,39.104031361629154
-0.0288475762418821,1223.6898542131696,1180.721540178571,1180.7895051933292,40.12057370836334,61.27556595951635,1195.4986572265625,1,Train,2020-11-03,0.008488206837256485,0.021564922055513414,0.05500157157356145,0.003909179652455673,0.0032280702003259867,25.83171735491078,63.79598563058039,1246.4994979219816,1084.7715225858308,161.72797533615085,11813.5,0.01237019016319918,11740.371512276786,11816.488095238095,44.05674369189124
0.0018684925004552,1221.0638078962054,1184.987816220238,1182.126700832714,36.35389403341765,61.3135810505464,1183.8502197265625,0,Train,2020-11-04,-0.002199002556437568,0.014352616328429102,0.0513029009686381,0.004567704121300316,0.0037677420325832886,17.27748325892867,59.58712332589289,1249.891057022962,1093.5261827928864,156.36487423007566,11908.5,0.008041647267956087,11760.47865513393,11828.207124255952,60.09738396215977
-0.0097435805800261,1215.0088762555804,1187.412376767113,1182.2833843685185,34.351422725288096,55.05592003613111,1210.809814453125,1,Train,2020-11-05,-0.008681734286065002,0.0013338908446047792,0.037761388309338395,0.005259687287931774,0.004556548142613602,1.6185302734375,44.21095493861617,1251.1987110070716,1103.0806364399148,148.11807456715678,12120.2998046875,0.017785598915690537,11793.464285714286,11846.371419270834,64.20659142296205
0.0227728088210259,1212.4510672433037,1191.2767275855654,1184.8766961943918,32.01463042909255,55.66487071429116,1195.4986572265625,0,Train,2020-11-06,-0.009184342692039826,-0.009236964994284613,0.027963356332554534,0.005286224641735225,0.004729782274698448,-11.30378069196422,32.98191615513406,1251.1710843475948,1113.0889498320926,138.08213451550228,12263.5498046875,0.011819014571289532,11869.742885044643,11866.797619047618,65.11106408386301
-0.0126453857937036,1207.2379150390625,1193.5073765345985,1185.8423290154983,30.492175279650755,57.64225539865749,1182.3941650390625,0,Train,2020-11-07,-0.01132282585704003,-0.015022013724869887,0.015479032963461092,0.004590415880722505,0.005146474794765085,-18.41172572544633,18.402029854911007,1250.2654515134363,1122.4301783693763,127.83527314406001,12263.5498046875,0.011819014571289532,11869.742885044643,11866.797619047618,65.11106408386301
-0.0109615281525293,1198.5764334542412,1194.6026553199404,1185.528859563095,29.605739890483,52.85896461556297,1154.0244140625,0,Train,2020-11-08,-0.013524545476557126,-0.02052270080728613,0.0005996508049495031,0.002802486475861984,0.005803237019361707,-25.11342075892844,0.7182965959823377,1248.3307678873477,1131.0665361026079,117.26423178473988,12263.5498046875,0.011819014571289532,11869.742885044643,11866.797619047618,65.11106408386301
-0.0239934801907832,1187.9064243861608,1194.784662155878,1182.664819063041,29.329593012080693,33.99341676675964,1154.7296142578125,1,Train,2020-11-09,-0.0202438213963958,-0.02715450519098761,-0.013191627057153044,0.0027827481468351433,0.00625628007907453,-33.15738351004461,-15.879900251115942,1245.7368135028673,1138.550571402267,107.18624210060034,12461.0498046875,0.016104635537461442,11982.6357421875,11892.838076636905,69.24651739139125
0.0006110790956579,1182.4007917131696,1195.1865990048364,1180.1252549898384,28.682468289546275,35.80878555369992,1137.89404296875,0,Train,2020-11-10,-0.020573511663680044,-0.026837733599858526,-0.025539641362392507,0.002483969884709758,0.006142599493190474,-32.60808454241078,-30.98955426897328,1243.111425179915,1144.9096633385002,98.20176184141474,12631.099609375,0.01364650710436388,12123.878487723214,11926.178524925595,71.7375545664379
-0.0145796653010266,1174.1715611049108,1194.690418061756,1176.286053897012,29.60902846932221,30.422081782001456,1130.06787109375,0,Train,2020-11-11,-0.02036154864066253,-0.031572000860560334,-0.040517336388096514,0.002253768896253877,0.005986055569522333,-38.27950613839289,-49.58328683035711,1240.7231538041726,1149.7780791059838,90.94507469818882,12749.150390625,0.009346041508720315,12278.16420200893,11964.971400669643,75.50094186708722
-0.0068777685614572,1166.4883684430804,1193.1184605189733,1172.084400914897,32.13937600926201,24.630878491478896,1137.0067138671875,1,Train,2020-11-12,-0.01803008680094309,-0.03375436282140254,-0.04826931804469514,0.002260964616631528,0.005630993707166067,-40.74954659598211,-59.16127232142844,1239.7695406842793,1151.6212499825735,88.14829070170572,12690.7998046875,-0.004576821525331454,12403.492745535714,11999.245210193452,72.41429930866066
0.0061402000277395,1155.945068359375,1190.7274867466515,1168.895520274196,34.38927212012262,26.363294282287583,1138.4173583984375,1,Train,2020-11-13,-0.022374581900831747,-0.0355683324859013,-0.055361075047365205,0.00185299610151259,0.005566844200893961,-42.63136509486617,-67.74478585379461,1240.2771290426492,1150.718781601882,89.55834744076719,12719.9501953125,0.002296970330761372,12519.41420200893,12048.75,80.46258117446081
0.001240665084951,1147.7905970982142,1189.4729527064733,1166.1247782854907,35.83403589098764,25.648270336656463,1147.40380859375,1,Train,2020-11-14,-0.02246772522907281,-0.03377019137570203,-0.06000768372967746,0.0014926256545922695,0.0046929368794451105,-40.11582728794656,-73.27321079799117,1242.128404653603,1147.4988972437186,94.62950740988435,12719.9501953125,0.0,12605.078543526786,12094.345238095239,78.81350362268022
0.0078938098835341,1142.7919747488838,1188.3744187127977,1164.4228719498778,36.78657077394759,24.84742930500461,1160.2352294921875,1,Train,2020-11-15,-0.02031429916941585,-0.03349863873729053,-0.05943734479475982,0.0018371584587252205,0.0030191502792714753,-39.60881696428578,-72.21690150669656,1245.1699519465922,1141.6567552939212,103.51319665267101,12719.9501953125,0.0,12605.078543526786,12094.345238095239,78.81350362268022
0.0111830035793272,1143.679234095982,1185.7450997488838,1164.042177180997,36.72773661201894,31.84564223182143,1162.3509521484375,1,Train,2020-11-16,-0.010611087498129779,-0.02596922632007459,-0.05672132674490937,0.0031501743631262833,0.0028974503924580016,-30.49232700892867,-68.77183314732156,1247.7046959216655,1135.5430196196294,112.16167630203608,12719.9501953125,0.0,12605.078543526786,12094.345238095239,78.81350362268022
0.001823529058996,1144.7679966517858,1183.6195475260415,1163.8884294507643,36.72853101786897,40.043962367835775,1179.8917236328125,1,Train,2020-11-17,-0.002633407569351043,-0.018620307221995702,-0.051746153437581044,0.003976178799735352,0.0031885117725746564,-21.72037179129461,-62.46991838727672,1249.29689210709,1129.5440345809682,119.75285752612172,12874.2001953125,0.012126619808373373,12692.31431361607,12142.019066220239,89.86210316313156
0.0150907705215481,1150.7676653180804,1182.001011439732,1165.343274376405,36.07133852688535,45.42544649949264,1172.929931640625,0,Train,2020-11-18,0.006979127212499936,-0.004478935187329336,-0.03988795941730483,0.005243245206520331,0.004125412260882091,-5.17740304129461,-47.80876813616078,1249.20602897493,1124.9258505591104,124.28017841581959,12938.25,0.004975051165572175,12760.485770089286,12191.61193266369,93.97966700846406
-0.0059003651375336,1156.8908168247767,1179.4626871744792,1166.0329704913338,34.65053102773883,46.708725983842925,1145.6749267578125,0,Train,2020-11-19,0.011551825315109232,0.007928466873286188,-0.026109470346042718,0.005747561859733867,0.004836950492535116,9.1002197265625,-31.01560756138406,1247.7376419272596,1121.7046868255306,126.03295510172893,12771.7001953125,-0.01287266861341374,12780.571568080357,12231.328590029761,85.75769063555389
-0.0232366863080131,1158.1291329520088,1175.5084228515625,1164.182239242832,33.46692365373416,30.403840602650263,1121.149658203125,0,Train,2020-11-20,0.011671479583026168,0.013420778708649106,-0.0205274378461755,0.004593852136219489,0.004978961341049556,15.337158203125,-24.27165876116078,1244.5261924164006,1119.3900150333766,125.136177383024,12859.0498046875,0.00683930941371913,12796.271484375,12277.166666666666,86.28405416624729
-0.0214068301416812,1155.662318638393,1170.2302769252233,1160.2701864210403,32.848355641462724,28.806730993399142,1125.381103515625,1,Train,2020-11-21,0.004253380997596645,0.010477662079685146,-0.015763661018242003,0.0035398673695534607,0.004977785998632757,11.98308454241078,-18.50924246651789,1238.916951823187,1118.190002696902,120.72694912628504,12859.0498046875,0.00683930941371913,12796.271484375,12277.166666666666,86.28405416624729
0.003774202026946,1152.5162179129463,1164.628208705357,1157.098451611457,29.693170101693244,32.88246190022775,1075.5347900390625,0,Train,2020-11-22,-0.0037813412019614967,0.00676837689717269,-0.011977959582042619,0.0031633576552367506,0.004837856582584109,7.748221261160552,-13.972150530134058,1232.0213670106978,1117.7722452242351,114.24912178646264,12859.0498046875,0.00683930941371913,12796.271484375,12277.166666666666,86.28405416624729
-0.0442928296208684,1140.416155133929,1157.333937872024,1149.683573286694,31.89587769884433,29.12627914994516,1085.59033203125,1,Train,2020-11-23,-0.015294475645328487,-0.008995308519804679,-0.013433954303283757,0.005460637542256658,0.0050089601890281575,-10.351510184151493,-15.528913225446104,1224.9484845401107,1116.517757786898,108.43072675321264,12926.4501953125,0.005241475198302092,12829.935825892857,12324.600027901786,85.60868660471412
0.0093493414488454,1129.4503522600446,1152.2063802083333,1143.8569149907444,34.38795187622554,32.48405318964039,1069.9154052734375,0,Train,2020-11-24,-0.022681336888470405,-0.023719148052402828,-0.015978737658712716,0.006405173990826008,0.0053096484344752,-27.44046456473211,-18.34024483816961,1217.8868702779114,1114.4180264854813,103.4688437924301,13055.150390625,0.0099563448098976,12877.821568080357,12385.904808407739,85.91247921720907
-0.0144390810191568,1113.7394496372767,1146.2262253534227,1137.1349595618983,37.2808266386901,32.6762161748502,1134.3221435546875,1,Train,2020-11-25,-0.03364531246761038,-0.0383287856696819,-0.025422409111676814,0.006914063029847613,0.0059670325499263524,-44.38968331473211,-29.05252511160711,1212.511962893895,1109.6659912076675,102.84597168622759,12858.400390625,-0.015070680468092346,12897.600167410714,12432.047665550595,73.33691500628336
0.0601979726283028,1108.2240513392858,1143.8677455357142,1136.8792490157882,36.33629861454025,50.84149410294956,1097.7620849609375,0,Train,2020-11-26,-0.028228382814221464,-0.04104855417887043,-0.03100098497873116,0.005363607480188016,0.005924743286210038,-47.43826729910711,-35.45518275669633,1206.503205428198,1105.252047082963,101.25115834523513,12987.0,0.010001213639976747,12913.714425223214,12491.923874627977,73.08759356575516
-0.0322307545537106,1101.379359654018,1138.4845203218006,1133.32314319262,34.23628331055778,43.051640026661616,1110.911865234375,1,Train,2020-11-27,-0.024853675550993715,-0.04436975156109346,-0.03790168586532017,0.004350813953550498,0.00577141153556044,-51.13685825892844,-43.38863699776789,1200.73371669032,1100.435680282336,100.298036407984,12968.9501953125,-0.001389836350773832,12918.100167410714,12553.740559895834,68.30534508051551
0.0119787160201523,1099.9168178013392,1134.456577845982,1131.2857542873248,32.102484847463074,45.32444114284292,1094.48583984375,0,Train,2020-11-28,-0.012411010349358875,-0.03551277062348657,-0.04418863081513991,0.004512419836736312,0.005697420139852333,-40.499337332589675,-50.85084751674117,1195.331175805766,1095.9722596015997,99.35891620416623,12968.9501953125,-0.001389836350773832,12918.100167410714,12553.740559895834,68.30534508051551
-0.0147860743094678,1095.503208705357,1130.2704671223958,1127.9403075197272,31.259434028296106,41.22656898261521,1122.5147705078125,1,Train,2020-11-29,-0.01147858379228961,-0.030056339782230213,-0.05306257706142503,0.00432982831349149,0.0056919977939815965,-33.9471435546875,-61.38760811941961,1191.3478735193703,1090.7152403199157,100.63263319945463,12968.9501953125,-0.001389836350773832,12918.100167410714,12553.740559895834,68.30534508051551
0.0256092218315624,1102.214634486607,1128.770007905506,1127.4470768822805,30.815309681260263,44.04623729503269,1129.7266845703125,1,Train,2020-11-30,0.0007583897639515946,-0.010347855734501477,-0.04828002065959491,0.006326575868888278,0.0061278570874606884,-11.52481515066961,-55.91449846540172,1186.2255320917207,1087.818966024909,98.40656606681159,12968.9501953125,-0.001389836350773832,12918.100167410714,12553.740559895834,68.30534508051551
0.0064247832206585,1108.5198277064733,1127.5793922061011,1127.6543139448288,30.239801092845,44.932144921336345,1095.78271484375,0,Train,2020-12-01,0.007821509559541973,0.0002668922108575167,-0.04079261750739016,0.007014518007779033,0.006464745616930924,0.2957763671875,-47.14249093191961,1181.2378810219866,1086.241443754799,94.9964372671875,13109.0498046875,0.010802694687318537,12966.29296875,12623.581008184523,67.60599657392079
-0.0300461785936064,1112.2151576450892,1125.5740908668154,1124.7568958447307,30.9104368870276,37.56805336083555,1075.0113525390625,0,Train,2020-12-02,0.015255043350792086,0.009838388468143444,-0.03496788994504296,0.005190798956917363,0.006312443763149036,10.835797991071331,-40.30106026785711,1176.8171321299515,1085.2348715670355,91.58226056291596,13113.75,0.0003585458429504751,13002.6787109375,12692.37146577381,64.65432513565113
-0.0189557309339829,1103.7421875,1122.9523518880208,1120.2345737260337,32.78807313389994,36.094558851214806,1083.7703857421875,1,Train,2020-12-03,0.001385894330920845,0.0034778718142589593,-0.0321584076732252,0.005674229056789474,0.006034168929547879,3.8253696986607792,-36.673967633928896,1174.1775305074752,1082.654185103574,91.5233454039012,13133.900390625,0.0015365849299400214,13032.314453125,12755.24767485119,68.37372108599469
0.0081478518179711,1101.743373325893,1120.4172886439733,1116.919647545684,33.69265403497718,40.72149971823564,1100.2646484375,1,Train,2020-12-04,-0.006113065559324116,0.00569616279619134,-0.024531382790496048,0.005172434065708255,0.005920357807123863,6.240164620535779,-27.70697893415172,1172.4012563609535,1079.8257368728637,92.57551948808987,13258.5498046875,0.009490662358873525,13061.371512276786,12819.53576078869,70.6946935528656
0.0152193332760397,1100.2223423549108,1118.6004929315477,1115.4055567176674,33.70215826520957,46.79245141526589,1117.7142333984375,1,Train,2020-12-05,-0.010782819500114504,-0.0018075355464902687,-0.012136687163921689,0.005174824101788033,0.005937474959196966,-1.9922921316963311,-13.517107282365942,1170.9535731055607,1077.016456888859,93.93711621670172,13258.5498046875,0.009490662358873525,13061.371512276786,12819.53576078869,70.6946935528656
0.0158594434400103,1103.5406842912946,1117.186703636533,1115.6154364159192,33.04987828563326,48.86845366203613,1118.851806640625,1,Train,2020-12-06,-0.00018256365570457067,-0.004491704424882115,-0.004226011014948905,0.004931044052309187,0.00618728402732511,-4.979143415178669,-4.683367047991169,1168.8334509010908,1075.1227241128602,93.71072678823066,13258.5498046875,0.009490662358873525,13061.371512276786,12819.53576078869,70.6946935528656
0.00101776751892,1103.0174037388392,1115.216064453125,1115.9096518908923,31.55466232504933,57.46665651061273,1096.4197998046875,0,Train,2020-12-07,0.0011563767423445892,-0.0082697613344207,0.0014872660091758139,0.004402474742939034,0.005832446911187732,-9.19775390625,1.6380440848213311,1166.187633121848,1073.593482600808,92.59415052103986,13355.75,0.007331133249439903,13132.421456473214,12878.366722470239,72.73150692392723
-0.020049131353052,1098.25927734375,1112.0764857700892,1114.137847155783,29.865147057394097,51.7903132780845,1082.996826171875,0,Train,2020-12-08,-0.0017842439074260419,-0.004967564181513229,-0.0015069689187064972,0.0038739695488754604,0.005487215330125565,-5.48291015625,-1.6575404575892208,1162.1225759977106,1072.407700927513,89.71487507019765,13392.9501953125,0.002785331809333158,13190.414341517857,12932.147693452382,70.24075524842173
-0.0122425494643599,1096.4327218191963,1107.4624430338542,1111.306845248155,26.11339033269866,52.17882628880798,1079.8345947265625,0,Train,2020-12-09,-0.006441051583578994,-0.004820225503753162,0.0008484805032544784,0.0032896264945110544,0.004284013611723842,-5.3106515066965585,0.9295131138392208,1155.8897198195214,1072.5947476051438,83.2949722143776,13529.099609375,0.010165752285866914,13270.43568638393,12983.00720796131,71.82594366371964
-0.0029198898546085,1097.1217564174108,1103.029331752232,1108.4457315643738,22.025879145485003,38.59853198710993,1093.80322265625,1,Train,2020-12-10,-0.005345017496046989,-0.002818144858668714,-0.0046205865081518915,0.002278036618759647,0.004156702025299584,-3.1005859375,-5.092878069196331,1147.9553852451593,1074.428344526046,73.5270407191133,13478.2998046875,-0.0037548548058806697,13323.18568638393,13023.350074404761,78.54258678065429
0.0129358959213792,1098.5550188337054,1100.5592506045386,1107.114594390908,19.800421763059788,49.08511419781122,1064.9329833984375,0,Train,2020-12-11,0.0002692820320813194,-0.004517880970370425,-0.008989292409306793,0.002363537339826881,0.003871157134304299,-4.985665457589221,-9.96480887276789,1138.9061769091118,1077.766822881625,61.13935402748666,13513.849609375,0.002637558535026452,13380.3427734375,13059.764322916666,77.60541078649575
-0.0263943629528741,1093.5076381138392,1097.8822660900298,1103.2799024825017,20.65902817408907,40.0941200480331,1036.2215576171875,0,Train,2020-12-12,-0.0026678186879572907,-0.008621591638323434,-0.0168200544675724,0.002846075569782153,0.00404063900270844,-9.509765625,-18.70751953125,1128.4778626052635,1082.2942792055624,46.18358339970109,13513.849609375,0.002637558535026452,13380.3427734375,13059.764322916666,77.60541078649575
-0.0269607817851837,1081.8658272879463,1093.6365734281994,1097.1836893129275,23.66772251592477,38.07838923465568,1051.646484375,1,Train,2020-12-13,-0.013905411172668636,-0.014926757637279353,-0.01982017219220744,0.004131004422154331,0.00481112872862017,-16.39345005580367,-21.87636021205367,1121.3071731853463,1083.6099358408812,37.697237344465066,13513.849609375,0.002637558535026452,13380.3427734375,13059.764322916666,77.60541078649575
0.0148857419964147,1072.2650669642858,1092.499035063244,1093.0439434094794,25.111293210902044,34.71085480246016,1076.6038818359375,1,Train,2020-12-14,-0.023931392983239652,-0.02204207734224828,-0.02675605506264067,0.004535437796107905,0.004800236001872234,-24.167654854910552,-29.47830636160711,1118.5569506903976,1080.641629806254,37.91532088414351,13558.150390625,0.0032781762806703973,13440.949916294643,13101.066731770834,77.16056899133278
0.023731736692649,1069.434221540179,1092.071108863467,1091.5493923573392,25.31069054325817,39.35438733824213,1076.2171630859375,0,Train,2020-12-15,-0.022014859096168626,-0.025236519752961595,-0.027983544443237807,0.004561563551672369,0.004261744208158037,-27.687534877231883,-30.788120814731883,1119.4793049549917,1075.2887527319504,44.19055222304132,13567.849609375,0.0007153791977927426,13485.13560267857,13141.442894345239,74.5569492362613
-0.0003592024481098,1068.4656982421875,1092.3711925688244,1090.1555533326664,25.071101347811343,45.4698541419712,1079.652587890625,1,Train,2020-12-16,-0.012386128397595009,-0.02738990772029115,-0.03178404434779192,0.004628734877332096,0.003950626805104387,-30.08932059151789,-35.07498604910711,1120.3536888823794,1070.4385334948527,49.91515538752674,13682.7001953125,0.008464907059269056,13531.8427734375,13187.288132440477,92.84306868327366
0.0031921297322901,1068.439697265625,1089.7678803943452,1089.2007382924808,23.27097027666956,51.16841514585138,1078.4921875,0,Train,2020-12-17,-0.003567559754129479,-0.022924339962959173,-0.03134828730354389,0.004533171778330507,0.003763223915358517,-25.06794084821422,-34.57770647321422,1121.2609673277366,1066.2372888106565,55.02367851708004,13740.7001953125,0.004238929390550483,13581.52134486607,13228.550037202382,92.276233494341
-0.0010747905424763,1066.252406529018,1088.8502662295386,1088.2272336749825,23.31985502215144,48.6183724920676,1091.30078125,1,Train,2020-12-18,-0.0029752320872793447,-0.014431938198906424,-0.029143273792454516,0.004059975914639382,0.003761330477349063,-15.613420758928442,-32.00687081473211,1122.0014376771524,1062.1303773340087,59.871060343143654,13760.5498046875,0.0014445849987885229,13614.585658482143,13267.70717075893,94.3126008597956
0.0118763899251703,1070.0192347935267,1087.9164050874256,1088.5066470908932,22.77859698160836,47.607442238718825,1093.1663818359375,1,Train,2020-12-19,0.0014539882318123087,-0.002094474808469915,-0.02409038557499854,0.0049979335587327835,0.004072991506617161,-2.2458321707590585,-26.41348702566961,1122.2423047659174,1059.3411128540604,62.90119191185704,13760.5498046875,0.0014445849987885229,13614.585658482143,13267.70717075893,94.3126008597956
0.0017095200681525,1078.1542096819196,1087.8535737537202,1088.9302593404427,22.76138340319702,42.85336563065061,1073.4188232421875,0,Train,2020-12-20,0.009092242118255545,0.008153833088661022,-0.017288461034104974,0.005154380486198968,0.004649324839447895,8.719988141740714,-18.96754673549117,1121.0402137967287,1058.1371613427802,62.903052453948476,13760.5498046875,0.0014445849987885229,13614.585658482143,13267.70717075893,94.3126008597956
-0.0180645498451796,1081.2645438058037,1085.515671502976,1087.520128786056,21.51022248238736,38.0661942142427,1077.536865234375,1,Train,2020-12-21,0.014079346677073445,0.011978714510603838,-0.015739289094740427,0.0036628186481949035,0.004798988257257528,12.798845563616169,-17.29047502790172,1118.565939202459,1057.8859075469827,60.68003165547634,13328.400390625,-0.0314049525779333,13593.171456473214,13294.216703869048,59.25335442594721
0.00383637952216,1081.3978271484375,1083.0304420107886,1086.6125593722668,19.01727822226663,44.51205624141007,1093.7806396484375,1,Train,2020-12-22,0.01063400730091213,0.012128087262178067,-0.011074281096279837,0.0033120349333196973,0.004738676382442341,12.9581298828125,-12.10981096540172,1114.9548391411574,1058.415274558619,56.53956458253833,13466.2998046875,0.010346283876607965,13586.378627232143,13323.133370535714,63.36987654906224
0.0150749129223799,1083.9068952287946,1082.935105096726,1087.2642030337367,18.955069024977607,53.083539447147245,1118.4649658203125,1,Train,2020-12-23,0.00533567971558746,0.016557513579029237,0.0018866183674226544,0.00312522807678037,0.004820755394654975,17.65448869977672,2.0410679408482792,1112.8117782260633,1058.5748062465927,54.23697197947058,13601.099609375,0.010010159185716239,13592.514229910714,13355.259533110118,66.30032736123945
0.0225678945824174,1089.451520647321,1085.0043247767858,1090.1006360143344,20.36610285683612,59.83546436097142,1123.69775390625,1,Train,2020-12-24,0.007571668643365559,0.01816068835205953,0.016028176439331743,0.003158593457758694,0.005066596297624648,19.432285853794383,17.186453683035325,1111.2046013978747,1058.952797806924,52.25180359095066,13749.25,0.01089253037474136,13618.42857142857,13388.31189546131,66.84404283577496
0.0046785444746582,1095.909458705357,1086.9056280226937,1093.154919459054,22.040085899412453,57.96562074308843,1099.53662109375,0,Train,2020-12-25,0.01341932745989105,0.01646819060204363,0.02475630256814587,0.002490549839938822,0.005335950799282807,17.7552490234375,26.475237165178214,1110.5298203961536,1059.1962904436903,51.33352995246332,13749.25,0.01089253037474136,13618.42857142857,13388.31189546131,66.84404283577496
-0.0215014515500364,1097.0860072544642,1086.8709600539437,1093.7350741531172,22.01858425212467,59.457744378361824,1108.4093017578125,1,Train,2020-12-26,0.012158896749971948,0.01463237053253641,0.026786362032362954,0.002718829944030525,0.005186451194556854,15.821463448660552,28.62030901227672,1109.3668015065805,1059.7138416295802,49.652959877000285,13749.25,0.01089253037474136,13618.42857142857,13388.31189546131,66.84404283577496
0.008069472624965,1099.2635672433037,1086.4278680710563,1095.069094844453,21.453240735954548,72.1299892972884,1109.3193359375,1,Train,2020-12-27,0.00900640956483545,0.016520969107157057,0.028849424124322454,0.0020891284664221015,0.004138731316675164,17.86574009486617,30.82386997767867,1108.6418902568278,1060.063369229779,48.57852102704874,13749.25,0.01089253037474136,13618.42857142857,13388.31189546131,66.84404283577496
0.0008210271947775,1104.3922119140625,1085.973940894717,1096.3645713074573,20.82451826898262,69.40742882869264,1117.3048095703125,1,Train,2020-12-28,0.007740377766906503,0.01889951690079772,0.03576995948754891,0.002209574628169471,0.0030572398225056415,20.48531668526789,38.13980538504461,1109.8267500466716,1059.4918028969666,50.33494714970493,13873.2001953125,0.009015051389166695,13645.642857142857,13436.635695684523,67.44196151417856
0.007198534609571,1110.0733468191963,1086.9684651692708,1098.2682293313533,21.82309320091686,65.4624038880696,1147.1307373046875,1,Train,2020-12-29,0.011838032277190269,0.01892863131681377,0.03743307664314899,0.0019022652803078138,0.002824891772274615,20.621826171875227,40.05411202566961,1112.51178637217,1058.1708290714685,54.340957300701575,13932.599609375,0.004281594241144937,13673.057059151786,13481.664248511905,67.9220279681724
0.0266945308736703,1117.694789341518,1090.0224609375,1102.7102755107474,25.42912534485701,72.01577156994125,1153.592041015625,1,Train,2020-12-30,0.01676688161733164,0.0198787686912536,0.03667432664503867,0.002099504610057159,0.00283148971931976,21.78533063616078,39.54057965959828,1116.7826372652628,1055.957281470786,60.82535579447676,13981.9501953125,0.003542094606974411,13704.68568638393,13529.90234375,65.95950300075921
0.005632578311099,1122.7129429408485,1093.5347202845985,1107.3358905566454,28.819309437701264,72.53184974005374,1155.2755126953125,1,Train,2020-12-31,0.016588971589208912,0.023359094471104846,0.038333263929247074,0.0020770054951157004,0.002686130768880921,25.626935686384286,41.44839913504484,1121.7186743472703,1053.437036799493,68.28163754777734,13981.75,-1.4318125132972703e-05,13798.02134486607,13571.459495907739,68.39894788309654
0.001459330178982,1127.2240513392858,1096.4619721912202,1111.694038023797,31.81427384451656,73.32411753407163,1161.304443359375,1,Train,2021-01-01,0.015450064240559502,0.02543565067484277,0.04237684138101927,0.001950247966315277,0.002149711820351218,27.96048409598211,45.82622419084828,1127.6972069565359,1050.830145512772,76.86706144376376,14018.5,0.0026284263414808606,13876.90708705357,13614.54282924107,68.42664529094704
0.0052186085464553,1136.0480259486608,1101.051089332217,1116.204074872486,33.919883121235884,72.17817723359657,1147.4493408203125,0,Train,2021-01-02,0.016420615701318253,0.028663561453167397,0.048104805818086405,0.0019116798641008576,0.0023753323769676103,31.65581403459828,52.14113071986617,1135.5102087260038,1048.4353636093756,87.07484511662824,14018.5,0.0026284263414808606,13876.90708705357,13614.54282924107,68.42664529094704
-0.0119306376706722,1141.6251743861608,1106.347650437128,1119.0445535950157,31.915493281186983,65.98338854191827,1147.3583984375,0,Train,2021-01-03,0.01684511750240736,0.02842319172636021,0.047889835160209504,0.0013919912611578048,0.0021879757426955916,31.551827566964448,52.173653738839675,1143.2123603987343,1047.6692226788327,95.54313771990155,14018.5,0.0026284263414808606,13876.90708705357,13614.54282924107,68.42664529094704
-7.925612014159089e-05,1147.059326171875,1110.9053606305804,1121.618539489787,30.51672569613769,74.62125862050743,1127.2696533203125,0,Train,2021-01-04,0.017596568143682267,0.02627241095724986,0.04667344282888419,0.0013839221697660733,0.002165379968156896,29.36453683035711,51.14986746651789,1150.6761976301043,1047.967895910632,102.70830171947227,14132.900390625,0.00816067272711063,13952.878627232143,13662.1142578125,69.96423328150144
-0.0175086922661173,1148.482875279018,1113.3180164155506,1122.132277110744,29.66004931328548,64.96851699582552,1127.45166015625,1,Train,2021-01-05,0.010945707440469743,0.022953269132773402,0.04684853118597143,0.0021129088083204936,0.0020178777886417226,25.769932338169383,51.39686802455367,1156.9717977657897,1049.6740134786296,107.29778428716008,14199.5,0.004712380865514287,14017.20005580357,13706.921409970239,71.10637736888339
0.0001614581173203,1145.6715785435267,1115.7577543712798,1122.615857387608,28.54177493235934,61.218971541061485,1081.97314453125,0,Train,2021-01-06,0.003544424429446913,0.016365448539110705,0.04221736504613127,0.003266511324258338,0.002674972516851896,18.44752720424094,46.40801130022305,1161.3767518664015,1052.9922475058086,108.38450436059293,14146.25,-0.0037501320469031096,14056.20717075893,13744.564267113095,66.15438648555013
-0.0403374417123101,1135.4403076171875,1115.8682570684523,1118.9210653097573,28.39913617829654,39.320949858572895,1079.8572998046875,0,Train,2021-01-07,-0.010129396352553166,-0.000534940704611353,0.02811328744279562,0.005671132349212837,0.0043325911932657335,-0.6077183314732792,31.048095703125,1162.6224471626724,1058.6653423183548,103.95710484431766,14137.349609375,-0.0006291696120880319,14085.45717075893,13780.01185825893,64.31276230614452
-0.0019555427389827,1124.6662772042412,1115.9332624162946,1115.3698139002056,28.310729803852933,36.932030299965,1063.8636474609375,0,Train,2021-01-08,-0.020737442923553062,-0.014855048366499313,0.013145915472035696,0.006888536960388023,0.005359498149092078,-16.95889718191961,14.592930385044838,1162.0001663234937,1064.7523273986046,97.24783892488904,14347.25,0.014847223590326086,14137.642857142857,13818.971400669643,68.61712643870501
-0.014810894315983,1110.7461635044642,1114.626732235863,1110.687435132999,30.082043373386867,38.822339638576246,1062.8397216796875,0,Train,2021-01-09,-0.030484665669600175,-0.03165761511969922,-0.006216926036800574,0.007141614428845862,0.006579155487772214,-36.31316266741078,-6.948625837053669,1160.7593488670777,1069.252340237275,91.50700862980284,14347.25,0.014847223590326086,14137.642857142857,13818.971400669643,68.61712643870501
-0.0009624596006205,1098.6590750558037,1113.182605561756,1106.33764300088,31.840335232654272,34.982726188771295,1085.9317626953125,1,Train,2021-01-10,-0.03239380557008076,-0.043382275256920844,-0.021424771163711553,0.00663254092263654,0.007278182558972273,-49.82380022321422,-24.053867885044838,1159.5422102107214,1072.2089320186315,87.33327819208989,14347.25,0.014847223590326086,14137.642857142857,13818.971400669643,68.61712643870501
0.0217267387966371,1089.8838413783485,1113.778459821429,1104.4825629731013,31.169001523032097,43.27579586940393,1082.3370361328125,0,Train,2021-01-11,-0.030926894965106255,-0.04869435378339426,-0.03312581018527094,0.004882184822046528,0.007436183953605571,-55.787737165178214,-37.34020996093727,1158.702546942985,1073.897196709359,84.80535023362609,14484.75,0.009583718134137165,14209.5,13866.89760044643,95.1328560233451
-0.0033102692876187,1083.4648960658485,1114.0070393880208,1102.4693332603476,30.90642800715309,39.685943652478485,1084.5439453125,1,Train,2021-01-12,-0.02456120789338745,-0.04577555614562734,-0.04628600964198015,0.003297840792724978,0.007328141604959388,-51.97541155133899,-52.58312988281227,1158.7519336811954,1073.8036100548536,84.94832362634179,14563.4501953125,0.005433314024232416,14287.350027901786,13916.878580729166,94.8970408639552
0.0020390221400652,1077.3352225167412,1113.5671968005952,1100.839752537816,31.272231946063823,27.946263505311805,1070.5294189453125,0,Train,2021-01-13,-0.019408980477387372,-0.042084532671467834,-0.05631441326965092,0.0024700536291597623,0.006956163354467303,-47.3310546875,-64.28995186941961,1160.0597045943862,1071.2842093286051,88.77549526578105,14564.849609375,9.609083312889233e-05,14349.057059151786,13964.816638764882,94.27162305957253
-0.0129220456467067,1075.700404575893,1111.2845517113096,1098.08426766577,32.61739731986737,22.2104421423373,1060.76953125,0,Train,2021-01-14,-0.013013714181245417,-0.031551546230868865,-0.06221031464355986,0.003673203431507351,0.006664281525907547,-35.04575892857133,-71.35892159598211,1161.7795889135666,1067.5434195964783,94.2361693170883,14595.599609375,0.002111247340323086,14405.64271763393,14013.757114955357,93.5790602158583
-0.0091168794827963,1072.9735804966515,1108.2879696800596,1094.6920189007,34.26879212975371,20.003006700758107,1054.308349609375,0,Train,2021-01-15,-0.009683115352691063,-0.023378949068297183,-0.06574699232151959,0.004027508369522784,0.006354078195404754,-25.685494559152175,-75.5092947823664,1163.6039908632542,1063.3077749710092,100.29621589224507,14433.7001953125,-0.011092344158201595,14446.70703125,14049.519019717261,77.77502477700693
-0.0060910324535916,1071.608537946429,1106.134242466518,1091.0207762378525,36.21243308756277,16.13147531051196,1072.0311279296875,1,Train,2021-01-16,-0.005315601356590038,-0.016768120361163708,-0.06464596135940892,0.0035769437432754893,0.005516563430002571,-18.27530343191961,-74.06304059709782,1165.2995473215703,1058.8467155830056,106.45283173856478,14433.7001953125,-0.011092344158201595,14446.70703125,14049.519019717261,77.77502477700693
0.0168098624343426,1072.921595982143,1104.4019484747023,1089.2944445734736,36.96054317566347,26.69769989047097,1084.5211181640625,1,Train,2021-01-17,-0.0025832551349141974,-0.009731095231593767,-0.055061205081088915,0.0032286766742934464,0.005125276775872852,-10.543300083705617,-62.51871163504461,1166.4720000875118,1054.5272012238725,111.94479886363933,14433.7001953125,-0.011092344158201595,14446.70703125,14049.519019717261,77.77502477700693
0.0116507719869065,1072.720075334821,1103.2210809616815,1088.8605058089815,37.19100586259618,31.9666014829928,1083.4063720703125,0,Train,2021-01-18,-0.0002362641228436102,-0.004283854352351679,-0.04618810301536813,0.0026695997804822057,0.004586483592405893,-4.615147181920065,-51.946201869420065,1167.1013039829718,1050.1625701799744,116.93873380299738,14281.2998046875,-0.010558650142566628,14467.27134486607,14075.26185825893,65.82122896116705
-0.0010278694209635,1072.872837611607,1101.6068696521577,1088.3646754691026,37.28469550443826,35.87340601691757,1081.290771484375,0,Train,2021-01-19,0.001179814848807581,-0.0026285822262942515,-0.034097192623528616,0.002242949575615373,0.004484076527710235,-2.8275669642857792,-37.87332589285711,1166.8013564406556,1045.9803225493001,120.82103389135546,14521.150390625,0.016794730817062842,14492.1142578125,14111.480933779761,70.858792569215
-0.001952730425514,1072.4080984933037,1098.471633184524,1087.7215932886727,36.01171186851828,35.316319446062366,1064.0684814453125,0,Train,2021-01-20,-0.0004785974024217321,-0.0005270232311648249,-0.023893651050182818,0.0012313823553640579,0.004597750137021614,-0.5654820033478245,-26.2509765625,1165.5993995656056,1042.1517949795955,123.44760458601013,14644.7001953125,0.008508265623863087,14514.964285714286,14174.161876860118,73.4117286773424
-0.0159275289249163,1071.485107421875,1094.2086065383185,1085.5713103938217,34.424224032094095,43.05633798816299,1100.1962890625,1,Train,2021-01-21,-0.0011512489990089803,-0.00011518247586050911,-0.016881371443405513,0.0011785095291782263,0.0045318779074071626,-0.12343052455389625,-18.398733956473507,1163.404203490773,1038.7730966626868,124.6311068280861,14590.349609375,-0.0037112802046228577,14518.807059151786,14227.688058035714,69.94660231875923
0.033952521146116,1077.1175013950892,1091.5857863653273,1086.900853909156,31.51409717872486,56.2412487217234,1097.9212646484375,0,Train,2021-01-22,0.003956353106050692,0.003910728825534893,-0.0058584220806849885,0.0022209558008846157,0.004888326009421803,4.195905412946331,-6.347394670759286,1159.0547473937595,1037.2295003043432,121.82524708941628,14371.900390625,-0.014972171647596122,14491.242885044643,14264.392857142857,57.77235772357723
-0.0020678350187866,1083.3479178292412,1088.5675397600446,1087.9027094309088,27.24968578520472,61.41177105778528,1111.82177734375,1,Train,2021-01-23,0.010201171877858517,0.009907377272773576,0.0055810811591714415,0.0027844493945939617,0.004631409932659523,10.627842494420065,6.0126953125,1152.8704103015536,1037.5861117408574,115.28429856069624,14371.900390625,-0.014972171647596122,14491.242885044643,14264.392857142857,57.77235772357723
0.0126607555048707,1089.0322963169642,1086.8709891183037,1090.077170150258,24.355858239514188,65.10877644292862,1103.1312255859375,0,Train,2021-01-24,0.016376512163859935,0.015061858347845458,0.012393684788403192,0.003100606774946811,0.004174619474772493,16.15945870535711,13.331891741071331,1144.5733022604475,1040.0805167964725,104.492785463975,14371.900390625,-0.014972171647596122,14491.242885044643,14264.392857142857,57.77235772357723
-0.0078164971535051,1091.690883091518,1084.7649332682292,1091.2639024625926,20.465434663579817,55.82256824774987,1091.9832763671875,0,Train,2021-01-25,0.013529983198261153,0.01798082709866322,0.017444327553901795,0.0029266192431560115,0.003657354329540712,19.28278459821422,18.717302594866396,1134.5642077261557,1044.4104121120142,90.15379561414147,14238.900390625,-0.009254169343308138,14440.285853794643,14287.709542410714,51.22826800390162
-0.0101057326274385,1092.916155133929,1083.0846296037946,1091.329300090283,18.114692574363865,53.106684510058926,1087.0235595703125,0,Train,2021-01-26,0.008832100147347033,0.02000125579311085,0.019883769523088013,0.002815767116555303,0.0032249655134763697,21.431047712053896,21.3076171875,1123.462967703611,1050.236109793599,73.22685791001186,14238.900390625,-0.009254169343308138,14440.285853794643,14287.709542410714,51.22826800390162
-0.0045419347568902,1093.7351248604912,1081.1594819568452,1090.937869133922,15.053394048850006,50.78467532527734,1080.2213134765625,0,Train,2021-01-27,0.004318355442195498,0.015427865060106072,0.019398928082247968,0.00262917666726139,0.0026719937095159105,16.617623465401948,20.81352887834828,1113.6632414121223,1055.8653178094178,57.797923602704486,13967.5,-0.019060488041877988,14373.685825892857,14292.200009300595,45.09481289326716
-0.0062576804650295,1096.0426722935267,1081.0760614304315,1089.9636368014349,15.053513580627426,53.21369995644691,1026.393310546875,0,Train,2021-01-28,0.0039862833604373815,0.011718077134188487,0.021741549818041772,0.002128055490367974,0.0025745206314675226,12.694754464285552,23.322596958705617,1106.0951622600637,1060.571036470405,45.52412578965868,13817.5498046875,-0.010735650281904374,14307.435825892857,14286.721447172618,41.85472698193975
-0.049830532186454,1085.4993896484375,1078.5301571800596,1084.1845162328386,19.21557843162917,41.17917909138748,1039.2247314453125,1,Train,2021-01-29,-0.006786216353973251,-0.003244078876700751,0.011768917614634722,0.005115112456095194,0.0037998444745162784,-3.5329066685267208,12.62655203683039,1100.890550972268,1063.2509703725982,37.6395805996699,13634.599609375,-0.013240422354072856,14180.785714285714,14270.180943080357,31.596202596768507
0.0125014658285338,1077.1141706194196,1077.3568754650298,1080.0972630703363,20.83947058402762,46.25211939592288,1073.62353515625,1,Train,2021-01-30,-0.015196507694851258,-0.013352417518427084,0.0043883220694880265,0.005588211562531985,0.004416523146686119,-14.57671247209828,4.7060721261159415,1098.2138392658328,1063.7731916353953,34.440647630437525,13634.599609375,-0.013240422354072856,14180.785714285714,14270.180943080357,31.596202596768507
0.0331004475452552,1071.6572788783485,1077.8703903924852,1079.508742350874,20.595294500309866,50.36539080990995,1091.3690185546875,1,Train,2021-01-31,-0.022248580307690502,-0.01945151616225793,0.0001606848805280059,0.005059454578825229,0.004637908700093218,-21.25887625558039,0.17217145647350662,1097.250578799993,1062.9137958512351,34.3367829487579,13634.599609375,-0.013240422354072856,14180.785714285714,14270.180943080357,31.596202596768507
0.0165285901597294,1069.9769635881696,1078.1293073381696,1080.5869492784934,20.735407582522345,51.53430175567576,1082.1551513671875,0,Train,2021-02-01,-0.014299801739451112,-0.021722042871533453,-0.006629302557679351,0.004645382789012704,0.004655145167061609,-23.75816127232156,-7.14053780691961,1097.069265426289,1061.746315977171,35.322949449117914,14281.2001953125,0.047423511101338356,14128.857142857143,14284.440476190477,45.837854546659926
-0.0084424855670742,1068.5729457310267,1078.1206461588542,1080.7295131047383,20.73360004372931,49.7294766468406,1058.153076171875,0,Train,2021-02-02,-0.00792973031213684,-0.025062643323017886,-0.013638252176475074,0.004381464084261397,0.004663793938867366,-27.4697265625,-14.774972098214448,1097.2707609649535,1060.6685927599344,36.6021682050191,14647.849609375,0.02567357148195737,14137.07142857143,14314.409505208334,51.5439669257899
-0.0221798835083752,1064.448590959821,1076.8639381045386,1078.6771097472051,21.12098823069696,45.42996571461637,1019.0222778320312,0,Train,2021-02-03,-0.0067266728464462355,-0.019392731943805308,-0.022573899268445552,0.004019642266353167,0.004761523640911172,-21.050798688616396,-24.583705357143117,1097.7910709212408,1059.0231014420403,38.767969479200474,14789.9501953125,0.009701122671723184,14196.79282924107,14345.697591145834,53.91628934290447
-0.0369802812286941,1055.7058715820312,1074.4112170991443,1073.2539432094622,24.597887876797223,41.81139685462452,1017.1793823242188,0,Train,2021-02-04,-0.01333775631793066,-0.01987560801013044,-0.03296263811197364,0.0032907565255679352,0.00518820154681436,-21.40829903738836,-35.98501150948664,1099.3354088525289,1055.7519926192904,43.583416233238495,14895.650390625,0.0071467580293813615,14290.6142578125,14378.847609747023,55.08758706381987
-0.0018084938356139,1054.3895961216515,1072.335495721726,1068.1562558562582,27.4772888718275,32.76007569525687,1071.143798828125,1,Train,2021-02-05,-0.013273169291846743,-0.01611306440690652,-0.03525115703643,0.002982216600249158,0.00486126479172085,-17.267682756697013,-38.5265590122774,1100.7078934725641,1052.6576138167775,48.05027965578665,14924.25,0.0019199973566108586,14427.29282924107,14415.895228794643,58.71143290700196
0.0530529987548504,1058.949462890625,1073.137183779762,1068.4278506718824,27.16889162337784,45.42200964846303,1088.50244140625,1,Train,2021-02-06,-0.005166175347404489,-0.01030629730621846,-0.03180446634581946,0.003904233855306132,0.004705927250643033,-11.02750069754461,-34.78566196986617,1101.2502972254983,1050.7179967546913,50.53230047080706,14924.25,0.0019199973566108586,14427.29282924107,14415.895228794643,58.71143290700196
0.0162057070181576,1061.0750209263392,1073.9215320405506,1070.2528134659158,27.37236012583104,46.05981640582621,1091.6419677734375,1,Train,2021-02-07,0.005085838289657252,-0.007016764587426505,-0.031903549242308094,0.004018950124182009,0.004413049869384379,-7.4979248046875,-34.9676513671875,1101.507528520439,1049.2962600189023,52.21126850153678,14924.25,0.0019199973566108586,14427.29282924107,14415.895228794643,58.71143290700196
0.0028842621272686,1061.114013671875,1074.2606201171875,1072.1972820393269,27.553738402020244,48.02158931204195,1100.605712890625,1,Train,2021-02-08,0.006377545430036324,-0.003132680447196834,-0.022464661158824062,0.004054034497966032,0.00427805157044904,-3.3345772879461038,-24.3853759765625,1101.6780499136767,1047.9498562316917,53.728193681984976,15115.7998046875,0.01283480273296811,14612.757114955357,14462.488095238095,64.61624089101926
0.0082112500085265,1063.7498081752233,1075.079636346726,1074.7798666621725,28.08959112707332,51.49600725860562,1075.398193359375,0,Train,2021-02-09,0.004533120278936487,0.007619486458986691,-0.012407563477241035,0.004281034350480041,0.004369453721632196,8.04393659319203,-13.364362444196331,1101.683852898447,1047.0782242151133,54.605628683333634,15109.2998046875,-0.0004300136336804483,14823.42857142857,14498.776181175595,61.21844245515435
-0.0229033151800067,1066.2133963448662,1074.799037388393,1074.8360781800998,28.05385216089895,48.115392926771925,1093.5531005859375,1,Train,2021-02-10,0.004842612743857666,0.011213881725223862,-0.005079872680172737,0.00414053063549655,0.004462186099012257,11.823800223214675,-5.443882533482338,1101.638896708993,1046.5960092968667,55.04288741212622,15106.5,-0.00018530340410816137,14941.328543526786,14528.383324032739,59.23377782290582
0.0168820324775229,1076.8606567382812,1076.2030668712798,1076.5376256715394,28.227243225575904,52.08451112837378,1129.203369140625,1,Train,2021-02-11,0.01483972774227782,0.016914115805643615,0.006433496593260424,0.003626874378819891,0.005393631556972101,17.91119384765625,6.88369315011164,1101.620399272551,1046.5888222676276,55.03157700492329,15173.2998046875,0.004421924647502795,15016.392857142857,14557.423781622023,61.598460846759664
0.0326004000496964,1092.8640834263392,1077.5843563988096,1081.3254205323651,30.10717136821816,67.04386089528535,1122.69677734375,0,Train,2021-02-12,0.027369476381912783,0.02995929776223316,0.02273231583520441,0.005315658572759675,0.006353363919404946,31.7890625,24.2911376953125,1103.080703993673,1046.0801341062152,57.000569887457914,15163.2998046875,-0.0006590524229219685,15069.728515625,14585.921409970239,67.16999073270136
-0.0057621080264991,1100.228794642857,1078.7641427176338,1085.086452969764,31.401549509017173,64.13441066918017,1151.7037353515625,1,Train,2021-02-13,0.03190299279168762,0.036861996417924425,0.03361383911530447,0.005331849448626831,0.006082961490832927,39.11478097098211,35.78020368303601,1105.2312602306756,1045.049227701802,60.182032528873606,15163.2998046875,-0.0006590524229219685,15069.728515625,14585.921409970239,67.16999073270136
0.0258368587076927,1109.2575509207588,1080.6632835751489,1091.1425695499274,34.54908229023214,63.46731880274217,1155.366455078125,1,Train,2021-02-14,0.030084574062353653,0.04278049443186305,0.05072594628888205,0.005169304822368711,0.006008847511660029,45.50774274553555,53.55167933872758,1109.0277198603758,1043.009434855026,66.01828500534975,15163.2998046875,-0.0006590524229219685,15069.728515625,14585.921409970239,67.16999073270136
0.0031802620883611,1118.361049107143,1083.1506754557292,1096.9811045979452,37.95958882194898,61.601938395870754,1173.3167724609375,1,Train,2021-02-15,0.023330408664237412,0.04890920798880072,0.06067155178768524,0.004358271399363196,0.0060695331455147,52.14765276227672,63.971452985491396,1114.709087281846,1039.872556830877,74.8365304509689,15314.7001953125,0.00998465984153385,15129.5927734375,14620.164295014882,73.15538855862715
0.0155364709646159,1128.7483433314733,1087.0236990792412,1103.9207107673085,42.75249193273221,66.01904448933766,1181.14306640625,1,Train,2021-02-16,0.025921470904489263,0.048184216099374844,0.06591332531612748,0.0037596228156918376,0.006126786336400775,51.88768659319203,69.79888044084828,1122.4896162375687,1035.5933497222525,86.89626651531626,15313.4501953125,-8.162092525865194e-05,15185.192801339286,14662.057152157739,82.78246854721355
0.0066702310313841,1143.8547537667412,1091.505580357143,1110.940924916303,47.4300190699997,72.91463398547432,1193.018798828125,1,Train,2021-02-17,0.03118951303713402,0.04665783340645291,0.07801496709265066,0.002960537110521568,0.006171592352412625,50.99067034040195,82.77973284040195,1133.2702689219732,1029.5939051851697,103.67636373680352,15208.900390625,-0.006827318687430917,15198.492885044643,14706.228608630952,84.65467260872462
0.0100544402787785,1158.0641392299108,1096.8768891834077,1118.4025498173776,52.23210837036308,86.08231412113595,1193.291748046875,1,Train,2021-02-18,0.03550113816505451,0.05256665238054192,0.09136636055022018,0.0030860345978225012,0.005100676732387286,57.83534458705367,96.95012555803578,1147.2262020379476,1022.8944470273427,124.33175501060487,15118.9501953125,-0.005914312869584326,15199.871512276786,14734.695265997023,88.76702014949012
0.0002287886989023,1167.2196219308037,1104.8244338262648,1125.2106587473318,53.649473560168055,86.7604435879737,1216.2244873046875,1,Train,2021-02-19,0.034083131839452774,0.05225303263604775,0.09726893763964517,0.0024886099049896185,0.004570516450085749,57.96207101004484,103.46981375558039,1161.5859037633495,1017.5452904330788,144.04061333027073,14981.75,-0.009074717063029758,15182.050083705357,14750.74525669643,74.92971431867893
0.0192180489769981,1180.5807233537946,1113.2529936290923,1133.4846431616368,56.64808831763146,84.79004510846815,1198.8428955078125,0,Train,2021-02-20,0.03210719671017137,0.05563469355117978,0.10726495033826833,0.002259362239061647,0.0046103514649363415,62.21967424665172,114.36732700892844,1177.0999391545727,1012.9235994894004,164.17633966517224,14981.75,-0.009074717063029758,15182.050083705357,14750.74525669643,74.92971431867893
-0.0142914338416215,1187.3148890904015,1119.2158203125,1139.4263024658346,58.81691686174086,76.45649780219202,1208.443603515625,1,Train,2021-02-21,0.025258315899447492,0.05188627394665368,0.10257058948246534,0.0027563722707759386,0.0043512375237383105,58.566545758928214,110.45423235212024,1191.7370704262853,1010.0202607679112,181.71680965837413,14981.75,-0.009074717063029758,15182.050083705357,14750.74525669643,74.92971431867893
0.0080083120513849,1194.8973388671875,1124.7908005487352,1145.70060256127,61.53131666570347,77.16405020829276,1212.015625,1,Train,2021-02-22,0.023712518549507955,0.044623309849753046,0.09336317021322027,0.0030028201001852032,0.0037370174771502156,51.04258510044633,102.03325544084828,1205.8280653024694,1008.5617052053431,197.26636009712638,14675.7001953125,-0.020428174591586412,15110.964425223214,14754.8095703125,51.03576116224322
0.0029558859627236,1200.425746372768,1130.974632626488,1151.729240964791,63.52534717309354,76.57662484697627,1194.8843994140625,0,Train,2021-02-23,0.016809543495338142,0.03657967266910345,0.091069195987036,0.003529658081533784,0.003507446245804829,42.36160714285711,100.19695172991078,1218.7748717294749,1009.2126143196324,209.56225740984246,14707.7998046875,0.0021872625461001327,15045.892996651786,14770.804780505952,46.67258930633918
-0.0141344923551934,1202.3887939453125,1137.4856480189733,1155.652437187452,62.689956980902,79.64550095009186,1191.69921875,0,Train,2021-02-24,0.012695793671432032,0.030130723776158108,0.08395817810502937,0.003792210775734501,0.003605742698878591,35.16917201450883,93.13124302455367,1229.412717928211,1013.2430603572243,216.1696575709866,14982.0,0.01864318245786234,14998.36439732143,14806.190476190477,53.077431749523186
-0.00266568101954,1202.2002825055804,1145.7083594912574,1158.9294173295018,57.483163899363646,76.30483274780944,1170.677734375,0,Train,2021-02-25,0.006111774962455296,0.018312647940217808,0.07496616004766232,0.0038632839230459477,0.004269807680033948,21.61955915178578,83.8392333984375,1237.7411420018677,1019.6957049219602,218.04543707990751,15097.349609375,0.007699213013950157,14967.492885044643,14859.992838541666,55.80988454569531
-0.0176399246087027,1198.9697091238838,1153.0178048270088,1159.9974461518198,49.53184154392975,62.06165481652516,1190.152099609375,1,Train,2021-02-26,-0.0012129340388471466,0.009816115455615115,0.062211711057890806,0.004688308030364595,0.004630829186545067,11.654820033482338,70.22136579241055,1243.8572905895485,1027.5815809576056,216.27570963194285,14529.150390625,-0.03763569324758598,14870.3857421875,14893.878580729166,34.28349870574699
0.01663512054816,1195.245082310268,1158.6848667689733,1162.7387782843246,46.40541030591307,68.24159180908643,1187.67236328125,0,Train,2021-02-27,-0.005941265979038657,0.0002910236986635173,0.044927319989095826,0.003922694428209845,0.005313604598572212,0.3477434430803896,51.39032854352672,1247.6764797443611,1037.179397941186,210.4970818031752,14529.150390625,-0.03763569324758598,14870.3857421875,14893.878580729166,34.28349870574699
-0.0020835457324647,1193.6492919921875,1163.4072440011162,1165.0054678294996,43.883725033480445,61.35609472591288,1165.3087158203125,0,Train,2021-02-28,-0.007112783649968257,-0.0056450425201693966,0.03072813634134297,0.003638559815513889,0.005605450279529149,-6.77645438058039,35.58515276227672,1249.3178885942107,1048.7915169233675,200.52637167084322,14529.150390625,-0.03763569324758598,14870.3857421875,14893.878580729166,34.28349870574699
-0.0188298121201979,1187.487165178571,1166.9151843843006,1165.0330358286644,40.688185397579055,52.80746976472916,1161.031494140625,0,Train,2021-03-01,-0.009577009208767473,-0.012393353000110463,0.017363950080141022,0.003264529472591166,0.006175652152132153,-14.901628766741396,20.267543247767435,1248.3571614937905,1062.1259797241223,186.23118176966818,14761.5498046875,0.015995389118723446,14819.328543526786,14947.542875744048,41.68956088836115
-0.0036704622746055,1180.2037179129463,1169.7926025390625,1164.66925931157,37.79839294208423,46.24061751278081,1157.4822998046875,0,Train,2021-03-02,-0.012584334894939153,-0.01829692182968856,-0.00031933897732738803,0.002726359021120874,0.006581592397949779,-21.99656459263406,-0.37700544084827925,1244.5848693894216,1077.2973039852993,167.28756540412223,14919.099609375,0.010672985341787733,14810.378487723214,14977.919038318452,45.82998323283756
-0.0030569320073134,1174.860560825893,1173.7013695126489,1164.015899356399,31.2207956375108,42.56501569245098,1201.595703125,1,Train,2021-03-03,-0.01574057915699545,-0.020108221345815358,-0.01048949051253778,0.0021274852583994743,0.0061803281409860775,-24.10914829799094,-12.454328264508604,1239.6493332164916,1092.0328305669907,147.61650264950094,15245.599609375,0.021884698711632122,14891.792689732143,15006.383324032739,51.44213219347069
0.0381115143857977,1176.2743443080358,1178.8462553478423,1167.4322451535445,25.78104302109661,52.24109202441464,1236.9273681640625,1,Train,2021-03-04,-0.009442477526777404,-0.01587183941017678,-0.015585434792922959,0.002493216646939378,0.005392298194956564,-18.97073800223211,-18.62299455915172,1235.4038887129243,1104.6193011587277,130.7845875541966,15080.75,-0.010812930524138231,14945.0712890625,15020.230933779761,48.44921434271719
0.0294039542145292,1185.7385777064733,1183.9759695870537,1173.749983609046,26.124365799388823,59.63623816237461,1265.888916015625,1,Train,2021-03-05,0.004689749497921225,-0.006627335465102413,-0.012234966394775948,0.004916817750752575,0.00540595482811862,-7.910714285714221,-14.68716866629461,1231.0855737393395,1117.4885944386742,113.59697930066523,14938.099609375,-0.009459104528952489,14938.7998046875,15022.25232514881,42.90182277334697
0.0234141054656664,1196.5581229073662,1190.794642857143,1182.1262501914623,27.9534083347411,60.6831417103383,1255.2872314453125,0,Train,2021-03-06,0.018468201933870887,0.007638783807344174,-0.004849239336982336,0.006268763573211174,0.005091828653474924,9.070957728795065,-5.830671037946331,1227.2317586723227,1130.0724667043512,97.15929196797151,14938.099609375,-0.009459104528952489,14938.7998046875,15022.25232514881,42.90182277334697
-0.0083748932755342,1206.2173897879463,1195.727190290179,1188.777248487267,29.78936486064012,62.50632900436648,1226.2574462890625,0,Train,2021-03-07,0.025455834877980754,0.02204167931363754,0.0033414626005523473,0.006870913781763083,0.005296357886201345,26.013671875,4.0171072823659415,1223.9525531081695,1142.137306336585,81.8152467715845,14938.099609375,-0.009459104528952489,14938.7998046875,15022.25232514881,42.90182277334697
-0.0231260100708788,1214.924351283482,1199.1029517764136,1192.184539196521,28.993035096947004,53.63411105217415,1262.9541015625,1,Train,2021-03-08,0.0246140035634681,0.034100889751057295,0.013306960166038495,0.006445085876541736,0.005363981903111066,40.06379045758922,15.95464215959828,1221.829267902553,1152.8781923374022,68.95107556515086,14956.2001953125,0.0012117060677612201,14918.63560267857,15023.773763020834,43.309044086446306
0.0299257349135697,1229.484723772321,1203.3713960193452,1198.6181357752462,31.49710464996452,59.15445744733129,1264.1827392578125,1,Train,2021-03-09,0.027517761347815473,0.04523636830282762,0.02864654451944859,0.005616451622031984,0.006042917973910826,53.210379464285325,34.239641462053214,1224.6006265713029,1158.6698306692108,65.93079590209209,15098.400390625,0.00950777560179139,14999.95703125,15022.945219494048,47.959220481092416
0.0009728284612975,1244.7276436941963,1207.3256661551338,1204.5785542736612,33.70230819784624,63.20903280688806,1283.065673828125,1,Train,2021-03-10,0.03192646220514206,0.04974879547380784,0.04279175805211555,0.00371251172240624,0.006681238673647864,58.98906598772305,51.07835170200883,1232.8983981857232,1159.0384095012187,73.85998868450451,15174.7998046875,0.005060099883821945,15058.992745535714,15026.064267113095,51.03665243376771
0.0149368710582129,1256.3662109375,1211.6136125837054,1211.7137469604306,37.32469537101703,66.43210855535563,1269.597412109375,0,Train,2021-03-11,0.034110650272370924,0.04998343739860589,0.05800403387818598,0.002003247887254662,0.006871355593937336,59.80808803013383,68.8790457589289,1243.7171891514267,1157.1342774361847,86.58291171524206,15174.7998046875,0.005060099883821945,15058.992745535714,15026.064267113095,51.03665243376771
-0.0104969386941561,1261.0333600725446,1215.2472156343006,1216.9758983376073,39.122770533537455,68.28738787451515,1265.13818359375,0,Train,2021-03-12,0.025660047408662123,0.045444519991736376,0.06848787284159386,0.002954492558629329,0.006661047141035098,54.81597028459828,80.82964215959828,1254.4126510701203,1154.4840791893662,99.92857188075413,15030.9501953125,-0.009479506235763657,15074.971400669643,15022.46665736607,50.910980624596995
-0.003512316954251,1260.9261125837054,1217.576439267113,1221.3542879063475,40.61160312708984,64.67762021682181,1225.64306640625,0,Train,2021-03-13,0.013013665255665163,0.03786388942786911,0.07325597149785246,0.004468186199852867,0.006472194776829037,46.00176130022328,86.0655517578125,1263.3477088170548,1152.910143791762,110.43756502529277,15030.9501953125,-0.009479506235763657,15074.971400669643,15022.46665736607,50.910980624596995
-0.0312180263782018,1256.6912318638392,1218.8526378813244,1221.7441768608842,40.41408705000285,56.4916287673886,1201.641357421875,0,Train,2021-03-14,0.0002586991941597727,0.022128382374725808,0.06836575833260228,0.006044312055862739,0.0066177925574949234,27.206508091518117,80.41688755580344,1270.1129770057069,1152.3242649027752,117.78871210293164,15030.9501953125,-0.009479506235763657,15074.971400669643,15022.46665736607,50.910980624596995
-0.0195829517110158,1253.1746477399554,1218.5287214006696,1219.9166478209745,40.528783266165554,56.17698173243628,1192.42724609375,0,Train,2021-03-15,-0.006231962279044767,0.006786226760971958,0.0568726288419501,0.006813815365186819,0.0064007681211955955,8.447004045759058,67.43607003348211,1275.3810533162455,1152.3310787289552,123.04997458729031,14929.5,-0.006749419963093084,15029.81431361607,15010.857142857143,55.084542494669755
-0.0076679379177609,1243.0993826729912,1217.5959414527529,1217.4176113003175,40.90980347186584,55.24952993975554,1145.8568115234375,0,Train,2021-03-16,-0.014137806912560724,-0.010559682478732957,0.038895945691748146,0.0073124235208131,0.0066455862421775525,-13.266828264508831,46.541259765625,1278.5033396577207,1153.2798512602478,125.22348839747292,14910.4501953125,-0.001275984104457617,15005.485770089286,14998.816685267857,54.0811710813764
-0.0390551580592205,1226.1956787109375,1215.2612944103423,1210.9120840478738,43.58237425284916,48.30064137244854,1125.9954833984375,0,Train,2021-03-17,-0.024266544064028173,-0.02762629638886238,0.01656275982433253,0.0075115096005481975,0.007846793393286072,-34.83768136160711,19.97828892299117,1279.517790273683,1154.664940264821,124.85285000886188,14721.2998046875,-0.012685759862868795,14974.514369419643,14970.559523809523,44.563532000702175
-0.0173331675696843,1203.757080078125,1212.132545107887,1203.1923930797432,47.537411583061306,38.10580834686989,1114.4609375,0,Train,2021-03-18,-0.03943390312830919,-0.045338923458756786,-0.009191742015508764,0.007743024574710535,0.009715726318128491,-57.16903250558039,-11.16727120535711,1279.5007737389572,1155.160693894971,124.34007984398613,14557.849609375,-0.011102973071742905,14917.607142857143,14934.578543526786,38.970883586251624
-0.0102438651562121,1181.5947265625,1209.455554780506,1195.1258971179484,51.41345143962136,29.172799467883905,1091.7559814453125,0,Train,2021-03-19,-0.04947686159914255,-0.05975732415190105,-0.03895127469569881,0.007599463474103096,0.010887741724034871,-75.09650530133922,-47.889997209821104,1280.1251251423835,1153.1713069167683,126.95381822561512,14744.0,0.012786942826028547,14866.978515625,14912.4404296875,55.205320639006665
-0.0203730389201618,1156.8258405412946,1204.770025344122,1185.7286320567996,57.3961619153863,19.742258222847624,1104.1322021484375,1,Train,2021-03-20,-0.05657322022417277,-0.0768837826175478,-0.07061930663965987,0.007509773992947417,0.011834869202410054,-96.34880719866078,-87.90180315290172,1283.049996790258,1146.5640901238046,136.4859066664535,14744.0,0.012786942826028547,14866.978515625,14912.4404296875,55.205320639006665
0.0113360686027483,1139.467145647321,1200.7919224330358,1178.310774792403,61.39613102781768,23.895934698833784,1104.4053955078125,1,Train,2021-03-21,-0.05340773109025565,-0.08336601117348597,-0.09304537504470833,0.006435281355283048,0.011879543823799615,-103.63223702567007,-116.8990652901789,1287.709857393733,1137.1022275672046,150.6076298265284,14744.0,0.012786942826028547,14866.978515625,14912.4404296875,55.205320639006665
0.0002474281239541,1125.5762939453125,1197.8917643229167,1171.5921039483492,64.51525922855268,26.635867514649803,1150.7935791015625,1,Train,2021-03-22,-0.04740917622420049,-0.08205817922258796,-0.10741751203111671,0.004397864245115006,0.01159984244199869,-100.619384765625,-135.4570661272321,1293.389556229046,1125.9597863351285,167.42976989391764,14736.400390625,-0.000515437423697751,14804.350027901786,14894.22377232143,49.31620187086616
0.0420028585358553,1119.628627232143,1197.4042445591515,1169.7013289622776,64.84556338480651,29.2647721902745,1154.979736328125,1,Train,2021-03-23,-0.032154549116699016,-0.06988823097141994,-0.11205849727549566,0.005197798569330988,0.010475095474859567,-84.12845284598211,-141.2974853515625,1298.716759605557,1115.1093895992421,183.6073700063148,14814.75,0.00531673999743143,14773.464285714286,14886.271391369048,47.035101310555476
0.0036376265062503,1120.9319022042412,1197.2850748697915,1168.3630023591727,64.92484917572509,30.029908559902168,1128.361572265625,0,Train,2021-03-24,-0.016266588741837062,-0.05133978934955086,-0.10802918506740034,0.00801054562360985,0.009267544726040038,-60.66282435825883,-135.75932965959805,1302.9104194441788,1105.3814855502405,197.5289338939383,14549.400390625,-0.017911176994211853,14719.164341517857,14880.257114955357,29.50667082143724
-0.0230464338249981,1121.2699148995537,1193.7977353050596,1164.7265087143048,66.62626967760167,22.487423985995108,1194.15625,1,Train,2021-03-25,-0.0038259326079659317,-0.030735763669580418,-0.10525646451457182,0.008885799447004804,0.008270271296543749,-35.55592564174094,-131.90473284040172,1306.2093860449852,1095.6356526687425,210.57373337624267,14324.900390625,-0.015430189146808937,14635.514369419643,14862.02380952381,28.50562748826958
0.0583099241870375,1132.6549595424108,1191.7610153924852,1167.401939740277,65.89159534312255,38.68873570017703,1186.1708984375,0,Train,2021-03-26,0.01163451165273477,-0.0059783962450628,-0.08884601237038325,0.010768583415979098,0.009111737900419237,-6.8121861049103245,-110.44442313058039,1307.360742066608,1088.0939803106244,219.26676175598368,14507.2998046875,0.012733031929623273,14604.942940848214,14839.419038318452,38.02002117153889
-0.0066870240494072,1146.1428048270088,1187.9649193173364,1169.1082087127518,63.66621287636216,38.283929876721366,1190.2432861328125,1,Train,2021-03-27,0.022491020706246312,0.018271982976478363,-0.06528556189994561,0.010300447061014826,0.010352077764615485,20.56651088169633,-80.05287388392867,1306.6455591882848,1082.8017046928533,223.84385449543151,14507.2998046875,0.012733031929623273,14604.942940848214,14839.419038318452,38.02002117153889
0.0034332217226682,1158.4443882533485,1184.8675885881696,1171.0295793873026,61.78153764470888,44.13097461906332,1188.4913330078125,0,Train,2021-03-28,0.033153902427788706,0.0346684249376179,-0.03764272092325771,0.009108864144059854,0.011344131948841719,38.81576102120562,-45.31269182477649,1304.5234367268965,1079.2758308512286,225.2476058756679,14507.2998046875,0.012733031929623273,14604.942940848214,14839.419038318452,38.02002117153889
-0.0014719285925923,1170.4566650390625,1183.0692022414437,1172.6170115346215,61.0619607511568,47.64616295610031,1177.16162109375,0,Train,2021-03-29,0.03337442279149472,0.04418177655344979,-0.009426295897443926,0.006780312779048565,0.012125540945217863,49.52476283482133,-11.1380615234375,1300.5136669522653,1077.3827947525338,223.13087219973158,14507.2998046875,0.012733031929623273,14604.942940848214,14839.419038318452,38.02002117153889
-0.009532851943808,1174.2235281808037,1178.9838460286458,1173.0301578581789,58.25550212121722,47.28801326847142,1171.701416015625,0,Train,2021-03-30,0.024500195992621654,0.04722646400977748,0.015039158903442651,0.005039237205472621,0.01226644630590784,52.95361328125,17.39768763950906,1293.9824470628405,1076.863603090619,217.11884397222138,14845.099609375,0.02328481586755049,14645.97865513393,14827.407133556548,47.376855122126905
-0.0046384497933696,1176.612339564732,1174.5799734933037,1172.9093631452192,54.89124564439387,55.37674195122918,1212.5159912109375,1,Train,2021-03-31,0.015683058673862105,0.0388091533542394,0.032598740612489685,0.004884337580477689,0.012034160889805414,43.95738002232133,37.14519391741101,1284.7550825556048,1078.115580460578,206.63950209502673,14690.7001953125,-0.010400699094332388,14638.36439732143,14835.09998139881,40.42911213357083
0.0348335972265891,1188.6343994140625,1171.2204647972471,1176.509965696648,49.84674460721734,66.55639596540979,1197.887451171875,0,Train,2021-04-01,0.015530463380627024,0.037073560474401024,0.05602295091674492,0.003986952953717778,0.01162944820564305,42.49159458705367,63.05810546875,1274.2355298692487,1081.3952370810862,192.84029278816251,14867.349609375,0.012024574166918489,14657.07142857143,14840.13806733631,43.10695367239852
-0.0120646161742188,1189.1674281529015,1167.8057047526042,1178.4533734671234,44.99010505054522,65.77751039321537,1198.274169921875,1,Train,2021-04-02,0.012726622839222212,0.02652094499406732,0.062108809322486636,0.004858178438504351,0.010472198707633882,30.723039899552987,69.5388009207586,1262.6332387538114,1085.8216597534433,176.81157900036806,14867.349609375,0.012024574166918489,14657.07142857143,14840.13806733631,43.10695367239852
0.0003228339604206,1190.8964669363838,1164.6217041015625,1180.255264053919,39.82713391554061,72.00188602651028,1239.5892333984375,1,Train,2021-04-03,0.012140045528449939,0.017463100094046835,0.062416427433782395,0.004698492345352546,0.008456771977646578,20.43980189732133,69.96456473214266,1250.918176168241,1090.9572458462678,159.96093032197314,14867.349609375,0.012024574166918489,14657.07142857143,14840.13806733631,43.10695367239852
0.0344788066985171,1197.9458879743304,1165.2858072916667,1185.649261267057,40.99467893269613,74.991621893344,1264.705810546875,1,Train,2021-04-04,0.007833770051462352,0.020202592797879948,0.06838315382933069,0.004121119433199008,0.006906363484597352,23.72235979352672,76.67597307477672,1239.5524778105614,1096.800068227385,142.75240958317636,14867.349609375,0.012024574166918489,14657.07142857143,14840.13806733631,43.10695367239852
0.0202620162161124,1208.8336704799108,1168.2888764880952,1192.8362202924948,45.817299200915,77.09166034339981,1259.2686767578125,0,Train,2021-04-05,0.01653782458333586,0.027384831717044866,0.06725676720497131,0.003852827162634776,0.005323146389726205,32.22133091517867,76.1787109375,1231.642927907838,1101.2830469108007,130.35988099703718,14637.7998046875,-0.015439860548026041,14631.79282924107,14826.742838541666,41.5117389184913
-0.0042991292866056,1220.5632498604912,1171.4718017578125,1198.8755345166144,49.73248938696782,71.27820362642342,1261.634521484375,1,Train,2021-04-06,0.024911303163427823,0.026861792374651028,0.06493121513310451,0.0042201249424682,0.00451479022182722,31.92885044642867,74.42044503348234,1230.314902362628,1102.0478295709659,128.26707279166203,14683.5,0.003122067245233451,14650.949916294643,14799.97619047619,44.557757287174745
0.0018787449971786,1233.4108363560267,1176.9850260416667,1204.580896968229,53.05718133966208,71.0716156522796,1239.4755859375,0,Train,2021-04-07,0.029604799964433992,0.0372053649937647,0.06471303142631579,0.004260637010815684,0.0044044647836884885,44.24340820312523,74.96644810267821,1236.6433412368228,1098.6847663245612,137.9585749122616,14819.0498046875,0.009231436965811968,14721.542689732143,14787.51427641369,48.07707479672391
-0.0175636724974868,1237.26220703125,1182.3888404482886,1207.753141419981,53.38220725970392,72.3463624061952,1273.46484375,1,Train,2021-04-08,0.023517326862721344,0.038933476907647036,0.05707647620594125,0.004144858697118935,0.004137665074427921,46.36574009486617,66.8055419921875,1245.9751443450216,1094.9197112632376,151.05543308178403,14873.7998046875,0.0036945688638336804,14773.899832589286,14784.452380952382,53.40068205277852
0.0274222890697695,1248.0589773995537,1189.960455031622,1213.7269325408918,54.52977311590987,68.28969341139086,1235.0164794921875,0,Train,2021-04-09,0.022527081281699335,0.041832515081263066,0.06288023314704105,0.0035121941999378,0.004072754137921259,50.11308942522328,73.83544921875,1257.7488816849866,1092.2692876090985,165.47959407588814,14834.849609375,-0.0026187118170183377,14772.435546875,14778.673781622023,56.54012271952971
-0.030191932228449,1253.3078787667412,1196.7823835100446,1215.6623459001005,50.43735567901072,59.876762310316686,1211.6514892578125,0,Train,2021-04-10,0.01613172336761526,0.0367910072104245,0.06518335446862755,0.002896637879066442,0.003868330845289548,44.47420828683039,76.69553920200906,1268.6453472560952,1092.7568953499313,175.88845190616394,14834.849609375,-0.0026187118170183377,14772.435546875,14778.673781622023,56.54012271952971
-0.0189187679859803,1249.3167724609375,1201.902349562872,1215.297722568983,45.806700414457154,54.015525771571866,1195.817138671875,0,Train,2021-04-11,0.00974293513628921,0.023557585076998455,0.05105217641083626,0.0049500810426697794,0.004421230515060091,28.75352260044633,60.682373046875,1275.9075557250846,1097.8687347325047,178.03882099257999,14834.849609375,-0.0026187118170183377,14772.435546875,14778.673781622023,56.54012271952971
-0.0130684035189332,1239.4755336216515,1206.2552897135415,1213.526760396519,40.06154012997315,51.305148522000266,1181.34765625,0,Train,2021-04-12,-0.006877434426846185,0.004917013120739444,0.042305317382340446,0.006950411876765789,0.005424840413419945,6.064697265624773,50.30810546875,1278.921594522862,1106.839386573678,172.08220794918407,14310.7998046875,-0.03532558930400764,14718.1640625,14741.168991815477,41.17932926657098
-0.0121000794803337,1228.343959263393,1207.7102457682292,1210.60138729229,38.46977643092941,50.737523270738926,1164.8306884765625,0,Train,2021-04-13,-0.019918425413484875,-0.007208049932484362,0.03144479252956711,0.00775805845295482,0.006460714051852269,-8.91824776785711,37.44749232700906,1278.603973965409,1117.8982128370465,160.7057611283626,14504.7998046875,0.013556195506029933,14666.37123325893,14709.264229910714,45.616940901639495
-0.0139814623460362,1214.5148402622767,1208.179338727679,1206.4404146726783,37.84970460144543,48.834864835212606,1178.4810791015625,1,Train,2021-04-14,-0.027856771769826594,-0.02687704487104392,0.01383113582531137,0.007637386299031486,0.007538826034300547,-33.54413713727695,16.56895228794633,1274.8379457132903,1130.9887336254371,143.84921208785318,14504.7998046875,0.013556195506029933,14666.37123325893,14709.264229910714,45.616940901639495
0.0117187766085153,1205.8013392857142,1210.5659819103423,1203.8986568934858,33.94370057231137,43.64267421116572,1157.1182861328125,0,Train,2021-04-15,-0.0271680992665857,-0.03790492367108833,-0.002508476780757385,0.007435263128614677,0.007565568411922843,-47.50653948102695,-3.0323311941965585,1270.4406556561414,1142.7006616569163,127.73999399922513,14581.4501953125,0.005284484560774683,14658.3212890625,14687.859468005952,45.581941549711225
-0.0181273958042977,1189.1804024832588,1208.802269345238,1199.6458959152428,35.75300597932577,42.571672976655485,1175.796630859375,1,Train,2021-04-16,-0.031883216817884974,-0.048135405930091246,-0.025711774773506724,0.005900270588035692,0.00854558299769213,-60.13636997767867,-31.382847377232338,1266.643214249996,1150.8018628286875,115.84135142130845,14617.849609375,0.002496282165007191,14648.942661830357,14673.018973214286,51.419314601372086
0.0161421221584763,1180.720424107143,1208.3082566034227,1197.4777809101638,36.150806998931095,46.16042250866186,1140.078125,0,Train,2021-04-17,-0.02782544521879693,-0.047403202339001194,-0.04271927138612763,0.003368481443756816,0.00874070471388591,-58.755109514508604,-52.69041224888383,1264.4483442814703,1155.2243363825924,109.22400789887797,14617.849609375,0.002496282165007191,14648.942661830357,14673.018973214286,51.419314601372086
-0.0303781325119708,1170.4956577845985,1205.919439406622,1192.2596303728762,38.953041751833126,32.670329048932814,1121.5819091796875,0,Train,2021-04-18,-0.029279849300905436,-0.047094546313790286,-0.05396313640489714,0.0024414949991294972,0.008775561126801775,-57.84830147879438,-66.7665492466515,1264.4443770295018,1155.2322029091144,109.21217412038732,14617.849609375,0.002496282165007191,14648.942661830357,14673.018973214286,51.419314601372086
-0.0162236389022133,1159.890625,1202.7332763671875,1185.834382991677,42.97829976473045,24.486952010782545,1137.5528564453125,1,Train,2021-04-19,-0.024630222144676805,-0.04497616122210624,-0.07064437978985627,0.00236937638006992,0.008404848029867277,-54.62421526227672,-88.16835239955367,1266.0236915907258,1152.2195980298102,113.80409356091559,14359.4501953125,-0.017676978554819645,14583.285574776786,14646.78087797619,50.70646858362425
0.0142396619764542,1153.6342250279015,1200.847144717262,1181.4451533056442,44.979192554163845,29.08845340760378,1134.1856689453125,0,Train,2021-04-20,-0.0229404002219441,-0.04326344030162976,-0.07952846657033619,0.0028271353319824317,0.007590400604737725,-52.16711425781273,-99.67365373883968,1268.4538854215066,1147.4915927453462,120.96229267616036,14296.400390625,-0.004390823034999047,14500.79994419643,14626.547572544643,45.46627876756242
-0.0029600272909708,1149.2563650948662,1199.0606805710563,1177.148836545614,46.898727898513584,28.178564158170246,1150.1339111328125,1,Train,2021-04-21,-0.018145554448217305,-0.03357273404861272,-0.080092102797091,0.003183518365300935,0.006346192474848458,-39.92403738839266,-100.06040736607133,1271.4922256674322,1140.5154490675009,130.97677659993133,14296.400390625,-0.004390823034999047,14500.79994419643,14626.547572544643,45.46627876756242
0.0140614033699881,1145.2067696707588,1196.0901053292412,1174.6929342353594,47.96732548861276,34.37077310418317,1173.999267578125,1,Train,2021-04-22,-0.012659689640341032,-0.03007795385875478,-0.07605536486504627,0.0035869780318885675,0.005925150851271,-35.51365443638406,-94.26876395089266,1274.423611278794,1133.187997607925,141.23561367086904,14406.150390625,0.007676757575422188,14439.557198660714,14619.323800223214,39.53810546151283
0.0207500676349996,1147.6183384486608,1194.9525727771577,1174.6298736301562,48.20523175166277,31.96075219064234,1181.0518798828125,1,Train,2021-04-23,-0.005214726165995276,-0.019544984369474494,-0.0657190685116742,0.003842766210188342,0.004874137553712654,-22.877319335937727,-80.72562081473211,1276.453077974967,1126.8307180629795,149.6223599119876,14341.349609375,-0.004498133053794207,14443.921456473214,14600.149972098214,41.30210990120339
0.0060073396120907,1148.3690883091515,1194.132463727679,1175.2136923803976,48.29231795227247,38.95509664833836,1095.9874267578125,0,Train,2021-04-24,-0.0007720442650247517,-0.009933295814722576,-0.05446269552279903,0.004251644776538699,0.004370548359453114,-11.521536690848507,-66.14575195312523,1277.683352269706,1120.6427638017228,157.04058846798307,14341.349609375,-0.004498133053794207,14443.921456473214,14600.149972098214,41.30210990120339
-0.0720243154207928,1142.0704171316963,1187.2942824590773,1168.011304596526,51.58832942278495,31.100387039946256,1098.2625732421875,1,Train,2021-04-25,-0.0027386779594082977,-0.01002380793264479,-0.0528535838181855,0.0038125519723092617,0.004290248143217344,-11.563807896205162,-63.73092215401789,1278.196334186663,1113.4534565499443,164.74287763671873,14341.349609375,-0.004498133053794207,14443.921456473214,14600.149972098214,41.30210990120339
0.0020758873950821,1138.7390834263392,1179.3684140159971,1161.6705108370409,51.88545461675666,33.320393164084265,1107.1580810546875,1,Train,2021-04-26,-0.007737114966570147,-0.009151379960082973,-0.04241687716311804,0.002922350098099251,0.004361486712203469,-10.517281668526948,-50.44131905691961,1277.0085370604952,1106.458837032697,170.54970002779828,14485.0,0.010016518287169873,14441.09291294643,14588.178524925595,40.32148818187571
0.0080996184603099,1134.39697265625,1172.1250523158485,1156.7148354022816,50.77917690984106,37.06879933820685,1097.420654296875,0,Train,2021-04-27,-0.012166920718384988,-0.009439166184475711,-0.039233209238268674,0.0027269897042064054,0.0043107019460442994,-10.809797014508831,-46.32345145089289,1273.3568163248644,1100.2091713983502,173.1476449265142,14653.0498046875,0.011601643402658013,14451.32142857143,14580.478515625,50.39843239712606
-0.0087949741996522,1129.1448277064733,1164.3053443545386,1151.32445530179,48.91584287363352,37.96606668029381,1086.6142578125,0,Train,2021-04-28,-0.011317681669476776,-0.016097259971603273,-0.035327623646541406,0.002815209573617708,0.004001239994475239,-18.4735107421875,-41.35083007812523,1268.1810974523166,1094.5731523384204,173.60794511389622,14864.5498046875,0.014433855260107098,14486.56431361607,14595.485630580357,54.353100951931914
-0.0098470868413705,1120.070591517857,1157.0262334914437,1145.441710075491,48.54268164981164,33.43184467028276,1088.1158447265625,1,Train,2021-04-29,-0.016394002963620702,-0.02464233588258702,-0.03433085208542219,0.003514421003475805,0.0040406423384832316,-28.298496791294383,-39.82003348214289,1259.9345194982864,1090.0208917042803,169.91362779400606,14894.900390625,0.0020418099664161193,14563.057198660714,14622.628487723214,51.92089962334331
0.0013818950959518,1107.8015311104912,1148.2000906808037,1140.230267771043,42.82675204862683,36.59511297452145,1102.9036865234375,1,Train,2021-04-30,-0.023444563223299353,-0.030005930901591205,-0.039728965146038187,0.003713776286995912,0.0036306255939935464,-34.26888602120516,-45.832693917410325,1249.2690269243594,1086.1357495125822,163.13327741177727,14631.099609375,-0.017710812045177438,14610.871372767857,14628.523716517857,44.44215344554059
0.0135903193290887,1096.6375034877233,1141.9090053013392,1136.8369422030787,38.96547178191401,35.62198029538148,1101.3338623046875,0,Train,2021-05-01,-0.0287893310238857,-0.036972104103019765,-0.04578513829053232,0.0031506059440485137,0.0038408849498202595,-42.10157993861594,-52.61886160714289,1237.9699358412267,1082.1669136983937,155.80302214283302,14631.099609375,-0.017710812045177438,14610.871372767857,14628.523716517857,44.44215344554059
-0.0014233556727862,1097.4012799944196,1136.655784970238,1133.609389485043,36.44788415239834,41.16793919044891,1081.8138427734375,0,Train,2021-05-02,-0.02023918107939726,-0.0326126510856275,-0.04174398103678956,0.004194976525445003,0.004013211179182739,-36.99569266183039,-47.80548967633922,1226.145804268489,1079.7836199084086,146.3621843600804,14631.099609375,-0.017710812045177438,14610.871372767857,14628.523716517857,44.44215344554059
-0.0177239801656526,1095.0514613560267,1131.227056594122,1128.9007034203516,35.67747546311599,40.97667307404679,1090.7320556640625,1,Train,2021-05-03,-0.011509344766551632,-0.0301939711486765,-0.04580519091712443,0.004289187365569022,0.0038424638720275773,-34.09336635044656,-52.56687709263406,1214.6983980462878,1077.9017763398729,136.79662170641495,14634.150390625,0.00020851346320172048,14643.442801339286,14618.478515625,45.32714700310408
0.0082437592661612,1092.7048863002233,1126.9120279947915,1125.430826351598,34.78103419308528,39.025164898931806,1092.847900390625,1,Train,2021-05-04,-0.0035860684820578914,-0.024432125461440246,-0.04847239670208092,0.004446462894253602,0.003856044518721188,-27.36570521763383,-55.664202008928214,1204.6086286905056,1075.8105502994495,128.79807839105615,14496.5,-0.00940610742344028,14665.607142857143,14609.230887276786,55.27227095508462
0.0019398391342539,1092.0516357421875,1123.4842761811756,1122.4687421733277,34.40218571188568,40.253214543315245,1102.1529541015625,1,Train,2021-05-05,-0.004874829608599751,-0.014217253656000572,-0.043796582626779434,0.004798935188770375,0.003953713871681412,-15.749895368303669,-50.01878138950883,1194.4682789474186,1074.5759296881838,119.89234925923483,14617.849609375,0.0083709591539336,14684.585658482143,14597.349934895834,53.34773492965486
0.0085145002407118,1094.271449497768,1119.849603562128,1120.6218523486218,32.266977592657014,38.32098656851058,1108.909912109375,1,Train,2021-05-06,-0.000712306120566164,-0.0021575534143510877,-0.039049888227927654,0.005146346492013562,0.0042344461678801345,-2.3660539899553896,-44.46763392857133,1186.4410119132922,1073.112301423761,113.3287104895312,14724.7998046875,0.0073164109749706,14694.835658482143,14601.49279203869,54.17016571572078
0.0061306899216366,1097.2420305524554,1117.553966703869,1119.5571305086903,31.179488520133223,32.71721303505099,1138.89501953125,1,Train,2021-05-07,0.0041522137487590705,-0.00014511505031689076,-0.032753033549441146,0.0042845431514495404,0.0042962081633278575,-0.15924944196422075,-37.15494210379461,1178.649560069133,1072.5559139124518,106.09364615668119,14823.150390625,0.006679247748155426,14688.921456473214,14608.142810639882,55.7645987803273
0.0270401653862368,1102.383649553571,1115.7967471168154,1121.315120419832,28.671936158177896,40.02154324280125,1131.29638671875,0,Train,2021-05-08,0.009461103736511323,0.006695747603007396,-0.02370039475561314,0.0025672491021366886,0.004690900274329447,7.332188197544383,-26.761178152902175,1171.738454230805,1072.655818927677,99.08263530312797,14823.150390625,0.006679247748155426,14688.921456473214,14608.142810639882,55.7645987803273
-0.0066719343593472,1106.6640101841515,1115.3785691034227,1122.2225082651885,28.362457269414964,63.19728654689001,1138.940673828125,1,Train,2021-05-09,0.011324941989550474,0.012774834320721462,-0.01196940749559161,0.0028257126599258793,0.004955205364474827,13.959123883928214,-13.406581333705617,1166.1855659318003,1072.886045745097,93.29952018670338,14823.150390625,0.006679247748155426,14688.921456473214,14608.142810639882,55.7645987803273
0.0067571037962446,1114.824986049107,1116.2051769438244,1123.7423414981824,28.80184204802347,64.61740376205086,1101.31103515625,0,Train,2021-05-10,0.01602468280202385,0.02085373031966764,0.006339993890038587,0.003210368592333498,0.0055713801500376,22.77335030691961,7.0234549386159415,1161.415868604729,1073.774819174289,87.64104943044003,14942.349609375,0.008041422748121585,14695.699916294643,14614.014229910714,67.75505250464187
-0.0330391560654313,1116.3362688337054,1114.4793759300596,1121.703131830734,28.543377493522385,48.2585310129744,1101.8115234375,1,Train,2021-05-11,0.012656772699581209,0.020163935873557248,0.01796287769051541,0.0025623502648507417,0.005577591495986977,22.0648193359375,19.69876534598211,1157.1576946531502,1074.7409834997518,82.41671115339841,14850.75,-0.006130201191218876,14727.078543526786,14612.91662016369,66.59676960986684
0.0004544477130195,1117.6167864118304,1112.9377499534971,1119.8948037949856,28.29904208046679,51.38391077719074,1100.76513671875,0,Train,2021-05-12,0.009897110710102908,0.018569062514964374,0.018421252814206257,0.002206971574372451,0.005512153710562306,20.374755859375,20.21550641741078,1153.4348789485211,1075.7048008784877,77.73007807003341,14696.5,-0.0103866808073666,14735.985630580357,14606.328543526786,58.46721140603588
-0.0009496966554546,1117.4185267857142,1110.5868559337798,1118.1557431516917,27.078841374211947,54.75244829554026,1118.0101318359375,1,Train,2021-05-13,0.0023264106645102256,0.013638516171962323,0.02042558383693671,0.0025518505586067035,0.005093894664132614,15.034877232143117,22.3670654296875,1148.734235870761,1077.3854627899532,71.34877308080786,14696.5,-0.0103866808073666,14735.985630580357,14606.328543526786,58.46721140603588
0.0156663710921958,1118.7185581752233,1107.9207066127233,1118.14250575935,22.96733406570777,59.079604387977405,1141.8299560546875,1,Train,2021-05-14,0.0021340248525714145,0.01089268999455939,0.023806676625268253,0.002646129323021921,0.0040383802008267565,12.054547991071786,26.013671875,1143.3212480380528,1079.8333976092688,63.487850428783986,14677.7998046875,-0.0012724250884564858,14761.88560267857,14623.804734002977,60.08270436846464
0.0213055530897867,1119.137834821429,1106.0529959542412,1120.2959103316534,17.717762514484953,61.207914611720646,1171.587646484375,1,Train,2021-05-15,0.0013609749138450145,0.003868633037734881,0.02480303878747714,0.0026291520693066555,0.0026015041745242485,4.312848772321786,27.086199079241396,1139.038760725388,1081.8226266909062,57.21613403448191,14677.7998046875,-0.0012724250884564858,14761.88560267857,14623.804734002977,60.08270436846464
0.0260614028138723,1124.8937290736608,1109.6530064174108,1124.9587954364465,22.582842298102527,67.40306465259428,1176.046875,1,Train,2021-05-16,0.006689706773923998,0.0076656653365707594,0.027984171194402885,0.0028041199645550893,0.00276791198875173,8.55746023995539,30.62227957589289,1136.0392440261742,1083.4376079548526,52.601636071321536,14677.7998046875,-0.0012724250884564858,14761.88560267857,14623.804734002977,60.08270436846464
0.0038061416309791,1130.194614955357,1113.3570207868304,1129.6031663058602,26.63642709827705,75.22535799456384,1185.9205322265625,1,Train,2021-05-17,0.01025821614942446,0.011254151419744174,0.030032192975974814,0.0020995979870887175,0.0026248402629805235,12.57782854352672,32.95258440290172,1135.0554273985913,1084.0011888123463,51.05423858624499,14923.150390625,0.01671576048197254,14805.5,14643.72619047619,62.37606447185205
0.0083956323820533,1142.2816859654015,1117.1076136997767,1134.7229268441058,30.92055579927933,75.35144231144356,1170.245361328125,0,Train,2021-05-18,0.020680072126830984,0.02225053423018397,0.03619251467307927,0.003871309103177886,0.0031562042331035657,24.863159179687273,39.89803641183039,1138.3747635506506,1081.9955384861796,56.37922506447103,15108.099609375,0.012393443335275034,14860.257114955357,14668.804734002977,62.73185856811777
-0.013217724520721,1152.0579485212054,1120.5754568917412,1137.9522390699258,32.6382556264308,69.22468172120998,1153.0003662109375,0,Train,2021-05-19,0.02414825395987763,0.029801409927768585,0.04101871744207197,0.004186904784204663,0.003260334164153406,33.33939034598211,45.393938337053896,1145.436162752249,1078.1328749849163,67.30328776733268,15030.150390625,-0.005159432408138875,14889.828543526786,14688.43810453869,55.00757448241037
-0.0147362217250029,1159.5201241629463,1123.7367001488096,1139.3202506281996,32.39850588425796,62.15067062605378,1168.0841064453125,1,Train,2021-05-20,0.025947309268278262,0.036083392130122016,0.04009161857076493,0.00371585520970588,0.003287817364113899,40.382289341517435,44.69513811383922,1154.127978292821,1074.6129187495894,79.51505954323147,14906.0498046875,-0.00825677606093067,14884.642857142857,14714.46665736607,50.319055882985836
0.0130821643048943,1166.673549107143,1127.544712611607,1141.9351466115736,32.70060445741615,63.59927127173406,1175.068603515625,1,Train,2021-05-21,0.021353632332051786,0.03714112627144561,0.04509150305223675,0.003237166718240906,0.003301374632464327,41.77982003348211,50.3372802734375,1163.0247297371234,1072.7197718672292,90.30495786989422,15175.2998046875,0.01806313567497475,14931.007114955357,14756.319010416666,65.52462300078284
0.0059794470550307,1171.4219273158485,1130.981137230283,1144.9472790573964,33.756437445493766,59.29609966232961,1178.9818115234375,1,Train,2021-05-22,0.01680816387708539,0.03647806476419979,0.048142745848299695,0.0023405584891982526,0.003301335921585466,41.227312360491396,53.80514090401812,1171.5387440361512,1071.607822300344,99.93092173580726,15175.2998046875,0.01806313567497475,14931.007114955357,14756.319010416666,65.52462300078284
0.0033301953571942,1172.478236607143,1134.6786586216515,1148.0413274634,34.58897241107533,62.49108667999854,1198.046630859375,1,Train,2021-05-23,0.011175409701104533,0.026435292636439955,0.04927402625031596,0.0031673618182756053,0.003427734773101465,30.196550641741396,55.05970982142867,1178.650797976867,1072.2384458847403,106.41235209212664,15175.2998046875,0.01806313567497475,14931.007114955357,14756.319010416666,65.52462300078284
0.0161705796896922,1175.621058872768,1140.2135532924108,1152.5872641357612,35.00386775814518,64.60861148858214,1206.3731689453125,1,Train,2021-05-24,0.007669248842122611,0.020453060006059953,0.05086399995934632,0.0033843460394897672,0.003314770450742873,23.5631103515625,56.90250069754461,1184.9339349207125,1074.2469261981491,110.6870087225634,15197.7001953125,0.001476108604989923,15002.607142857143,14794.01185825893,65.90107126777065
0.0069500951561165,1178.5428641183037,1145.7202729724702,1157.4768918457205,35.91468230547272,80.36561417522299,1212.67529296875,1,Train,2021-05-25,0.006078882968130639,0.016405700564351866,0.05308106602110674,0.002697721809729943,0.0032639157949562324,19.022739955357338,59.40502929687477,1190.4126575320472,1077.4173264244257,112.9953311076215,15208.4501953125,0.0007073438653115716,15078.414341517857,14835.30236235119,71.63785821600312
0.0052240253560573,1184.604282924107,1151.4263392857142,1162.4949283114502,36.60671521328866,81.00271454164118,1214.87451171875,1,Train,2021-05-26,0.010342235734843053,0.01536910974855532,0.053081062065851725,0.0020731686245271472,0.003179632846066595,17.93073381696422,59.71055385044633,1196.0176831815766,1080.8455841175305,115.17209906404605,15301.4501953125,0.006115021504864648,15132.45717075893,14874.180943080357,71.1405451669271
0.0018135264755134,1193.4434465680804,1156.7940325055804,1167.2567086212046,37.27853358916436,81.70590741228153,1193.2137451171875,0,Train,2021-05-27,0.01515997655945478,0.01879896452228036,0.05596277913182379,0.0022918970347380217,0.0030278158831305545,22.021519252231883,63.24883161272328,1202.3913056207894,1084.0921032798806,118.29920234090878,15337.849609375,0.002378821196545866,15165.278599330357,14906.790457589286,69.823773383042
-0.0178296329313204,1197.0333949497767,1160.8085007440477,1169.6164392117485,36.3928926795965,70.39525346250667,1189.9041748046875,0,Train,2021-05-28,0.015689315505131196,0.02094295448390615,0.04793188025079975,0.0021287980294048513,0.0028986705055213105,24.55515834263383,54.75170898437523,1208.4894257571448,1087.4589576831456,121.03046807399915,15435.650390625,0.006376433707514062,15223.20717075893,14933.98572358631,69.81303970947614
-0.0027736609019493,1199.1527622767858,1163.2375081380208,1171.4607788111066,36.559067771643726,64.66972410083574,1208.25537109375,1,Train,2021-05-29,0.012281298964044618,0.020016401736271172,0.04087885840814853,0.002233198843517872,0.002753321969789097,23.53170340401789,47.09481375558039,1213.9517073801524,1091.2455512694007,122.70615611075164,15435.650390625,0.006376433707514062,15223.20717075893,14933.98572358631,69.81303970947614
0.0154224152479125,1203.3346993582588,1166.9022216796875,1174.8057417458922,37.051078825063605,62.02624793811957,1205.036865234375,0,Train,2021-05-30,0.008287994557783396,0.021036006406523367,0.037786817393050454,0.0019575538374436642,0.002779742562524344,24.791835239955162,43.8145751953125,1219.6601616091948,1094.3880683712741,125.27209323792067,15435.650390625,0.006376433707514062,15223.20717075893,14933.98572358631,69.81303970947614
-0.0026637629232812,1204.3333042689733,1170.0496593656994,1177.5540256993906,37.363095481421205,59.58612928434418,1201.52197265625,0,Train,2021-05-31,0.006098333889425822,0.01665452474658169,0.03227959971377725,0.0022276065347961688,0.002978918685260999,19.72902134486617,37.65975516183039,1224.3876785320313,1098.4602549919641,125.92742354006714,15582.7998046875,0.009533088035724946,15319.8857421875,14966.742838541666,70.34920197565248
-0.0029168340650237,1203.640276227679,1174.8216087704614,1179.732929968196,34.42914797172124,55.38540626408957,1195.1080322265625,0,Train,2021-06-01,0.003742237096108436,0.008544040933754271,0.027503624578425256,0.002700005482753613,0.002701327570926524,10.196829659598507,32.21834891183039,1227.8357106457345,1103.6145718598457,124.2211387858888,15574.849609375,-0.0005101904286871628,15376.964285714286,15011.683314732143,74.29864460989933
-0.0053381798882196,1201.1306675502233,1179.264299665179,1181.1306665371385,30.309984714102093,59.168462021162526,1185.8184814453125,0,Train,2021-06-02,-0.0018316033014015298,0.003422855717921225,0.024437494913332802,0.003103744848148022,0.002740690412443476,4.0972726004465585,28.65243094308039,1229.5479313399524,1110.2735652420788,119.27436609787355,15576.2001953125,8.67158252806366e-05,15431.035714285714,15056.54282924107,82.89581219859026
-0.0077729799572536,1196.9798060825892,1183.314458937872,1181.5568315287903,24.40313769792916,62.85648156118313,1204.2152099609375,1,Train,2021-06-03,-0.006105866341417521,-0.0018120762112667776,0.018168054279583012,0.0025944336018061324,0.003037422955454866,-2.1729561941965585,21.35874720982133,1229.4535490874837,1118.1940722852842,111.25947680219952,15690.349609375,0.0073284506253876724,15499.878487723214,15113.392810639882,85.3408238015285
0.0155139499033634,1198.5514439174108,1187.4194626581102,1183.616684113531,19.657793211303712,63.79623121339864,1168.8138427734375,0,Train,2021-06-04,-0.004227868085485587,-0.003975000009057261,0.016977388271809613,0.0023837867131339453,0.002828987275649474,-4.783255440848052,20.00857979910711,1228.0679451547421,1127.521037127624,100.5469080271182,15670.25,-0.001281017305247989,15552.564174107143,15163.507114955357,80.94095645463707
-0.0293978741463067,1195.538539341518,1188.704409644717,1182.2709712644314,17.265094546209337,48.03756730195474,1155.1646728515625,0,Train,2021-06-05,-0.004655720114207784,-0.007302600448132357,0.009230302958571412,0.002457276354401885,0.0029887833564396925,-8.79476492745539,10.93425641741078,1225.5083472786441,1137.1451160305078,88.36323124813634,15670.25,-0.001281017305247989,15552.564174107143,15163.507114955357,80.94095645463707
-0.0116777962600848,1187.9541538783485,1187.92236328125,1179.806762317807,18.412979973446483,42.95760921823724,1173.10498046875,1,Train,2021-06-06,-0.007540354614485434,-0.013032234513198682,-0.004599541524583417,0.002648218169568283,0.003647735849531947,-15.68612234933039,-5.489292689731883,1221.3054739610975,1147.1239432403536,74.18153072074392,15670.25,-0.001281017305247989,15552.564174107143,15163.507114955357,80.94095645463707
0.0155305196209829,1183.3924560546875,1187.782273065476,1179.197509422438,18.51873660769709,42.57573533365987,1185.4532470703125,1,Train,2021-06-07,-0.012647757373831836,-0.014767928231916638,-0.011395621001585754,0.0024460841198991508,0.0038210145010691894,-17.73821149553578,-13.64093889508922,1217.7009933574777,1154.839500852902,62.861492504575835,15751.650390625,0.0051945814919991395,15611.67857142857,15212.404761904761,79.15292327293318
0.0105261394394799,1181.096923828125,1187.760021391369,1179.766212844972,18.52136603515392,43.91847198130857,1178.56005859375,0,Train,2021-06-08,-0.012079590107858085,-0.013269131336847595,-0.015057162870874663,0.0023181751656300943,0.0038251723692502735,-15.88288225446422,-18.05583844866078,1214.89263217399,1160.5517595670817,54.340872606908306,15740.099609375,-0.0007333060957773752,15655.171316964286,15256.069010416666,84.21931601659875
-0.0058148125989768,1178.7329275948662,1188.1559593563989,1179.656562458497,18.2145599592668,40.11649208179201,1180.226318359375,1,Train,2021-06-09,-0.007762274540122238,-0.016535390636023717,-0.02044466246715304,0.002322048376217251,0.003578030787270652,-19.81851632254461,-24.601771763392662,1212.847178615944,1164.5184934683198,48.32868514762413,15635.349609375,-0.006654976944212576,15662.678431919643,15289.069010416666,85.82019180129562
0.0014138098041547,1177.934047154018,1189.4524332682292,1179.708358449486,16.472810371096315,39.93099504492488,1172.876953125,0,Train,2021-06-10,-0.004612509461879966,-0.014725156578554333,-0.021920225091657364,0.0024039337511017676,0.002784577406084171,-17.6044921875,-26.39925711495539,1211.7163618757106,1166.7753600132403,44.94100186247033,15737.75,0.0065492869160790335,15685.949916294643,15331.307105654761,83.04055054102956
-0.0062270812979253,1173.4571533203125,1189.6806640625,1179.0873216018056,16.1927713903536,43.553792876627526,1186.0010986328125,1,Train,2021-06-11,-0.006468368813501546,-0.012203333361567203,-0.02507653117255526,0.0018383217160915716,0.0026343475771833163,-14.497000558036007,-30.183122907366396,1211.494356725036,1167.2008877643614,44.293468960674545,15799.349609375,0.003914130633349666,15717.828404017857,15383.823753720239,83.7872195270692
0.0111897036367238,1175.9124755859375,1190.2012590680804,1179.7158467864424,15.872070425710731,48.83529818027635,1195.906982421875,1,Train,2021-06-12,-0.002392782913669511,-0.006320794450293765,-0.02099537764339976,0.002680049456695622,0.0026655221057826977,-7.47998046875,-25.21819196428578,1211.1628919941909,1167.8757763930857,43.28711560110514,15799.349609375,0.003914130633349666,15717.828404017857,15383.823753720239,83.7872195270692
0.0083523394712548,1181.7328055245537,1191.0072195870537,1181.1877682078452,15.702691884254394,46.11958184560571,1181.572998046875,0,Train,2021-06-13,0.0032249329915490232,0.0005383823152866896,-0.012737892887211832,0.003225061032521479,0.002890631956145098,0.6358816964286689,-15.247000558035552,1210.804647941713,1168.8451951107427,41.95945283097035,15799.349609375,0.003914130633349666,15717.828404017857,15383.823753720239,83.7872195270692
-0.0119858689561053,1182.942522321429,1190.2227608816963,1181.2227891023024,15.744870575168472,43.108067407673,1169.864013671875,0,Train,2021-06-14,0.00808326829341599,0.00357128797203643,-0.013023155305678658,0.0029602911428255963,0.002902003105188875,4.209594726562727,-15.608921595981883,1210.6147961899007,1169.475012682867,41.139783507033826,15811.849609375,0.0007911718082738162,15735.185546875,15437.826125372023,83.81902352571561
-0.0099096580527439,1180.7154889787946,1188.4842296781994,1180.1901731540818,15.887400023685084,41.12830505204477,1140.87646484375,0,Train,2021-06-15,0.00408449905292807,0.0023612882499635113,-0.012398638667798667,0.0029542832932200696,0.002898778870726763,2.7814418247767208,-14.82305036272328,1210.7083983123591,1168.9925311658778,41.71586714648129,15869.25,0.003630213545097627,15763.61411830357,15482.878487723214,83.14647736692142
-0.0247785627127218,1175.3321184430804,1185.0652378627233,1176.6161996713242,18.005557078213307,36.50920804664786,1142.3599853515625,1,Train,2021-06-16,-0.005416357277677641,0.001597813024073913,-0.010625018982475587,0.0033664340637507995,0.0030187626084204502,1.8749651227678896,-12.622035435268117,1210.6993919614354,1167.1904047043015,43.50898725713387,15767.5498046875,-0.006408632752808119,15765.885463169643,15514.28087797619,73.30762507614483
0.0013003340445063,1169.922642299107,1181.612165178571,1173.5019983695277,18.932445124641347,38.75232054553198,1142.54248046875,1,Train,2021-06-17,-0.011006350500252005,-0.005093774758912817,-0.01138237250597951,0.0037264662935537047,0.0030893152495547484,-5.98983328683039,-13.46981375558039,1210.565999951383,1164.612721449287,45.953278502096055,15691.400390625,-0.0048295020472909345,15758.928431919643,15545.768973214286,64.20595950763436
0.0001597527220207,1165.589146205357,1179.1992478143602,1170.687496742184,20.540603204223064,32.37665089288268,1145.6923828125,1,Train,2021-06-18,-0.012811166546582986,-0.013661006315239477,-0.013129978844161783,0.003714396378598068,0.003012018258796756,-16.14365931919656,-15.50777762276789,1210.1972800329272,1161.6250797605999,48.572200272327336,15683.349609375,-0.000513069646403852,15765.785574776786,15582.783249627977,56.60597677196828
0.002756923613429,1159.8307582310267,1177.0939243861608,1168.4152136576672,21.62563527248078,41.8998842785628,1134.896240234375,0,Train,2021-06-19,-0.013188919088323536,-0.019537520762249017,-0.016036006903114353,0.003703945574448317,0.0031128700723662243,-23.111764090402175,-18.902169363839448,1209.2149704816975,1158.2569951991063,50.95797528259118,15683.349609375,-0.000513069646403852,15765.785574776786,15582.783249627977,56.60597677196828
-0.009423247234674,1151.1149379185267,1173.600632440476,1165.3680342555497,22.25612943062796,42.75454589091608,1113.62353515625,0,Train,2021-06-20,-0.016076023918658366,-0.02507001164681044,-0.022767920920775064,0.0026847890690564554,0.0032467957175367954,-29.60055106026789,-26.81910923549117,1208.5355530731108,1153.6145759726483,54.92097710046255,15683.349609375,-0.000513069646403852,15765.785574776786,15582.783249627977,56.60597677196828
-0.0187441849959181,1141.4078717912946,1169.2476167224702,1160.663988882886,24.61483063963743,29.231685923107207,1085.252197265625,0,Train,2021-06-21,-0.02074596738721013,-0.028863540883000804,-0.027311846400470685,0.002228711114970773,0.0036300113132648098,-33.92424665178578,-32.04928152901789,1208.5800078988666,1147.3468807032543,61.23312719561227,15746.5,0.004026588209654625,15767.035574776786,15609.98325892857,60.51454700768805
-0.0254765968884128,1129.3204694475446,1163.710960751488,1153.808371463135,29.56995810023218,18.534853857211303,1093.880126953125,1,Train,2021-06-22,-0.026305811056447914,-0.03470500645390706,-0.039622001726937084,0.0025468154982393387,0.004204987756541005,-40.6021728515625,-46.59200613839289,1209.9852027816903,1138.7606660101626,71.22453677152771,15772.75,0.0016670371193598932,15763.235630580357,15637.36658296131,61.6833790180173
0.0079501609941345,1122.6067068917412,1158.8905843098958,1148.3603492349523,32.31892718125168,23.69538278125204,1064.7554931640625,0,Train,2021-06-23,-0.02476575543215065,-0.036876149244824186,-0.05003339025234832,0.0024373243023935766,0.004251176305638507,-42.98243931361594,-59.1260986328125,1211.4779404068463,1129.8306184659218,81.64732194092448,15686.9501953125,-0.005439749231269109,15745.392857142857,15660.152297247023,49.790882953326225
-0.0266250689371108,1111.5203508649554,1153.1256801060267,1140.7599077739624,37.63552065121691,19.35789831716363,1061.49169921875,0,Train,2021-06-24,-0.02618478605674457,-0.04165297999145523,-0.06037670479231172,0.0025534159352712847,0.0044904067215455505,-48.31040736607133,-71.4221714564735,1212.769606743898,1119.8358428236245,92.93376392027358,15790.4501953125,0.006597840798329813,15734.1357421875,15683.438011532739,56.70608721046168
-0.0030652989970624,1099.9416678292412,1146.329322451637,1133.553706996216,40.70951649278248,19.78694829860613,1085.434814453125,1,Train,2021-06-25,-0.026014583471311137,-0.04445539572426904,-0.06841091008250855,0.002223149991917066,0.004791463924939003,-51.17327008928555,-80.77382114955344,1214.5336680962007,1108.5120943200939,106.02157377610683,15860.349609375,0.0044266891189239654,15747.392857142857,15708.31896391369,56.143273130272185
0.022556102183368,1091.3334437779015,1142.358892531622,1129.179262219571,42.436323782260345,24.233854699331005,1081.6688232421875,0,Train,2021-06-26,-0.027857719824629146,-0.04387075755383363,-0.07146803303261118,0.0017184865764253746,0.004446701397824344,-50.07442801339312,-83.9986746651789,1216.7082445526712,1096.6754468535787,120.0327976990925,15860.349609375,0.0044266891189239654,15747.392857142857,15708.31896391369,56.143273130272185
-0.0034695692093079,1083.729527064732,1138.8590901692708,1124.8601314034452,44.31642307075568,19.78019706959566,1101.61767578125,1,Train,2021-06-27,-0.025002532592945492,-0.04037024353690788,-0.07367420042832074,0.0017900740257591069,0.0033332139981623,-45.5909423828125,-86.193115234375,1218.5522573793744,1084.86514112788,133.68711625149444,15860.349609375,0.0044266891189239654,15747.392857142857,15708.31896391369,56.143273130272185
0.0184426620333457,1082.014404296875,1135.4549328031994,1122.7471808923365,44.29994073591265,29.45933978263706,1105.680419921875,1,Train,2021-06-28,-0.01629837659277511,-0.0361589703194074,-0.07170171597819397,0.003200319134295485,0.0029521627694644305,-40.59230259486617,-83.57474190848211,1218.9036159754114,1074.6055305787177,144.29808539669375,15814.7001953125,-0.0028782098242977616,15765.007114955357,15726.368954613095,54.05967576162432
0.0036879801676601,1084.9327218191963,1131.656226748512,1121.195657167749,43.20494858831901,32.83684109506406,1110.359619140625,1,Train,2021-06-29,-0.005865047016746394,-0.023920056007134094,-0.06457669438432967,0.00471409834154468,0.0036548588829607136,-26.58762904575906,-74.89803641183039,1217.5774799223611,1066.5516460542015,151.02583386815968,15748.4501953125,-0.0041891404314852165,15774.307198660714,15734.257068452382,56.423981087764176
0.0042319635352505,1087.2869349888392,1128.4085867745537,1120.2105628016468,42.05082474269309,40.620150501421264,1098.239501953125,0,Train,2021-06-30,0.003282560671519441,-0.011504912679029866,-0.05544885295737956,0.005565415408706968,0.004254787846976111,-12.654732840401948,-63.8280029296875,1214.8403082032219,1060.2241065568228,154.61620164639908,15721.5,-0.0017112919035373597,15770.735770089286,15741.240420386905,48.9904946333627
-0.0109154880802315,1092.0703648158485,1124.5044526599702,1118.2131936335993,40.786300442857936,37.27114760587625,1076.373291015625,0,Train,2021-07-01,0.009293739971519388,0.0006752482865328702,-0.04322513292116792,0.005891606520340339,0.005018653714747816,0.7369210379470132,-49.337506975446104,1211.3745096395887,1055.5512262700095,155.82328336957926,15680.0,-0.002639697229908089,15757.485770089286,15746.183268229166,42.395692298502716
-0.0199102389766647,1094.1963065011162,1119.909040178571,1114.4095661228744,40.49918632697298,33.032903880103675,1084.2935791015625,1,Train,2021-07-02,0.008538395511185959,0.00965811041868836,-0.031102033387928385,0.004892479173053324,0.005338817395191449,10.466779436384058,-35.12416294642844,1206.482019568266,1052.2720994328502,154.2099201354158,15722.2001953125,0.002691338986766656,15762.521484375,15747.699962797618,44.496323128260656
0.0073583097537326,1094.0332728794642,1115.0658249627977,1111.671749120937,38.217398743107566,34.63209282970121,1087.7401123046875,1,Train,2021-07-03,0.006204744739891632,0.011107863753809566,-0.025452755481383815,0.0037704597004521072,0.0054600145405501515,12.01886858258922,-28.573434012276948,1199.4912235601093,1050.492942176498,148.99828138361136,15722.2001953125,0.002691338986766656,15762.521484375,15747.699962797618,44.496323128260656
0.0031785978166363,1094.900599888393,1109.9150216238838,1109.496145774005,33.812458422143514,37.74614575978064,1082.2164306640625,0,Train,2021-07-04,0.00259162336395935,0.009187554093200045,-0.014952268722412065,0.001966495221103472,0.005517227397587452,9.967878069196558,-16.6197509765625,1190.9615633023925,1050.2184101909113,140.7431531114812,15722.2001953125,0.002691338986766656,15762.521484375,15747.699962797618,44.496323128260656
-0.005078126271285,1092.1289934430804,1105.1837565104167,1107.016171673101,30.02325014555588,41.11108423994721,1099.586181640625,1,Train,2021-07-05,-0.0018893438460292344,0.004453340050748267,-0.007102807916695486,0.0022271940966734917,0.005338489324506061,4.842058454241169,-7.812674386160779,1181.5748532509638,1050.746470688768,130.82838256219566,15834.349609375,0.007133188273225066,15768.79282924107,15755.514229910714,47.99238253600881
0.016050163797554,1091.2583879743304,1101.837193080357,1106.3407180337852,26.11562649199024,54.32625210926159,1118.9873046875,1,Train,2021-07-06,-0.002536380724354359,-0.0007435206262144112,-6.877440071040297e-05,0.002261615723346689,0.004910870146666284,-0.811976841518117,-0.07505580357110375,1171.9407809465285,1051.9731699463289,119.96761100019967,15818.25,-0.0010167521731027085,15762.778599330357,15758.685639880952,53.23508701964718
0.0176440222429203,1092.4909144810267,1100.7948521205358,1107.490407729577,24.88751148819138,57.11509349893868,1138.4569091796875,1,Train,2021-07-07,-0.002200825725743316,-0.001558579580242525,0.00808447790476352,0.002192236543702404,0.0048857908868562405,-1.7053920200894481,8.76138741629461,1162.005204284375,1054.165573826674,107.83963045770088,15879.650390625,0.0038816171589777237,15772.057198660714,15765.33091517857,62.242316163302014
0.0173993077585672,1098.2362583705358,1100.6089913504463,1110.3055442250418,24.5741829713298,72.09526667496175,1141.5155029296875,1,Train,2021-07-08,0.00559207288161212,0.0038417346119734574,0.01499227183043117,0.0024445489072666988,0.00466155256426147,4.2029854910715585,16.22185407366078,1151.4496755189716,1057.9858138085956,93.46386171037602,15727.900390625,-0.0095562557277451,15769.121512276786,15769.738095238095,52.44100807961903
0.0026866135427152,1107.5422886439733,1100.5600876581102,1113.142813198191,24.48742976623106,74.02023612970646,1128.2769775390625,0,Train,2021-07-09,0.014922131045306486,0.011545969339014972,0.02083960265007545,0.0038132371608279774,0.004405769013853591,12.64168875558039,22.609566824776948,1141.0559997587748,1063.1506426100873,77.90535714868747,15689.7998046875,-0.0024224839292732447,15764.59291294643,15767.454752604166,46.80561928435221
-0.0115973242208698,1113.8256312779015,1099.7307826450892,1114.5186463200887,23.140379822935817,63.74280775974883,1132.0430908203125,1,Train,2021-07-10,0.019528507298396613,0.01986636923393048,0.024408180982451233,0.003964606082756962,0.0038901787277964357,21.696637834821104,26.538696289062273,1132.2683731864634,1068.209338518336,64.05903466812742,15689.7998046875,-0.0024224839292732447,15764.59291294643,15767.454752604166,46.80561928435221
0.0033379332878566,1120.1546282087054,1099.5949183872767,1116.1117776382907,22.931018052099056,66.1589257716748,1114.559326171875,0,Train,2021-07-11,0.019957791113808243,0.026479741693453684,0.02571653283311348,0.004029216488189945,0.003186225214495453,28.896240234375,28.084263392856883,1126.5224818083188,1071.8299055382213,54.69257627009756,15689.7998046875,-0.0024224839292732447,15764.59291294643,15767.454752604166,46.80561928435221
-0.0154444338649407,1124.775041852679,1099.6394798642114,1115.9706456867984,22.960532974843087,54.218097499490725,1118.941650390625,1,Train,2021-07-12,0.015559453923700506,0.029550934423091535,0.02794629735988008,0.0031132791760557815,0.003001531686432348,32.284127371652175,30.578735351562727,1125.2977288207387,1072.6001157663147,52.69761305442398,15692.599609375,0.00017844744498685117,15766.392857142857,15762.371419270834,45.36192932528317
0.0039318895960449,1127.5401088169642,1101.2437395368304,1116.2407370235098,23.08165369421729,54.31327333279336,1153.178955078125,1,Train,2021-07-13,0.012312948413054636,0.026682647037994167,0.030626889298632554,0.0024002718766941516,0.003002695561746661,29.30385044642844,33.5068359375,1126.5501123768602,1071.841072402716,54.70903997414416,15812.349609375,0.007630985495128417,15779.27134486607,15762.395228794643,56.98215759647915
0.0305979357150103,1132.4246303013392,1104.0674932570685,1119.598756846657,25.623088496227385,61.68114810764442,1163.8839111328125,1,Train,2021-07-14,0.010953846713337656,0.022466267800781425,0.034271631978986195,0.001852035603728187,0.003025557678062808,24.88234165736594,37.52403041294633,1130.9677916618737,1069.5138210613406,61.45397060053301,15853.9501953125,0.0026308921169333477,15782.07142857143,15761.666666666666,53.79739443051931
0.0092829963706388,1136.0570591517858,1108.7878941127233,1123.62467996358,27.106731552221863,68.04719072616452,1154.8680419921875,0,Train,2021-07-15,0.01003046554137943,0.019959522612509772,0.04022241509239333,0.0019879837500192104,0.0029971776601711124,22.231427873884286,43.92806570870539,1136.6942754104232,1067.3988764450457,69.29539896537744,15924.2001953125,0.004431072328003882,15797.20717075893,15769.126209077382,53.81675958086454
-0.0077463646110975,1137.964564732143,1113.234386625744,1126.4649856025442,26.61461128496364,73.22076644573627,1162.08056640625,1,Train,2021-07-16,0.009245308289845378,0.015899533934808918,0.04280029117990258,0.001529991304268045,0.003004082170236936,17.8099365234375,46.7061767578125,1142.127463860993,1066.6288000898999,75.4986637710931,15923.400390625,-5.0225736783704455e-05,15803.45717075893,15780.173828125,56.86584858851294
0.0062453234064911,1142.7936488560267,1116.8841843377977,1129.7027656756084,27.83894956086392,73.1081570146816,1166.417236328125,1,Train,2021-07-17,0.009156475651654006,0.016019742911141055,0.04604407570647462,0.001333460959617271,0.0028988513278125805,18.018607003347825,50.302734375,1147.446345895443,1067.2163302345791,80.23001566086396,15923.400390625,-5.0225736783704455e-05,15803.45717075893,15780.173828125,56.86584858851294
0.0037318152004608,1147.704241071429,1120.9198230561756,1133.040444825837,28.610775818088747,73.249630436053,1183.5816650390625,1,Train,2021-07-18,0.01025228603248074,0.017883294879524225,0.04504311556266516,0.0010609459861066024,0.0028326675376436714,20.164132254464675,49.46798270089312,1152.7110408623603,1068.5206189451178,84.19042191724247,15923.400390625,-5.0225736783704455e-05,15803.45717075893,15780.173828125,56.86584858851294
0.0147155136055525,1157.5645751953125,1124.8228701636904,1137.6351012088576,31.30938684989814,78.02597988192682,1189.9041748046875,1,Train,2021-07-19,0.017223744104706062,0.022200104290634792,0.04516512557961505,0.0022224670428270714,0.0025992587729430105,25.13994489397328,50.02228655133922,1159.432016055792,1069.0628290892976,90.36918696649445,15752.400390625,-0.010738912280361723,15806.95717075893,15783.461960565477,50.22034878843576
0.0053418449713955,1167.7020786830358,1128.8335251581102,1142.3868351721148,34.01242749913364,76.59629535103579,1188.71728515625,0,Train,2021-07-20,0.02179608702931035,0.027855132166404672,0.04837062991926433,0.0026698778276480115,0.002445053406960512,31.64501953125,53.876447405134286,1167.4831286448525,1069.0532308696565,98.42989777519597,15632.099609375,-0.0076369809214345,15798.714285714286,15778.014322916666,45.48346545575823
-0.0009974665805608,1172.7789829799108,1132.5648425874256,1146.5986942615816,36.117382706063,73.00103725083432,1174.3375244140625,0,Train,2021-07-21,0.021847738303270248,0.030593587293258562,0.046979545007424184,0.0026692120805413607,0.0022080895137025006,34.81441824776789,52.62435477120539,1175.5447429234162,1069.0624784074992,106.482264515917,15632.099609375,-0.0076369809214345,15798.714285714286,15778.014322916666,45.48346545575823
-0.0120968719154255,1174.2723563058037,1136.1885579427085,1149.1204060936252,36.31823029523552,62.24676012959482,1201.407958984375,1,Train,2021-07-22,0.014433562903108044,0.027545399365220602,0.044006412492577196,0.002970902220200086,0.002429173950982476,31.478707449776948,49.49731445312477,1182.60466478151,1070.010161529874,112.59450325163607,15824.0498046875,0.012279233123449584,15817.492885044643,15780.45717075893,56.31713511175445
0.0230516644555145,1180.9209158761162,1142.142589750744,1153.8738199927843,36.27087037833431,67.56355633386863,1195.58740234375,0,Train,2021-07-23,0.011320385083144702,0.028941841997271123,0.04734271237158927,0.0026508105266756263,0.002207865636437603,33.21667480468727,53.38080705915195,1189.8003130900356,1071.5032775210134,118.29703556902223,15856.0498046875,0.002022238326785386,15823.735770089286,15788.509533110118,55.922805016118296
-0.0048447794915105,1185.7076067243304,1147.4422956194196,1157.665963842872,35.51868254304193,70.63672122067238,1190.2237548828125,0,Train,2021-07-24,0.011023921755119792,0.024312277804691362,0.04705211719813307,0.0026645115375048527,0.002189381070103166,28.14303152901789,53.28297642299117,1196.680352071851,1073.7039392227919,122.97641284905922,15856.0498046875,0.002022238326785386,15823.735770089286,15788.509533110118,55.922805016118296
-0.0044862027238016,1189.108537946429,1152.3224690755208,1160.6257630283212,33.90965998342781,67.66458721254314,1183.3990478515625,0,Train,2021-07-25,0.012634361663165672,0.01833212396738726,0.046697899869794446,0.002803729341062952,0.002199594431013217,21.406459263393117,53.05147879464312,1202.5182149983377,1077.5640307466404,124.95418425169737,15856.0498046875,0.002022238326785386,15823.735770089286,15788.509533110118,55.922805016118296
-0.0057339697710216,1189.0824497767858,1157.1406889415923,1162.6960616486158,30.46364869338139,72.34728191650822,1186.4576416015625,1,Train,2021-07-26,0.006911160426534169,0.0139015680136505,0.04492045414144785,0.002893998736334204,0.0024828174729162925,16.303466796875,51.11788504464289,1206.6411628447538,1083.2234890804696,123.41767376428425,15824.4501953125,-0.0019929055322251976,15819.521484375,15790.128580729166,49.52833041903541
0.0025845835819733,1188.590087890625,1161.2774251302085,1164.8562052807015,28.06089443042336,72.10756337991013,1185.8184814453125,0,Train,2021-07-27,0.002431021906199815,0.012192854160225863,0.04007411056269161,0.0023204321419945015,0.0027252668444736,14.317731584821331,45.79643903459828,1209.1768666803569,1090.2977025858263,118.87916409453055,15746.4501953125,-0.004929081202650898,15794.128627232143,15784.704799107143,46.76956307399209
-0.0005387130006488,1188.1759730747767,1164.4598621186756,1166.7618667502118,26.78562961161567,63.702490486054245,1164.477294921875,0,Train,2021-07-28,-0.0007842554669253987,0.006143558896387402,0.03526320680453865,0.002388005317270022,0.0029312314006359045,7.255057198660552,40.471732003347825,1210.807972721487,1097.6605680151204,113.14740470636661,15709.400390625,-0.002352898858342667,15763.557198660714,15779.690522693452,42.16846145414622
-0.0179970095401331,1186.767368861607,1165.6989281063989,1166.5541784021812,26.11609163064819,50.22868729447077,1170.9366455078125,1,Train,2021-07-29,-0.0019469473421404038,0.0008937803310584691,0.025227787971454863,0.002655797375034901,0.0031826851659365065,1.0597621372767208,29.20279366629461,1212.031930988178,1104.3591177701924,107.67281321798555,15778.4501953125,0.004395444954646832,15767.278599330357,15781.119094122023,52.516791413065356
0.0055469957328544,1182.4143240792412,1167.0999348958333,1166.952584502693,25.536621987846264,56.31724738976947,1167.28466796875,0,Train,2021-07-30,-0.005195873560029374,-0.005629607099406186,0.01259931421274696,0.0025682074326088666,0.0036557197698322843,-6.694213867187727,14.71224539620539,1212.2002725724792,1111.0496454660256,101.15062710645361,15763.0498046875,-0.000976039499086867,15785.985770089286,15783.09765625,53.73134031367773
-0.0031188515220468,1178.3710763113838,1168.9574439639136,1166.9827739086982,23.94027591809243,52.10488064509121,1177.3504638671875,1,Train,2021-07-31,-0.008252057763817322,-0.009008099873488717,0.004768241427096642,0.0022211315064929265,0.003974195868239282,-10.711373465401948,5.592093331473052,1211.6437927781956,1117.4277700705768,94.21602270761878,15763.0498046875,-0.000976039499086867,15785.985770089286,15783.09765625,53.73134031367773
0.0086232571836597,1176.5320347377233,1171.1149379185267,1167.9252911776516,22.441879547317885,54.226251312962006,1194.925537109375,1,Train,2021-08-01,-0.008624549673708959,-0.010144837379807647,0.0019243222577669528,0.0014818480079123388,0.00404411827502508,-12.05805315290172,2.2596784319196104,1210.5798082729732,1123.6674538643035,86.91235440866967,15763.0498046875,-0.000976039499086867,15785.985770089286,15783.09765625,53.73134031367773
0.0149276479532352,1178.178676060268,1174.941900344122,1170.3798589896264,18.88598434894387,54.37110944495297,1235.9874267578125,1,Train,2021-08-02,-0.0035822028985242893,-0.008413986851322774,-0.0023221197787099968,0.0017868677413951572,0.0035375492408761125,-9.997297014508831,-2.7422398158482792,1209.1183531352665,1130.1927657263407,78.92558740892582,15885.150390625,0.007746000136419795,15794.714425223214,15792.866722470239,58.74553790034703
0.0343635551950538,1185.254359654018,1180.5155087425596,1176.3441833321888,18.80394782310436,64.00715061710805,1238.110107421875,1,Train,2021-08-03,0.0058413546301396835,-0.001274899569441823,-0.00038225871854247195,0.0033174814559397366,0.0031438798264755087,-1.5130092075892208,-0.4532470703125,1208.1765632408803,1136.4175285559947,71.75903468488559,16130.75,0.015460955882416139,15833.957310267857,15812.321475074405,62.97791173290918
0.0017173966483061,1192.7245919363838,1184.559849330357,1181.959267340342,21.561689635638416,64.92818256813175,1246.85205078125,1,Train,2021-08-04,0.013762954786241899,0.008719674353718121,0.003040978913665615,0.004175192502348897,0.0033380352544720693,10.310267857142662,3.616053989954935,1207.7631520445905,1142.4976930307446,65.26545901384588,16258.7998046875,0.007938242467802281,15896.007254464286,15832.533389136905,65.41520347803842
0.007060715607579,1204.4924142020088,1188.5107131231398,1187.8586112895152,24.923038860892312,72.68957730641218,1243.1771240234375,0,Train,2021-08-05,0.022334250887761753,0.022167327776231316,0.012959542400206026,0.00533619870716516,0.00406200074283761,26.121337890625,15.409964425223052,1208.6065439858155,1148.3070860365062,60.29945794930927,16294.599609375,0.0022018725316477195,15974.31431361607,15855.216703869048,64.48343464012603
-0.0029473639278292,1214.8124825613838,1192.7159075055804,1192.887566992599,26.3708054725772,65.31111033550175,1242.6522216796875,0,Train,2021-08-06,0.024938210660532034,0.03253668127463616,0.022061764554418772,0.005119189929384243,0.004338073527469725,38.28044782366055,26.22239467075883,1211.4670884389188,1152.6484249539385,58.818663484980334,16238.2001953125,-0.003461233501561467,16049.857142857143,15872.290504092261,61.796441983337765
-0.0004222265143128,1225.5792759486608,1196.5526529947915,1197.411626509607,27.52668345400964,67.9491703591836,1224.5294189453125,0,Train,2021-08-07,0.02754590978872784,0.04023209794196636,0.03147959874755868,0.004227403185176495,0.004686892041859289,47.40059988839289,37.40330287388406,1216.7959374986035,1155.1070793819767,61.68885811662676,16238.2001953125,-0.003461233501561467,16049.857142857143,15872.290504092261,61.796441983337765
-0.0145839700104334,1232.319126674107,1199.3198997860864,1199.8768803673984,27.265464771427883,61.92286740735587,1228.067138671875,1,Train,2021-08-08,0.023102438956025928,0.03970857954391138,0.03838305552350585,0.0028386374321636293,0.004760349464053718,47.06476702008922,45.5517578125,1223.9752626660859,1155.403209362374,68.57205330371198,16238.2001953125,-0.003461233501561467,16049.857142857143,15872.290504092261,61.796441983337765
0.0028890442906708,1237.0536411830358,1201.438255673363,1202.4396311223509,27.70612480091331,65.88729740408036,1209.9442138671875,0,Train,2021-08-09,0.018308305965672345,0.037166207141485996,0.04620995871844058,0.002154257485835795,0.004710684065168616,44.32904924665195,54.63931710379461,1231.827474962445,1154.4861533160145,77.34132164643052,16258.25,0.0012347307242392969,16118.399972098214,15897.545247395834,71.3736331751599
-0.0147572752612589,1233.3331821986608,1202.392543247768,1203.121865917336,27.63401832227612,57.54504628155436,1209.37353515625,0,Train,2021-08-10,0.006326727615394878,0.023944333444191335,0.04664244310826349,0.004383001968963362,0.004895818525228262,28.840767996651948,54.96210588727695,1237.527222904272,1154.8418252960628,82.68539760820931,16280.099609375,0.0013439090538649445,16192.264229910714,15925.654761904761,79.86454665255243
-0.0004716570436859,1229.2279575892858,1203.3761742001489,1203.69019948451,27.490164432042388,57.57037681027509,1191.04541015625,0,Train,2021-08-11,-0.0025084160571003933,0.011866419908286963,0.044789195105350066,0.005526558803935653,0.005097058219190557,14.415475027901948,52.6959228515625,1241.4318608917215,1156.4327474369616,84.99911345475994,16282.25,0.00013208706805212245,16248.992745535714,15953.733351934523,75.59495560130529
-0.0151550571161059,1221.255580357143,1204.1717878069196,1202.540673181941,26.84184638701777,58.70738643183029,1192.871337890625,1,Train,2021-08-12,-0.012770716078879696,-0.003527879164055836,0.03656228479785484,0.006209553505627021,0.005562715260709345,-4.32369559151789,43.076904296875,1243.6772674836163,1158.2208072931696,85.4564601904467,16364.400390625,0.005045395484346349,16282.371372767857,15980.021484375,76.88977049078709
0.0015330462791804,1214.0690394810267,1203.7652820405506,1201.661642700912,26.950218535417807,57.41400751431111,1198.3037109375,1,Train,2021-08-13,-0.01561957709050843,-0.014809546324526579,0.02431096717114789,0.00605990929604725,0.005766188565871013,-18.25008719308039,28.81467982700883,1244.847315008499,1159.8869030439566,84.96041196454235,16529.099609375,0.010064482340847336,16320.985630580357,16012.171456473214,82.67261591572037
0.0045540309959002,1207.733537946429,1203.8946300688244,1201.3563761769656,26.915502294730747,60.35986451468764,1193.9669189453125,0,Train,2021-08-14,-0.017486113548060622,-0.023701561727401788,0.012583748261346894,0.00480744067862903,0.005912145779251095,-29.320103236606883,15.008946010045065,1245.369381301059,1161.2273367513963,84.14204454966284,16529.099609375,0.010064482340847336,16320.985630580357,16012.171456473214,82.67261591572037
-0.0036191092062918,1203.367466517857,1204.0728759765625,1200.6846073377242,26.832708297595868,55.77045360898163,1177.0079345703125,0,Train,2021-08-15,-0.014647313901365866,-0.024296529205014905,-0.000933959957644892,0.0034556916330603154,0.006025735126468919,-29.96571568080367,-1.1249476841517208,1245.5490782085215,1162.4761415180412,83.07293669048022,16529.099609375,0.010064482340847336,16320.985630580357,16012.171456473214,82.67261591572037
-0.0142038980359529,1196.0732945033485,1203.7685372488838,1198.5321825406866,27.113689819327973,43.750952592200285,1171.1876220703125,0,Train,2021-08-16,-0.014822670204464483,-0.026971940298981534,-0.015425580760023538,0.0014471957424292328,0.006367817423846671,-33.15466308593727,-18.739188058035325,1245.4706384268354,1163.3029019609996,82.16773646583579,16563.05078125,0.002054024277023725,16359.33579799107,16042.59291294643,89.47600986854218
-0.0049450070208105,1190.5366385323662,1203.0413934616815,1196.0463134070162,27.79729207881827,20.03368980093211,1186.5716552734375,1,Train,2021-08-17,-0.01423898473772911,-0.02515357335423052,-0.028592713750948406,0.0012251723567727622,0.006371414271012369,-30.71894182477672,-35.04263741629461,1245.4057303753211,1163.6038765582725,81.8018538170486,16614.599609375,0.0031122785775283823,16413.10714285714,16075.507161458334,93.15409182751846
0.0131354130740646,1187.2792271205358,1203.0772588820685,1195.1849808494185,27.7744356405962,28.77022019077502,1196.8428955078125,1,Train,2021-08-18,-0.013369348802386494,-0.022066135853314184,-0.036548892716717796,0.0013738901293014905,0.006175286456953768,-26.78981236049094,-45.03989955357133,1245.385205923404,1163.6755868360829,81.70961908732124,16568.849609375,-0.00275360231817956,16457.478515625,16114.385695684523,88.5373070084972
0.008656232591371,1188.1074393136162,1204.6184779575892,1195.3357003638175,26.388835793771754,29.656477897850124,1179.8155517578125,0,Train,2021-08-19,-0.006660005892899723,-0.016250354913703857,-0.03956675785102637,0.002361161054040615,0.0054576174657552205,-19.626098632812727,-48.94620186941961,1245.0963544129756,1164.5337498699485,80.56260454302719,16568.849609375,-0.00275360231817956,16457.478515625,16114.385695684523,88.5373070084972
-0.0142268829216515,1186.242327008929,1205.041283017113,1193.9247777632715,25.888586631394407,26.750463147106984,1176.7569580078125,0,Train,2021-08-20,-0.0036070385273745398,-0.01423101420423356,-0.03818177915701826,0.002326066964088312,0.004718042395155917,-17.125139508928214,-47.09085518973188,1244.544777673986,1165.872451678693,78.6723259952928,16450.5,-0.007142898400624986,16481.821428571428,16153.357142857143,80.45997900532309
-0.0025924338303924,1183.1642194475446,1205.4923444475446,1192.3640668764117,25.27305564435307,26.262145656410723,1142.245849609375,0,Train,2021-08-21,-0.0034659139813059126,-0.010792879596199123,-0.037473714991058005,0.002172611313430659,0.003610861543554608,-12.909075055803896,-46.06373814174117,1243.9596405965415,1167.1208072271195,76.83883336942199,16450.5,-0.007142898400624986,16481.821428571428,16153.357142857143,80.45997900532309
-0.0293273034534361,1175.7754952566963,1203.8206961495537,1187.8078653066812,28.21703202862665,23.48875350531155,1152.22021484375,1,Train,2021-08-22,-0.010379485599420368,-0.012398730789055512,-0.03724043175888403,0.0025117558835152515,0.0029026072848371246,-14.761143275669838,-45.48008510044656,1244.2130132394066,1166.6271165038972,77.58589673550932,16450.5,-0.007142898400624986,16481.821428571428,16153.357142857143,80.45997900532309
0.0087322402946667,1172.2343924386162,1201.787109375,1184.5726243555057,30.34852448486464,26.535822128769027,1161.6468505859375,1,Train,2021-08-23,-0.011808661899321393,-0.012671690313665551,-0.034458210927027166,0.002199082928884663,0.002049839895337013,-15.04483468191961,-41.83464704241055,1245.3812197739376,1164.1569132478257,81.22430652611183,16496.44921875,0.0027931806783987323,16512.421316964286,16185.376162574405,79.04593003400299
0.0081812796032794,1170.8714250837054,1198.247081938244,1182.4884631037266,30.495138756384645,34.20896346827122,1161.5328369140625,0,Train,2021-08-24,-0.010389761760695504,-0.014507117504346412,-0.03052172660982988,0.0021259818053125084,0.0021632828039738652,-17.23601422991078,-36.86211286272351,1246.754063620794,1160.5987527157017,86.15531090509239,16624.599609375,0.007768362083601765,16549.592633928572,16221.97377232143,76.41337366967379
-9.814830713605892e-05,1167.2944510323662,1194.6005452473958,1180.5834061773935,30.065514227946995,34.311423317078095,1161.0079345703125,0,Train,2021-08-25,-0.007213149328714863,-0.015973023003098552,-0.02997672489009051,0.0021383976440435565,0.002168158113997144,-18.947875976562727,-36.07301548549094,1247.8560751744108,1155.7769448451204,92.07913032929036,16634.650390625,0.0006045728309951315,16564.671316964286,16260.554734002977,73.00613423587458
-0.0004519048683501,1162.1751708984375,1190.512730189732,1178.8038178494771,28.395450081400107,38.84746856612965,1162.7880859375,1,Train,2021-08-26,-0.008581237340471115,-0.017739759370772323,-0.028341175880017166,0.0017266331219881602,0.002027471596571752,-20.98904854910711,-33.89812360491101,1248.0287650072064,1150.3405238460305,97.68824116117594,16636.900390625,0.00013525983096518424,16575.221261160714,16302.957124255952,71.84994851003245
0.0015332809657724,1159.74267578125,1186.6846807570685,1177.3478422211156,26.280616446260307,38.82667430772551,1175.8896484375,1,Train,2021-08-27,-0.00950467238677366,-0.01363595307108012,-0.02586561534895504,0.0016569262923784652,0.0019406652599862607,-16.03281947544633,-30.79396275111617,1246.1020041180789,1145.6836247184167,100.41837939966217,16705.19921875,0.004105261588480014,16588.1640625,16350.37611607143,79.36368559825024
0.0112673690575673,1159.6187744140625,1183.505510602679,1177.215279149878,23.005796575517696,42.12381181153702,1167.28466796875,0,Train,2021-08-28,-0.006575613043919848,-0.010762026865897667,-0.02329734410797124,0.0020369342861953337,0.0020235241017653683,-12.615618024553669,-27.66045270647328,1241.886387168201,1142.62920644229,99.25718072591098,16705.19921875,0.004105261588480014,16588.1640625,16350.37611607143,79.36368559825024
-0.0073178469426822,1163.1957484654015,1180.7795700799852,1176.3124963152295,21.224328511324988,40.89704773843187,1149.7095947265625,0,Train,2021-08-29,0.0008781615650719221,-0.006555524760334053,-0.020967540496679704,0.002464661786927558,0.002561525873494322,-7.675676618303896,-24.911690848214675,1235.050714891482,1142.079089447246,92.971625444236,16705.19921875,0.004105261588480014,16588.1640625,16350.37611607143,79.36368559825024
-0.015056372900683,1162.8370884486608,1177.0482584635415,1173.8940507162602,19.295459603625183,40.725847922949576,1147.6551513671875,0,Train,2021-08-30,0.0026681890147106646,-0.0038185417396298105,-0.019730571087682947,0.0024054081950116916,0.002387851464232278,-4.45736258370539,-23.405238560268117,1227.7722073523857,1142.3079876113422,85.46421974104351,16931.05078125,0.013519836521704187,16639.907087053572,16405.261858258928,83.60643262987013
-0.0017869237316955,1160.8382742745537,1174.0821126302085,1171.5086962299808,18.76612326236368,41.79529827153853,1158.0863037109375,1,Train,2021-08-31,0.0010516385965786412,-0.001150340032518793,-0.01886969264791971,0.0024151918064289324,0.0022657017743414045,-1.3368966238838311,-22.32594517299094,1220.208753280098,1143.0324733521563,77.17627992794178,17132.19921875,0.011880446175423387,16737.29268973214,16470.459449404763,86.09677435368758
0.0090890999193646,1160.345912388393,1171.6398635137648,1170.2884787282496,17.216957991108895,39.713179360763455,1185.4302978515625,1,Train,2021-09-01,-0.002450005582266268,0.0005201469427142946,-0.013122898827666818,0.0022843245879645246,0.002276485670667653,0.6032366071428896,-15.429582868303442,1213.4256211097097,1143.7246387256698,69.70098238403989,17076.25,-0.00326573477436376,16820.12137276786,16527.17847842262,82.16925321828639
0.0236113613061519,1163.834821428571,1171.3724772135415,1171.66500773946,16.941918846428038,46.3310226609151,1167.9010009765625,0,Train,2021-09-02,0.0008580161312548018,0.0036357181407646877,-0.007165436421440741,0.002076905586317589,0.002528249673134873,4.216047014508604,-8.399571010045065,1207.1843368159048,1144.9425012142292,62.241835601675575,17234.150390625,0.009246783727399066,16907.200055803572,16579.721354166668,83.20042586059328
-0.0147872860232858,1164.5652378627233,1170.183413550967,1171.3228253064692,16.218401740867343,46.18197465185417,1153.178955078125,0,Train,2021-09-03,0.003210579518924561,0.001177350759000495,-0.005385892153385918,0.0018127954697946384,0.0025890750943554255,1.3694893973217859,-6.30618722098211,1201.5739734159959,1146.2360346057678,55.337938810228025,17323.599609375,0.005190230833697296,17005.62137276786,16630.426106770832,82.17647449668888
-0.0126055597915639,1161.3208530970985,1168.0346156529015,1169.673382558438,15.267887219371955,42.96992095342155,1128.2769775390625,0,Train,2021-09-04,0.0008402155756286334,-0.0013039103814491693,-0.005117473084862656,0.0022221163142302574,0.002596842224742068,-1.5162353515622726,-5.973597935267662,1196.2476476159536,1147.357699063734,48.88994855221972,17323.599609375,0.005190230833697296,17005.62137276786,16630.426106770832,82.17647449668888
-0.0215942004746135,1155.748325892857,1164.9065232049852,1165.910073011222,16.378139130550103,45.58183639130861,1126.4510498046875,0,Train,2021-09-05,-0.006948147096843216,-0.0043847179185037,-0.00553001403446951,0.0025032202547053007,0.0024080400005555115,-5.0899483816965585,-6.42684500558039,1192.3848343110665,1147.1880155075721,45.19681880349435,17323.599609375,0.005190230833697296,17005.62137276786,16630.426106770832,82.17647449668888
-0.0016183328834358,1152.4256766183037,1162.4990525018602,1162.3228890833552,18.13220048158292,41.40662081924516,1115.7232666015625,0,Train,2021-09-06,-0.010424114381688776,-0.006825754014840868,-0.006309157467209059,0.002586227467678528,0.0024004906585609097,-7.920235770089221,-7.316999162946331,1189.5189059849554,1146.242847642277,43.276058342678425,17377.80078125,0.0031287476677577253,17111.464285714286,16682.00711495536,82.46410016156095
-0.0095235236408941,1147.863978794643,1159.8578927176338,1158.0865597668285,20.66582513040357,34.81737555450806,1131.5638427734375,1,Train,2021-09-07,-0.011587559343800513,-0.013722602503269732,-0.010136775877364612,0.002780611834481052,0.0025096986422071693,-15.970842633928214,-11.75479561941961,1187.2872914899517,1144.5329373046911,42.75435418526058,17362.099609375,-0.0009035189246697772,17205.307198660714,16735.52613467262,80.66037735849056
0.0141975852310802,1144.075055803571,1157.2384730747767,1155.6754036765203,20.59656060388681,41.02530546116009,1129.692138671875,0,Train,2021-09-08,-0.010100183429007314,-0.017594705210982386,-0.016438069591516502,0.0027902450008540788,0.002522894057545609,-20.490182059152175,-19.12069266183039,1184.5223498566531,1142.8946405869854,41.627709269667776,17353.5,-0.0004953092983268625,17265.657087053572,16787.68089657738,83.19586453304953
-0.0016540861689031,1136.1124616350446,1154.0408179873511,1153.313288676098,19.31311921693684,40.6970258942371,1128.482421875,0,Train,2021-09-09,-0.01415554626579374,-0.021706655309621126,-0.022982262157865474,0.002302720850001714,0.0028299132159602535,-25.208391462053896,-26.72462681361617,1182.6540091574686,1139.7499947487815,42.90401440868709,17369.25,0.0009075978909154347,17299.521484375,16839.54520089286,92.56428075052119
-0.001070837580845,1130.481236049107,1151.5963832310267,1151.0559371487254,19.13549803612787,39.77416950968178,1115.0615234375,0,Train,2021-09-10,-0.015143556263338076,-0.021862103779583864,-0.026150962539909117,0.001481095118565727,0.0029672696634674327,-25.26708984375,-30.35703822544656,1181.5486114884252,1135.587094077981,45.96151741044423,17369.25,0.0009075978909154347,17299.521484375,16839.54520089286,92.56428075052119
-0.0118928732759531,1125.035888671875,1148.6585053943452,1147.7837177204322,19.803829817737785,31.90280836524437,1109.4237060546875,0,Train,2021-09-11,-0.01664153679001723,-0.023767075397696513,-0.03043060120222052,0.0013427090453331388,0.0030245973798691058,-27.38978794642867,-35.31002371651789,1182.0191767445253,1130.0425681633988,51.976608581126584,17369.25,0.0009075978909154347,17299.521484375,16839.54520089286,92.56428075052119
-0.005056059476819,1122.342564174107,1147.0955461774554,1144.2964439326372,21.553168168761097,32.476189279057,1102.873046875,0,Train,2021-09-12,-0.012120188736527426,-0.022233831788445402,-0.03565132825595774,0.0015519558136477595,0.002622023059177763,-25.52141462053578,-41.49225725446399,1182.395285429612,1124.6772766518613,57.71800877775058,17369.25,0.0009075978909154347,17299.521484375,16839.54520089286,92.56428075052119
-0.0059045603081466,1118.9742780412946,1144.7456810360864,1140.530680563761,23.562883087600746,34.80003961572744,1087.6258544921875,0,Train,2021-09-13,-0.010178813801481446,-0.021939799871474652,-0.039148480771330374,0.001534900614998371,0.0025427112378732385,-25.100777762276493,-45.59095982142867,1182.4486802522513,1119.4341671249806,63.014513127270675,17355.30078125,-0.000803098507419775,17339.385881696428,16890.64285714286,91.00508772976843
-0.0138249750739811,1114.9603620256696,1141.2208716982886,1135.7211509208908,26.28716829750413,32.05517442709093,1066.992431640625,0,Train,2021-09-14,-0.008955737988145196,-0.01861796285460493,-0.039920484461973826,0.001550898540939808,0.0025340278911396433,-21.152099609375,-46.360491071428896,1182.6777830816343,1113.9716553949281,68.70612768670617,17380.0,0.001423151293159064,17360.221540178572,16939.004743303572,90.0191422215324
-0.0189710669035136,1105.735874720982,1136.7189476376489,1129.4730855317755,30.407216248194715,24.3344061709602,1077.218017578125,1,Train,2021-09-15,-0.014796453403106313,-0.021889227825317104,-0.04327278703452897,0.0021302733540137057,0.002804410804120214,-24.745361328125,-50.012451171875,1184.0782762200572,1106.9272326387597,77.15104358129747,17519.44921875,0.00802354538262362,17388.200055803572,16986.164248511905,91.22256254583904
0.0095835599525078,1098.2395717075892,1132.7289515904015,1124.7226248087163,32.486966889372766,16.256338772312745,1074.524658203125,0,Train,2021-09-16,-0.01853010095102492,-0.02381818858767193,-0.047019175301368676,0.0021014724175599897,0.0022380163479627235,-26.79631696428578,-54.18610491071445,1185.7385633829947,1099.116635068456,86.62192831453876,17629.5,0.006281634763507293,17424.157087053572,17036.94754464286,92.02376168197252
-0.0025002917989205,1090.5313197544642,1128.5259312220985,1120.1591732991171,34.074385966510604,17.91382097588354,1068.1566162109375,0,Train,2021-09-17,-0.02191023385515023,-0.02834361400438523,-0.04994725864678051,0.0022607164124428575,0.0018933975846930444,-31.81124441964289,-57.33265904017867,1187.2471633992207,1090.6992895862707,96.54787381295,17585.150390625,-0.002515647600612625,17456.021484375,17083.164248511905,88.02567145333714
-0.0059263805102773,1083.8306187220985,1123.395786830357,1115.4316681092826,34.691297219380225,19.00494049775226,1062.244873046875,0,Train,2021-09-18,-0.019810568237564996,-0.031407030535780756,-0.052657766442743004,0.002286160385836142,0.0018472993112845911,-35.143659319196104,-60.2444370814726,1187.7372773027837,1082.2726627083766,105.46461459440707,17585.150390625,-0.002515647600612625,17456.021484375,17083.164248511905,88.02567145333714
-0.0055345284336983,1077.090785435268,1118.3938918340773,1110.596504921791,35.60724954248189,22.059229155281542,1063.1805419921875,1,Train,2021-09-19,-0.019256988017139376,-0.033964953266679365,-0.05195055788300684,0.0018956534217273375,0.0018788966188430754,-37.86957659040172,-59.02167619977672,1187.694310535531,1073.7409991742904,113.9533113612406,17585.150390625,-0.002515647600612625,17456.021484375,17083.164248511905,88.02567145333714
0.0008808411027003,1071.4204275948662,1114.273460751488,1106.2859628372814,36.78914796124639,23.024533938441365,1055.1690673828125,0,Train,2021-09-20,-0.017524386336653652,-0.031034036165983103,-0.052243952903323954,0.0014724562545767382,0.001774656588650106,-34.31544712611594,-59.06080845424094,1187.1681847679786,1065.325340273874,121.84284449410461,17396.900390625,-0.010705054879733056,17462.221540178572,17122.595238095237,70.80712614519233
-0.007535384906841,1066.7837437220985,1109.869361514137,1101.6389723414206,38.105447320209,23.570474118181096,1052.6356201171875,0,Train,2021-09-21,-0.01572835709337983,-0.02864204568460582,-0.05177803262662506,0.00126710525348793,0.0017575893225963315,-31.455827985490714,-58.25214494977649,1185.747102894661,1057.390205280562,128.35689761409913,17562.0,0.00949017386246398,17489.757254464286,17175.52380952381,69.8357670813052
-0.002400987049316,1064.732770647321,1104.847900390625,1097.1841221392176,38.38086335716867,11.023381871755362,1073.6572265625,1,Train,2021-09-22,-0.011473512683476073,-0.0236568621550014,-0.05132995518991035,0.0017797977398357086,0.0019055677464942004,-25.798549107143117,-57.60979352678601,1182.3362161562013,1050.890886940897,131.44532921530435,17546.650390625,-0.0008740239935656202,17517.092912946428,17225.533389136905,72.55470460543197
0.019970449454268,1064.224086216518,1099.5253731863838,1095.045313450425,34.16594326335397,26.72981034591137,1075.5289306640625,1,Train,2021-09-23,-0.006716636339016535,-0.01809003378101448,-0.04892891007344158,0.002430192871544299,0.002190107744815734,-19.606532505580617,-54.75019182477672,1177.225997242843,1045.9669906896345,131.25900655320856,17822.94921875,0.015746528367181822,17580.37137276786,17282.59765625,75.35309225896629
0.0017432976328535,1064.3675537109375,1095.1267031715029,1093.271096833483,30.692443779881387,28.129710762343137,1066.6728515625,0,Train,2021-09-24,-0.00226492953738755,-0.011812589891564973,-0.04537632909461886,0.00267721211694367,0.0025323201422176216,-12.72323172433039,-50.59280831473211,1171.2263475108834,1042.2713104829782,128.9550370279053,17853.19921875,0.0016972499684944076,17628.049944196428,17340.62379092262,74.02906297687262
-0.0082341616753112,1064.1555873325892,1091.0073649088542,1090.8530745361209,28.21677862674576,29.231937968250648,1060.6014404296875,0,Train,2021-09-25,-0.0005420921856109651,-0.006780569116630608,-0.03760417685542228,0.0026262547014374894,0.002750097310032632,-7.264840262276948,-41.58028738839289,1164.9825101701817,1039.3558739676528,125.62663620252897,17853.19921875,0.0016972499684944076,17628.049944196428,17340.62379092262,74.02906297687262
-0.0056919149333545,1063.9208112444196,1087.7847202845985,1088.1029259809904,27.60537441639109,29.12354290939992,1085.5946044921875,1,Train,2021-09-26,-0.00028497285113748827,-0.0026837046351023686,-0.031248883528945615,0.00219623787315971,0.0029025592364018203,-2.8629324776788962,-34.31876046316961,1158.0706998855392,1037.4171977149074,120.65350217063178,17853.19921875,0.0016972499684944076,17628.049944196428,17340.62379092262,74.02906297687262
0.0235650859123615,1067.1228201729912,1085.839175269717,1087.8748967547356,26.1451309506254,43.61825203812863,1110.1768798828125,1,Train,2021-09-27,0.0025886419145786377,0.00224474120789675,-0.02146522448043353,0.002218394601780976,0.003427954318920609,2.390049525670065,-23.408499581473052,1150.6212949943497,1036.7924867439315,113.8288082504182,17855.099609375,0.00010644538279747096,17660.278459821428,17398.633277529763,72.73507056536018
0.0226440655553219,1074.9810791015625,1085.5750616164437,1089.9023497663788,25.85455232947614,57.79185393637554,1109.3095703125,0,Train,2021-09-28,0.0101728468072122,0.01010782693641854,-0.0081650577753285,0.003132429298794084,0.004468154945960171,10.75699288504461,-8.849539620536007,1142.4893833466103,1038.0150007214697,104.4743826251406,17748.599609375,-0.0059646824901542495,17683.628348214286,17448.319010416668,66.94438070055863
-0.0007812354824071,1083.077357700893,1084.5153343563989,1091.666642543299,24.28367041317085,66.93459510792042,1113.9429931640625,1,Train,2021-09-29,0.01800561306256121,0.01757832989621244,0.005558094402604796,0.0036139669010869895,0.0048991111341839585,18.70980398995539,5.986572265625,1135.21537821068,1039.9854954639857,95.22988274669433,17711.30078125,-0.0021015082285871234,17728.54268973214,17485.473772321428,65.30115530847203
0.0041768528601597,1088.8324672154015,1083.7653750465029,1093.6917653270048,23.0295084740806,65.38531953389565,1102.16552734375,0,Train,2021-09-30,0.02034409407428006,0.023189165359425834,0.016251360504318635,0.0034931922849891868,0.004956099209178981,24.676879882812273,17.412039620535325,1128.6704613002523,1042.3655354910422,86.30492580921009,17618.150390625,-0.005259376020738893,17736.56417410714,17508.614304315477,59.983204257845976
-0.0105727724781136,1092.6376953125,1082.5121895926338,1094.462107328527,21.110585720482863,60.76066067378994,1111.1585693359375,1,Train,2021-10-01,0.016425048360566796,0.026991561556627186,0.024235419542666614,0.003208857175951145,0.004699019916034911,28.71688406808039,25.853951590401493,1123.051460016656,1044.7447174387014,78.30674257795454,17532.05078125,-0.004886983449795879,17734.478515625,17530.31910342262,56.701441651189725
0.0081594295675904,1098.9927978515625,1082.3263346354167,1095.979967511019,20.82494555157649,66.4054684894965,1085.9598388671875,0,Train,2021-10-02,0.014694647651442239,0.02986533234609756,0.03217711349619923,0.0027449864120344704,0.004551960317050313,31.86997767857133,34.260027204241396,1118.2842596871546,1047.1769411359478,71.10731855120684,17532.05078125,-0.004886983449795879,17734.478515625,17530.31910342262,56.701441651189725
-0.0226778887947645,1102.6154261997767,1081.209007626488,1095.069046725216,19.907643189423737,57.886754338317736,1080.755615234375,0,Train,2021-10-03,0.012658475384761392,0.025706821855236983,0.036074488898053536,0.0019058733269175898,0.004076363476456236,27.63434709821422,38.39133998325883,1114.592022930482,1049.233292708469,65.35873022201304,17532.05078125,-0.004886983449795879,17734.478515625,17530.31910342262,56.701441651189725
-0.0047922800149232,1101.9241420200892,1080.155796595982,1093.767825680594,19.27934878604278,55.68348243222652,1088.1510009765625,1,Train,2021-10-04,0.008499108851386605,0.01740114331187148,0.0352853562457911,0.002842074177213752,0.003632736633689385,18.84678431919633,37.55658830915172,1111.601130581833,1050.9205630565596,60.680567525273545,17691.25,0.009080467581137563,17715.66434151786,17552.085751488095,60.708785020603116
0.0068427918744458,1098.777587890625,1080.180803571429,1093.257205252955,19.28986027433473,60.70847092731076,1080.91552734375,0,Train,2021-10-05,-0.00019582472365442527,0.0091337473621238,0.03253471669948116,0.0036846402571309497,0.00345188339276614,9.945120675223507,34.62200055803578,1110.213262019482,1051.6126029358752,58.60065908360684,17822.30078125,0.007407660919946268,17711.25027901786,17575.833426339286,60.480397749546476
-0.0066493286559669,1094.7212960379463,1080.8438081287202,1092.1352345339362,19.051705667736005,58.90979100532967,1060.2362060546875,0,Train,2021-10-06,-0.007159459204228558,0.0019069456731952705,0.028949978671345633,0.003890568031809644,0.0036385250847495118,2.083600725446331,30.80048479352672,1109.6388809270466,1051.8351564613467,57.803724465699815,17646.0,-0.009892144870289554,17681.37890625,17588.604817708332,50.54596074356131
-0.0191313019065236,1087.0488978794642,1080.035150437128,1089.2353228540044,19.56673735018186,45.76247015864769,1069.982421875,1,Train,2021-10-07,-0.01349933591014274,-0.010868042079481888,0.01867271257796066,0.004616073623247328,0.004332081137783328,-11.94389997209828,19.926077706473052,1109.257529099024,1051.8682661018688,57.38926299715513,17790.349609375,0.008180302016037588,17687.343191964286,17608.99767485119,56.368304799959276
0.0091924948088499,1082.451311383929,1079.818853469122,1087.4850591286404,19.65560170225917,48.33171168723403,1061.833984375,0,Train,2021-10-08,-0.014858581651668423,-0.018287531932456802,0.006949175597220636,0.004500436518744,0.004589248933194764,-20.164114815847825,7.470232282366396,1109.1621133696012,1051.825751097475,57.33636227212628,17895.19921875,0.005893622760496431,17713.614397321428,17634.792875744046,66.30882110406671
-0.0076154872579317,1075.4049421037946,1079.5177757626489,1085.1531432419458,19.890195701062748,48.53833514750868,1088.927001953125,1,Train,2021-10-09,-0.017644996954076064,-0.024066266365376676,-0.007083903603510744,0.003550018598983527,0.005027672680347816,-26.51919991629461,-7.672415597098279,1109.129818943629,1051.6894611902997,57.44035775332941,17895.19921875,0.005893622760496431,17713.614397321428,17634.792875744046,66.30882110406671
0.025515304630292,1075.828822544643,1080.788353329613,1085.4962213065985,19.58146618026796,57.59205128658151,1099.5633544921875,1,Train,2021-10-10,-0.01032159211670114,-0.020885723916191257,-0.011942741479792907,0.0027619656418358647,0.005021099884835207,-22.94876534598211,-13.003644670758604,1109.1265506634713,1052.1335689654347,56.9929816980366,17895.19921875,0.005893622760496431,17713.614397321428,17634.792875744046,66.30882110406671
0.00976773697409,1078.5156424386162,1082.5208682105654,1086.7750515961975,19.555188876450444,54.0561865777769,1103.51220703125,1,Train,2021-10-11,-0.003635885424057461,-0.014803451488504149,-0.012924735193073134,0.0034668827014490704,0.005005659057731833,-16.205653599330162,-14.122052873883831,1108.9867859024778,1053.4465235980804,55.5402623043974,17945.94921875,0.0028359561343596074,17760.442801339286,17662.254743303572,63.58297150216822
0.0035912915094249,1080.710100446429,1084.8229224795386,1088.2966111812025,19.01227893472256,47.80126889059464,1076.9896240234375,0,Train,2021-10-12,0.0049331727379418044,-0.005831198067907106,-0.01663586644141324,0.003970515800797863,0.004656107868643233,-6.3387974330353245,-18.282697405133604,1108.6865395491604,1055.3445029313084,53.342036617852045,17991.94921875,0.0025632525445875576,17826.142578125,17692.571335565477,65.41895534722795
-0.0240346983375612,1080.1492571149554,1085.9826369512648,1087.268703257769,17.644304245841628,40.88102085450068,1060.3046875,0,Train,2021-10-13,0.00401591264314094,-0.002126704679243585,-0.020375344431967757,0.003974119494430078,0.004178914869822449,-2.3020542689735066,-22.46616908482133,1108.1646474188353,1057.458912151477,50.70573526735825,18161.75,0.00943759784921161,17893.356863839286,17729.797526041668,62.66544976635514
-0.0154921980223965,1080.159040178571,1085.3468017578125,1084.8174290979716,18.337639950261785,35.82976824162776,1042.8665771484375,0,Train,2021-10-14,0.0015237588360230703,0.004420751559385705,-0.01975190579055419,0.0033003673484993724,0.0038711279602520847,4.754098074776493,-21.765101841518117,1107.4761437704044,1059.7265644466718,47.74957932373263,18338.55078125,0.009734787740718787,17967.106863839286,17768.80236235119,66.35225588747016
-0.016446320154142,1076.2853480747767,1083.7914515904015,1081.0037152843777,20.472857973362387,34.78926593617452,1038.9635009765625,0,Train,2021-10-15,-0.004094300932159678,0.0004243477406136176,-0.020470238985332512,0.0031997492556886937,0.0037610346958833786,0.4565255301338311,-22.49223981584828,1106.5711394057873,1061.8445448855075,44.72659452027983,18338.55078125,0.009734787740718787,17967.106863839286,17768.80236235119,66.35225588747016
-0.0037426419231378,1073.0181361607142,1082.471958705357,1077.1818776200307,22.4306650261682,30.984756219110224,1021.2057495117188,0,Train,2021-10-16,-0.006601977372357015,-0.005097289331355115,-0.019825283344519717,0.0023160030107725192,0.0032193778088567297,-5.497506277901948,-21.70315987723211,1105.6141001897265,1063.7113165931976,41.902783596528934,18338.55078125,0.009734787740718787,17967.106863839286,17768.80236235119,66.35225588747016
-0.0170917952826566,1063.3436715262276,1080.5959734235491,1072.0931387010933,25.752686998939,32.24881782153899,1016.1157836914062,0,Train,2021-10-17,-0.015567493329096793,-0.016069461100647997,-0.021806954958032754,0.0039736244760281035,0.0034240895033098833,-17.366428920201315,-23.70522635323664,1106.1469380939996,1062.8005638242482,43.34637426975132,18338.55078125,0.009734787740718787,17967.106863839286,17768.80236235119,66.35225588747016
-0.0049842706259206,1051.4225899832588,1077.287458147321,1067.004288245667,29.297486725523857,32.26903227124224,1014.8377075195312,0,Train,2021-10-18,-0.02310052639478144,-0.026595090393733756,-0.028665235169792025,0.004862188692281536,0.004067309379879391,-28.72666713169656,-31.028721400670065,1109.274448261356,1057.3172047450619,51.95724351629406,18477.05078125,0.007552396132719963,18085.82840401786,17809.161923363095,69.18832017913333
-0.001257805648124,1038.7548043387276,1072.7474975585938,1062.2618718160184,31.266816095447805,29.191533208765307,1004.8631591796876,0,Train,2021-10-19,-0.031931735976599374,-0.038331610716324294,-0.03408031368478659,0.005043740412199471,0.004679451853944765,-41.40423583984352,-36.65013776506703,1113.8190273018756,1048.340370368325,65.47865693355061,18418.75,-0.003155307734996393,18175.59988839286,17848.85714285714,71.30910016830312
-0.0098287127744035,1028.4510236467634,1067.7738589332216,1057.0438070308974,33.39483141394671,28.744595065773552,1036.1103515625,1,Train,2021-10-20,-0.03281408336157443,-0.04444390561813161,-0.04403841754845117,0.004695666665178624,0.0049373698558723466,-47.83432442801336,-47.37779889787953,1118.1098814189372,1038.0113718943999,80.09850952453735,18266.599609375,-0.008260625212080042,18228.657087053572,17890.271391369046,66.4552221961132
0.0310959677418374,1024.9946899414062,1064.067542666481,1055.1407656246795,32.31625880346984,43.63330157055042,1039.26025390625,1,Train,2021-10-21,-0.0251353740100575,-0.044755484181411065,-0.04962464186072857,0.003978617516091797,0.004887343563410399,-48.02344621930797,-53.52095249720992,1120.5465990956777,1028.8103536805497,91.736245415128,18178.099609375,-0.004844908296702255,18261.821428571428,17919.609468005954,66.63888624497689
0.0030401224531728,1024.479500906808,1061.072053455171,1053.6970827411858,31.513746787952563,41.600126560816605,1026.11328125,0,Train,2021-10-22,-0.013742707491983475,-0.03654902141246341,-0.05203115943525716,0.004600348703944336,0.0049848810933038334,-38.86417061941961,-56.230599539620925,1120.465365129186,1021.4402579525663,99.02510717661971,18114.900390625,-0.003476668084567369,18279.385881696428,17946.668991815477,67.55833479447347
-0.0126503179611022,1022.6437552315848,1057.0222778320312,1051.1894644238052,30.19219028057464,40.49330687531594,1005.7990112304688,0,Train,2021-10-23,-0.005646616398500615,-0.027371330068276634,-0.053238477464647826,0.0047993031161051684,0.004955170664237024,-28.778834751674026,-57.505501883370584,1118.5723845697005,1015.3360714152325,103.23631315446801,18114.900390625,-0.003476668084567369,18279.385881696428,17946.668991815477,67.55833479447347
-0.0197972976188209,1020.4427926199776,1053.2050955636162,1047.0630595880473,31.39412301017725,27.048207612955864,1021.4339599609376,1,Train,2021-10-24,-0.004440898441814278,-0.01762881061272925,-0.055284680623254534,0.004977449928612502,0.004843737255822751,-18.31201171875,-59.71624755859352,1115.7245599933958,1010.0357610515262,105.68879894186966,18114.900390625,-0.003476668084567369,18279.385881696428,17946.668991815477,67.55833479447347
0.0155448042361281,1021.2025320870536,1050.3802548363096,1044.733141440128,31.45998957969438,29.00776603372084,1026.2044677734375,1,Train,2021-10-25,-0.0031986670468797662,-0.0070479696096830136,-0.05117863593168248,0.004883679969926292,0.004689829403011904,-7.248491559709805,-55.082815987723166,1112.1388166871172,1005.8639987774475,106.27481790966976,18125.400390625,0.000579633328010587,18274.19308035714,17961.071428571428,64.36582525376167
0.0046704025903763,1022.8263549804688,1047.430419921875,1043.048716561338,30.634723971937618,29.31984273669497,1020.133056640625,0,Train,2021-10-26,0.00017855655789200675,-0.002115459701612199,-0.046776265459811284,0.0038083413420272032,0.004647998456090001,-2.1683349609375,-50.19178118024547,1108.0950294909558,1002.7182918678609,105.37673762309487,18268.400390625,0.007889480889700096,18264.17159598214,17980.842912946428,64.64540503246441
-0.0059163756575584,1025.00776890346,1044.5360165550596,1040.965474750364,30.180863880895785,32.922024208486874,1064.116455078125,1,Train,2021-10-27,0.004473524940836526,0.0005156452580890036,-0.03605222248395368,0.0020586214158554513,0.004846776875183661,0.5282679966519481,-38.33590262276766,1104.4515854725053,1000.1576229887113,104.29396248379396,18210.94921875,-0.0031448386638428527,18226.157087053572,17997.788132440477,70.11709132789744
0.0431153545620222,1029.0086408342634,1044.7207903180804,1043.070109325615,30.29345766511395,50.98363051831337,1064.299072265625,1,Train,2021-10-28,0.007644035832202967,0.006223951957969209,-0.02131773595367814,0.002189472624865094,0.005177977079774303,6.364885602678555,-22.41394914899547,1100.7418134614745,998.5231279447753,102.21868551669922,17857.25,-0.0194223384240636,18145.942801339286,18002.961960565477,52.07314253619057
0.0001716139118312,1032.5856148856026,1044.4501546223958,1045.000015047434,30.081134057732616,56.07136879757333,1061.7427978515625,0,Train,2021-10-29,0.00954146308179582,0.01189956198764297,-0.005939023749740757,0.0023759733258355248,0.005497495286491345,12.142822265625,-6.169189453125,1097.6333738697424,997.3496348146886,100.28373905505384,17671.650390625,-0.010393515763905459,18060.950055803572,18001.07384672619,43.40272774327719
-0.0024018384312041,1037.675545828683,1044.445812406994,1046.5220862114456,30.078505698436725,56.50250576175368,1068.8638916015625,1,Train,2021-10-30,0.01235871308446268,0.016130995785883062,0.008969335408127277,0.0023568862128580865,0.005885526941127994,16.473013741629416,9.22452218191961,1094.0618321294735,997.1058488833612,96.95598324611228,17671.650390625,-0.010393515763905459,18060.950055803572,18001.07384672619,43.40272774327719
0.0067069856884449,1046.684814453125,1043.4904261997767,1048.553159428729,28.890161344502104,64.48389268841021,1061.2861328125,0,Train,2021-10-31,0.017177867043498107,0.023326011650444567,0.021161206711186598,0.0026469962061085096,0.006239050722316295,23.85845947265625,21.69012451171875,1089.9421526105846,998.0424456037011,91.89970700688343,17671.650390625,-0.010393515763905459,18060.950055803572,18001.07384672619,43.40272774327719
-0.0070895451222589,1052.3779820033485,1041.667701357887,1049.7107024636173,26.263637880112064,63.523330074645294,1066.535888671875,1,Train,2021-11-01,0.01916777343439824,0.026702444537731518,0.027231858784725782,0.0023725360427948885,0.005731607331005389,27.370213099888588,27.898481096540536,1085.3998998697784,999.7514865001989,85.64841336957954,17929.650390625,0.014599655057507821,18025.45731026786,18015.907180059523,49.571422261801686
0.0049465979975285,1058.139613560268,1039.9069242931548,1051.2402648461862,22.939213477088074,65.11813781013208,1071.2379150390625,1,Train,2021-11-02,0.01972106581276556,0.02830974548706089,0.03470989594088403,0.0020654174777678122,0.0046997454173806266,29.13097272600453,35.495858328683084,1081.257055350573,1001.6933666639361,79.56368868663685,17888.94921875,-0.002270048271341696,17993.178571428572,18032.90234375,47.28404624372719
0.0044086902439286,1065.4403076171875,1039.633033389137,1053.0582330455386,22.504532121340365,70.02760996286503,1075.27783203125,1,Train,2021-11-03,0.017918950294374847,0.03181788730925206,0.0440960682192475,0.001781726323266096,0.0036304699593648,32.85469273158492,44.99751499720992,1077.9707892520175,1003.507759506353,74.46302974566458,17829.19921875,-0.0033400508475575075,17950.864118303572,18039.471354166668,40.69086177297132
0.0037712602732513,1067.0347900390625,1040.3460402715773,1055.078196589694,23.4111487879856,64.13979740859986,1080.73291015625,1,Train,2021-11-04,0.01392732296414323,0.028293279463315724,0.044880674020990385,0.002306052927615134,0.0032343763437021568,29.35924421037953,45.832257952008945,1075.8414664919721,1004.7120264628269,71.12944002914526,17916.80078125,0.004913376165984751,17900.635602678572,18043.971354166668,37.57331614566548
0.0050731801237779,1069.3824811662946,1042.1491989862352,1057.4104432775628,25.01809834504112,64.72687503847044,1068.3619384765625,0,Train,2021-11-05,0.010625126837656484,0.0216852928405471,0.04551713588443351,0.002506690995768757,0.00309457316186648,22.69766671316961,46.55612618582586,1074.985826700427,1005.2041007549302,69.78172594549676,17916.80078125,0.004913376165984751,17900.635602678572,18043.971354166668,37.57331614566548
-0.0114468353498172,1070.3280726841515,1043.5491245814733,1058.4060337501992,25.64557302021725,65.08557037326327,1073.6800537109375,1,Train,2021-11-06,0.004587554114500625,0.01705669539629895,0.044214595396847134,0.0029563161327710833,0.0028434007979315926,17.950090680802987,45.320303780691575,1076.4372178632802,1004.4511497078691,71.98606815541109,17916.80078125,0.004913376165984751,17900.635602678572,18043.971354166668,37.57331614566548
0.0049778216939835,1071.0160958426338,1046.0479009719122,1059.794581019357,25.91469972714876,77.14506078674968,1070.9638671875,0,Train,2021-11-07,0.003731186499950523,0.012168982351054014,0.040823228631309716,0.002569732892008128,0.0025127256492977253,12.876482282365942,42.00745500837047,1079.6710853712466,1003.1766327858405,76.49445258540607,17916.80078125,0.004913376165984751,17900.635602678572,18043.971354166668,37.57331614566548
-0.0025297913601445,1072.3986293247767,1048.659714471726,1060.8099706710063,25.50789485788121,72.08886304816716,1072.3106689453125,1,Train,2021-11-08,0.002820457798404119,0.006530935292988094,0.03855662316541664,0.0024680935267008637,0.0024711400637348778,6.958321707589221,39.81301443917414,1083.7437466111664,1002.4683540445257,81.27539256664079,18068.55078125,0.008469704042186388,17880.29296875,18064.092819940477,38.05697422638027
0.0012575604080362,1073.223597935268,1051.3965221586682,1061.8554886959432,24.77014438011097,71.20968104222821,1076.4190673828125,1,Train,2021-11-09,0.002705268903071101,0.005800005729877711,0.034257386376197685,0.0022135499782705275,0.0025290757304666125,6.18880789620539,35.54805210658492,1087.4881030849983,1003.2012549995438,84.2868480854545,18044.25,-0.001344921435271762,17907.007254464286,18076.18331473214,38.828919526086665
0.0038313508915666,1073.9637625558037,1054.803946358817,1063.1794503947494,22.89994936491922,76.36880818099573,1084.65869140625,1,Train,2021-11-10,0.002752215139073755,0.004284043801159543,0.02606223738607638,0.0005666790693055015,0.002614606542740263,4.5812813895090585,27.27894810267867,1090.6425760368825,1004.9436893090992,85.69888672778325,18017.19921875,-0.0014991358050348014,17956.37137276786,18081.992838541668,41.96054975981061
0.0076546618999151,1075.3038853236608,1057.1157720656622,1065.132108668522,23.36426077760708,64.46949816510921,1078.290771484375,0,Train,2021-11-11,0.0027091194630799453,0.004648866797477336,0.021784856498678895,0.0005480206677873991,0.002666506050621931,4.975812639509286,22.925903320312273,1093.3900452432315,1007.2786585444358,86.11138669879574,17873.599609375,-0.007970140510272006,17948.364118303572,18078.54761904762,40.52112415731977
-0.0058708974282214,1074.9550083705358,1058.974368140811,1066.3283507426904,23.42519235624389,59.06551340133127,1085.115234375,1,Train,2021-11-12,0.0016132802508246336,0.003677734203240801,0.015891470836906008,0.0005366507020739879,0.0028199740105893443,3.938912527901948,16.81539481026789,1095.272235868377,1010.6275932331853,84.64464263519176,18102.75,0.012820606684330382,17978.907087053572,18083.82384672619,49.6571858712747
0.0063289634587435,1077.3483363560267,1061.7839849562872,1068.0362492547183,22.81722344493674,64.34981510655169,1104.949951171875,1,Train,2021-11-13,0.003151478586361778,0.004615547703904266,0.011176626840288195,0.0007801234861616623,0.0027607938196791406,4.94970703125,11.90802873883922,1096.5376631844388,1015.0527202907283,81.48494289371047,18102.75,0.012820606684330382,17978.907087053572,18083.82384672619,49.6571858712747
0.0182789036302668,1081.815464564732,1066.5054582868304,1071.3920403380964,20.82469513862961,69.16377865163733,1114.3310546875,1,Train,2021-11-14,0.006055571201727172,0.008005663168415111,0.013852101790541083,0.0014217536887761821,0.002215417652565729,8.59186662946422,14.78067452566961,1097.7088309098663,1019.9428458130692,77.76598509679707,18102.75,0.012820606684330382,17978.907087053572,18083.82384672619,49.6571858712747
0.0084900709807496,1088.010777064732,1070.9291294642858,1075.295587097133,20.637659825747683,77.6404974658552,1104.767333984375,0,Train,2021-11-15,0.01214540942879716,0.013079598212419663,0.017419675585222727,0.002149204711871372,0.0022472333113589447,14.047014508928442,18.6282958984375,1099.147769252448,1025.0223496789138,74.12541957353415,18109.44921875,0.0003700663573213969,18018.942801339286,18081.333333333332,49.54898238010508
-0.00858247705015,1092.6474434988838,1074.6702183314733,1077.974836814155,19.19515318940268,69.06443114472293,1117.5037841796875,1,Train,2021-11-16,0.01420070614728397,0.016128983082770887,0.020852831374178704,0.002201946256829162,0.002139673851412017,17.343558175223052,22.319370814732338,1100.5770619572186,1030.3570244336856,70.22003752353294,17999.19921875,-0.006087981951756416,18030.714006696428,18065.173735119046,42.24473880550826
0.0115286267103662,1098.5166887555804,1079.306919642857,1081.5683774837487,16.99707547962634,71.35936665231475,1114.6505126953125,0,Train,2021-11-17,0.015438145171614792,0.02191875957744549,0.025677105152476898,0.0022470038971075033,0.0019139039457853413,23.56168038504461,27.50059291294656,1102.5872911825893,1035.2976000004467,67.28969118214263,17898.650390625,-0.005586294529162039,18006.442522321428,18037.630859375,41.22115527152339
-0.0025532544272048,1102.801234654018,1081.7133033389136,1084.5758443211637,18.26858850735641,68.37838361437764,1128.4139404296875,1,Train,2021-11-18,0.01359403592415509,0.023625504805699027,0.02835009715406267,0.0020726136499618266,0.001954507145706714,25.45289829799117,30.40260532924117,1104.751087223936,1040.1553659359408,64.59572128799527,17764.80078125,-0.007478195643460861,17966.52120535714,18006.490420386905,47.03470102689781
0.012347751674284,1109.9616873604912,1084.766392299107,1088.5611257855746,20.44110098020297,70.65452011129877,1131.9061279296875,1,Train,2021-11-19,0.01584613954356917,0.02601758221961048,0.03423153338773233,0.001407782234370885,0.002243020646245961,28.14622279575906,36.73808942522328,1108.1565686723227,1043.978498640735,64.1780700315876,17764.80078125,-0.007478195643460861,17966.52120535714,18006.490420386905,47.03470102689781
0.0030947752193404,1116.6461007254463,1088.1075032552085,1092.5015805259486,22.1522205307426,79.81996452909394,1139.6895751953125,1,Train,2021-11-20,0.01650353804856919,0.026318970606125314,0.0397428103794375,0.0010248506243129114,0.0023469611434871964,28.63532366071422,42.68233816964266,1113.375129911362,1045.7560660289282,67.6190638824337,17764.80078125,-0.007478195643460861,17966.52120535714,18006.490420386905,47.03470102689781
0.0068764070390372,1121.6089041573662,1091.4801548549108,1096.7913982231637,24.35768943264007,80.27634195721504,1132.24853515625,0,Train,2021-11-21,0.017054450894996354,0.026505768929218076,0.043062263110644095,0.0009824155977213533,0.002267707196379266,28.961460658482338,46.30501883370539,1119.2093678085807,1046.844920347111,72.36444746146981,17764.80078125,-0.007478195643460861,17966.52120535714,18006.490420386905,47.03470102689781
-0.0065290059688291,1124.1685442243304,1094.8593168712798,1100.0147743079897,24.876222684167946,76.94149592693162,1134.097412109375,1,Train,2021-11-22,0.012799411930715765,0.0233513570902677,0.045781949449581694,0.0014233158967415249,0.0022148518127687385,25.65185546875,49.21353585379461,1124.9187799519668,1047.7384012701314,77.18037868183546,17416.55078125,-0.019603372100156835,17880.714285714286,17966.011904761905,42.59078362031701
0.0016329250122366,1128.3585553850446,1098.0765322730654,1103.1131959262973,25.39348406562453,77.04283731352373,1136.3341064453125,1,Train,2021-11-23,0.010488958544689453,0.023174911242318963,0.047347935024945054,0.0014634000181467674,0.002084349720760204,25.55732073102672,51.01021902901789,1131.03859470284,1047.9104112960438,83.12818340679632,17503.349609375,0.004983697932798847,17827.821428571428,17933.880952380954,36.25102991606972
0.0019722241776192,1131.0486014229912,1101.1763509114585,1106.1332787007532,25.92115437140604,76.66043823532607,1120.1514892578125,0,Train,2021-11-24,0.008416211061302858,0.0189978756047382,0.04550973661489288,0.0016291168436415619,0.0019479161860564253,21.0869140625,49.23313685825906,1136.7467901156263,1048.6035970216506,88.1431930939757,17415.05078125,-0.0050446817378146935,17729.578683035714,17900.554780505954,35.17119654233343
-0.014241073198201,1131.8344552176338,1103.3131917317708,1107.4076614786677,25.526025553816577,64.75056794026659,1113.5323486328125,0,Train,2021-11-25,0.0068191829709955964,0.013601761992738881,0.04027871697294261,0.0021023163301189707,0.0020063702632821434,15.1883544921875,43.82367815290172,1141.7310082635406,1049.86457627887,91.86643198467073,17536.25,0.006959452503032093,17647.69308035714,17872.5,41.172759438126334
-0.0059091477255328,1129.7085135323662,1104.8750697544642,1107.9644512199536,25.074781096858327,64.61564319684257,1111.1356201171875,0,Train,2021-11-26,0.0011963911124517335,0.007221420358716868,0.03391859858730384,0.002587709283969656,0.0022699081951755443,8.099609375,37.06107003348234,1145.4387153315581,1052.0949132956741,93.34380203588398,17026.44921875,-0.029071254187753914,17508.72879464286,17813.359468005954,28.613223339013203
-0.0021523654149496,1126.7412981305804,1106.9119117373511,1108.2527393015205,23.6577211980637,61.20279808485702,1114.741943359375,1,Train,2021-11-27,-0.0038082389094435953,0.0022885837888526606,0.025693382416404953,0.002701944647316829,0.0027979230672533,2.57275390625,28.224609375,1147.9017974505725,1055.2043514054542,92.69744604511834,17026.44921875,-0.029071254187753914,17508.72879464286,17813.359468005954,28.613223339013203
0.0032456193257552,1123.1773507254463,1108.8672398158485,1108.8426669431433,22.439272478441687,54.9006502757746,1120.69921875,1,Train,2021-11-28,-0.00764873736815419,-0.004591806952560562,0.018476689571190974,0.002751060799931797,0.0032546002628334805,-5.181204659598279,20.37611607142844,1149.2645995932048,1058.919421402889,90.34517819031589,17026.44921875,-0.029071254187753914,17508.72879464286,17813.359468005954,28.613223339013203
0.0053440847239247,1121.5274483816963,1111.2355898902529,1109.920535289221,20.803795726449287,53.30020977410694,1120.49365234375,0,Train,2021-11-29,-0.007241748692403238,-0.008417987546526451,0.010419964177960761,0.0026417124175260338,0.003305676767088203,-9.521153041294838,11.565761021205162,1149.8592401316398,1063.1551659090967,86.70407422254311,17053.94921875,0.0016151341742889347,17388.057198660714,17758.264229910714,24.081561784029304
-0.000183426920275,1119.5840541294642,1113.530017671131,1110.8817277487235,18.86261939220661,59.025349160445664,1113.9656982421875,0,Train,2021-11-30,-0.006352162659690408,-0.010823491926488571,0.002631051505135984,0.0019616103187334185,0.0034013919571529534,-12.25040108816961,2.9379534040178896,1149.6603256939025,1067.9161095042004,81.744216189702,16983.19921875,-0.004148599194972014,17276.399832589286,17716.642764136905,23.523322526751656
-0.0058259625906027,1116.3885672433037,1115.3179524739585,1111.162088702675,16.84013726921609,47.813689933801214,1113.828857421875,0,Train,2021-12-01,-0.006044266720440783,-0.011790604505062752,-0.00465432905776042,0.0012890779787922033,0.003437280982847485,-13.3199462890625,-5.2203369140625,1148.6429837100056,1073.0419196800615,75.60106402994415,17166.900390625,0.01081664117042136,17240.735491071428,17692.60704985119,30.320769028399184
-0.0001228411436082,1115.4853341238838,1116.707007998512,1111.4045222226025,15.319126279786836,49.47463233629775,1144.2088623046875,1,Train,2021-12-02,-0.005387397576876896,-0.009989838861300115,-0.007724117655718565,0.0008387300256432112,0.003378289002218484,-11.255964006696558,-8.683210100446558,1146.706640701966,1079.0312952634358,67.67534543853026,17401.650390625,0.013674571102433752,17226.20703125,17667.464192708332,39.51944496491995
0.0272752898081054,1119.8676932198662,1119.8459647042412,1114.3867349573372,13.724327540321092,58.32936365906978,1150.6453857421875,1,Train,2021-12-03,0.0002533432745452924,-0.002946691814469493,-0.007524968127069265,0.002429741947674185,0.003105715782120895,-3.3096575055801623,-8.490862165178442,1144.5016364026424,1085.4882352491436,59.01340115349876,17196.69921875,-0.01177768586739425,17195.01395089286,17634.499906994046,29.66076874645958
0.0056253046533265,1125.5119454520088,1122.966448102679,1117.682975937778,12.855034590215302,59.58441240594274,1150.3486328125,0,Train,2021-12-04,0.008172224686278762,0.003552741465277398,-0.004895153014659703,0.0032823521370378976,0.0029834637441316014,3.9844970703125,-5.536655970982338,1142.5188356067647,1091.8406841337487,50.67815147301599,17196.69921875,-0.01177768586739425,17195.01395089286,17634.499906994046,29.66076874645958
-0.0002579012903233,1130.5986153738838,1125.1282900855654,1120.6525811082074,13.47605912015765,55.9038337495994,1127.5009765625,0,Train,2021-12-05,0.013548614928111213,0.009838083352289306,-0.001091890989934896,0.0033901073264274626,0.002991019656702849,11.01456124441961,-1.23583984375,1141.2582629420772,1097.3600406293513,43.89822231272592,17196.69921875,-0.01177768586739425,17195.01395089286,17634.499906994046,29.66076874645958
-0.0198615059802692,1131.5702950613838,1125.7554292224702,1121.275162513143,13.25306259631822,47.75378239203809,1124.465087890625,0,Train,2021-12-06,0.010449986112082588,0.013598963894415617,0.001648019384395294,0.003223795689123427,0.0029524610380261412,15.181727818080162,1.8617815290176623,1139.905063994701,1102.6055247329775,37.29953926172357,16912.25,-0.01654091957599968,17105.87109375,17590.83565848214,26.104739554502146
-0.0026925818557875,1132.1376429966515,1126.6934175037202,1121.5651557292776,12.360343725675738,45.49326857396115,1120.7904052734375,0,Train,2021-12-07,0.005886830052240555,0.014928308211104024,0.004789337956303097,0.0029770976396730204,0.002800939600672016,16.652308872767662,5.396344866071104,1138.8107104141204,1107.061973737665,31.748736676455337,17176.69921875,0.015636548581649423,17127.335379464286,17555.592726934523,34.535385880901316
-0.003267938379555,1133.1126011439733,1126.8499232700892,1121.494723869656,12.258555701926529,42.82403806921799,1130.8563232421875,1,Train,2021-12-08,0.002223588226541562,0.011827207807044715,0.008845664856142132,0.0023068022866997353,0.0027402880736721916,13.24490792410711,9.935250418526948,1137.8225279034323,1111.0812928973492,26.741235006083116,17469.75,0.017060948527881648,17186.735491071428,17527.07840401786,42.48017801264416
0.0089810886329761,1135.5450962611608,1127.621628534226,1122.3457783580675,11.958602073404426,55.23785177239051,1131.8148193359375,1,Train,2021-12-09,0.0035126418722057906,0.008914299710184315,0.01249871137767622,0.0019170108457155586,0.0027901774680203885,10.033150809151948,14.017647879464448,1138.1241211436316,1113.338040547217,24.78608059641465,17516.849609375,0.002696066593683266,17262.971261160714,17501.96409970238,45.51633285183
0.000847584325303,1133.7745186941963,1127.7835751488096,1123.2066002651468,11.992847037161503,59.47017120541869,1140.3970947265625,1,Train,2021-12-10,0.001445827464240379,0.0028090458250404904,0.012674764804296856,0.0023360613053147617,0.0027728146979064056,3.1759033203125,14.19046456473211,1138.7012718184747,1114.4737316692485,24.227540149226115,17511.30078125,-0.00031677089480919296,17312.171316964286,17477.873697916668,51.95574734608245
0.0075827558042227,1132.3104771205358,1128.1879069010415,1124.7693724889118,12.278517557830916,64.24440646622725,1141.081787109375,1,Train,2021-12-11,-0.0007078943633913592,0.0006541193793989653,0.01426197861963785,0.002067866693446474,0.0026875359724678246,0.7401820591519481,15.92190987723211,1139.2557979614367,1114.9893628226037,24.266435138833003,17511.30078125,-0.00031677089480919296,17312.171316964286,17477.873697916668,51.95574734608245
0.0006003982174092,1130.9866420200892,1128.2542027064733,1126.2523192725905,12.34728987232521,63.19756716951035,1133.001708984375,0,Train,2021-12-12,-0.004014331316369968,-0.0010166616962895558,0.013896469475665807,0.0014016808167243225,0.002535243708216554,-1.1510009765622726,15.50130789620539,1139.630320449549,1115.2966501140668,24.33367033548211,17511.30078125,-0.00031677089480919296,17312.171316964286,17477.873697916668,51.95574734608245
-0.0070810683478427,1131.7724609375,1128.2900681268602,1126.8659001554795,12.360559160223914,56.03576108490623,1134.0059814453125,1,Train,2021-12-13,-0.0017658341439902303,-0.0011827070011579677,0.010630512684409066,0.0013871388712113008,0.0024712547421591644,-1.3401402064732792,11.904767717633831,1139.948782962575,1115.3195781562863,24.629204806288726,17368.25,-0.008169055116863166,17307.399832589286,17453.809430803572,47.274678635790906
0.0008863821236755,1133.1354457310267,1128.2857142857142,1127.514998454555,12.358427242020174,56.57777297107142,1150.759521484375,1,Train,2021-12-14,0.0007285710299076431,-0.002122020990683593,0.0067733623883985405,0.0014512202908290894,0.002376009391248295,-2.4096505301340585,7.62350027901789,1140.2093114330248,1115.2677341166402,24.94157731638461,17324.900390625,-0.002495911181322197,17325.714285714286,17416.768973214286,48.147836045549504
0.0147737669052765,1137.416748046875,1128.9726388113838,1129.6281369118117,13.200380108524966,66.28944481373995,1164.910888671875,1,Train,2021-12-15,0.005685395200867083,0.0032124812232272593,0.0060305510552358665,0.002008931172747023,0.0022350060583342215,3.642229352678669,6.818132672991169,1141.108863795467,1114.9264110371225,26.182452758344425,17221.400390625,-0.005974060321640162,17369.87862723214,17374.480933779763,43.48394096204669
0.0122974148145618,1142.2816859654015,1131.104038783482,1132.83565979909,15.171265011721188,70.11861629704843,1165.23046875,1,Train,2021-12-16,0.009285634162891965,0.008806073110108947,0.009465952712585768,0.0024130365000615797,0.0022725542179885825,9.971208844865714,10.711390904017662,1143.204750078529,1114.0878419973635,29.116908081165548,17248.400390625,0.0015678167505297491,17380.121651785714,17338.728608630954,55.74065972702832
0.0002743386479022,1147.0553501674108,1133.5658540271577,1135.7806424309908,16.327772886178522,60.84798869146833,1176.5745849609375,1,Train,2021-12-17,0.012284413561349572,0.014207690480429358,0.013176584369435584,0.0024336357660090227,0.0022923481192085025,16.06870814732156,14.917707170759286,1146.3409295385857,1112.9830677409902,33.35786179759543,16985.19921875,-0.01525945397337003,17310.90011160714,17295.230933779763,48.415059813481356
0.0097355128579044,1152.2235630580358,1136.6819952101937,1139.489182660986,17.99255656987975,62.73544859342399,1164.88818359375,0,Train,2021-12-18,0.013017932992974046,0.018069976807524757,0.016865898318285666,0.002237344466147707,0.0022365245314627984,20.45110212053578,19.1109619140625,1150.2876262609088,1111.9409922519258,38.346634008983074,16985.19921875,-0.01525945397337003,17310.90011160714,17295.230933779763,48.415059813481356
-0.0099325631511711,1155.624476841518,1139.0699114118304,1141.7981827457827,18.26077764884625,56.42268917350773,1167.3074951171875,1,Train,2021-12-19,0.011680823600738854,0.019846728116410306,0.01768259195206734,0.0015483848691569277,0.002119558425822805,22.48903111049117,20.07938058035711,1154.3250298888956,1111.3132914699213,43.011738418974346,16985.19921875,-0.01525945397337003,17310.90011160714,17295.230933779763,48.415059813481356
0.0020768615885293,1160.5253034319196,1141.2893531436011,1144.117211143183,18.742404378625977,71.45658281736293,1170.5943603515625,1,Train,2021-12-20,0.011743071738031574,0.02031670047476064,0.023594448716780958,0.0011701699808578888,0.002222854085735101,23.10855538504461,26.75078473772328,1158.7322503348187,1111.0001959542433,47.73205438057539,16614.19921875,-0.021842546279377872,17181.950055803572,17240.440383184523,42.52764637947128
0.0028157664095569,1165.7522147042412,1143.6751011439733,1146.5242247075812,19.147257048457327,74.79759197113725,1157.4471435546875,0,Train,2021-12-21,0.011741342635191332,0.020547058599651447,0.029534070609986474,0.0005473512690321081,0.002297910903662924,23.470528738839675,33.44173758370539,1163.2745052546984,1111.3943057804577,51.880199474240726,16770.849609375,0.00942870544420904,17076.171316964286,17209.692708333332,41.89102077051659
-0.0112312319640139,1166.7075892857142,1145.7456461588542,1147.5172173300457,18.09604831329831,67.88410457983443,1147.9749755859375,0,Train,2021-12-22,0.009590582984611018,0.017132773161674608,0.031583880780256424,0.0013529096686529152,0.0022996560409880504,19.65223911830344,35.720947265625,1166.8474744042,1112.943562147139,53.903912257061165,16955.44921875,0.011007170994593363,17017.199776785714,17183.602213541668,40.67266401176497
-0.0081836721629116,1164.2881731305804,1147.3716517857142,1147.5588317169447,16.55310547493742,58.40052426900655,1139.210205078125,0,Train,2021-12-23,0.0032423848816851564,0.010470719797228245,0.028729902268646912,0.002498556334365667,0.002554390161072478,12.06461007254461,32.51571219308039,1169.4378915235957,1114.7951930188146,54.64269850478104,17072.599609375,0.006909306212627531,16981.156808035714,17167.295014880954,47.306982543852286
-0.0076349839449583,1160.5709926060267,1147.1336204892114,1146.79986565887,16.636589427354313,53.37083465478197,1139.62109375,1,Train,2021-12-24,-0.00444453120728483,0.0042803833456595,0.024212063066565204,0.003232833183895959,0.0027490311690688243,4.946515764508831,27.435546875,1171.2039296528737,1116.5350596049384,54.66887004793534,17003.75,-0.004032754879180422,16950.063895089286,17141.93787202381,52.190567392865695
0.0003606785385554,1155.2919224330358,1146.608654203869,1146.1472500307907,16.694071307932592,49.61782865112812,1154.708251953125,1,Train,2021-12-25,-0.00978451409548764,-0.004509493229839623,0.015715589221677373,0.0036922333264373247,0.003130625110782377,-5.233380998883831,17.87517438616078,1172.1438248269565,1118.0644951367713,54.079329690185205,17003.75,-0.004032754879180422,16950.063895089286,17141.93787202381,52.190567392865695
0.013238749515841,1153.837646484375,1146.8162551153273,1146.925522932821,16.76984096449087,55.877137562126194,1164.180419921875,1,Train,2021-12-26,-0.008975893500752119,-0.010220498035158343,0.010116559392447044,0.0035445883013168833,0.0031364605364383557,-11.914568219866169,11.555960518973507,1172.7396059258667,1119.6954491801598,53.044156745706914,17003.75,-0.004032754879180422,16950.063895089286,17141.93787202381,52.190567392865695
0.0082030832920163,1153.3909214564733,1148.5628952752977,1148.4941499318256,16.566411446848306,63.28791239891623,1194.058349609375,1,Train,2021-12-27,-0.0061866712120994816,-0.011413886351243963,0.005523335284681519,0.002957867997106293,0.003169244499519579,-13.316667829240942,6.3355712890625,1173.1213149014943,1121.4390680505144,51.682246850979936,17086.25,0.004851870910828504,16926.899553571428,17144.78552827381,47.62793575603849
0.025664346501812,1156.742919921875,1151.8768601190477,1152.636349902512,18.36766477555496,70.53866135834744,1181.7557373046875,0,Train,2021-12-28,0.0012559574430186515,-0.006480571891765763,0.003922291653057908,0.002499609841788417,0.003195465013491745,-7.54525320870539,4.519356863839221,1173.7298708665048,1123.1935439632944,50.536326903210465,17233.25,0.008603409174043453,16962.335379464286,17153.323660714286,43.28315819369498
-0.0103031918906745,1160.215576171875,1154.7799711681548,1155.2835669390731,18.023335823478376,60.93398383506078,1179.8155517578125,0,Train,2021-12-29,0.005527579817605099,-0.00030624273432311444,0.003972829775036546,0.002885953865614954,0.003159022993427364,-0.35541643415172075,4.59109933035711,1174.7159106815334,1124.6745521393368,50.041358542196576,17213.599609375,-0.0011402602889762914,17047.964006696428,17164.295107886905,41.25097766087171
-0.0016417822106792,1164.7642299107142,1157.111363002232,1157.5137473771404,17.940330130643392,55.75330240377865,1204.5804443359375,1,Train,2021-12-30,0.009860757738476833,0.00819905973005497,0.003652592895871498,0.0033020047507655486,0.003135588392151301,9.472307477678442,4.23892647879461,1175.9503560909493,1126.539077851573,49.411278239376315,17203.94921875,-0.0005606259494814747,17109.835379464286,17166.05933779762,41.15358064001116
0.0209904781651908,1174.1028355189733,1160.576392764137,1161.792538009758,19.74635714361821,62.77790065935878,1202.2294921875,0,Train,2021-12-31,0.01500758318734352,0.017563293324970086,0.007163289684892993,0.0040853618578857945,0.0035393297373914646,20.26518903459828,8.35062081473211,1178.36445970646,1128.3042100759062,50.0602496305537,17354.05078125,0.008724831757606522,17166.778459821428,17163.79268973214,49.59295971476946
-0.0019516771665121,1183.0468924386162,1163.5207926432292,1165.4686247531893,21.14720989580205,58.84752526932193,1248.5411376953125,1,Train,2022-01-01,0.019678512110717472,0.025711985789427017,0.014004625754517663,0.0035550872291338093,0.003817777974460588,29.65597098214289,16.339303152901948,1181.9891669058613,1129.8855279183574,52.10363898750393,17354.05078125,0.008724831757606522,17166.778459821428,17163.79268973214,49.59295971476946
0.0385214684956254,1196.4515904017858,1168.637904575893,1173.0206713842913,27.494688856041098,73.28754787253925,1262.076171875,1,Train,2022-01-02,0.027204956743478004,0.034327999589219615,0.027624962628215233,0.003964743161862252,0.004577486080751484,39.70867047991078,32.16341727120539,1188.4507373973313,1129.891870373316,58.5588670240154,17354.05078125,0.008724831757606522,17166.778459821428,17163.79268973214,49.59295971476946
0.0108406793905659,1210.4366978236608,1174.7843075706846,1181.1166259743557,33.00498901694366,74.8443915348995,1263.468505859375,1,Train,2022-01-03,0.03094606469341099,0.04328602604827125,0.04296652728297312,0.0037493148167167993,0.005188329041674935,50.22112165178578,49.86570521763406,1197.749037782612,1128.3236951972985,69.4253425853135,17625.69921875,0.015653315812207858,17245.79268973214,17184.221261160714,57.62480431637723
0.0011032091528251,1220.3524344308037,1180.9491896856398,1188.6031605093574,36.871723544862654,74.59200527508331,1252.170166015625,0,Train,2022-01-04,0.03153344320552631,0.04772485546225136,0.05631521413284957,0.0033114494451308607,0.005359992257439468,55.58820452008945,65.06051199776789,1208.2439676942101,1126.122333924093,82.12163377011711,17805.25,0.01018687423526421,17360.29268973214,17226.745070684523,64.2502948442069
-0.0089423201222298,1230.4116385323662,1185.7782679966515,1194.3819791917454,39.28216605704072,75.32957423180952,1251.120361328125,0,Train,2022-01-05,0.02838397174028251,0.04795900436481215,0.06636461575101515,0.002591350726655891,0.005463183012621003,56.30880301339289,76.57399204799117,1219.707639441964,1123.4716574330362,96.23598200892775,17925.25,0.0067395852346920915,17480.149832589286,17262.39034598214,65.8027770811008
-0.0008383881967419,1240.5980398995537,1189.883480980283,1199.5400139314163,41.43790824670894,78.88276421241318,1276.6842041015625,1,Train,2022-01-06,0.02491773599571312,0.04864654801831847,0.07560933315909701,0.0016962877152134348,0.00530258545945701,57.5511474609375,87.20711844308039,1231.936078226408,1120.5974876218065,111.33859060460145,17745.900390625,-0.010005417462796928,17553.385602678572,17275.540364583332,68.4842479139437
0.0204327605589442,1250.898577008929,1195.1908017113096,1206.5531221287022,45.09826970041253,85.18518518518519,1287.52587890625,1,Train,2022-01-07,0.02503059093119475,0.04550705356065343,0.08139721926580967,0.0016705061908897304,0.004883582626504972,54.44698660714312,94.1556570870539,1244.820416206118,1117.5806510371863,127.23976516893163,17812.69921875,0.003764183651131514,17638.971261160714,17289.628441220237,84.17450812660394
0.0084920568217705,1263.083775111607,1200.4741966610864,1213.914281835752,49.12742719083737,85.93610231222787,1297.294921875,1,Train,2022-01-08,0.02655382601729306,0.04349428382550258,0.08866300457639542,0.0015460497069427282,0.004075506088029836,52.64707728794633,102.86819893973211,1258.6829627691468,1114.4640343011656,144.2189284679812,17812.69921875,0.003764183651131514,17638.971261160714,17289.628441220237,84.17450812660394
0.0075874536805806,1270.0486014229912,1206.7792794363838,1221.4943400211382,52.698735804509816,85.56301278608547,1295.723876953125,0,Train,2022-01-09,0.02373900375162763,0.04072279907842091,0.09039114424070838,0.00186381742487354,0.00345055423075184,49.6961669921875,105.28437151227695,1272.0348556779506,1112.064471191469,159.97038448648163,17812.69921875,0.003764183651131514,17638.971261160714,17289.628441220237,84.17450812660394
-0.0012110160113818,1274.8554164341515,1212.8943452380952,1228.2424797422275,55.27702061119104,84.15482958147177,1255.6134033203125,0,Train,2022-01-10,0.019151704115378143,0.03612106429259554,0.08581239893747794,0.00204218692363998,0.002912560747364444,44.443777901785325,100.75258091517821,1284.512153684372,1110.4974933580386,174.01466032633334,18003.30078125,0.010700318921871732,17753.16434151786,17313.05701264881,84.47510039063567
-0.0309560349594943,1273.733258928571,1216.94287109375,1230.7307455220534,55.13728664041706,65.1761546161472,1230.2166748046875,0,Train,2022-01-11,0.008431336089344432,0.02670906930636474,0.07665492134721985,0.0036938140383709025,0.0034637454071786756,33.135219029017435,90.68636648995493,1294.9068809388066,1110.8053330678897,184.10154787091687,18055.75,0.002913311252602302,17853.407087053572,17345.795107886905,83.23567516288816
-0.0202265509817484,1270.5970458984375,1220.4080868675596,1230.6840118204746,53.47274899580376,61.22321357894856,1229.425537109375,0,Train,2022-01-12,0.0004318295180449905,0.01574745487089002,0.06197112870379695,0.004744892055136414,0.0041732917694417325,19.698468889508604,74.14545549665172,1303.0783294166283,1113.2647718668538,189.8135575497745,18212.349609375,0.008673115731830494,17937.214285714286,17388.054594494046,83.62590352559374
-0.0006430880929476,1267.4977852957588,1224.2866850353423,1230.5696050285562,50.84562051131014,61.550801014320655,1249.4063720703125,1,Train,2022-01-13,-0.005771345553029383,0.003494629787134773,0.04714091003246401,0.005081544009260895,0.004780107642904657,4.414010184151721,57.06108747209805,1309.1782336693602,1117.8575468830952,191.32068678626501,18257.80078125,0.0024956237305924223,18001.864397321428,17437.40699404762,87.51606811478361
0.0162521717321053,1263.6009521484375,1229.5341215587798,1232.2820383959886,47.18065617761707,60.67472628161598,1237.7838134765625,0,Train,2022-01-14,-0.00795481056108771,-0.005076694913351831,0.03543936693813032,0.00495047652099303,0.005320514006816396,-6.447649274553669,43.24851771763383,1312.9638951674697,1124.902788356526,188.06110681094378,18255.75,-0.00011232356375068253,18049.078683035714,17485.376023065477,86.7558701699851
-0.0093024646372589,1256.4949428013392,1234.2085367838542,1232.7821997669498,42.45299629141756,58.10874241147815,1250.2225341796875,1,Train,2022-01-15,-0.011098800475430548,-0.014402004647842803,0.02119884390892568,0.003974082867082854,0.006004782516587886,-18.360473632812273,26.083304268973052,1314.2645691839061,1133.867843971786,180.39672521212015,18255.75,-0.00011232356375068253,18049.078683035714,17485.376023065477,86.7558701699851
0.0100491867543399,1249.7703159877233,1238.7568359375,1234.3676847135623,38.43622196431208,50.4535450535469,1260.8065185546875,1,Train,2022-01-16,-0.013986193517410372,-0.01881315634405656,0.0073934310656433855,0.00316347541428772,0.006161547149956236,-23.962942940847825,9.17227608816961,1313.2977506469917,1144.4726019618254,168.82514868516637,18255.75,-0.00011232356375068253,18049.078683035714,17485.376023065477,86.7558701699851
0.0084656803774094,1244.7821219308037,1243.3580787295386,1236.7712150627556,34.66035899678764,49.65197914484775,1242.9769287109375,0,Train,2022-01-17,-0.014893016806957204,-0.020317160386108202,-0.0048896490815031335,0.0017010642734317431,0.005907284334819499,-25.81492396763383,-6.116455078125227,1310.7559152144563,1155.8183575952535,154.93755761920283,18308.099609375,0.0028675682661627455,18129.39285714286,17548.371279761905,85.91806871597129
-0.0141414162929525,1242.976911272321,1245.687534877232,1237.335370848954,32.77387527811963,44.8474211475904,1229.697509765625,0,Train,2022-01-18,-0.010758524422613158,-0.019345891020800532,-0.015918867960685645,0.0015686477787055643,0.005690031956326049,-24.520874023437727,-20.106863839286007,1306.8873055443119,1167.9631007754429,138.924204768869,18113.05078125,-0.010653690567923424,18172.300223214286,17619.745163690477,76.90308861587714
-0.0106835602806274,1242.9027448381696,1247.9704764229912,1236.6410198413787,29.615448597817743,44.40502312802776,1224.5291748046875,0,Train,2022-01-19,-0.005495066622802636,-0.016380335322694894,-0.021373872271034933,0.002025861870256385,0.005335512264862185,-20.69820731026789,-27.14585658482156,1301.7931254246325,1180.8711323878676,120.92199303676489,17938.400390625,-0.00964224043394124,18163.028738839286,17675.342819940477,69.99431071977371
-0.0042029319567562,1242.203264508929,1250.0996965680804,1235.5399430198613,25.83669060802169,43.51267980956908,1241.1717529296875,1,Train,2022-01-20,-0.0020717339817466485,-0.011374242589904271,-0.025612435343101647,0.002246412115541704,0.004877493793409316,-14.291678292410325,-32.6521519252226,1296.26716213516,1193.2071385763356,103.06002355882447,17757.0,-0.010112406160797005,18120.350167410714,17713.511904761905,60.785871872353326
0.0135910017232987,1241.026890345982,1251.8421398344494,1236.0519257389365,23.76408972174508,40.9419085018115,1248.244384765625,1,Train,2022-01-21,-0.0015688311734953775,-0.00699602601365279,-0.025677565026527405,0.0023559245789567633,0.004270015368832374,-8.743425641741169,-32.70636858258899,1290.317020219624,1204.955280282608,85.36173993701595,17617.150390625,-0.007875745304668613,18035.321707589286,17739.442894345237,49.753799320290376
0.0056983506265293,1242.5212576729912,1254.0333251953125,1237.1603311049992,20.910931449913072,39.78412287218169,1240.7265625,0,Train,2022-01-22,-0.0003069324343861757,-0.0018162730794250015,-0.022096531954073573,0.002293294259210964,0.003148476116266667,-2.2608642578125,-28.07578822544633,1285.3412434145841,1214.5380238147688,70.8032195998153,17617.150390625,-0.007875745304668613,18035.321707589286,17739.442894345237,49.753799320290376
-0.0060227166710119,1241.164690290179,1253.6612025669642,1237.48453395909,21.082384722431584,35.114048703267784,1248.911865234375,1,Train,2022-01-23,-0.0008360742951037947,-0.0014579683385166353,-0.020775653662728377,0.0015860790590145235,0.0024979563766590255,-1.8122209821422075,-26.333095005579935,1281.9887005167652,1220.9633659592396,61.02533455752564,17617.150390625,-0.007875745304668613,18035.321707589286,17739.442894345237,49.753799320290376
0.0065971850541202,1239.4654541015625,1253.0343308221727,1238.523382256843,21.01526953962645,38.09582346192244,1254.475830078125,1,Train,2022-01-24,-0.0012581808311858955,-0.0027655347539317088,-0.019100569690010616,0.0009330978729946254,0.0019587309943210605,-3.4372907366071104,-24.135498046875,1279.8837240791795,1224.9796443639007,54.90407971527884,17149.099609375,-0.02656790518738339,17876.93582589286,17746.364304315477,33.79595821423645
0.0044550500308568,1241.108154296875,1252.6061081659227,1239.9736047860504,20.88323025821326,49.649056606615765,1259.767822265625,1,Train,2022-01-25,-0.0011372870825265835,-0.0008815869699769774,-0.012245802175820608,0.0010930155523935503,0.0021369260632371407,-1.0951102120538962,-15.38678850446422,1278.9919549838362,1226.9410650356951,52.05088994814105,17277.94921875,0.007513491221694313,17737.25,17755.492838541668,34.08407225842144
0.0042184887589029,1245.4039132254463,1252.9679013206846,1241.7730791023753,20.941033216648005,60.40761507434595,1274.6546630859375,1,Train,2022-01-26,0.003415520090469526,0.003526936373025702,-0.003493764179241299,0.001774048138946185,0.002552324470836387,4.377022879464221,-4.366402762276948,1278.837159774788,1227.5764475773328,51.26071219745518,17277.94921875,0.007513491221694313,17737.25,17755.492838541668,34.08407225842144
0.0118171305515164,1252.564697265625,1254.0885823567708,1244.762314009972,21.460504688586006,64.49051648010413,1273.6160888671875,0,Train,2022-01-27,0.0105684616870243,0.008083112888904065,0.0062521586691408615,0.0026548898479237344,0.003166763830715497,10.043439592633831,7.782575334821331,1278.8996990637697,1227.6805203140207,51.21917874974906,17110.150390625,-0.00971173291462768,17566.114397321428,17749.630952380954,34.27878420228005
-0.0008147887022478,1257.1996023995537,1253.9424816313244,1247.385384451537,21.30889293745172,58.82778156619834,1255.2425537109375,0,Train,2022-01-28,0.012965387461977507,0.012919246120050243,0.011442441929733205,0.002612047667692979,0.0033135302024280386,16.034912109374773,14.222691127232565,1278.2646862455053,1227.7271158610797,50.537570384425635,17101.94921875,-0.0004793161771092791,17421.671316964286,17744.314267113095,31.899573831418692
-0.0144262743827241,1258.1993408203125,1252.4051804315477,1248.099672566028,19.88164327303781,56.06740143049864,1264.5406494140625,1,Train,2022-01-29,0.010274118668639476,0.015114488795760384,0.012307154397775966,0.00263349611058694,0.002953335301868536,18.73388671875,15.29659598214289,1276.5180354623037,1228.2888405840133,48.2291948782904,17101.94921875,-0.0004793161771092791,17421.671316964286,17744.314267113095,31.899573831418692
0.0074074095684826,1261.601353236607,1250.8454531715029,1249.59430682494,17.30128286233674,55.08699068942008,1250.74267578125,0,Train,2022-01-30,0.007214522324243466,0.016512016997698442,0.015615873248688183,0.002310831580020103,0.00256898582060762,20.49319893973211,19.398088727678214,1273.9071741518758,1229.5742955746866,44.33287857718915,17101.94921875,-0.0004793161771092791,17421.671316964286,17744.314267113095,31.899573831418692
-0.0109114512366256,1261.8628976004463,1248.7034912109375,1249.6987040027864,13.921704985148004,46.50431517345073,1250.44482421875,0,Train,2022-01-31,0.003709271934219549,0.013215780198067018,0.016789327786971064,0.0019357105592151815,0.002200881538605923,16.458984375,20.83600725446422,1271.3861016517556,1230.9083319419944,40.477769709761105,17339.849609375,0.0139107178709299,17336.1640625,17750.785714285714,33.50157802250321
-0.0002381397614932,1261.2870396205358,1248.4573683965773,1249.7665331133285,13.838877562721551,52.95372400880271,1251.8345947265625,1,Train,2022-02-01,0.002454061689628695,0.006963586291352408,0.015102986634361049,0.0022216394511300674,0.0021315322903058976,8.72234235491078,18.76578194754461,1269.4088177551375,1231.9546152108223,37.454202544315194,17576.849609375,0.013667938611870323,17310.428292410714,17761.395182291668,39.092106984073034
0.0011114208967042,1260.1537214006696,1249.486793154762,1249.9545387145315,13.203634683114275,59.664716459654805,1230.7904052734375,0,Train,2022-02-02,-0.0011474558363651077,0.0023497613230847314,0.015299364587991304,0.002444632861849285,0.002176359740669764,2.9541190011159415,18.989031110490714,1267.9069008338818,1232.7221257425692,35.18477509131253,17780.0,0.011557838585399605,17333.692522321428,17768.742838541668,40.35688117116827
-0.016810678936159,1253.8873988560267,1249.5517868768602,1248.2123447653412,13.102922564700927,52.40075787786708,1225.1075439453125,0,Train,2022-02-03,-0.00632041623506463,-0.003427073774712408,0.011635616552877703,0.002806403172600577,0.002679036295818357,-4.311941964285779,14.42194475446422,1266.3824542180544,1233.2752170291553,33.107237188899035,17560.19921875,-0.012362248664229525,17392.421037946428,17757.073753720237,35.563488445035105
-0.0046172453926974,1246.9576067243304,1248.3946998232886,1246.1119083271567,14.147642210490426,43.27527635150603,1212.8978271484375,0,Train,2022-02-04,-0.011360961023207272,-0.011607269185871183,0.004713088385733144,0.0030218452513817947,0.003133080138896697,-14.64374651227672,5.84945242745539,1265.6444585472627,1233.059479092246,32.584979455016764,17516.30078125,-0.0024998826581151823,17426.471261160714,17737.59998139881,34.95800456109403
-0.0099662408065459,1240.9083600725446,1247.209652855283,1243.0924464018187,16.001658664507804,35.81353920985511,1201.2838134765625,0,Train,2022-02-05,-0.015272233062751828,-0.01660603348251921,-0.0036097149729189537,0.0031620667292464122,0.0034110191543930313,-20.95453752790172,-4.495553152901721,1265.629848100807,1232.187893947184,33.4419541536231,17516.30078125,-0.0024998826581151823,17426.471261160714,17737.59998139881,34.95800456109403
-0.0095754262328756,1231.8716692243304,1244.8792375837054,1239.291661590432,18.85088768065731,34.67346170156047,1200.1422119140625,0,Train,2022-02-06,-0.017557979808858537,-0.0233217098663403,-0.016520526314104167,0.002947012024233495,0.003915224252592109,-29.41537039620539,-20.69302804129461,1266.5761842726863,1229.9505125046574,36.62567176802895,17516.30078125,-0.0024998826581151823,17426.471261160714,17737.59998139881,34.95800456109403
-0.0009503179429315,1224.643031529018,1241.9904610770088,1235.732620710762,20.832182902655745,29.951796515659865,1194.65771484375,0,Train,2022-02-07,-0.01789521558309537,-0.02817964925118921,-0.02589610337801307,0.0025803378104636396,0.004166028938381072,-35.51068987165172,-32.55657087053578,1268.4036007232703,1226.2897080797434,42.113892643526924,17213.599609375,-0.017281112927623465,17441.24972098214,17712.25232514881,29.793603288501075
-0.0045698726499799,1216.6734444754463,1239.6895461309523,1231.9985383592152,23.2463268453474,25.393924177755466,1197.4619140625,1,Train,2022-02-08,-0.0195299801152774,-0.02967886463691416,-0.033004226752966215,0.0020510241103385775,0.004372166249823956,-37.21395438058039,-41.52589634486617,1271.136352535174,1220.9340262315673,50.2023263036067,17266.75,0.0030876976246183574,17464.79268973214,17686.254743303572,33.5119231536121
0.0023472825596047,1208.9059186662946,1238.154517764137,1228.858845241332,24.94161562687077,23.83505746537212,1196.494140625,0,Train,2022-02-09,-0.018642973234782256,-0.03051562286707954,-0.041768689003958026,0.0008768953544469558,0.004319795208697257,-38.05168805803578,-52.6954345703125,1274.4624203501166,1214.2782238323612,60.18419651775548,17463.80078125,0.01141215233034587,17482.5,17660.564267113095,40.833608079265645
-0.0008081872384706,1204.0064522879463,1236.819516136533,1225.91659936712,26.41419508325384,12.831908236537046,1202.8968505859375,1,Train,2022-02-10,-0.016851097593154063,-0.02973781865926095,-0.04585002492942747,0.0010854596303497518,0.0036966876602597624,-36.90190778459828,-57.8564453125,1277.6156370842095,1207.4229632924644,70.19267379174516,17605.849609375,0.008133901085124018,17486.64285714286,17639.140438988095,47.03562883862106
0.0053512255041991,1200.83349609375,1234.9969017392114,1223.823894932467,27.400947905875164,18.00288968814344,1205.4281005859375,1,Train,2022-02-11,-0.013019063129569242,-0.02519594687174198,-0.047930044175331865,0.001618152554110183,0.0031911145244945638,-31.03817313058039,-60.45354352678578,1280.1752241034142,1200.694600115336,79.48062398807815,17374.75,-0.01312629691281364,17428.75,17599.254743303572,45.410302513463
0.0021042951428187,1199.766392299107,1232.958031063988,1222.1515499918737,27.95331845387969,23.68950417016974,1207.06591796875,1,Train,2022-02-12,-0.00756016347183619,-0.020313379972326517,-0.047920605300789454,0.0023548292959980795,0.0030550885580249445,-24.87663922991078,-60.3873291015625,1282.0609415262813,1194.6690528933616,87.39188863291974,17374.75,-0.01312629691281364,17428.75,17599.254743303572,45.410302513463
0.0013587018437817,1200.5924072265625,1231.3551432291667,1220.780128898862,28.44631562602876,16.970908657252494,1215.1064453125,1,Train,2022-02-13,-0.0028355704032119178,-0.013217217258996716,-0.042503809894004374,0.0028343110889370864,0.0027812336417806084,-16.08103724888383,-53.29499162946422,1283.2566570525303,1189.5860326796126,93.6706243729177,17374.75,-0.01312629691281364,17428.75,17599.254743303572,45.410302513463
0.0066612164456441,1202.7301548549108,1229.745361328125,1220.26433948192,28.359495585415804,28.069682537297737,1228.20947265625,1,Train,2022-02-14,0.0015794519118017547,-0.00510855618789352,-0.03546828828094806,0.0032819934222951606,0.0029693079707671247,-6.175763811383831,-44.22745186941961,1283.6184885388236,1185.3864012491229,98.23208728970076,16842.80078125,-0.03061622289529342,17326.264508928572,17531.87379092262,44.33744597419761
0.0107834399153237,1207.5232631138392,1228.494582403274,1220.98662431595,27.78770344982292,38.1794702072707,1210.4659423828125,0,Train,2022-02-15,0.006465317635600432,0.002920923570808087,-0.026903756983919114,0.0035682471434373975,0.003499969243704812,3.5168108258928896,-33.38509695870539,1282.8627535695716,1182.3540712072138,100.50868236235783,17352.44921875,0.03025912638397754,17302.85714285714,17488.859468005954,51.207299502951145
-0.0144466645702248,1209.3809814453125,1226.1468738374256,1220.0301986856646,27.08726559113313,31.26550649006036,1216.52099609375,1,Train,2022-02-16,0.007320198067096051,0.007117960466098694,-0.018257330159382246,0.0027697245195000943,0.003674199399296476,8.5474853515625,-22.49068777901789,1280.8040474346797,1180.0944057600748,100.70964167460488,17322.19921875,-0.0017432697608654735,17318.37137276786,17441.91183035714,53.59666971223064
0.0050022503722972,1212.2419607979912,1223.3786039806548,1219.7111802682175,24.75189020120637,42.522730209334135,1217.6376953125,1,Train,2022-02-17,0.007908512067054563,0.010398331357638124,-0.010126273870634361,0.0021814107416450812,0.0038777112858760726,12.475568498884058,-12.40107073102672,1277.531596488463,1178.871092546135,98.66050394232798,17304.599609375,-0.001016014719190439,17323.778459821428,17403.414155505954,53.426334000611575
0.000917944879156,1214.347795758929,1220.7129661923364,1219.5226816358795,21.92379574124198,45.88902041348287,1219.8961181640625,1,Train,2022-02-18,0.005651677987131398,0.011457167686194314,-0.0019114814472835917,0.0014919079290352417,0.003913365766363507,13.755388532366396,-2.325648716517435,1273.592252874923,1178.4252816535368,95.16697122138612,17276.30078125,-0.0016353356196504576,17296.992745535714,17371.885602678572,48.84357706702114
0.0018547576674545,1216.4146554129463,1219.0298025948662,1219.556630411169,20.4474171803648,54.325212526141385,1209.274658203125,0,Train,2022-02-19,0.005815929037703338,0.011377864355356149,0.006211183708104917,0.0010171826951340353,0.003923050761229968,13.684500558035552,7.508736746651721,1268.4190179557106,1179.079846790383,89.33917116532757,17276.30078125,-0.0016353356196504576,17296.992745535714,17371.885602678572,48.84357706702114
-0.0087068561025693,1216.730189732143,1216.398088727679,1218.6219056649832,17.66411443493129,54.99999236187599,1182.323974609375,0,Train,2022-02-20,0.003702420044260135,0.0076246370563177734,0.010567831609222589,0.0011155308027567682,0.0035561661447140367,9.206926618303669,12.723737444196558,1262.4621099660183,1180.5234839932452,81.93862597277302,17276.30078125,-0.0016353356196504576,17296.992745535714,17371.885602678572,48.84357706702114
-0.0222866520942366,1212.0469796316963,1213.1400553385415,1215.3220937508368,17.31906890628666,41.57272363022913,1173.712890625,0,Train,2022-02-21,-0.00189469288392341,0.00220443204191767,0.00933808356814092,0.0024524126060144497,0.00337449863194215,2.665998186383831,11.213483537946331,1255.614409593454,1182.4471783669258,73.1672312265282,17206.650390625,-0.004031556958107085,17239.964285714286,17345.67847842262,42.82642198390447
-0.0072831847863188,1204.261753627232,1209.4861537388392,1211.5394389212152,17.14859696425665,40.37853332914635,1168.8240966796875,0,Train,2022-02-22,-0.009990755809817675,-0.006583015131323977,0.0037468638536461985,0.003391150879287606,0.0033634356385838196,-7.9802071707590585,4.495361328125,1247.785816371951,1184.6865748110847,63.099241560866176,17092.19921875,-0.006651566067580439,17199.59988839286,17320.680803571428,36.1975953556406
-0.0041652383511858,1198.3129185267858,1205.5332728794642,1207.656225990167,16.45200501182787,37.09180624806736,1161.6273193359375,0,Train,2022-02-23,-0.015136692884567648,-0.01320451792159083,-0.0018986366114395192,0.003653715624381357,0.003194457750844609,-16.034877232143117,-2.2794886997767208,1240.5139537223165,1186.400989427795,54.11296429452159,17063.25,-0.0016937094155936583,17231.092633928572,17316.592726934523,39.200259426714496
-0.0061572800938944,1190.4709647042412,1202.239792596726,1203.4717799306916,17.993599053767696,35.11972301322106,1162.6446533203125,1,Train,2022-02-24,-0.01780130249902645,-0.021327999126990016,-0.010192801852672018,0.003712582790748262,0.003458645579682099,-25.943690708705162,-12.25919015066961,1234.5797301824812,1186.6865487656216,47.893181416859534,16247.9501953125,-0.04778103847083648,17073.307059151786,17267.54515438988,29.357263899851205
0.0008757834526107,1182.6148158482142,1199.265369233631,1199.7602229661115,19.149989633849724,31.993687475427024,1175.7476806640625,1,Train,2022-02-25,-0.01797527631664575,-0.028038569414833847,-0.02062771627388249,0.003422808508670364,0.003768653397309813,-34.11537388392867,-24.908447265625,1230.3010211721908,1185.1359033534786,45.16511781871213,16658.400390625,0.025261660109649586,16978.478655133928,17246.033249627977,41.27016836117036
0.0112700190091012,1176.307896205357,1197.496314639137,1197.577264575016,19.539650955253503,37.87011945194983,1158.4755859375,0,Train,2022-02-26,-0.0183633356373073,-0.029486549636218884,-0.027347118689124983,0.0024397869542340375,0.003934403120432415,-35.73908342633922,-33.07308523995539,1228.6545662272342,1181.225980996538,47.42858523069617,16658.400390625,0.025261660109649586,16978.478655133928,17246.033249627977,41.27016836117036
-0.0146903072917883,1169.0508858816963,1195.457827613467,1194.02256651706,21.28023413122554,32.39206596362092,1163.8856201171875,1,Train,2022-02-27,-0.017992945193641363,-0.0292385502067809,-0.03562908751967564,0.001033027833931627,0.0040783514752918614,-35.21086774553578,-43.19107491629484,1228.9800293342141,1175.3413033248262,53.63872600938794,16658.400390625,0.025261660109649586,16978.478655133928,17246.033249627977,41.27016836117036
0.0046699595963513,1166.4168352399554,1193.7313232421875,1191.2828441170714,22.326252438869822,31.07810359397928,1150.55908203125,0,Train,2022-02-28,-0.013696750954909187,-0.026617490968922963,-0.03947053775398679,0.0015531893709213266,0.003939035539217134,-31.89608328683039,-47.93096051897351,1229.935182521344,1169.360489214147,60.57469330719687,16793.900390625,0.008134034290366632,16905.521623883928,17231.3642578125,42.75269866548523
-0.0114500410139921,1163.1091482979912,1191.6313883463542,1187.5806839274512,24.227681390464312,21.361837994168923,1148.5738525390625,0,Train,2022-03-01,-0.011220487382549882,-0.022984026673046776,-0.04382182249921929,0.0017624607295742636,0.0035170167430425107,-27.36181640625,-53.30550711495516,1231.3913629535177,1163.3246317451426,68.06673120837513,16793.900390625,0.008134034290366632,16905.521623883928,17231.3642578125,42.75269866548523
-0.0017254476742581,1160.2162562779015,1189.3033854166667,1184.0346083466886,25.92851299281646,24.17142973581521,1148.549072265625,0,Train,2022-03-02,-0.0075570958548411005,-0.01893986044327345,-0.04644738326636133,0.0019941853691923463,0.003304865556298662,-22.398559570312727,-56.513933454241396,1232.84078727484,1157.4961878228162,75.34459945202389,16605.94921875,-0.011191633122935585,16809.75711495536,17196.41662016369,36.81504865181606
-2.1574819401237733e-05,1158.347935267857,1187.020286923363,1180.8086505211377,27.33633066725232,20.13088583965412,1150.4847412109375,1,Train,2022-03-03,-0.006917681336825354,-0.015268078192314238,-0.04430442488306574,0.0020644728316190765,0.002965929479316206,-17.9599609375,-53.69904436383922,1234.0181932844,1152.0702257306668,81.94796755373318,16498.05078125,-0.00649757722841704,16708.52859933036,17145.045247395832,32.79279011434805
0.0016853167113655,1156.610804966518,1184.5244721912202,1178.0519314929377,28.19350049128265,20.70164749541712,1140.6822509765625,0,Train,2022-03-04,-0.005587045154775483,-0.010641180007999518,-0.03956859753885711,0.001840096105757202,0.0026584081381653643,-12.440080915178442,-47.65094866071422,1234.8091011486576,1146.9637591331507,87.84534201550696,16245.349609375,-0.015317032007332254,16587.55008370536,17071.966657366072,32.57419602142255
-0.0085203131195442,1151.6014578683037,1181.4413364955358,1174.6546878096306,29.31128437985212,17.57410405548559,1145.719970703125,1,Train,2022-03-05,-0.0074251660955303445,-0.01270161482931953,-0.03898102068023224,0.0016753712959811382,0.0022059759132672867,-14.81537737165172,-46.71146065848211,1235.436999771352,1141.43676557463,94.00023419672198,16245.349609375,-0.015317032007332254,16587.55008370536,17071.966657366072,32.57419602142255
0.0044164093219207,1149.7792271205358,1178.5201009114585,1172.0242589817665,29.68435503277568,22.73787855621346,1163.910400390625,1,Train,2022-03-06,-0.0073973526316510885,-0.011460593528097918,-0.034181209613805885,0.001003748071514688,0.0019823618820332587,-13.32992117745539,-40.69173758370539,1235.2979297991963,1136.2807427733485,99.01718702584776,16245.349609375,-0.015317032007332254,16587.55008370536,17071.966657366072,32.57419602142255
0.0158768548621324,1149.7827671595985,1176.0821940104167,1171.2866354734806,28.612313988642185,41.459539764968056,1166.0693359375,1,Train,2022-03-07,-0.005903487826328102,-0.008992710679451066,-0.027762250437448954,0.0013504207229744977,0.0022579845779951784,-10.433489118302987,-32.832048688615714,1233.7894728339456,1132.015150143175,101.77432269077053,15863.150390625,-0.02352668473994779,16416.107282366072,16991.154808407737,34.15239928367143
0.0018548984063984,1151.9985177176338,1173.1231398809523,1170.8123355156642,26.050353505564576,46.229123959058505,1166.0198974609375,0,Train,2022-03-08,0.00034478929026815486,-0.005481442455159247,-0.020665829555461368,0.0019532830672695776,0.0025796362299318836,-6.349417550223279,-24.30937848772328,1231.1047115263825,1128.96166507797,102.1430464484124,16013.4501953125,0.009474776509483585,16382.60728236607,16919.590494791668,25.48966681027008
-4.239754450174882e-05,1154.4908098493304,1171.0066615513392,1170.3766593288708,24.63160613781389,48.547205083643846,1163.4140625,0,Train,2022-03-09,0.004097815143689898,-0.0018329373269592164,-0.012454612718919233,0.002274000435331638,0.0028835235625022403,-2.1199951171875,-14.560076032365942,1227.066991230131,1127.224270279356,99.84272095077495,16345.349609375,0.020726290088294297,16337.8857421875,16878.245256696428,33.89710181510034
-0.0022348117443037,1156.6143798828125,1168.477759951637,1169.7436959807917,22.3451461404518,50.97190589703919,1168.972900390625,1,Train,2022-03-10,0.005941655170298432,0.004353000754087288,-0.008403904214162261,0.002414386595763084,0.0028839462044774242,5.012922014508831,-9.80245535714289,1221.7398135349854,1126.7781063868897,94.96170714809568,16594.900390625,0.01526738719047449,16309.45717075893,16846.252418154763,39.13204337300678
0.0047780391090339,1159.2555454799108,1166.160388764881,1169.6736236544127,19.30917223312729,53.28020814746478,1153.4627685546875,0,Train,2022-03-11,0.006299511371468336,0.008241859076813407,-0.003313191048079589,0.0024998746606238803,0.0027826055403089725,9.476318359375,-3.8536028180803896,1214.9131104898413,1127.8888984387306,87.02421205111068,16630.44921875,0.0021421537513466316,16312.95717075893,16806.569010416668,40.13168457536305
-0.01326817057158,1161.081333705357,1162.9968959263392,1168.1999095544377,15.033998413232997,38.72998587528768,1144.603271484375,0,Train,2022-03-12,0.005708597937550408,0.009826696719129169,0.0007456173991484683,0.0014346458217469492,0.002644475488191592,11.298566545758604,0.865077427455617,1206.7046464816183,1130.5324768442745,76.17216963734381,16630.44921875,0.0021421537513466316,16312.95717075893,16806.569010416668,40.13168457536305
-0.0076807828668918,1160.9218052455358,1159.9173060825892,1166.0547606389775,11.220416567192634,42.33197303147587,1141.104248046875,0,Train,2022-03-13,0.0037241672225791778,0.0077459192791158316,0.002222018013165794,0.001014638343509071,0.0021742271917889735,8.923287527901948,2.573869977678669,1198.287285795788,1133.8373200914887,64.4499657042993,16630.44921875,0.0021421537513466316,16312.95717075893,16806.569010416668,40.13168457536305
-0.0030569748703953,1157.663783482143,1157.9544619605654,1163.7865322215137,10.697942369955353,37.13564493070309,1123.2861328125,0,Test,2022-03-14,-0.0013730898281870685,0.002748374959543165,0.0009104000335320439,0.001856284154627226,0.0022132965665552524,3.1729736328125,1.052978515625,1190.625580149451,1136.8392287233166,53.78635142613439,16871.30078125,0.014482565042708062,16366.278599330357,16771.590494791668,45.13075847173555
-0.015614800545062,1151.551897321429,1155.553187779018,1160.1046777297852,12.492789759236592,35.3428187553139,1120.6802978515625,0,Test,2022-03-15,-0.008207380574724255,-0.004376983936423606,-4.303619671208736e-05,0.0029299648178664397,0.0024879716754450587,-5.062482561383604,-0.049560546874772626,1183.2966575966348,1139.4920491555977,43.80460844103709,16663.0,-0.012346456503312231,16425.942940848214,16737.69763764881,43.93340912315884
-0.0023198318619076,1145.0748116629463,1153.2606259300596,1156.5206431954011,14.232049591950558,35.10862368293458,1105.0709228515625,0,Test,2022-03-16,-0.013650353978180152,-0.012232621075013994,-0.004091581537240874,0.0033910188888498973,0.002784037844045367,-14.180733816964448,-4.704415457589448,1177.4575157257916,1140.7915757223116,36.665940003480046,16975.349609375,0.018745100484606647,16584.828543526786,16744.00948660714,48.8497124600639
-0.0139284816819965,1136.7400774274554,1150.5674641927085,1151.843395891416,17.537039534918872,30.09995474379963,1124.5765380859375,1,Test,2022-03-17,-0.018074078461495113,-0.02096429902995811,-0.011343612119325441,0.0037745059002541265,0.0032612144670176855,-24.34125627790172,-13.042689732143117,1174.2453311595737,1139.4162864464533,34.82904471312031,17287.05078125,0.018361988356508263,16766.771484375,16740.89527529762,65.66230424677235
0.0176510075788096,1130.397739955357,1148.7546968005952,1149.3645906363724,18.181881390100447,39.78474025786503,1147.7548828125,1,Test,2022-03-18,-0.018370129401269253,-0.02629295543615262,-0.01875069926745454,0.003260121760690114,0.0034532794881557754,-30.52406529017867,-21.60077776227672,1173.1983780764003,1135.8722239046265,37.32615417177385,17287.05078125,0.018361988356508263,16766.771484375,16740.89527529762,65.66230424677235
0.0206107311877701,1129.5823277064733,1147.4217064267114,1149.218253561475,17.097778419661246,52.52256810050043,1135.5452880859375,0,Test,2022-03-19,-0.01352966967631919,-0.024257004647068814,-0.021575297031691254,0.0027254533479320617,0.003369891181417093,-28.08145577566961,-24.90848214285711,1173.0225410584476,1132.1012051050566,40.92133595339101,17287.05078125,0.018361988356508263,16766.771484375,16740.89527529762,65.66230424677235
-0.0106378068256557,1128.288330078125,1146.3297874813989,1147.9752567000623,17.088744207045803,46.547655043014,1140.2603759765625,1,Test,2022-03-20,-0.007435074664084551,-0.02020192689310507,-0.024490487320032672,0.002510525913598749,0.0033698232509948396,-23.263567243303896,-28.3260498046875,1172.7227644754528,1128.5881311718688,44.134633303583996,17287.05078125,0.018361988356508263,16766.771484375,16740.89527529762,65.66230424677235
0.0041522675846532,1128.1677769252233,1145.2047758556548,1147.2739039070168,16.647155002637383,41.16769620022338,1151.57666015625,1,Test,2022-03-21,-0.001972724246796398,-0.014765004491863465,-0.026817010861757584,0.0029109951546429673,0.003366575759426377,-16.907034737723052,-31.0877685546875,1172.3161891090062,1125.5005694010383,46.815619707967926,17117.599609375,-0.009802202470463706,16877.092912946428,16731.152436755954,57.46373370175288
0.0099242983603597,1132.2092808314733,1145.2532319568452,1147.6650635660378,16.66499085011189,44.9340838647132,1151.3284912109375,0,Test,2022-03-22,0.0023255968693611795,-0.003985780642339676,-0.024866520575044015,0.003867543314997122,0.0035162355795018635,-4.53079659598211,-28.87205287388383,1171.4131882259835,1123.6028727394182,47.81031548656529,17315.5,0.011561223252155806,16980.035714285714,16731.67150297619,58.30942179823455
-0.0002155036255065,1136.5875941685267,1145.3844052269346,1147.9981024428469,16.703232201698505,44.87174242811611,1160.9075927734375,1,Test,2022-03-23,0.007355623442304893,0.005475819699899631,-0.02096111121959876,0.004202297063716031,0.003668912431435371,6.18985421316961,-24.33421107700906,1170.2284394606197,1122.611587394849,47.61685206577067,17245.650390625,-0.0040339354552280104,17067.92159598214,16730.211960565477,60.58931895761841
0.0083200421388207,1144.5642613002233,1145.9729062034971,1149.1716924729003,17.034730042515527,49.16569487503504,1153.3634033203125,0,Test,2022-03-24,0.014533728679689828,0.013263250695652706,-0.011315480685175738,0.004146987669521731,0.004210222115479143,14.98193359375,-13.09952218191961,1169.145244315159,1122.49012817368,46.655116141479084,17222.75,-0.0013278937068936791,17118.12862723214,16730.978608630954,62.34369365353319
-0.0064985271007675,1148.6766706194196,1146.1099853515625,1149.5527570953925,17.084362353300463,44.87198921406567,1159.368896484375,1,Test,2022-03-25,0.014544475183821959,0.01807015104010068,-0.0024968277232638725,0.0030228443280574634,0.004296215354476372,20.38834054129461,-2.875226702009286,1168.8827197547091,1122.4601740092419,46.42254574546723,17153.0,-0.004049875890900112,17188.12862723214,16733.873883928572,66.48742963740335
0.0052069392411566,1150.3358154296875,1146.9998256138392,1150.4451334034818,17.273128024217264,52.0695121335698,1146.787109375,0,Test,2022-03-26,0.012096050785437518,0.019649593755356465,0.004594462923431797,0.002761858351379457,0.004291161800911939,22.16803850446422,5.261003766741169,1168.9326104746456,1122.4659421202205,46.46666835442511,17153.0,-0.004049875890900112,17188.12862723214,16733.873883928572,66.48742963740335
-0.0108522724281525,1151.9417898995537,1147.050641741071,1150.1125857645288,17.270744087287124,50.74576469018875,1148.946044921875,1,Test,2022-03-27,0.006445709383717357,0.017428323016032143,0.013373076901186609,0.0023175570013158845,0.004324839661658234,19.73250906808039,15.20171247209828,1169.1402992433657,1122.474155625496,46.66614361786969,17153.0,-0.004049875890900112,17188.12862723214,16733.873883928572,66.48742963740335
0.0018825948855072,1153.1825997488838,1146.3380533854167,1150.006536597015,16.843766937076296,52.702652672109,1148.7972412109375,0,Test,2022-03-28,0.00392271319224613,0.014600727357487298,0.020156498007883883,0.0020872899514724113,0.004293121380609817,16.59500558035711,22.78485979352672,1169.2715460426782,1122.4613170293085,46.810229013369735,17222.0,0.004022619949862971,17223.364397321428,16741.433407738095,77.85265851527964
-0.0001295132278797,1152.7855398995537,1145.5155726841515,1149.896600652826,16.24310287728124,60.011689014721455,1169.5684814453125,1,Test,2022-03-29,0.00212957332720376,0.007182889486686328,0.02054140864632026,0.002445426513399867,0.004045479543334714,8.22127859933039,23.20321219308039,1169.0661116312729,1122.4962244457358,46.56988718553703,17325.30078125,0.005998187274997013,17228.828683035714,16792.735816592263,77.41756270279957
0.0180808583875777,1155.391252790179,1145.6845528738838,1151.684953452143,16.483754527662548,66.79175129095718,1171.6778564453125,1,Test,2022-03-30,0.002994476735604934,0.0058454936384653156,0.02402127363151685,0.002378852031545649,0.0037258163078914205,6.714582170759286,27.102922712053896,1168.8913019468316,1122.5487214209136,46.34258052591804,17498.25,0.009982465582194733,17283.20731026786,16832.728655133928,75.81038265750068
0.0018035497993185,1156.9298618861608,1146.0780668712798,1153.5024900878857,17.018148646297533,75.2161407257744,1169.121826171875,0,Test,2022-03-31,0.0032494959064530704,0.005732279537875806,0.025494510257443537,0.0011952515516205815,0.0029458217672366682,6.594046456473279,28.7620849609375,1168.5108439132337,1122.6966110951366,45.814232818097025,17464.75,-0.001914477162001882,17304.528738839286,16864.673874627977,71.55917648140887
-0.0021815128274184,1159.1810651506696,1146.0851585751489,1154.922429731885,17.028194342967296,69.34691856390158,1166.044677734375,0,Test,2022-04-01,0.0055478881628521215,0.00628441064869012,0.023822260403473017,0.0008290474862551113,0.00219132952272502,7.2392752511159415,26.97178431919633,1168.1598586654613,1122.8575694874407,45.3022891780206,17670.44921875,0.011777965258592316,17365.214285714286,16915.364350818454,73.77138612252477
-0.0026320169281037,1160.1347481863838,1146.6842971075148,1155.9335431866566,17.515140623321255,59.624056093544056,1180.7109375,1,Test,2022-04-02,0.004105531684396757,0.006028662276914343,0.02071741248863712,0.0008443578394758815,0.0020912464442377067,6.9521484375,23.54715401785711,1168.0102232516595,1122.9284991953275,45.08172405633195,17670.44921875,0.011777965258592316,17365.214285714286,16915.364350818454,73.77138612252477
0.0125777854362505,1164.9810093470985,1148.4037097749256,1158.1860335787787,19.009209125463315,73.16712145555822,1185.326904296875,1,Test,2022-04-03,0.006959062710864661,0.01057913117873377,0.017838009395542143,0.0014099338874682507,0.0019735187267377182,12.195469447544838,20.416748046875227,1169.4226994714843,1122.247745561998,47.17495390948625,17670.44921875,0.011777965258592316,17365.214285714286,16915.364350818454,73.77138612252477
0.0039094808477413,1170.1782749720985,1150.5095505487352,1160.653385462242,20.547402404003734,73.1398084808462,1188.9500732421875,1,Test,2022-04-04,0.009487050946608955,0.012798281228294073,0.018718587138262466,0.0017386006642723746,0.001923694346308448,14.78702218191961,21.501604352678896,1172.6623236731364,1120.8707591254126,51.79156454772374,18053.400390625,0.021671841339984343,17483.87862723214,16989.428617931546,75.37126170712057
0.0030566832931728,1175.9143938337054,1153.6364048549108,1163.2258116240553,21.183900311147497,70.83577762503317,1188.1558837890625,0,Test,2022-04-05,0.013601562811552448,0.01640940611265229,0.02223574895341618,0.0016405419687779697,0.0020052489544069856,18.98453194754461,25.57857840401789,1177.2712594506888,1119.3457815649363,57.92547788575257,17957.400390625,-0.005317557796472028,17598.79296875,17070.95484561012,79.1886256792503
-0.0006679754440481,1178.5697370256696,1156.8495279947915,1165.492181820874,21.052119511309783,70.40712791776812,1188.404052734375,1,Test,2022-04-06,0.011664334070292437,0.01672618062690656,0.023115705463240266,0.0016406755436217048,0.0019798351242967843,19.388671875,26.62794712611594,1181.7852749322776,1119.0147320431686,62.77054288910904,17807.650390625,-0.008339180323571727,17682.45731026786,17163.55008370536,70.2535532049186
0.0002088690118009,1180.959193638393,1160.8177722749256,1167.5750791766468,18.503800397930664,66.99394482594204,1191.5308837890625,1,Test,2022-04-07,0.009213056588793123,0.01795002303358606,0.024086899937232564,0.0015525919707419825,0.0015177369212802667,20.82444545200906,27.77659388950906,1185.646550041345,1120.209602302405,65.43694773894003,17639.55078125,-0.00943974110495216,17727.350167410714,17240.983444940477,59.22242979956749
0.0026311177982716,1184.1604875837054,1164.0060744512648,1169.7528795959572,17.697754180329717,74.95148048366298,1179.9913330078125,0,Test,2022-04-08,0.007012494951368131,0.01646333981646264,0.027216638826754735,0.0014967009127134054,0.0014749281863867376,19.179478236606883,31.37494768415172,1189.2689143881346,1122.0450539433389,67.22386044479572,17784.349609375,0.008208759390795572,17768.221540178572,17309.507254464286,67.67208980164868
-0.0096846426208897,1186.152866908482,1165.5411435081846,1170.683648087944,17.6155501543207,62.5719801097506,1188.3544921875,1,Test,2022-04-09,0.006434180044322169,0.013651417290894807,0.0266244131968425,0.0013065194206719512,0.0014671890238426044,15.974591936383604,30.761614118303214,1192.2045192780124,1124.8959027364967,67.30861654151568,17784.349609375,0.008208759390795572,17768.221540178572,17309.507254464286,67.67208980164868
0.0070874750904903,1187.2448032924108,1168.0558675130208,1172.2900884606308,16.873128202869157,76.7146587000728,1201.209228515625,1,Test,2022-04-10,0.005322461341490392,0.009635403323677405,0.026202920682526942,0.00146055043329945,0.001492357345266963,11.33040945870539,30.31494140625,1194.289462744777,1128.7186619064512,65.5708008383258,17784.349609375,0.008208759390795572,17768.221540178572,17309.507254464286,67.67208980164868
0.0108172573189522,1189.513706752232,1170.9581938244048,1174.919101192903,17.093436817463463,79.52901449483272,1209.9197998046875,1,Test,2022-04-11,0.004520687208074303,0.009285805822726756,0.026167302515090585,0.0012540727972839454,0.0014621695209278496,10.9439697265625,30.3326416015625,1196.3819714999677,1132.3565957433361,64.02537575663155,17674.94921875,-0.006151497975913078,17798.25,17360.938151041668,59.996089294443536
0.0072515021382464,1192.5093819754463,1173.7364385695685,1178.1009828848837,18.47157683677941,81.4881660600237,1221.5091552734375,1,Test,2022-04-12,0.005358934117430714,0.009780344993520762,0.027905925445016688,0.0005937228639552699,0.0012626710629012083,11.550188337053442,32.3746337890625,1198.7266365067812,1135.6041095172145,63.12252698956672,17530.30078125,-0.008183810641252287,17778.22879464286,17403.788225446428,57.59980476551525
0.0095786146078613,1197.274135044643,1177.0783749534971,1182.047180374752,20.45673490382007,79.55389043546873,1219.4990234375,0,Test,2022-04-13,0.008447568458012311,0.011074214684950512,0.02771987306097179,0.0009648091636600309,0.0013288479990110008,13.1136474609375,32.29312569754438,1202.2073286591476,1137.3944047392897,64.8129239198579,17475.650390625,-0.0031174816283502382,17695.69308035714,17432.56677827381,56.63955500085632
-0.0016456134014709,1201.716273716518,1179.868443080357,1185.451893380456,22.07272434112872,77.24068395324419,1218.853759765625,0,Test,2022-04-14,0.010258450066626734,0.013120911513369471,0.02695144784257031,0.0010996537551712102,0.001313404273627564,15.56340680803578,31.537998744419383,1206.232475594792,1138.6732181133552,67.55925748143682,17475.650390625,-0.0031174816283502382,17695.69308035714,17432.56677827381,56.63955500085632
-0.0005291219258676,1205.6195417131696,1182.9870314825148,1188.4884266881988,22.75654138384714,78.9595423385205,1220.6405029296875,1,Test,2022-04-15,0.010993758150569688,0.015476789933973834,0.025261318370821018,0.0011355763170832847,0.0013006085203433834,18.37473842075883,29.70514787946422,1210.395084965231,1140.0389813712645,70.35610359396651,17475.650390625,-0.0031174816283502382,17695.69308035714,17432.56677827381,56.63955500085632
0.0014659208701182,1211.4265659877233,1185.9047270275298,1191.4113427101524,23.492976858166045,82.27691890230085,1203.1202392578125,0,Test,2022-04-16,0.011820543456869004,0.01842169544672223,0.027878561556292647,0.0013289665723735563,0.001268709432029386,21.91285923549117,32.85682896205367,1215.0996199017832,1141.2829240435294,73.81669585825375,17475.650390625,-0.0031174816283502382,17695.69308035714,17432.56677827381,56.63955500085632
-0.0143533363261535,1213.5359584263392,1188.5872570219494,1192.4757878508487,21.96983132970993,62.81584616823813,1208.03369140625,1,Test,2022-04-17,0.009835670006587138,0.01763221050392194,0.02758500459916924,0.0011352581007181026,0.001275986927055428,21.02657645089289,32.57676478794633,1219.3561919328367,1143.0616878802211,76.2945040526156,17475.650390625,-0.0031174816283502382,17695.69308035714,17432.56677827381,56.63955500085632
0.0040839244392303,1214.510881696429,1191.4009544735864,1193.8901427195217,20.364126701483983,62.9419409780588,1223.0228271484375,1,Test,2022-04-18,0.007374913623766188,0.014396658331839118,0.025630304701902196,0.0013841270968555344,0.0013105259770281237,17.236746651786007,30.350394112723507,1222.7465152200357,1145.84389877271,76.90261644732573,17173.650390625,-0.017281188010147552,17583.72879464286,17456.883463541668,50.483220065538404
0.0124078788934594,1216.3827427455358,1194.9355061848958,1196.538568576696,18.995348644052765,67.19256231536986,1238.6324462890625,1,Test,2022-04-19,0.004091190417119028,0.012204602159259448,0.02548564917761653,0.0014836882999624212,0.0011684548235995147,14.66646902901789,30.22987583705367,1225.8184581654198,1148.8711048228618,76.94735334255802,16958.650390625,-0.012519178806467801,17462.44308035714,17456.08826264881,44.231741655950245
0.0127631461932888,1218.8289271763392,1198.2242664155506,1200.3652847323656,20.31657846631867,72.156922001959,1251.239013671875,1,Test,2022-04-20,0.004361608498905767,0.010956512403904162,0.026602873978762265,0.0014132587407530502,0.0011729514503552904,13.20938546316961,31.58412388392844,1228.5688020357895,1152.3106674815097,76.25813455427988,17136.55078125,0.010490244596548015,17390.5859375,17448.92159598214,45.996559957977134
0.0101778113600865,1223.3632114955358,1202.0128929501489,1204.9901691814118,22.427317321197933,74.88210169321111,1269.6527099609375,1,Test,2022-04-21,0.007288802375110759,0.00985337934873498,0.02845659074894069,0.0014146259597537325,0.0012176839230009042,11.9366455078125,33.84950474330367,1231.5032888384703,1155.7943953133154,75.70889352515496,17392.599609375,0.014941678252146096,17334.621651785714,17462.01683407738,47.83542975680848
0.0147163700043413,1230.6202043805804,1206.8000778924852,1210.8685819795503,25.56536121673217,77.59469677370394,1254.2913818359375,0,Test,2022-04-22,0.01170475470813459,0.014078071470082554,0.03195850949365431,0.001910679203640841,0.0015220576668188272,17.08424595424117,38.11082240513406,1235.0144264191863,1159.331803352019,75.68262306716724,17171.94921875,-0.012686452605167986,17262.764508928572,17455.181082589286,44.42835586807698
-0.012098842466514,1235.4274727957588,1211.002301897321,1214.816109239222,25.783078532943527,75.5547886311575,1271.8614501953125,1,Test,2022-04-23,0.013618437542234352,0.017222234411035986,0.03186683536740165,0.00178858591337064,0.0015177022724114136,20.916591099329935,38.15333775111594,1239.0312454442,1162.3596306718719,76.67161477232821,17171.94921875,-0.012686452605167986,17262.764508928572,17455.181082589286,44.42835586807698
0.0140079638701313,1245.2476457868304,1215.3428025018602,1220.002049326139,28.00533260985005,77.01075630544085,1273.1021728515625,1,Test,2022-04-24,0.017888746437406233,0.023730115552398123,0.036224334331167896,0.0025488643960902856,0.0019177661401112724,28.86490304129461,43.5313720703125,1244.848472924553,1164.0493402729915,80.79913265156165,17171.94921875,-0.012686452605167986,17262.764508928572,17455.181082589286,44.42835586807698
0.0009755171493399,1254.5431431361608,1219.5225771949404,1224.8293332829955,29.79453218606212,75.14320965517831,1279.554443359375,1,Test,2022-04-25,0.019439741579427183,0.02930207444498434,0.040579635391005064,0.002532934242862078,0.0021439016155479517,35.71421595982156,48.92360142299117,1252.2430093089733,1164.5176788188169,87.72533049015647,16953.94921875,-0.012695122564301942,17180.428571428572,17441.290550595237,36.429402172787185
0.0050681482173267,1262.6190883091515,1223.8370710100446,1229.8043432899392,31.648473838779097,74.74427098470093,1283.922119140625,1,Test,2022-04-26,0.022009884118780576,0.03208848888436511,0.04225804828680557,0.0021846448204681963,0.0022167164474608163,39.255876813615714,51.192522321428214,1260.3511959625785,1164.8144272935601,95.53676866901833,17200.80078125,0.014560121616207233,17141.16434151786,17440.24534970238,32.97387953461342
0.0034134348904943,1269.0890415736608,1228.3973679315477,1234.724141094547,33.11560156903076,73.37792917400151,1293.203369140625,1,Test,2022-04-27,0.019145907135416307,0.031259715268890265,0.0457778632446626,0.0016421489803917562,0.002233431553011407,38.46883719308039,55.55308314732156,1268.5812156251209,1165.3973924245443,103.18382320057663,17038.400390625,-0.009441443610115341,17121.842912946428,17434.788225446428,32.122008416784325
0.0072288263140229,1275.083949497768,1233.3878115699404,1240.040434553281,34.64839014727767,76.18121742448551,1282.9791259765625,0,Test,2022-04-28,0.016373136686442136,0.032099396828424887,0.04987445457609274,0.0014655876819612463,0.0022337447882927763,39.65647670200906,60.57306780133899,1276.8377055416036,1166.2332486994683,110.60445684213528,17245.05078125,0.012128508890934642,17162.757254464286,17435.885881696428,39.292381465717526
-0.0079061371227766,1276.9877232142858,1237.7424897693452,1243.9439519553978,34.87068051433378,71.32720181947951,1285.6097412109375,1,Test,2022-04-29,0.011380023506833092,0.025488968025633163,0.04982393973459098,0.0022283748947526808,0.0023406378379572973,31.74007742745539,60.60498046875,1284.00198449708,1168.1524553745714,115.84952912250856,17102.55078125,-0.008263240381694681,17157.90011160714,17425.278738839286,39.67903132807996
0.0020503959738025,1281.461774553571,1242.771937779018,1247.7317509786287,33.722516625402285,71.48724963140123,1296.255859375,1,Test,2022-04-30,0.009749302511168345,0.02145691964815022,0.05138772635002464,0.0022750622025519787,0.0023368312655161097,26.918631417410325,62.63284737723188,1290.705946657105,1170.8701903406627,119.83575631644226,17102.55078125,-0.008263240381694681,17157.90011160714,17425.278738839286,39.67903132807996
0.0082809874744995,1284.9466901506696,1247.9100981212798,1252.1430335601171,33.23328114242695,82.27001229105004,1282.16015625,0,Test,2022-05-01,0.007734973573141124,0.017683561137522785,0.05033948877688532,0.0020891629416069078,0.002277152049922436,22.327601841518117,61.58347865513383,1296.8226251891724,1174.2968101484394,122.52581504073305,17102.55078125,-0.008263240381694681,17157.90011160714,17425.278738839286,39.67903132807996
-0.0108741673359118,1286.240687779018,1251.764904203869,1254.871862895561,32.225040450794445,74.14715655226495,1288.7860107421875,1,Test,2022-05-02,0.007245930713759341,0.01351492735615234,0.04519711540607574,0.001982371719465,0.0022550491581540466,17.15164620535711,55.6204833984375,1301.981515027965,1178.5110508900038,123.47046413796124,17069.099609375,-0.0019559171203674675,17111.68582589286,17404.84300595238,35.63842887373545
0.0051677276507846,1287.5594831194196,1255.5204380580358,1257.9549672452545,31.695764293612303,72.6573132470329,1294.2705078125,1,Test,2022-05-03,0.004758400669401697,0.009784088041077998,0.04219754819413768,0.0017164334271113789,0.002303934726938743,12.47553362165172,52.13201032366078,1306.469111370094,1183.0519893553526,123.41712201474138,17069.099609375,-0.0019559171203674675,17111.68582589286,17404.84300595238,35.63842887373545
0.0042555529192578,1289.0378243582588,1258.9852643694196,1261.2563800240948,31.7687933227858,70.60659628817506,1284.17041015625,0,Test,2022-05-04,0.003183894117124497,0.009436348466719702,0.035165839276699806,0.0014572201998669363,0.0023738091573710955,12.050101143973052,43.79017857142844,1310.3667256340125,1187.8865301556077,122.48019547840477,16677.599609375,-0.022936183451936376,17041.064453125,17367.35965401786,32.01192340669567
-0.0078036991457995,1287.7474016462054,1262.0648542131696,1263.3394736724724,30.87158206455238,62.42749163435883,1280.7703857421875,0,Test,2022-05-05,0.0011714089606271738,0.004905044549474713,0.02646721134439356,0.001431601643251156,0.002727338810040672,6.285627092634286,33.20425851004461,1313.1902140616764,1193.275827721248,119.91438634042834,16682.650390625,0.00030284821366977077,17002.307477678572,17320.321614583332,33.90122106743803
-0.0026476427016012,1287.4318673270088,1265.0132649739585,1264.9241020424463,29.46288696266503,54.73171238570241,1315.3148193359375,1,Test,2022-05-06,-9.911448292987401e-05,0.001934070257846976,0.019651832645018574,0.0015604628113526366,0.002831566558792246,2.4851771763392208,24.812779017857338,1315.4484064691824,1198.6181654476704,116.83024102151194,16411.25,-0.0162684216398562,16889.514508928572,17242.123976934523,31.3224049708855
0.0269716055104849,1291.6754499162946,1269.5215657552085,1269.5050763418549,29.57677993686179,72.32615305462562,1349.9088134765625,1,Test,2022-05-07,0.00204619717761112,0.004225307276401802,0.01779733935345229,0.001509805385466607,0.0028250857189287704,5.434762137276721,22.58640834263383,1317.5298689524245,1204.3506521134238,113.17921683900067,16411.25,-0.0162684216398562,16889.514508928572,17242.123976934523,31.3224049708855
0.0263009232710464,1299.3401576450892,1276.511497860863,1276.8145069904645,30.432424728073585,75.39157813135421,1360.6541748046875,1,Test,2022-05-08,0.009002352467622154,0.009149615749890039,0.01902322443700699,0.0023350743832457593,0.002606843412903258,11.78067452566961,24.25620814732133,1319.8007638799638,1210.5626847807505,109.23807909921334,16411.25,-0.0162684216398562,16889.514508928572,17242.123976934523,31.3224049708855
0.0079600645768445,1310.5535888671875,1283.7791399274554,1284.4362949735755,31.46763302002959,76.82482215922266,1383.8822021484375,1,Test,2022-05-09,0.017959569066893222,0.016691336826861747,0.026285190564255156,0.0035014717773235652,0.002772182670461762,21.51576450892867,33.56586565290172,1323.0122624992823,1216.7682707735971,106.24399172568519,16301.849609375,-0.006666182687180999,16784.29296875,17163.288225446428,33.593058508370305
0.0170712204275449,1324.1387590680804,1291.4391101655506,1293.4768319894722,35.28551689869593,78.98510273031825,1364.5255126953125,0,Test,2022-05-10,0.02513271360378444,0.028259701689441474,0.03330336133465783,0.004422678582686228,0.0032844233787874045,36.391357421875,42.676984514509286,1327.8422712763154,1222.4692451857377,105.3730260905777,16240.0498046875,-0.003790968888092272,16640.72140066964,17088.640578497023,35.648679969621924
-0.0139872378032424,1334.1751883370537,1297.4340180896577,1299.9358029627303,36.537456944724966,70.67210490098536,1351.5714111328125,0,Test,2022-05-11,0.026809785326037394,0.036307413383431575,0.038311704729642626,0.004395004965356059,0.0034447093668477594,46.74332101004484,49.22849818638406,1333.7548880945976,1227.6378260516078,106.1170620429898,16167.099609375,-0.0044919933245182175,16507.085518973214,17018.523856026786,29.791769636457943
-0.0094934843225554,1343.8039027622767,1302.2117513020833,1304.6299491600107,36.75406961444652,64.69267288398606,1357.8995361328125,1,Test,2022-05-12,0.025371197467651818,0.04035723745416098,0.044753066459633395,0.0035633412212107895,0.0035703075861814857,52.12845284598211,57.56321498325883,1341.0444236058222,1231.6666603785527,109.3777632272695,15808.0,-0.022211752141785834,16326.928431919643,16924.411969866072,18.32960800953724
0.0046820500551252,1354.8223528180804,1306.4139811197915,1309.4726388848107,37.87310221417936,69.23663758464149,1357.4031982421875,0,Test,2022-05-13,0.023172491205978307,0.04270028509974355,0.05224059205070697,0.002234509681415576,0.0036902936376521107,55.48219517299117,67.26286969866078,1349.6111426137886,1235.0394293728182,114.57171324097044,15782.150390625,-0.0016352232651188903,16199.007114955357,16834.27869233631,19.87740605434604
-0.0003655188601349,1360.8349783761162,1311.3240676153273,1313.829962462754,37.4595010617447,68.63803054176327,1318.8138427734375,0,Test,2022-05-14,0.019982225926635566,0.038366526890663666,0.05569825234073411,0.0019101807277393957,0.00368436802987493,50.28138950892867,71.79715401785734,1358.6237782152098,1237.585527030326,121.03825118488385,15782.150390625,-0.0016352232651188903,16199.007114955357,16834.27869233631,19.87740605434604
-0.0284288084179575,1356.3928397042412,1313.5598958333333,1314.283042490998,36.37176478392872,55.114200870655374,1334.00146484375,1,Test,2022-05-15,0.009368135422204826,0.024358535248119262,0.053306601877264326,0.004525217226278035,0.004194589462340135,32.25408063616078,68.64543805803578,1365.3995596102939,1240.9947152920497,124.40484431824416,15782.150390625,-0.0016352232651188903,16199.007114955357,16834.27869233631,19.87740605434604
0.011516122729174,1352.585309709821,1316.4598621186756,1316.0756263412482,35.39952681259195,61.69522424723099,1343.1337890625,1,Test,2022-05-16,-0.001651170800072932,0.013798878538368031,0.050607293509119966,0.005456426166104596,0.004507766400897006,18.410121372767435,65.15344238281227,1370.5509029492061,1244.8399940932047,125.71090885600142,15842.2998046875,0.0038112305721171857,16078.95703125,16753.89769345238,24.13630454174279
0.0068458127366597,1346.7641078404015,1319.4874500093006,1318.5354593159072,34.79908501582267,62.12356963951458,1437.4111328125,1,Test,2022-05-17,-0.010339880117209654,0.0022028549493269267,0.042648993543755065,0.005656072934941283,0.004946325359238081,2.9602050781247726,55.08865792410688,1373.987995760327,1249.1704079087576,124.81758785156944,16259.2998046875,0.026321935902047233,16057.24986049107,16695.976236979168,29.702050181420987
0.0701920720911988,1357.1763392857142,1326.7964506603423,1329.3423387246885,42.27219964940632,72.87074896803422,1397.2830810546875,0,Test,2022-05-18,0.0005776347076882349,0.0017374871788449209,0.04451196347648234,0.005679304788017559,0.005045354679070048,2.353986467633831,57.836181640625,1378.7807574145363,1252.5868852333433,126.193872181193,16240.2998046875,-0.0011685620062508173,16048.45703125,16651.53097098214,31.65962080249693
-0.0279168922807048,1363.706577845982,1331.7526274181548,1335.5187698455975,44.19434904668021,66.49056447970364,1416.1434326171875,1,Test,2022-05-19,0.0082222304621562,0.00211017464681329,0.04055766160980778,0.005409795560247847,0.004864864955024139,2.8715994698659415,53.15298897879461,1383.8346279101577,1256.2049002008914,127.62972770926626,15809.400390625,-0.026532725334179386,15986.93568638393,16596.804780505954,20.091249696865134
0.0134978744237452,1372.027134486607,1338.093784877232,1342.8482846430147,46.34724774791247,68.88458323939085,1416.1683349609375,1,Test,2022-05-20,0.018758315950902604,0.01152637666959011,0.0361656775700987,0.005063558139367884,0.0047210942596685014,15.634294782365942,47.88837541852672,1389.681973136301,1259.4140909680516,130.26788216824934,16266.150390625,0.028891038794289337,16001.08579799107,16555.35714285714,34.59270990888824
1.758461973300207e-05,1380.422154017857,1344.3108607700892,1349.513743762826,47.69209332873062,65.56849488017306,1446.990234375,1,Test,2022-05-21,0.017128072498211466,0.02058047215817238,0.03466333813211353,0.005245237576394095,0.004722944603181422,27.836844308036007,46.24696568080344,1396.2064928967718,1262.437117594299,133.76937530247278,16266.150390625,0.028891038794289337,16001.08579799107,16555.35714285714,34.59270990888824
0.0217642907648494,1398.7330671037946,1351.4886881510415,1358.375242909387,51.30425937591176,65.16278876449995,1428.452392578125,0,Test,2022-05-22,0.02568476960281152,0.038588019209041535,0.04087587796746783,0.006101840879771537,0.00524020732322654,51.96895926339312,54.92916434151789,1405.4015322343575,1264.4913161891914,140.91021604516618,16266.150390625,0.028891038794289337,16001.08579799107,16555.35714285714,34.59270990888824
-0.0128113109242109,1412.2260567801338,1358.4549851190477,1364.7458928792723,51.3519190992057,60.33752180006663,1417.3099365234375,0,Test,2022-05-23,0.029298926590521468,0.04056194902675103,0.04236991207197871,0.005422280629212027,0.005296758724850549,55.04971749441961,57.40370396205344,1415.9117827575078,1266.4477230321127,149.46405972539515,16214.7001953125,-0.0031630222318707046,16059.185825892857,16499.266694568454,34.36483045168208
-0.0078003692055688,1422.8226492745537,1364.575172061012,1369.524442301469,50.281179762024735,55.291921432822896,1431.554443359375,1,Test,2022-05-24,0.03071560039317367,0.04334955362754589,0.04555120340337471,0.0028272547887888727,0.005141812253615445,59.11607142857156,61.9876708984375,1426.7827047951505,1268.9552834860997,157.8274213090508,16125.150390625,-0.005522754266735541,16108.185825892857,16449.419131324405,38.63436732273118
0.0100503823961597,1421.985979352679,1371.1125023251489,1375.1635333067331,49.6034007438778,60.785885150076936,1439.4708251953125,1,Test,2022-05-25,0.016624267199910836,0.03641243209432998,0.04835851217169518,0.004277864905744683,0.005306843258959861,49.958844866071786,65.59313964843773,1434.7882163544364,1274.3736296974607,160.41458665697564,16025.7998046875,-0.006161219184365629,16134.400111607143,16405.221540178572,36.991251492607454
0.0055299202015401,1428.0127999441963,1378.5077601841515,1381.0096507511494,47.5265155503996,64.37733208955223,1450.0177001953125,1,Test,2022-05-26,0.011178623343104377,0.03447542897498557,0.055765421739318644,0.004325139702425625,0.005252261521027841,47.59064592633922,75.42749023437523,1441.6794683837743,1281.5404709298418,160.13899745393246,16170.150390625,0.009007387318995308,16121.664481026786,16356.14295014881,44.97206271572072
0.0073269112616916,1432.8519810267858,1386.5671561104912,1387.2831097915275,44.369155754979055,64.86226303317535,1441.679443359375,0,Test,2022-05-27,0.00704889801785602,0.024392727050942975,0.06392201327998714,0.004496652847388665,0.005138128804474822,34.11891392299117,86.08787318638429,1447.6636507565906,1289.6739416680746,157.98970908851607,16352.4501953125,0.011273847198922216,16137.685965401786,16323.47865513393,51.02409645698004
-0.0057504517598746,1436.4964250837054,1392.584519159226,1392.2282310249684,42.76244061024551,63.26148399169725,1454.335693359375,1,Test,2022-05-28,0.010204352181891307,0.017185894699399462,0.058444937110926576,0.004708732372938546,0.0051512040388367744,24.27036830357156,79.32008579799117,1452.9786979854036,1298.074521183123,154.90417680228074,16352.4501953125,0.011273847198922216,16137.685965401786,16323.47865513393,51.02409645698004
0.0087788239322526,1437.5457763671875,1397.5572277250744,1397.87436396446,43.61492505919369,73.22050290539956,1470.4912109375,1,Test,2022-05-29,0.006675693959720563,0.010347830139013192,0.054145957584099014,0.0036149812981727627,0.0048250579331692725,14.723127092633831,73.83919852120539,1457.7056068634129,1306.0468310551137,151.6587758082992,16352.4501953125,0.011273847198922216,16137.685965401786,16323.47865513393,51.02409645698004
0.0111085203037322,1443.5513218470985,1402.787562779018,1404.4758955074635,45.51278932918794,73.3090318110068,1459.79541015625,0,Test,2022-05-30,0.0074671640629937475,0.015165650581334678,0.052130300897623716,0.0026281956427341665,0.004389592583325974,21.56534249441961,71.5241873604914,1463.3384881359048,1312.3552060605239,150.98328207538088,16661.400390625,0.018893205092962884,16259.40025111607,16295.685779389882,57.75211445150391
-0.0072736244199861,1449.6206752232142,1406.4024774460563,1409.5049422937168,46.928851511317255,69.81706027406123,1449.843994140625,0,Test,2022-05-31,0.009136291542628738,0.015131429690169673,0.05012852119472866,0.0019146899805711644,0.0035629185090302307,21.60787527901789,69.19852120535711,1469.4848868735921,1317.7533560114525,151.7315308621396,16584.55078125,-0.004612433983534836,16304.886021205357,16271.019112723214,57.6693676696332
-0.0068169936323884,1452.2334681919642,1410.4652622767858,1413.1721288252538,46.81516669158521,52.959916023825805,1463.17041015625,1,Test,2022-06-01,0.01021719938678678,0.01352651035963226,0.03824918588572945,0.0013732180330160507,0.0036008674756776715,19.38148716517844,53.50040108816961,1475.412825763505,1322.6683736645084,152.7444520989966,16522.75,-0.0037264067061659745,16348.893136160714,16245.002464657739,64.74167268227286
0.009191620663659,1455.6191231863838,1415.7795003255208,1417.7174271280714,46.12454872995253,67.9804974119362,1460.21728515625,0,Test,2022-06-02,0.008359800691979613,0.01331204016157872,0.030726714181429138,0.0012750917782583153,0.0036635370617825722,19.12269810267844,43.39306640625,1481.4629901142328,1326.6978863506108,154.76510376362194,16628.0,0.006370004993115463,16420.72879464286,16242.640578497023,66.89232675101746
-0.0020183055777382,1457.076206752232,1420.6517740885415,1421.581050585179,45.09744243994911,63.17118494809272,1456.916748046875,0,Test,2022-06-03,0.005143091331716754,0.013585953717870414,0.024074368998232565,0.0013870187616248505,0.0037631301933666508,19.53043038504461,34.25355747767844,1486.9188714759614,1330.8661278264938,156.05274364946763,16584.30078125,-0.002628050201467391,16500.5146484375,16237.957263764882,64.9163902841619
-0.0022603054647595,1459.252964564732,1425.3905145554315,1424.7933867180602,43.31211343067555,61.94356725208969,1470.863525390625,1,Test,2022-06-04,0.004833586696984193,0.010877093512368097,0.026207702293251867,0.0014249674799239546,0.0037951537714930174,15.701642717633604,37.266985212053214,1491.0447284356762,1337.026283352828,154.0184450828483,16584.30078125,-0.002628050201467391,16500.5146484375,16237.957263764882,64.9163902841619
0.0095728032246502,1461.6140834263392,1432.6309756324404,1428.9815811428389,36.82871253123314,57.76558318310687,1482.6512451171875,1,Test,2022-06-05,0.004118495109374676,0.00827348037187603,0.023530099648585656,0.0013014966240839521,0.002730965878519155,11.993408203125,33.60128348214289,1493.5604890399482,1345.4134001202083,148.14708891973987,16584.30078125,-0.002628050201467391,16500.5146484375,16237.957263764882,64.9163902841619
0.0080141491872482,1463.3512311662946,1439.7095365978423,1433.8606415041434,30.69943139776047,68.43974606138484,1476.3974609375,0,Test,2022-06-06,0.004306586289024139,0.007655630597862562,0.021285694924086274,0.001083854534306165,0.002028231466332238,11.11776297433039,30.49925013950883,1493.400713113454,1357.2318883792914,136.16882473416263,16569.55078125,-0.0008893953501298846,16557.571847098214,16245.495396205357,57.44024910666987
-0.0042179738494019,1465.7229527064733,1446.0554257347471,1437.727625088994,22.385881773523355,70.79472275564606,1474.73486328125,0,Test,2022-06-07,0.004433767344561135,0.006941259124139565,0.020345701605950728,0.0004306946842332804,0.001448541468444548,10.103829520089448,29.22652762276789,1493.01483629536,1368.4724265394611,124.54240975589892,16416.349609375,-0.009245946006475991,16566.700334821428,16250.947777157739,53.96660199233325
-0.0011261179324937,1469.2787911551338,1447.8327462332588,1441.0919194701082,23.13439448329973,66.67307695933422,1444.930419921875,0,Test,2022-06-08,0.005244002377718493,0.008374705692367979,0.022074437774175504,0.0005360973811312451,0.0012202847566618877,12.20258440290172,31.73301478794633,1491.9409921984902,1380.1034919672466,111.83750023124367,16356.25,-0.0036609606157923524,16523.107421875,16256.481119791666,64.79290034616994
-0.020210035106284,1466.6730782645088,1450.1016671316963,1441.4408740566323,20.06122001227762,51.8032805392464,1450.0675048828125,1,Test,2022-06-09,0.0022700272002140753,0.005084871423913784,0.016017273558258216,0.0013369843851751126,0.0015215902383991704,7.420113699776721,23.121756417410325,1489.4188321309225,1392.0902464126043,97.32858571831821,16478.099609375,0.00744972774168895,16507.90011160714,16271.29064360119,57.00218225367053
0.0035552472908801,1465.223109654018,1451.7170991443452,1442.2251132226486,18.49471331353891,50.0170599372462,1481.1622314453125,1,Test,2022-06-10,-0.0003410215085548618,0.0024692059748208095,0.010763115273863866,0.0015513944847046531,0.0016397228768553161,3.609026227678669,15.602434430803669,1485.6424141329971,1404.3467599741457,81.29565415885145,16201.7998046875,-0.016767698414100085,16462.05008370536,16290.043015252977,49.628936753519625
0.0214436406979638,1468.6867501395088,1454.812046595982,1445.764851242891,17.668102470211405,61.70025430381166,1496.3250732421875,1,Test,2022-06-11,-0.0004029466832223827,0.0036460959334840837,0.01132963969493761,0.0016482705886743897,0.0016324458823344854,5.335518973214221,16.45328194754461,1484.1062313450157,1412.8783110656987,71.227920279317,16201.7998046875,-0.016767698414100085,16462.05008370536,16290.043015252977,49.628936753519625
0.0102371242494343,1472.3241141183037,1457.1613246372767,1450.3612350610088,19.73510359644048,62.26090527175761,1489.177978515625,0,Test,2022-06-12,0.0038529621478302634,0.004503689731842675,0.011476210133425813,0.0017381764740439362,0.0016287997190720916,6.60116141183039,16.704990931919838,1484.2540515278426,1418.7402966166885,65.51375491115414,16201.7998046875,-0.016767698414100085,16462.05008370536,16290.043015252977,49.628936753519625
-0.0047764318424982,1473.2565046037946,1460.0530192057292,1453.8900299205193,19.76708094005333,55.7595440583562,1491.957275390625,1,Test,2022-06-13,0.0054827110607569285,0.002707255745203696,0.01110463390767169,0.001743187460945587,0.0014848694711912728,3.9777134486607792,16.1802978515625,1485.2088559637007,1422.8288777137548,62.37997824994591,15774.400390625,-0.026379749115209128,16340.10728236607,16289.67396763393,41.552875899938755
0.001866329555699,1475.4793352399554,1463.607654389881,1457.3506885996198,18.35799031239301,60.42133075967692,1468.059326171875,0,Test,2022-06-14,0.004624937958895181,0.006004239871823858,0.01111964208348426,0.0017366747901094378,0.0012587550729717234,8.806256975446558,16.22637067522328,1485.3924879232936,1427.9945813428894,57.3979065804042,15732.099609375,-0.00268160945598539,16218.3642578125,16284.426339285714,42.72695482934223
-0.0160178509216981,1474.5256870814733,1465.345982142857,1458.3242011061884,16.83637098601535,55.41303306876387,1455.8248291015625,0,Test,2022-06-15,0.0014953045610395233,0.0063489153059099745,0.008833798060337905,0.00168890556030687,0.0013454048011360673,9.30257742745539,12.911603655134058,1485.3749266101133,1432.6634313697975,52.7114952403158,15692.150390625,-0.0025393443813560568,16093.02134486607,16257.419224330357,37.51762168911158
-0.0083337892769056,1476.08203125,1466.124744233631,1458.0969854694042,15.933707179241091,47.80286184775029,1464.5849609375,1,Test,2022-06-16,0.0019178782767128588,0.0050353018503017655,0.00869975697738612,0.0013571483999891075,0.0012971663089866362,7.395281110491169,12.73080008370539,1485.5136680823514,1436.847694919881,48.665973162470436,15360.599609375,-0.021128447854290244,15942.199916294643,16215.528738839286,25.972031975623196
0.0060172980023589,1478.1559535435267,1466.8184233165923,1458.6868014210493,15.508851586029598,51.26255675859548,1421.6527099609375,0,Test,2022-06-17,0.0018140669541373278,0.003960975283431756,0.008482504018986425,0.0010685103294746535,0.0013017143284152228,5.831839425223052,12.433000837053442,1485.7628703139753,1440.7644455342393,44.99842477973607,15293.5,-0.00436829362663993,15790.378487723214,16190.96205357143,12.463622087757201
-0.0293135954018542,1469.6545933314733,1465.864769345238,1455.3200658337662,17.605914242303495,41.70652877277537,1420.957763671875,0,Test,2022-06-18,-0.003303498740426347,-0.0024448636480244312,0.0002557732260219936,0.0027485867795764268,0.002218977195782443,-3.601911272321331,0.3758021763394481,1483.9666597548903,1445.771537789753,38.19512196513733,15293.5,-0.00436829362663993,15790.378487723214,16190.96205357143,12.463622087757201
-0.0004888298556977,1458.887834821429,1464.275344122024,1452.1962201826852,20.037505044618737,37.48283906997251,1407.80517578125,0,Test,2022-06-19,-0.011648537184624108,-0.011244820596439054,-0.005308097324791761,0.0036753023045013418,0.0030187584583092598,-16.591500418526493,-7.785243443079935,1482.191873852237,1449.079974989839,33.11189886239799,15293.5,-0.00436829362663993,15790.378487723214,16190.96205357143,12.463622087757201
-0.0092561427418065,1447.263148716518,1461.290294828869,1448.1606706916457,23.444779989899565,31.35506683590279,1428.899169921875,1,Test,2022-06-20,-0.020899557149535286,-0.018489022337017436,-0.012257492268014314,0.004304124859060748,0.0036394617985465155,-27.26253836495539,-17.9599609375,1482.5799491812932,1448.456147010113,34.12380217118016,15350.150390625,0.0037042135956451006,15629.242885044643,16147.343005952382,15.747263360189379
0.0149836032027081,1438.254847935268,1459.8190452938989,1446.4096251671208,24.489434853600304,38.98229832905015,1414.778564453125,0,Test,2022-06-21,-0.021365391254979937,-0.025626748726626403,-0.020720485291605084,0.004080820500758949,0.0038393292991137857,-37.82718331473211,-30.43190220424094,1485.0274903066156,1444.6107438591207,40.416746447494916,15638.7998046875,0.018804337854487096,15548.81431361607,16119.919177827382,28.214402444548313
-0.0098821566741633,1430.643310546875,1458.1492629278273,1443.5340741931211,26.329868991015964,36.85240684884131,1433.1427001953125,1,Test,2022-06-22,-0.019360312424574477,-0.03214318684219453,-0.028309529927375454,0.0038866231359389095,0.003810447922880406,-47.51264299665172,-41.68080357142867,1488.6678350649447,1438.4728178368412,50.19501722810355,15413.2998046875,-0.014419265085317434,15497.228515625,16086.021530877977,21.738000295377347
0.0129802190983052,1427.4030064174108,1456.7193719773063,1442.589403829684,26.85369614331408,47.27856973360336,1440.3145751953125,1,Test,2022-06-23,-0.013722550951925871,-0.028749331377439402,-0.031123906830274106,0.003279195458485538,0.00381150763125954,-42.2515869140625,-45.85349818638383,1491.8712614115354,1432.302071456768,59.56918995476735,15556.650390625,0.009300447519609234,15472.164341517857,16063.681082589286,27.149618390892456
0.0050042992920542,1423.9358084542412,1455.771623883929,1442.3826012265592,27.07437823531807,47.76930001094466,1444.3348388671875,1,Test,2022-06-24,-0.009955843014597066,-0.02395799425626577,-0.0349334115054426,0.002226093907179709,0.0038035763564610286,-34.95202636718773,-51.54352678571422,1494.6533096884996,1425.9883075687549,68.66500211974471,15699.25,0.009166472588529428,15473.17857142857,16041.257254464286,31.68944285188303
0.0027912400118077,1427.1761125837054,1455.1724853515625,1442.5600773757071,27.18675189513409,40.38612292659051,1430.983642578125,0,Test,2022-06-25,-0.0024235236956752226,-0.013879325367073925,-0.032111732547356886,0.0036072242477312296,0.0037957898585101613,-20.0870361328125,-47.34957449776789,1495.9775491096036,1421.2202710633876,74.75727804621602,15699.25,0.009166472588529428,15473.17857142857,16041.257254464286,31.68944285188303
-0.0092438373220533,1428.6083809988838,1453.273443312872,1441.5076742122906,27.42767523451721,32.779584002758995,1481.8818359375,1,Test,2022-06-26,0.0008444528812492358,-0.006707063737857233,-0.032161932227380174,0.003765169049355014,0.0036796260599303546,-9.646466936384058,-47.47365025111617,1496.4730807141625,1417.2504544420874,79.2226262720751,15699.25,0.009166472588529428,15473.17857142857,16041.257254464286,31.68944285188303
0.0355686758708677,1439.1907610212054,1453.236804780506,1445.178052550946,27.386953166691487,48.43746895590405,1474.933349609375,0,Test,2022-06-27,0.010713230523730077,0.0059745503378219045,-0.026360677592179305,0.0047342260810520264,0.004439850169042506,8.54745047433039,-38.96519252232133,1495.6706197276883,1415.3996962600352,80.27092346765312,15832.0498046875,0.008458990377725017,15540.528599330357,16016.476283482143,37.60026858489335
-0.0046889611301086,1445.7670724051338,1453.1670851934523,1447.8830795562576,27.326842171885207,46.41814382490666,1473.8662109375,0,Test,2022-06-28,0.013026395031074278,0.012865368718687487,-0.016253833407338436,0.004415995027899719,0.004676932463984717,18.364065987723052,-23.887520926339448,1494.176126715682,1414.543017397041,79.63310931864089,15850.2001953125,0.0011464333961117568,15620.057198660714,15977.847702752977,39.06618125838453
-0.0007235165386677,1454.2081647600446,1453.125720796131,1450.2451824090977,27.293199597505243,51.35163087889819,1476.025146484375,1,Test,2022-06-29,0.01791938511746749,0.021259635529965237,-0.0032076969522177867,0.0038433548894192043,0.005066668389816625,30.27235630580344,-4.679670061384286,1493.1293057290702,1414.3433470332068,78.78595869586343,15799.099609375,-0.0032239710103227903,15684.192801339286,15940.445265997023,34.866722791939196
0.0014648110736603,1460.334228515625,1454.606422061012,1452.58881550685,27.66726732518498,54.93329008631715,1460.7880859375,0,Test,2022-06-30,0.014691219584689996,0.0232333736807655,0.00903158476100141,0.0032888040743059553,0.005231741039343432,33.15811593191961,13.07107979910711,1492.6446827718446,1414.339081876593,78.3056008952517,15780.25,-0.001193081241402827,15704.399972098214,15905.088123139882,39.38669746898747
-0.0103230358799556,1463.2590157645088,1455.1169259207588,1453.3342037278182,27.67823325827463,49.10116827318196,1452.1767578125,0,Test,2022-07-01,0.012098728552640159,0.024254816943882984,0.017385074602833006,0.0022815674110270006,0.005253106190403869,34.650634765625,25.00416782924094,1492.0033277851824,1414.4376634257553,77.56566435942705,15752.0498046875,-0.0017870563085186086,15752.79282924107,15863.376209077382,49.295712236272905
-0.00589498792323,1464.3792898995537,1453.7366652715773,1453.2289813718803,27.02958662833496,58.62793796654312,1449.3724365234375,0,Test,2022-07-02,0.00699427041188927,0.01750186949537902,0.023580985633506968,0.002519843619533619,0.005057143132715914,25.18852887834828,33.73597935267867,1490.9392208781305,1414.7072879109319,76.23193296719865,15752.0498046875,-0.0017870563085186086,15752.79282924107,15863.376209077382,49.295712236272905
-0.0019311156675492,1467.0062604631696,1451.5008254278273,1452.878386385658,25.211372918906186,57.93705404301373,1475.057373046875,1,Test,2022-07-03,0.004568838980324674,0.014690601593728925,0.027744970318619222,0.00239420915924501,0.004645468147766291,21.23918805803578,39.60325404575883,1490.0189572851007,1415.0025270898993,75.01643019520134,15752.0498046875,-0.0017870563085186086,15752.79282924107,15863.376209077382,49.295712236272905
0.0177214191992274,1466.0313371930804,1450.8284156436011,1454.8946579003143,24.3291129377684,67.55634358465144,1452.896484375,0,Test,2022-07-04,0.0018946211154031722,0.008130316360166256,0.02956279945269169,0.0023087330972465844,0.00399756348540713,11.82317243303578,42.09552873883922,1488.5533757810463,1415.5233087892661,73.03006699178013,15835.349609375,0.005288188249805481,15792.607003348214,15827.711867559523,53.17155582859776
-0.0150237469245684,1462.8832135881696,1448.9683779761904,1454.7130057616494,22.4478885291614,56.22985294471832,1468.7044677734375,1,Test,2022-07-05,-0.0010216453631263223,0.0017454806048993188,0.025019407688811057,0.002732709004551558,0.0035611096647706632,2.5489850725446104,35.70710100446422,1486.8146974905105,1416.0977397304716,70.7169577600389,15810.849609375,-0.0015471713984448465,15808.5498046875,15791.583240327382,53.68105071120706
0.0108803232497582,1462.1458217075892,1448.9990990048364,1455.98495685363,22.47574593468945,63.87791633183525,1456.370849609375,0,Test,2022-07-06,-0.003313168380103426,-0.0007607635045652206,0.02347560125977699,0.0021060120098660242,0.003085841041780003,-1.1131940569196104,33.53744070870539,1484.590818968689,1416.9279972980519,67.66282167063719,15989.7998046875,0.011318189707300252,15831.085518973214,15771.27134486607,71.55237758181562
-0.0083976173795946,1459.3380650111608,1449.0250999813989,1456.0200380132433,22.48435125256,56.16929117264678,1454.062744140625,0,Test,2022-07-07,-0.004565572380420435,-0.003442567730344459,0.013999050393889156,0.0016705879570998751,0.003054181880529237,-5.04122488839289,20.14730398995539,1481.4146417598067,1418.2223856536975,63.1922561061092,16132.900390625,0.00894949203151052,15871.471261160714,15760.635649181548,77.32954841729207
-0.0015848336083965,1458.377301897321,1448.5240420386904,1455.8421022066416,22.23613879518057,53.74829184391663,1454.98095703125,1,Test,2022-07-08,-0.003080158175987502,-0.005882018910487896,0.008722172286860452,0.0013930294399775826,0.0029083044133664713,-8.628958565848507,12.610229492187273,1479.7433757765498,1418.7659224935392,60.97745328301062,16220.599609375,0.005436047866567373,15931.685546875,15748.373744419643,77.77881661879687
0.0006314809277145,1458.7779017857142,1450.1111014229912,1455.7638162816058,21.39584857710005,52.952491605949874,1453.5665283203125,0,Test,2022-07-09,-0.002303409052553773,-0.0049476673679117456,0.003142422891308394,0.0013310568638354218,0.00292760426838349,-7.253435407366169,4.56973702566961,1479.730605406095,1418.767699560423,60.96290584567214,16220.599609375,0.005436047866567373,15931.685546875,15748.373744419643,77.77881661879687
-0.0009721286757068,1459.3770577566963,1451.6638997395833,1455.5640628305791,20.331053544816463,56.70697884861215,1459.323974609375,1,Test,2022-07-10,2.67194740344312e-05,-0.0023967434986648106,-0.0006554463630572549,0.000982808603988821,0.0029406792542497912,-3.5061558314732792,-0.9571707589286689,1480.6499536059255,1419.0597422646101,61.59021134131535,16220.599609375,0.005436047866567373,15931.685546875,15748.373744419643,77.77881661879687
0.0039609100628614,1457.129429408482,1454.117175874256,1455.905872992288,17.71402552350765,40.84598161211064,1468.9774169921875,1,Test,2022-07-11,-0.0008556581943612862,-0.0034308426865719,-0.0041889961312312485,0.0010257646425800686,0.0025043270203708987,-5.01639229910711,-6.129586356026721,1481.2518374076687,1420.3453166101883,60.906520797480425,16216.0,-0.00028356592763323363,15993.935546875,15749.04994419643,72.49941948328302
0.0066150097927339,1459.4267054966515,1456.0256638299852,1457.0941951740967,17.00606376413734,47.63499266615545,1448.603271484375,0,Test,2022-07-12,0.0004447583899804819,6.074019969459776e-05,-0.003382036632901264,0.0012028136436993758,0.002283947465472005,0.08864048549071413,-4.9525844029021755,1481.3724275596026,1423.1030659532323,58.26936160637024,16058.2998046875,-0.0097249750439381,16037.685546875,15762.56896391369,76.54538614759119
-0.0138696111132393,1456.5551060267858,1457.6363641648063,1456.3222930204856,14.288826629897528,41.30212947661644,1439.5205078125,0,Test,2022-07-13,-0.001933668694400592,-0.0012494680684927983,-0.00712413758417374,0.0013543019483115665,0.001834966443047726,-1.8221958705353245,-10.451154436383831,1480.4154358012172,1426.975267672555,53.44016812866221,15966.650390625,-0.005707292501522909,16056.442801339286,15773.738048735118,67.62380826048849
-0.0062700146069447,1454.147914341518,1457.9400692894346,1454.7948580015775,13.801664814534307,38.00362964757759,1449.2484130859375,1,Test,2022-07-14,-0.002046156646616226,-0.003173880985260835,-0.008105845045792148,0.0013121709660118867,0.001458912957891244,-4.629987444196331,-11.8834228515625,1477.9644583616869,1432.447455700813,45.517002660873914,15938.650390625,-0.0017536552323109689,16074.70005580357,15785.476143973214,61.41524317216228
0.0067577399701099,1453.4601527622767,1458.365490141369,1454.2906357365196,13.361895893971232,46.06529251101542,1441.8780517578125,0,Test,2022-07-15,-0.004088285291685367,-0.004054404557732871,-0.00644143068863301,0.0013105029409360318,0.001299342664110054,-5.91690499441961,-9.42306082589289,1475.1189291337664,1437.9213889465905,37.197540187175946,16049.2001953125,0.0069359576863876615,16083.185825892857,15818.266648065477,60.57877299516072
-0.0050856438838052,1451.5883091517858,1458.248500279018,1453.1622190111823,13.500915279555356,46.45845664320106,1454.2613525390625,1,Test,2022-07-16,-0.003409961528025196,-0.00380276463083018,-0.007220560630179618,0.0012931682773917642,0.0012634400041152847,-5.541120256696331,-10.557512555803442,1471.1399395669278,1444.1983713287195,26.94156823820822,16049.2001953125,0.0069359576863876615,16083.185825892857,15818.266648065477,60.57877299516072
0.0085883135305051,1451.6875697544642,1459.3569626581102,1453.2621402409895,12.025424490640424,51.577298247603935,1456.221923828125,1,Test,2022-07-17,-0.0016919493283926723,-0.005302860166282675,-0.0052424420633734314,0.0012496895270025705,0.0010801047252562606,-7.739135742187273,-7.6504952566965585,1469.0395155199067,1447.5484762490664,21.491039270840247,16049.2001953125,0.0069359576863876615,16083.185825892857,15818.266648065477,60.57877299516072
0.0013481560832511,1451.244419642857,1458.1350620814733,1453.5312114761837,10.870421736096162,42.82476428211371,1455.775146484375,0,Test,2022-07-18,-0.001524453983281604,-0.0036460593642867467,-0.004890971798027999,0.0012065969725620202,0.0010865140640492846,-5.310686383928669,-7.132882254463993,1468.1895171123922,1448.9462093803534,19.24330773203883,16278.5,0.014287304158276504,16103.985770089286,15865.171409970239,67.30505626977293
-0.0003068058078506,1449.3583809988838,1457.2227666945685,1453.7352055678375,10.171603049261249,51.31398883817131,1423.46435546875,0,Test,2022-07-19,-0.0015361987547316547,-0.0032937043717474745,-0.00645713153133165,0.0007567217314155844,0.00102279617702291,-4.7895333426340585,-9.41952078683039,1468.6298813200262,1448.0208667966028,20.60901452342341,16340.5498046875,0.003811764271124396,16121.121512276786,15912.333286830357,71.68492761717475
-0.0221949049574406,1445.7671072823662,1454.8226783389136,1450.983310104284,11.855140989555112,32.053538136721755,1409.095703125,0,Test,2022-07-20,-0.0040783310372350945,-0.0052929180516507746,-0.009325862978311394,0.0008811264039539251,0.0011296889482775062,-7.693045479910552,-13.609950474330162,1469.271850570145,1445.9221854231587,23.349665146986354,16520.849609375,0.01103388850696918,16164.671456473214,15954.335658482143,76.26428931605224
-0.0100941427079277,1441.4207066127233,1451.635561988467,1447.17534583344,14.558480417169264,31.54423440201448,1391.17822265625,0,Test,2022-07-21,-0.006769165067695093,-0.007004467089572919,-0.010780595380697089,0.0011423905581679121,0.0012437809250289583,-10.1676025390625,-15.708722795758831,1469.9073992246222,1443.1028058535026,26.80459337111961,16605.25,0.005108719746296009,16242.807198660714,16011.095191592261,79.0976396886667
-0.012715588039204,1433.124965122768,1448.320806594122,1442.0846982718772,19.46736828107988,28.11742297451825,1408.1278076171875,1,Test,2022-07-22,-0.011200415362367488,-0.01278691435984125,-0.018021967307315312,0.0019786501702403455,0.001796599231013221,-18.56260463169633,-26.301740373883604,1471.4155782465723,1438.4691943538742,32.94638389269812,16719.44921875,0.006877295960614926,16350.349888392857,16066.466564360118,79.52908359568565
0.0121836186657484,1428.303501674107,1446.2232375372023,1438.9977082123598,21.31640406807119,35.332507392577384,1383.8822021484375,0,Test,2022-07-23,-0.012079127765664666,-0.015807756197536715,-0.019396179544311165,0.002007932186314243,0.001822813656891121,-22.94091796875,-28.25160435267867,1472.3555064827813,1433.6589902387584,38.69651624402286,16719.44921875,0.006877295960614926,16350.349888392857,16066.466564360118,79.52908359568565
-0.0172183272978452,1418.2493373325892,1443.1046549479167,1433.987207661094,25.25869373331057,30.913510404964427,1397.0845947265625,1,Test,2022-07-24,-0.016075368678854174,-0.021464010609201112,-0.024687018875369837,0.0023714767096650324,0.002256331598047661,-31.10904366629461,-35.89857700892867,1474.470837512351,1426.7654592231402,47.705378289210785,16719.44921875,0.006877295960614926,16350.349888392857,16066.466564360118,79.52908359568565
0.0095401129934531,1409.8011474609375,1439.3916655040923,1430.6324246670458,26.045527282356947,33.620679131524795,1392.394287109375,0,Test,2022-07-25,-0.01627479684566957,-0.02487673128007073,-0.030037978831663148,0.002122576871760088,0.0024792058162768117,-35.96595982142867,-43.65900530133922,1477.2618863802356,1418.666203742532,58.5956826377037,16631.0,-0.005290199311757782,16449.256975446428,16110.835611979166,76.27091922598082
-0.0033572108910882,1400.7467389787946,1436.5106084914437,1427.1562303436212,27.766394249026312,29.305284241485023,1409.6416015625,1,Test,2022-07-26,-0.01929335233233931,-0.028217970955551674,-0.03502478619623195,0.001850352165292381,0.0024250958722638726,-40.67396763392867,-50.84157017299117,1480.188597699241,1409.5995841506472,70.58901354859381,16483.849609375,-0.00884795806776506,16511.349748883928,16141.873697916666,66.15441994013463
0.0123868035173646,1398.7720598493304,1433.6980910528273,1425.563991363519,27.33023656001984,39.29058434150519,1405.86962890625,0,Test,2022-07-27,-0.01373332387370707,-0.023970627900194774,-0.036451031893924624,0.002105949591567384,0.0024465137191262854,-34.3529052734375,-52.91550990513383,1482.0031516693632,1401.7284296643422,80.27472200502098,16641.80078125,0.0095821774414373,16563.249860491072,16179.56896391369,66.47995577633654
-0.0026758380655543,1398.3111921037946,1431.2932710193452,1423.7735947764947,27.45702058322292,40.47219438011959,1414.8778076171875,1,Test,2022-07-28,-0.008150053912097,-0.020998554953592596,-0.03647437111392238,0.002641359258667777,0.002522148169036646,-29.9923095703125,-52.9332275390625,1482.6232293730918,1395.1017409812607,87.5214883918311,16929.599609375,0.017293731123692924,16647.399832589286,16233.402297247023,70.32569671369284
0.0064075491252668,1401.6968470982142,1429.4273216610864,1422.9648868529212,27.1621621115459,40.22858864178062,1425.15185546875,1,Test,2022-07-29,0.0006782868686971977,-0.011671072073621835,-0.03288457466801398,0.0035539038881422296,0.0028268707589057945,-16.552490234375,-47.66153390066961,1481.703097511274,1390.3137673743283,91.38933013694577,17158.25,0.013505953826479233,16738.45703125,16299.02134486607,73.937472958007
0.0072614382643156,1404.1288539341515,1428.0068882533485,1423.163702181633,26.53166230150897,45.32204970704132,1425.57373046875,1,Test,2022-07-30,0.0038296404672237827,-0.004023470641233207,-0.028800111123348793,0.003999131436217083,0.003040774744322722,-5.672293526786007,-41.638253348214675,1479.6665443699123,1386.8255001334358,92.84104423647659,17158.25,0.013505953826479233,16738.45703125,16299.02134486607,73.937472958007
0.0002960210860205,1410.0847865513392,1426.6738978794642,1423.38279566228,25.87845920452368,41.401394603795104,1449.91845703125,1,Test,2022-07-31,0.008419867132602343,0.006666478181025504,-0.021739607262214355,0.004103199801937411,0.0034719128132080458,9.33804757254461,-31.33592006138406,1476.9851728652216,1384.8024073524125,92.18276551280906,17158.25,0.013505953826479233,16738.45703125,16299.02134486607,73.937472958007
0.0170771430773315,1417.6324811662946,1426.2260160900298,1425.7951285140043,25.361350984965544,48.334176385422765,1475.1319580078125,1,Test,2022-08-01,0.011368816375003199,0.013483555940483782,-0.010810281261931731,0.0039664765872286754,0.003984486469211347,18.86042131696422,-15.49248395647328,1473.2074242519463,1384.4007335326517,88.80669071929469,17340.05078125,0.010595531668439406,16843.428571428572,16374.640438988095,82.16844283730454
0.0173895992938719,1429.4521484375,1426.519089471726,1430.2802948316237,25.90971595683033,54.52332907161232,1469.37451171875,0,Test,2022-08-02,0.018034879371929824,0.022270404835173396,0.0008042035618105459,0.003365825112853905,0.004801240665859776,31.14095633370539,1.1486467633928896,1469.8975205931995,1385.0003414324703,84.89717916072914,17345.44921875,0.000311327663805816,16932.85714285714,16446.549944196428,86.1699958293668
-0.0039030042416259,1437.9854213169642,1427.5081961495537,1433.834314548635,27.161184406845138,62.24838597058012,1455.4774169921875,0,Test,2022-08-03,0.019786494423404077,0.025889031778786098,0.0139158069493579,0.002913722756827179,0.005118403668926193,36.28857421875,19.736083984375,1467.5362152033313,1385.7453975198828,81.7908176834485,17388.150390625,0.002461808358865669,17041.021484375,16521.659505208332,87.73365412579648
-0.0094578302643257,1445.0722481863838,1428.2680489676338,1435.8018693162303,27.7312599319804,62.40540672902689,1445.501220703125,0,Test,2022-08-04,0.019356051293008214,0.029159285586586536,0.025018493415876364,0.002217913086387924,0.00524222097265041,40.94339425223234,35.27110072544633,1466.1186121025635,1386.3242101630617,79.79440193950177,17382.0,-0.0003537116074355806,17169.328683035714,16587.954752604168,86.68997269194807
-0.0068542432693176,1449.447021484375,1428.089611235119,1436.6836285332208,27.601262142624435,65.17400110476893,1430.1895751953125,0,Test,2022-08-05,0.013987787607112834,0.027914800094613,0.034767371681396986,0.0021233769424538564,0.004995267589001511,39.36223493303578,48.70028250558039,1465.7354649096303,1386.4932285892535,79.24223632037683,17397.5,0.0008917270739845495,17277.285714285714,16648.173781622023,84.91419656786272
-0.0105926202541458,1450.1666957310267,1427.5330171130952,1436.0932600479564,27.426607935136254,56.21940711048954,1414.3814697265625,0,Test,2022-08-06,0.008471069479206728,0.02294968194998326,0.036742681210856,0.002448010947133294,0.004850933733542475,32.53421456473211,51.39463588169633,1465.458086684168,1386.6185194123723,78.83956727179566,17397.5,0.0008917270739845495,17277.285714285714,16648.173781622023,84.91419656786272
-0.0110531538915679,1448.5678013392858,1425.6339750744048,1434.1194609278298,26.85814789464426,59.02746865226415,1419.8907470703125,1,Test,2022-08-07,0.0024189469815707465,0.013372712701632317,0.03594093326241543,0.00327877009961808,0.004314887564126252,19.11565290178578,50.25660923549117,1464.980615451968,1386.828328814215,78.15228663775315,17397.5,0.0008917270739845495,17277.285714285714,16648.173781622023,84.91419656786272
0.0038951849000221,1444.2781284877233,1423.9039190383185,1432.8259414862373,25.94389066226417,57.072478251981735,1499.228515625,1,Test,2022-08-08,-0.0035661137799698484,0.0043760576967435405,0.030378381372306418,0.004060067256827616,0.003976591218763327,6.2927071707590585,42.58128138950906,1464.146402144571,1387.1545168704959,76.99188527407523,17525.099609375,0.007334364671648164,17362.35714285714,16710.292829241072,85.50702746880567
0.0558759670195658,1447.720493861607,1425.9731270926338,1438.8625391352157,30.02483547375875,72.645966873016,1387.0091552734375,0,Test,2022-08-09,-0.0016868418483342307,0.0018326043410956672,0.031045327361031383,0.0032096214857573113,0.00320956221425655,2.6482456752232792,43.59163992745562,1464.4682302674978,1387.028027405493,77.44020286200475,17525.099609375,0.007334364671648164,17362.35714285714,16710.292829241072,85.50702746880567
-0.0748514046938203,1435.9540143694196,1424.237165178571,1434.1485951477812,31.207713173415364,46.57966382728617,1410.3116455078125,1,Test,2022-08-10,-0.008707764288426123,-0.009309072297887244,0.018345866904464048,0.004381032800019764,0.004174282985101506,-13.49300711495539,25.86922781808039,1463.8042686040842,1387.1453198445768,76.65894875950744,17534.75,0.0005506610997998429,17416.14285714286,16773.09044828869,83.85535348370679
0.0168005309451479,1429.5017613002233,1424.2950671968006,1431.9815997259657,31.179330533019947,50.63388248098562,1421.0819091796875,1,Test,2022-08-11,-0.0102309706808148,-0.014250040696449973,0.008372607351775585,0.003973494065992076,0.0044811659604439774,-20.66493443080344,11.869280133928669,1463.5049325781758,1387.0823354882302,76.42259708994561,17659.0,0.007085929368824795,17461.70703125,16849.314267113095,84.2738656692145
0.0076367969492281,1426.0132882254463,1425.7190522693452,1430.9907187672131,30.26055984168403,50.88090455989091,1459.1500244140625,1,Test,2022-08-12,-0.014994058402986066,-0.015570215693726186,-0.0024057190132685813,0.003425753680323202,0.004598326421731668,-22.554513113839448,-3.438860212053669,1463.3661622018842,1386.992084519656,76.37407768222829,17698.150390625,0.0022170219505635025,17512.092912946428,16931.766648065477,83.46670727325429
0.0267881217743104,1430.1504952566963,1428.148681640625,1433.5506556441994,30.820644519748665,54.47417485447964,1460.5894775390625,1,Test,2022-08-13,-0.004041577275210928,-0.009781795453635889,-0.005448543458175248,0.0038496923642298833,0.004618520640905446,-14.127633231026948,-7.83492606026789,1463.8773595179332,1387.6710029960173,76.20635652191595,17698.150390625,0.0022170219505635025,17512.092912946428,16931.766648065477,83.46670727325429
0.0009865011142895,1436.7516392299108,1431.801409040179,1436.0087303619143,29.84203062593253,54.59577984655793,1445.9727783203125,0,Test,2022-08-14,0.005071611750302019,-0.007576638362311483,-0.0057579190015694115,0.004599837349973087,0.004637745596665701,-10.968854631696331,-8.320608956473052,1464.749658064916,1389.493753625932,75.25590443898409,17698.150390625,0.0022170219505635025,17512.092912946428,16931.766648065477,83.46670727325429
-0.0100073973169911,1440.4776436941963,1434.129417782738,1436.9145529035868,28.89004519722649,49.46856313268741,1452.57373046875,1,Test,2022-08-15,0.010143212260490087,0.0031502605790361127,-0.006188137722338505,0.004715041179525493,0.004511427724541429,4.523629324776721,-8.969377790178669,1465.029695206522,1393.1868069558666,71.8428882506555,17698.150390625,0.0022170219505635025,17512.092912946428,16931.766648065477,83.46670727325429
0.0045650597628161,1433.8126743861608,1436.995105561756,1438.3381145004198,27.494190543376263,46.801293766125774,1454.4847412109375,1,Test,2022-08-16,0.0025606949349810115,0.003015675253185135,-0.011277338938350034,0.004777617106287474,0.004245775781343006,4.3109130859375,-16.35402134486594,1463.850290088225,1397.8702735278462,65.98001656037877,17825.25,0.007181519343531395,17574.535714285714,17021.60472470238,89.78574663342165
0.0013156032648138,1443.4520438058037,1439.1304931640625,1439.8059896559214,27.000486997793008,47.86537869897249,1466.6944580078125,1,Test,2022-08-17,0.004663578862860618,0.012229027404126347,-0.003531596884006616,0.00456849879532931,0.004328137272710541,17.438755580357338,-5.11575753348211,1462.735393113954,1403.4992556723184,59.23613744163549,17944.25,0.006675923198833145,17654.85714285714,17111.845191592263,99.58237348197602
0.0083945306890671,1451.5067313058037,1442.0269135974702,1442.2503958697296,26.51210926277134,51.615910875015125,1470.1439208984375,1,Test,2022-08-18,0.007656548964774412,0.014932859247987151,0.005004993619649456,0.004213138663727704,0.004385122840350578,21.356236049107338,7.22860281808039,1462.3373218772504,1408.878315329781,53.45900654746947,17956.5,0.0006826699360520383,17734.714285714286,17191.749953497023,99.5365191691786
0.0023518619517457,1458.515590122768,1444.6586332775298,1444.7861708723394,26.425258728434468,53.61802782329045,1447.9332275390625,0,Test,2022-08-19,0.017228830640085402,0.015148025795552522,0.007456616319885256,0.00375153299401512,0.004495507801047594,21.76395089285711,10.79509626116078,1462.517889026628,1414.136421799265,48.38146722736292,17758.44921875,-0.011029475746944017,17768.049944196428,17259.268973214286,83.49558702580852
-0.015107836072132,1456.9131905691963,1445.7434605189733,1445.0722669329505,26.049357680537284,52.553386140367024,1462.87255859375,1,Test,2022-08-20,0.009325662616335384,0.011409789625647981,0.014595994015156988,0.004098645654819014,0.0045145491831960404,16.435546875,20.95917619977672,1462.276685194904,1419.0604660327745,43.21621916212962,17758.44921875,-0.011029475746944017,17768.049944196428,17259.268973214286,83.49558702580852
0.0103176933649618,1457.2393450055804,1447.5195951915923,1446.6904752657506,25.87636079518044,56.99556321962961,1443.515869140625,0,Test,2022-08-21,0.0039494227454388575,0.01633872474272069,0.019403672283780926,0.004085378420577753,0.004495801911108697,23.42667061941961,27.73758370535711,1462.5609250548696,1422.7369125567375,39.824012498132106,17758.44921875,-0.011029475746944017,17768.049944196428,17259.268973214286,83.49558702580852
-0.013231972490982,1456.8883579799108,1447.2147100539437,1446.401874708921,25.88440089158149,53.277334091068425,1430.88427734375,0,Test,2022-08-22,-0.0011156768936012584,0.009308459004069736,0.021651319808447145,0.004160220888945373,0.004395346069950087,13.43631417410711,30.875069754464448,1463.8849397139857,1424.1565188518625,39.72842086212313,17490.69921875,-0.0150773300473388,17761.756975446428,17305.452287946428,63.02341880237248
-0.0087505735592605,1453.7898646763392,1445.107677641369,1444.99118403936,25.292413083932782,38.36598091099584,1443.46630859375,1,Test,2022-08-23,-0.0021437968391492257,0.0015729402566955208,0.01652928800014153,0.003603956570281506,0.004422157440072249,2.283133370535552,23.63936941964289,1464.9201774499263,1424.7017254518594,40.21845199806694,17577.5,0.00496268217550444,17750.114118303572,17351.749906994046,60.04989650360749
0.008793185758779,1452.2158028738838,1443.8739536830358,1444.85255899885,24.673846961372345,64.54417779421411,1502.9013671875,1,Test,2022-08-24,-0.0034473006434487807,-0.004319314302532629,0.010763282408546182,0.003059892974784913,0.0037360175174157807,-6.2997872488840585,15.464163643973052,1465.5488302669796,1424.787428103556,40.761402163423554,17604.94921875,0.001561611079505143,17736.799665178572,17393.916573660714,60.78193013948083
0.0411752309284259,1457.388218470982,1446.1322370256696,1450.1297233796363,27.765511831188007,70.10887229973314,1519.3050537109375,1,Test,2022-08-25,0.000343101438303961,0.0003260509307354553,0.011739560728910359,0.0026029444468871283,0.0034668199734032576,0.47502790178577925,16.91057477678578,1466.5959443136219,1424.5344337555746,42.0615105580473,17522.44921875,-0.004686182219266755,17693.542410714286,17436.366536458332,55.40133130354318
0.0109146793539318,1464.4112374441963,1449.646705264137,1456.418389773391,32.02573546230475,70.82282673953999,1553.89892578125,1,Test,2022-08-26,0.007305989005654379,0.004921561075877046,0.021340697850320778,0.0026002881393655582,0.003392494283476385,7.1718924386159415,30.598563058035552,1468.8710551853985,1423.683777055115,45.18727813028363,17558.900390625,0.002080255529346653,17638.49246651786,17487.559430803572,56.945430676054734
0.0227695366284843,1479.5491943359375,1455.5376267206102,1465.2802566831965,38.906386456809045,70.38660810575844,1548.6875,0,Test,2022-08-27,0.018821852377561177,0.015554271013221488,0.025007516311356115,0.004364375609491169,0.00407409312290048,22.66083635602672,36.09715053013383,1474.887887784025,1420.7650837561534,54.12280402787155,17558.900390625,0.002080255529346653,17638.49246651786,17487.559430803572,56.945430676054734
-0.0033537739776928,1491.8084716796875,1461.933151971726,1472.8627333483605,42.66043258570446,68.65280407576094,1553.675537109375,1,Test,2022-08-28,0.02361776551536643,0.026151377119287167,0.027765451929821605,0.004794498030504862,0.00433485755663124,38.01860700334828,40.30174037388383,1483.5666613622134,1416.8393444971616,66.72731686505176,17558.900390625,0.002080255529346653,17638.49246651786,17487.559430803572,56.945430676054734
0.0032208157613302,1507.5455671037946,1468.3038562593006,1480.209351872089,45.93204124210316,73.77297067761108,1541.019287109375,0,Test,2022-08-29,0.029455066006513153,0.03810023559887932,0.033616354403794624,0.005162437620823799,0.004814912519814881,55.32976422991078,49.02997698102672,1495.222918339347,1411.1655948442467,84.05732349510026,17312.900390625,-0.014009988924553851,17546.549665178572,17519.516555059523,47.18751663855157
-0.0081460058407992,1523.2791399274554,1470.2938929966515,1485.7375278027514,48.18873437309632,69.01410077017309,1542.6075439453125,1,Test,2022-08-30,0.029556263325968724,0.04521164684973411,0.04555243908000506,0.004443702862828561,0.004593280436279838,65.89092145647328,66.36594935825906,1509.1128796681455,1406.0081460712518,103.10473359689377,17759.30078125,0.02578426378902554,17546.671316964286,17559.02613467262,56.42420508424634
0.0010306534442645,1537.442173549107,1477.7033400762648,1490.9075292702569,46.68142080045339,68.97104132043758,1576.9532470703125,1,Test,2022-08-31,0.03058951784744779,0.04987051057623004,0.05503751241579291,0.0028648302924837482,0.004744965543807128,73.03093610491078,80.20282854352672,1523.8889885433612,1402.0260784209243,121.86291012243692,17759.30078125,0.02578426378902554,17546.671316964286,17559.02613467262,56.42420508424634
0.0222647057962381,1548.0210135323662,1485.6386544363838,1498.72986725208,48.769688848006815,71.67103331126019,1589.1380615234375,1,Test,2022-09-01,0.026848572482177424,0.04627883916165465,0.06255294378137388,0.002160392508869612,0.004779788098939427,68.47181919642867,91.13265555245539,1538.2816982212207,1399.8341412737573,138.44755694746345,17542.80078125,-0.012190795272107646,17554.114397321428,17577.338076636905,50.19832907036496
0.0077268076753462,1557.9971575055804,1493.6413283575148,1506.9487940040217,51.365993774196205,72.61150338198317,1578.5911865234375,0,Test,2022-09-02,0.022791631991874173,0.04436808550320692,0.07167974915854924,0.0017217937671564322,0.004804672921065621,66.18868582589289,104.20729282924117,1552.6933231121275,1398.2071826077386,154.4861405043889,17539.44921875,-0.0001910505934481499,17548.678571428572,17586.83324032738,46.86835529560557
-0.0066368525525649,1561.524623325893,1499.3290027436756,1513.4617387785138,53.90584024227971,75.97949504609245,1572.5855712890625,0,Test,2022-09-03,0.015663971101555374,0.03580592016584916,0.07527036975888213,0.0028950638153928477,0.00456888302144581,53.97905622209828,109.30882045200906,1565.6357978233264,1397.7420063061377,167.89379151718867,17539.44921875,-0.0001910505934481499,17548.678571428572,17586.83324032738,46.86835529560557
-0.0038044145220406,1564.9386335100446,1504.6621500651042,1518.836632643109,55.40093618301809,72.61845022536183,1569.036865234375,0,Test,2022-09-04,0.010928546725005317,0.027348561724920062,0.07379668208920953,0.0035468606109765283,0.004440195426766002,41.65949358258922,107.5504150390625,1577.2737346039628,1398.550168507086,178.72356609687677,17539.44921875,-0.0001910505934481499,17548.678571428572,17586.83324032738,46.86835529560557
-0.0022566060120839,1567.1331089564733,1510.5223446800596,1523.4002901514057,55.39122525138594,77.68170673007033,1584.9937744140625,1,Test,2022-09-05,0.005863907650203837,0.019311903834942967,0.07014550891562066,0.003647130150346024,0.004307462982042779,29.69093540736617,102.72187151227695,1586.7925997715297,1402.363346796551,184.42925297497868,17665.80078125,0.007203850071011875,17557.371651785714,17602.088076636905,49.189620805359276
0.0101698752484722,1573.415178571429,1516.8280610584077,1528.9996978116474,55.99852918366864,83.49518478446014,1585.4901123046875,1,Test,2022-09-06,0.007614708771104928,0.016404276697198572,0.06344228674168617,0.002958561562830368,0.0037810723491470133,25.394165039062727,93.8659842354914,1596.3858476570836,1405.7664123875593,190.61943526952427,17655.599609375,-0.0005774531254664206,17576.393136160714,17614.823753720237,45.48575633759044
0.000313148164136,1579.541259765625,1523.066412062872,1534.1351900382872,56.003230120268086,82.58001356451629,1564.669189453125,0,Test,2022-09-07,0.009331117491059526,0.013828075459738187,0.05880968619728755,0.00212978119313614,0.0033007543971130464,21.54410226004461,87.7327880859375,1605.916974773456,1409.0387381171688,196.8782366562873,17624.400390625,-0.0017671004916441913,17585.75027901786,17626.366629464286,41.07191728917495
-0.0131321682109369,1577.7863943917412,1527.7318754650298,1536.9110081669087,55.14668260048707,67.2201598950187,1575.0177001953125,1,Test,2022-09-08,0.006797945480433221,0.010414034350103574,0.04659283859849683,0.0023739716208695917,0.003771770964697359,16.26177106584828,70.24082728794656,1613.8232421855525,1413.0595511319696,200.763691053583,17798.75,0.009892512965589573,17655.157366071428,17645.473772321428,45.96207647497595
0.0066138649702718,1575.7691999162946,1532.725864955357,1540.3752528967636,54.41459831443087,66.07476701347554,1543.7242431640625,0,Test,2022-09-09,0.0014961221786375933,0.006920761092054972,0.03445859567888454,0.0021415298754906527,0.0042072902649026335,10.83056640625,52.49005998883922,1619.7481928262848,1419.0202014259473,200.7279914003375,17833.349609375,0.0019439347917691308,17665.735770089286,17660.15234375,52.09230154807073
-0.0198686383190292,1570.7882080078125,1537.287341889881,1540.6797065574272,50.849382813029344,47.0073023101841,1489.6495361328125,0,Test,2022-09-10,-0.005541515109970141,0.0023323475398799864,0.021689293446222946,0.002762688159056944,0.0044906238132327875,3.6550990513392208,33.34603445870539,1623.4509290936367,1426.6723514588184,196.77857763481825,17833.349609375,0.0019439347917691308,17665.735770089286,17660.15234375,52.09230154807073
-0.035028734743724,1558.9402029854912,1538.5624360584077,1536.0406001551894,49.19901017589043,36.51208877877315,1476.96826171875,0,Test,2022-09-11,-0.011944703968318482,-0.00919971777511397,0.007053644206165499,0.004100759982901206,0.005323332588927045,-14.474975585937727,10.919189453125,1624.1536825170228,1436.1747825359903,187.97889998103255,17833.349609375,0.0019439347917691308,17665.735770089286,17660.15234375,52.09230154807073
-0.0085129247561031,1545.7875453404015,1540.1554071335563,1530.6703875700584,46.43143104713856,33.070439747311795,1484.7109375,1,Test,2022-09-12,-0.019026678892750115,-0.021369314803610706,-0.007836735841499909,0.004926656376100158,0.0057016721178083304,-33.75371442522351,-12.209612165178896,1621.7601171291353,1447.768115990284,173.99200113885126,17936.349609375,0.005775695663245095,17721.95703125,17679.27613467262,63.71101782402873
0.0052422763453561,1531.46142578125,1542.7185814267114,1526.4922557455077,41.29981723779816,37.29704036941406,1481.435302734375,0,Test,2022-09-13,-0.02503633655134163,-0.02936073525234706,-0.0192524646077058,0.004805897876271142,0.005837736300759171,-46.32496861049117,-30.06319754464289,1616.6361089882976,1460.8166864218588,155.8194225664388,18070.05078125,0.007454201929980142,17797.757254464286,17698.84998139881,64.72890764076759
-0.0022062441131743,1516.5964529854912,1544.5266287667412,1522.3961691081315,37.38280013818196,36.30403590140234,1497.9381103515625,1,Test,2022-09-14,-0.027161882103565294,-0.03755165853853892,-0.03089078350383967,0.003800660136854978,0.005818718280307819,-59.17274693080344,-48.34218052455344,1610.5584506553496,1472.8151682062576,137.74328244909202,18003.75,-0.0036690976717561608,17846.035714285714,17713.40234375,61.65466492538676
0.0111397423746599,1507.063441685268,1544.290283203125,1520.1727092211709,37.67368413513075,30.77296430909543,1508.931640625,1,Test,2022-09-15,-0.025051375120638597,-0.040568655912794904,-0.03833092857772924,0.0031946634892716244,0.005509990260069756,-63.72476632254461,-60.06966727120539,1604.8060309870502,1482.832808298664,121.97322268838616,17877.400390625,-0.007017960667916379,17877.721540178572,17715.885695684523,60.113975969324436
0.0073391084701472,1497.6225760323662,1543.7963111514136,1519.150793894246,38.08344605095304,30.369273994384315,1502.0328369140625,0,Test,2022-09-16,-0.022095789798702525,-0.03933289220182856,-0.04817075846940666,0.0022442555440159713,0.005057955937031587,-61.317626953125,-75.79260253906273,1602.1304901718152,1487.3156872835423,114.81480288827288,17530.849609375,-0.019384853148544656,17864.35714285714,17696.19996279762,49.32075678722973
-0.0045719789586227,1491.6666608537946,1541.3264973958333,1517.5946159869568,39.06469162850221,30.921453698554785,1494.364501953125,0,Test,2022-09-17,-0.016437986573568097,-0.03501185182255351,-0.055632987342710716,0.002005737253942472,0.004847258137673211,-54.12088448660688,-87.87459891183039,1602.150946475428,1487.2810498973395,114.86989657808863,17530.849609375,-0.019384853148544656,17864.35714285714,17696.19996279762,49.32075678722973
-0.0051053044730314,1492.3402273995537,1538.7396879650298,1515.4827874384266,40.33095836548177,30.66731110270368,1504.1671142578125,1,Test,2022-09-18,-0.009769472126037404,-0.025545010617384123,-0.05415572557597581,0.00355682496596666,0.004717965559974947,-39.12119838169633,-85.4461669921875,1603.8137973673033,1484.0976650350403,119.71613233226299,17530.849609375,-0.019384853148544656,17864.35714285714,17696.19996279762,49.32075678722973
0.0065597197282694,1496.2257777622767,1536.382144019717,1514.4540898765526,40.85779548269032,34.447920538251495,1488.309326171875,0,Test,2022-09-19,-0.0009326770926423311,-0.013431836256186602,-0.0504791070660876,0.004677370290356625,0.004821370016114477,-20.370675223214448,-79.54342215401789,1605.5704334446561,1479.63569274117,125.93474070348611,17622.25,0.0052136885924867205,17839.14285714286,17680.283296130954,58.09707264754088
-0.0105425706596185,1496.7398332868304,1533.8721458798364,1512.0772931761271,42.1570752365474,26.80954252047951,1436.69140625,0,Test,2022-09-20,0.0034010094655678724,-0.006850148515906596,-0.047140903110608146,0.004498069014352498,0.004482090273583164,-10.3236083984375,-74.04837472098211,1606.7848039350158,1474.3510882245826,132.43371571043326,17816.25,0.011008809885230342,17836.700055803572,17683.035714285714,51.71755680225065
-0.0346822525493695,1490.3478480747767,1528.8285202752977,1505.2240307282975,47.10518415292728,21.33845229960812,1445.352294921875,1,Test,2022-09-21,-0.0013350704405045155,-0.004857517557502522,-0.04399934954487339,0.0035745115395685186,0.003936669796242301,-7.274727957589448,-68.59235491071445,1607.461970234412,1467.9066053794272,139.55536485498487,17718.349609375,-0.005495005437451739,17805.557198660714,17693.87620907738,55.70239271969638
0.0060283569834118,1482.835588727679,1522.5618082682292,1499.7811456549864,49.09457866445833,25.88768022987327,1454.062744140625,1,Test,2022-09-22,-0.008949310480817929,-0.005920271839461089,-0.04072484398162224,0.0033795415243106156,0.003843384655392984,-8.831072126115714,-62.9519566127226,1607.11047231222,1460.741946423829,146.3685258883911,17629.80078125,-0.004997577656902563,17742.66434151786,17696.366722470237,52.78098398499495
0.0060265232562009,1474.9971749441963,1516.129650297619,1495.624927335499,48.78342525609121,25.393742143409497,1438.4781494140625,0,Test,2022-09-23,-0.014526678490868639,-0.011621379720881841,-0.03686952206990746,0.0032043284000094806,0.0037395156774768534,-17.343052455357338,-56.46425083705367,1606.0710992590969,1453.1285746387828,152.9425246203141,17327.349609375,-0.017155677232420508,17646.035714285714,17683.14769345238,40.60146461101897
-0.0107179657751105,1465.917933872768,1509.4576009114585,1490.4297657062775,49.39125558885568,27.127576601671308,1463.46826171875,1,Test,2022-09-24,-0.01639208875536491,-0.0202561968520798,-0.03341595518897611,0.003501335626404945,0.003730164217487661,-30.30784388950883,-50.67851911272328,1604.244630469117,1445.052973465035,159.19165700408212,17327.349609375,-0.017155677232420508,17646.035714285714,17683.14769345238,40.60146461101897
0.0173726047315121,1461.504185267857,1504.261538550967,1487.9787198892295,48.1418845201987,43.486837749902975,1449.8936767578125,0,Test,2022-09-25,-0.014385548621829947,-0.023541598369568373,-0.030230483440341627,0.003254158456884527,0.0036810691705630298,-35.23564801897328,-45.55925641741078,1601.0832414992594,1437.6514700660307,163.43177143322873,17327.349609375,-0.017155677232420508,17646.035714285714,17683.14769345238,40.60146461101897
-0.0092756264799312,1453.750837053571,1498.5880533854167,1484.5164432409188,47.13644303495002,43.29441101652128,1452.8717041015625,1,Test,2022-09-26,-0.014404324463488605,-0.02455601963560483,-0.029294255896585075,0.002195788695671727,0.003521196050312352,-36.59701102120562,-43.871738978795065,1595.9565197755503,1430.8117576379543,165.144762137596,17016.30078125,-0.017951321762256445,17523.021484375,17659.045386904763,34.78874299783348
0.0020539625708344,1448.6883196149554,1492.296526227679,1481.6396487737045,43.72051670074179,41.92373550494651,1451.109619140625,0,Test,2022-09-27,-0.011753464405946712,-0.023028358216046763,-0.02881229591485235,0.001114037756611382,0.003229498893584605,-34.14726911272351,-42.97834123883922,1588.0677524149926,1425.615230983445,162.45252143154767,17007.400390625,-0.0005230508522044985,17448.243024553572,17632.78348214286,35.16186002818225
-0.0012128290171548,1450.7480643136162,1485.897455124628,1478.8641915343337,38.97504208495563,42.24813651727185,1467.339599609375,1,Test,2022-09-28,-0.007359623778476987,-0.016440106491388717,-0.027870429492082405,0.002567163936212508,0.003070914200202706,-24.249110630580162,-41.5921630859375,1578.1466585191392,1422.8324918714857,155.31416664765356,16858.599609375,-0.00874917846539458,17339.15011160714,17611.15011160714,27.109173412312316
0.011184530964905,1453.8891078404015,1481.2627127511162,1477.8165013593375,34.69105677868667,42.1674714915748,1482.4791259765625,1,Test,2022-09-29,9.511312620169576e-05,-0.00820566128186162,-0.028295642643714536,0.0033341812391681964,0.0032356546092239453,-12.028826032366396,-42.33666992187523,1566.0780592724263,1422.7130819106096,143.36497736181673,16818.099609375,-0.0024023347691036756,17196.557198660714,17566.331008184523,25.351466181100875
0.0103176704092344,1457.948590959821,1476.8561139787946,1478.2403763245395,27.27002936500969,43.36948972067278,1489.9990234375,1,Test,2022-09-30,0.006392176439530495,-0.0024328321080957505,-0.025917157721274786,0.0037101597738976575,0.003341166694062326,-3.5555943080360066,-38.791242327009286,1552.435710564106,1425.0714689141305,127.36424164997561,17094.349609375,0.01642575596626905,17107.41434151786,17544.97619047619,31.14393287284892
0.005072514903698,1465.3087158203125,1474.2977701822915,1479.3093442439,22.84407124077106,46.99300204429862,1492.7132568359375,1,Test,2022-10-01,0.010036650652768708,0.007950384943658406,-0.016800864500733592,0.003858041406594268,0.0037566813727123523,11.557878766741396,-25.03913225446422,1539.2241840174866,1428.919846744232,110.30433727325453,17094.349609375,0.01642575596626905,17107.41434151786,17544.97619047619,31.14393287284892
0.001821634347233,1469.486572265625,1474.4436616443452,1480.527881752267,22.956522251058423,49.57691342911244,1492.1654052734375,0,Test,2022-10-02,0.010728097721560026,0.014356609609579518,-0.009002357755324542,0.003743499822667871,0.0038933346245689235,20.79825265066961,-13.349016462053896,1527.410031456131,1433.10390199811,94.30612945802113,17094.349609375,0.01642575596626905,17107.41434151786,17544.97619047619,31.14393287284892
-0.0003670172821144,1475.525390625,1475.1673351469494,1481.5858384360097,23.277378609801247,46.77178922428116,1494.008056640625,1,Test,2022-10-03,0.012055843240403652,0.017079000083385587,0.0003581130118595066,0.0027506004783169327,0.004022037332072502,24.77732631138383,0.5282156808036689,1517.9967082547796,1436.9236216838367,81.0730865709429,16887.349609375,-0.012109264448790458,17001.34988839286,17513.923828125,24.356024064241325
0.001234884122548,1481.4020124162946,1475.6100551060267,1482.7151310000654,23.5547272529362,51.65783369389665,1506.5828857421875,1,Test,2022-10-04,0.010982870996554928,0.018923660977665957,0.010562718543608796,0.0012501198487375174,0.0042270269458064315,27.512904575893117,15.48407854352672,1511.9080622656359,1439.4928236160606,72.41523864957526,17274.30078125,0.02291367093271912,16993.771484375,17495.28097098214,36.11446961213402
0.008416841559635,1489.3267647879463,1476.8075590587798,1484.8849268857127,24.486498235594105,76.30867690859915,1494.481201171875,0,Test,2022-10-05,0.01350144526447239,0.021522140096495335,0.019036948234937956,0.0012016755704286034,0.004385643211689997,31.378173828125227,27.82257952008922,1508.5728808299007,1441.0543373620633,67.51854346783739,17274.30078125,0.02291367093271912,16993.771484375,17495.28097098214,36.11446961213402
-0.0080325381927798,1493.204136439732,1476.6429443359375,1485.757315457182,24.34857314740784,68.02624318300714,1492.33984375,0,Test,2022-10-06,0.0119813226712715,0.019037231075093475,0.027138969334060015,0.0011130581505307095,0.004186503476849843,27.89542061941961,39.45329938616101,1507.7764067323437,1441.408967500357,66.36743923198674,17331.80078125,0.0033286441360573793,17038.842912946428,17479.861979166668,39.334603446103564
-0.001432843330646,1494.6128104073662,1475.8528587704614,1486.3557271201653,23.50296161151289,64.75585262876535,1514.874755859375,1,Test,2022-10-07,0.008917767007433408,0.017098651063549353,0.03170073933129869,0.0015363276408794646,0.0038402698854904235,25.12623814174117,45.92449079241078,1508.2672252970578,1441.2127638910001,67.05446140605773,17314.650390625,-0.0009895331040011834,17082.735770089286,17465.111979166668,45.149008450911616
0.0151003889655245,1498.1664864676338,1476.464378720238,1488.948366096457,24.36929235475958,77.95303233459973,1503.6197509765625,0,Test,2022-10-08,0.005935380930957912,0.015344429846133378,0.03268549744814053,0.0014318679515377014,0.0032587592727513527,22.64109584263383,47.41842215401766,1509.295581577624,1440.767033517242,68.52854806038204,17314.650390625,-0.0009895331040011834,17082.735770089286,17465.111979166668,45.149008450911616
-0.0074296603328291,1499.7245570591515,1476.9051048642114,1490.2821283582848,24.78928094746629,66.33281459640314,1510.2183837890625,1,Test,2022-10-09,0.004366730884476366,0.012368381093914804,0.031526097122244634,0.0016473373243470148,0.0029904338406976983,18.322544642856883,45.83544921875,1509.958395060192,1440.4540979643614,69.50429709583068,17314.650390625,-0.0009895331040011834,17082.735770089286,17465.111979166668,45.149008450911616
0.0043884983608484,1502.3035539899554,1477.1932605561756,1492.0945152156282,25.15450524919684,76.01533398049666,1503.1217041015625,0,Test,2022-10-10,0.0051456427571319185,0.00871319142905258,0.03042285805217171,0.001605683828501178,0.0021760113104047824,12.976789202009058,44.354963030134286,1511.0421014961532,1439.9267635987123,71.1153378974409,17241.0,-0.00425364584114718,17137.364397321428,17438.55245535714,41.37697971646519
-0.0046991082638623,1503.605503627232,1477.8986118861608,1493.0969869325313,25.68389770466927,70.92715393390719,1508.525146484375,1,Test,2022-10-11,0.0036304490914240706,0.006965803893565603,0.02613564458700446,0.0015817325378891588,0.0014773771362758667,10.4013671875,38.29678780691961,1513.328910647888,1438.9657200022236,74.36319064566442,16983.55078125,-0.014932383199930399,17161.00027901786,17398.085844494046,31.69168799491557
0.0035948136255821,1503.8829694475446,1481.3192661830358,1494.4995468917898,24.68550633371738,73.20744141249472,1487.035888671875,0,Test,2022-10-12,0.002772784088131086,0.006202381630632248,0.023407085053446908,0.0008761272638915149,0.0015899996798975921,9.270159040178442,34.39639718191961,1516.319261618485,1438.0801071036133,78.23915451487164,17123.599609375,0.008246145339619648,17165.178850446428,17359.383463541668,37.16135995682677
-0.0142452102058628,1502.8193533761162,1483.30419921875,1493.8210325081611,23.284975915531067,57.63659081443338,1458.997802734375,0,Test,2022-10-13,0.00034333899083893726,0.003105707510153266,0.018497792667298674,0.0009975635150693497,0.0018160486491748842,4.652866908482338,27.29396275111617,1519.325968835755,1437.8556177295352,81.47035110621982,17014.349609375,-0.006380083772817624,17183.321707589286,17309.111979166668,36.832177341103645
-0.0188550163120418,1498.0562046595985,1483.539202008929,1490.6552843469078,22.998239639337253,41.72368245554404,1456.63232421875,0,Test,2022-10-14,-0.003690661516100313,-0.0011124392087200619,0.011242182813117285,0.001837545478788263,0.002334152251983556,-1.6683523995529868,16.654192243303896,1521.361286679789,1439.034126964184,82.32715971560492,17185.69921875,0.010070888003887335,17170.66434151786,17270.157180059523,46.7892101523382
-0.0016213036861273,1489.7358572823662,1484.4036865234375,1487.562287971621,21.51298228818324,37.79601385862771,1455.7110595703125,0,Test,2022-10-15,-0.009407056567955818,-0.008365617370877376,0.00027468283260057014,0.0026364600716086884,0.0029003769256059158,-12.56769670758922,0.40909249441983775,1522.0027986498214,1441.2157821956027,80.7870164542187,17185.69921875,0.010070888003887335,17170.66434151786,17270.157180059523,46.7892101523382
-0.0006324620380312,1482.8917585100446,1484.0342959449404,1484.6667217533195,21.952536904607435,36.28645520416362,1445.7259521484375,0,Test,2022-10-16,-0.013260139897256273,-0.01377605034513274,-0.006906207716699364,0.0028328040221305977,0.0032347794198288775,-20.7137451171875,-10.3123779296875,1521.2717654094376,1444.860907581634,76.41085782780374,17185.69921875,0.010070888003887335,17170.66434151786,17270.157180059523,46.7892101523382
-0.0068592646571101,1473.6785539899554,1483.8358328683037,1481.1266517892395,22.29282139777853,33.91410754484983,1473.913330078125,1,Test,2022-10-17,-0.016272854512279444,-0.020084285859480744,-0.014006474634527644,0.0028663578361771912,0.0035477823881604623,-30.20441545758922,-20.93425641741078,1519.284758068543,1449.3469383600286,69.93781970851433,17311.80078125,0.007337586960815656,17167.807198660714,17243.22386532738,57.31109053621236
0.0194970408380643,1469.5059291294642,1484.8378150576636,1480.470895270047,21.281439300878127,44.11378527631054,1466.766845703125,0,Test,2022-10-18,-0.013579540328582884,-0.022167284558727962,-0.019130422150708593,0.002392199373235878,0.0034118201544387056,-33.31342424665195,-28.66055733816961,1517.317368431029,1453.1901144791268,64.12725395190228,17486.94921875,0.010117285874136073,17192.421316964286,17241.133370535714,60.96286817268117
-0.0048486462732657,1463.5404575892858,1485.5833972749256,1479.2250725821452,20.291978905761194,37.95386339244627,1465.4969482421875,0,Test,2022-10-19,-0.013049705623964347,-0.02304035520359915,-0.02412716341780785,0.0018465418395033652,0.0030651039456803066,-34.51574707031273,-36.184099469865714,1516.0554217520887,1455.4171961329555,60.63822561913321,17512.25,0.0014468379208691928,17231.171316964286,17235.89527529762,65.83723661707627
-0.0008657800417685,1460.4634660993304,1485.495651971726,1477.9770612785126,20.378611036718706,40.61591238741142,1466.4432373046875,1,Test,2022-10-20,-0.008967415488842834,-0.019649383506439633,-0.027850621653328522,0.0014880636269049745,0.0028622281936412,-29.27239118303578,-41.840087890625,1515.7131707857552,1456.0109346132404,59.70223617251486,17563.94921875,0.0029521745492440132,17314.085379464286,17223.880952380954,67.97358242267183
0.0006457120662277,1461.527099609375,1484.7320382254463,1476.928531826347,20.793515342840728,41.55019616433992,1457.6282958984375,0,Test,2022-10-21,-0.005429600086619524,-0.01440742979253995,-0.027985002659506764,0.002358185043006432,0.0028481918607282187,-21.36465890066961,-42.07840401785711,1516.1143191038282,1455.2316246740738,60.88269442975434,17576.30078125,0.0007032337856462956,17378.756975446428,17217.116722470237,63.30657555432605
-0.0060111030430688,1461.6693812779015,1483.1905750093006,1475.1739649238093,21.568934877947147,29.484194583925017,1463.82861328125,1,Test,2022-10-22,-0.0012784588917112982,-0.008149112762440125,-0.02806972951169895,0.002507627546265241,0.002662766196122564,-12.009172712053896,-42.21358816964312,1516.7809063078867,1453.7833183712428,62.99758793664387,17576.30078125,0.0007032337856462956,17378.756975446428,17217.116722470237,63.30657555432605
0.0042537026759561,1462.8290318080358,1481.8151157924108,1474.1425693199403,21.85046164153707,35.2037134040778,1480.0140380859375,1,Test,2022-10-23,0.0016197363122156805,-0.004543634148780784,-0.02661019867640202,0.0026556149209133787,0.002643588134375767,-6.6768973214284415,-39.99032156808039,1517.4584411962646,1451.8361476011687,65.62229359509593,17576.30078125,0.0007032337856462956,17378.756975446428,17217.116722470237,63.30657555432605
0.011056912440321,1467.727329799107,1481.2364792596727,1474.6763392077582,21.72318766036872,39.51602378866124,1487.434326171875,1,Test,2022-10-24,0.00424229574079682,0.0028607833750751155,-0.020245485293646226,0.002548964729791452,0.0028378969950029584,4.186872209821331,-30.328874860491396,1517.6185198053415,1450.3086007303725,67.309919074969,17730.75,0.008787356376761757,17481.09988839286,17221.923828125,73.98203489721772
0.0050136606106343,1469.658900669643,1480.9234444754463,1475.836156204496,21.576816208378016,44.5670913132478,1483.4501953125,0,Test,2022-10-25,0.005466023639871587,0.0062962441606786435,-0.01347685666192422,0.002415625435654498,0.002870998884265701,9.1954345703125,-20.07695661272328,1517.1211611322872,1448.8391729915973,68.28198814068992,17656.349609375,-0.004196122026705051,17548.33565848214,17237.590494791668,63.211914491236364
-0.0026785255585897,1472.042236328125,1479.8218877883185,1476.5283415779509,20.77700114025065,41.2297345531739,1488.0069580078125,1,Test,2022-10-26,0.006298210057194442,0.007194623159269886,-0.0073164626613211325,0.0016509338582112803,0.0029648718839066918,10.51513671875,-10.84952218191961,1516.0406053425759,1447.8035387701475,68.23706657242838,17656.349609375,-0.004196122026705051,17548.33565848214,17237.590494791668,63.211914491236364
0.0030717328493476,1475.257952008929,1479.5135904947915,1477.5718521624838,20.59584841857107,50.38527816066123,1491.9910888671875,1,Test,2022-10-27,0.005130804650787857,0.009296610372413472,0.0010717384837402033,0.0010779972163816602,0.003122631281571708,13.588570731027403,1.5793980189735066,1514.6526130800776,1447.256045192802,67.39656788727552,17736.94921875,0.004564907874966551,17609.071149553572,17271.907087053572,63.79041672539097
0.0026774947777858,1478.9076450892858,1479.4969831194196,1478.882691862911,20.58512672146844,66.17827158661161,1520.1038818359375,1,Test,2022-10-28,0.006293123129066824,0.010991450765355015,0.006397875485532056,0.0010874091567392914,0.003227555112961706,16.07861328125,9.401715959821558,1512.705020232585,1447.2777539024596,65.42726633012535,17786.80078125,0.002810605244745412,17651.907087053572,17309.021391369046,65.72104910612671
0.0188424670753863,1487.832728794643,1479.7459891183037,1482.63007276955,21.060603242042745,74.84886398284146,1470.701171875,0,Test,2022-10-29,0.01072692894050764,0.013698320244733608,0.016598291546631172,0.0017507590293229923,0.0034258944646184003,20.10539899553578,24.29227120535711,1511.0141839041232,1447.7794074044707,63.234776499652526,17786.80078125,0.002810605244745412,17651.907087053572,17309.021391369046,65.72104910612671
-0.0324995617413136,1488.8145228794642,1478.1784377325148,1481.545627233682,20.40983932786555,54.25380160634278,1458.997802734375,0,Test,2022-10-30,0.009189288457706501,0.01303405994485729,0.019412369729353784,0.0017735214996223495,0.0031724436891854423,19.15562220982133,28.35105678013383,1508.8213306156865,1448.623357581858,60.197973033828475,17786.80078125,0.002810605244745412,17651.907087053572,17309.021391369046,65.72104910612671
-0.0079576798906771,1485.8122035435267,1475.7393624441963,1479.4958250064722,19.426320534145315,53.729830755709,1401.3780517578125,0,Test,2022-10-31,0.004668688053082626,0.009354328887837937,0.01661625291836355,0.002403248604955984,0.0026691311132942186,13.76996721540172,24.28510393415172,1505.8120779136984,1449.8532802754758,55.95879763822268,18012.19921875,0.012672230395564199,17723.32840401786,17363.95470610119,73.32163867035226
-0.0394926920853305,1473.5184500558037,1470.8944266183037,1472.394209256594,24.325407515564315,32.50874696586402,1381.0093994140625,0,Test,2022-11-01,-0.00962089249806719,-0.0011791171508389597,0.00810653142883977,0.004506957793180719,0.0034791309410303283,-1.7395019531252274,11.849068777902175,1501.4976423576516,1451.1312638923484,50.366378465303114,18145.400390625,0.007395053222392978,17806.39285714286,17427.159505208332,87.99003735990037
-0.0145347305234305,1458.8840506417412,1464.8222481863838,1464.0864992709091,29.76865607038957,30.55999070233355,1365.272216796875,0,Test,2022-11-02,-0.02010356009950487,-0.013539448872303184,-0.002696816292618087,0.005883240352655792,0.004291355409771307,-20.02359444754461,-3.9449811662946104,1497.1380931095252,1451.0972828670372,46.04081024248808,18082.849609375,-0.003447197631545107,17878.756975446428,17474.230933779763,83.03993563369329
-0.0113954203525801,1441.3505161830358,1459.0239780970985,1455.1033826823607,36.35533107687336,28.678922687557687,1391.791259765625,1,Test,2022-11-03,-0.029924163534566395,-0.03124155808110518,-0.017971194703911175,0.006862190762565631,0.005320935965076153,-46.48221261160711,-26.37681361607133,1495.8076589004527,1446.7571482284534,49.05051067199929,18052.69921875,-0.0016673473084335422,17924.74972098214,17529.723772321428,87.82549053926947
0.0194239966524532,1427.0362548828125,1455.8236665271577,1449.3477351444758,39.20418205130174,35.67742573116563,1369.1318359375,0,Test,2022-11-04,-0.03154503777759343,-0.0414949391259084,-0.02900172670502632,0.006724175670923203,0.005806315692747869,-61.77826799665172,-42.62264578683039,1498.1568900952068,1438.137956793744,60.018933301462766,18117.150390625,0.003570168155688336,17990.57840401786,17569.859468005954,86.79721920017283
-0.0162807631310608,1405.4688197544642,1451.6569766090029,1442.0553806711143,43.52561887417597,33.87772330270464,1365.595947265625,0,Test,2022-11-05,-0.036613760266815176,-0.054073713755648845,-0.045225208170468045,0.005553131016100224,0.006786755907270251,-80.3433837890625,-66.57341657366078,1504.5103149707884,1424.0422380426044,80.46807692818402,18117.150390625,0.003570168155688336,17990.57840401786,17569.859468005954,86.79721920017283
-0.002582577206273,1390.4537876674108,1447.3657807849702,1435.1045230887971,47.3777128811536,31.928542555580503,1366.6417236328125,1,Test,2022-11-06,-0.03531183285687445,-0.05637164732158406,-0.057484295696245025,0.0040170880101725506,0.007011947626652388,-83.06466238839289,-84.80416434151812,1511.8313366353682,1408.3987397457704,103.43259688959779,18117.150390625,0.003570168155688336,17990.57840401786,17569.859468005954,86.79721920017283
0.0007658021900851,1377.2600620814733,1443.599865141369,1428.880632229162,50.55136664265306,27.913041575742128,1367.0650634765625,1,Test,2022-11-07,-0.03488081864144843,-0.05594960649844838,-0.06873152853414033,0.0022251941137251354,0.006872079498982802,-81.62398856026789,-101.6475830078125,1518.840647312855,1392.1648423634845,126.67580494937056,18202.80078125,0.004727586225111935,18057.12862723214,17611.33565848214,86.36131763865686
0.0003097665148292,1372.3582066127233,1438.5118524460563,1423.2610350698349,52.68009005367053,25.892682077708457,1338.678466796875,0,Test,2022-11-08,-0.023558411738743068,-0.04786643415025582,-0.07761257024872037,0.003472957395394069,0.0066747322957435825,-68.9923095703125,-115.47452218191961,1524.1962251915886,1377.6910393870946,146.50518580449398,18202.80078125,0.004727586225111935,18057.12862723214,17611.33565848214,86.36131763865686
-0.0207646274036862,1366.3109305245537,1432.4124058314733,1415.5717106813838,56.52031925705581,23.587143695808848,1348.6884765625,1,Test,2022-11-09,-0.017363293449226047,-0.042553455912895166,-0.08228264197610102,0.004091377066574199,0.00641376515759477,-60.72532435825883,-122.50359235491055,1528.4642606330178,1364.0077503881873,164.4565102448305,18157.0,-0.002516139235956394,18110.014229910714,17651.44754464286,80.5720416769148
0.0074775310232459,1363.9418247767858,1426.85009765625,1409.4914166705762,58.80319483120804,25.07796753772816,1351.0291748046875,1,Test,2022-11-10,-0.009670096208670653,-0.029546720919026326,-0.08202273374528168,0.004751794058458371,0.006142210576371527,-41.52699497767844,-121.87037876674094,1531.0103776748958,1351.7031058630507,179.3072718118451,18028.19921875,-0.007093725904609771,18112.299944196428,17688.93322172619,71.50943703486573
0.0017355366215876,1358.1186697823662,1421.3541899181548,1404.1766674100409,60.29229015504507,24.634841530361925,1353.8927001953125,1,Test,2022-11-11,-0.010375962166250585,-0.02325508274481325,-0.07831580274347238,0.004818939971865471,0.005712190689182115,-32.33511788504461,-115.3997802734375,1532.5985363806676,1339.7598760077253,192.8386603729423,18349.69921875,0.017833173247033374,18141.485491071428,17753.98790922619,76.74153957416034
0.0021195141037859,1355.941650390625,1416.4143996465773,1399.6053976632477,61.41091710245348,17.102003933450277,1363.7532958984375,1,Test,2022-11-12,-0.007589253589552758,-0.01547885710025565,-0.07056242763489895,0.0035948833456469842,0.004753202473917444,-21.31841169084828,-102.94240025111617,1532.7283531614519,1328.9413210851997,203.78703207625222,18349.69921875,0.017833173247033374,18141.485491071428,17753.98790922619,76.74153957416034
0.0072831441529321,1355.6784144810267,1411.6489083426338,1396.3461156846283,61.4305261762988,24.90356636862425,1338.006103515625,0,Test,2022-11-13,-0.006058477088721426,-0.01215410965688457,-0.059438769917594225,0.0030234578194799286,0.004657409244804408,-16.67979213169656,-85.67210170200906,1530.8389648946124,1319.6258178202313,211.21314707438114,18349.69921875,0.017833173247033374,18141.485491071428,17753.98790922619,76.74153957416034
-0.0188796554774596,1351.587611607143,1404.8866257440477,1391.042478214719,61.34466760815573,23.363654149207647,1333.2003173828125,0,Test,2022-11-14,-0.0048089009602304555,-0.01077596511048784,-0.052870866467135014,0.001561414063453137,0.004587827172768015,-14.72331891741078,-75.44864327566961,1527.6444982858927,1311.013155522701,216.6313427631917,18329.150390625,-0.0011198455015547504,18176.671316964286,17811.395089285714,75.4796702824545
-0.0035917520257832,1346.749790736607,1397.5421491350446,1385.784099957273,60.18945122269236,30.442833371618107,1334.4703369140625,1,Test,2022-11-15,-0.006778949264793166,-0.012604668122844775,-0.041778962430568445,0.0015633223430940597,0.004637613449109366,-17.19203404017867,-58.71902901785711,1523.023484436409,1303.1049248130325,219.9185596233765,18403.400390625,0.004050924260950772,18226.771484375,17877.540364583332,74.07215839114943
0.0009526096826493,1346.1486293247767,1390.4478701636904,1381.1192124078902,58.30795708648874,35.00723589001447,1322.5677490234375,0,Test,2022-11-16,-0.007029532265510174,-0.008813692591021938,-0.03186381218534362,0.0015535635932505745,0.004772103433091087,-11.970040457589448,-44.30515834263406,1516.3535395165718,1296.8639374644554,219.48960205211642,18409.650390625,0.0003396111515991951,18268.557198660714,17935.823753720237,78.34080387978544
-0.0089193349311529,1342.4170968191963,1382.569812593006,1375.7963521002127,55.580101117309255,35.8940571455299,1329.0418701171875,1,Test,2022-11-17,-0.0067849947048879145,-0.009974288766432138,-0.025298755276195406,0.001560042845943196,0.0044627934561860295,-13.524553571428669,-34.84296526227695,1507.5564640238797,1292.011958130138,215.54450589374164,18343.900390625,-0.00357149639481924,18288.714285714286,17984.971354166668,73.09284280081505
0.0048951148994298,1339.2760532924108,1374.810325985863,1371.5459446472105,50.70048098780446,26.109224693001337,1334.66943359375,1,Test,2022-11-18,-0.005549462487837942,-0.012099005939321561,-0.02410606295128037,0.0012957259535004936,0.004282560199254701,-16.40236118861594,-33.0821533203125,1494.9294006296298,1289.7833539741648,205.14604665546494,18307.650390625,-0.00197613371355454,18310.235770089286,18024.05236235119,70.02416340408149
0.0042343011180425,1336.5298723493304,1365.9801141648063,1368.193534551441,38.90657005023114,34.923752581988126,1338.553955078125,1,Test,2022-11-19,-0.00714539001556691,-0.011140779279493196,-0.0217966917411615,0.0012842537629626201,0.0030379152822423397,-15.0577392578125,-29.78105817522328,1479.4758028433062,1290.0084867074752,189.46731613583097,18307.650390625,-0.00197613371355454,18310.235770089286,18024.05236235119,70.02416340408149
0.002910474598879,1332.929966517857,1359.6873895554315,1365.4990273265942,31.00689608182222,38.20593089495821,1326.7510986328125,0,Test,2022-11-20,-0.007067200145035812,-0.010261612300820344,-0.02273693620620798,0.000994799511439081,0.0022493169859252467,-13.81982421875,-31.01185825892867,1461.614502173608,1292.581563674606,169.03293849900183,18307.650390625,-0.00197613371355454,18310.235770089286,18024.05236235119,70.02416340408149
-0.0088176172507171,1331.3221086774554,1353.389927455357,1361.976488354432,21.929403297405774,34.09457281031703,1333.3248291015625,1,Test,2022-11-21,-0.00593898815363858,-0.011014029449896823,-0.01973064777115896,0.0010459474481487262,0.001305836782430062,-14.826520647321331,-26.79656110491078,1443.5687594850665,1296.4076722253126,147.1610872597539,18159.94921875,-0.008067729540576885,18329.057198660714,18054.895182291668,56.041188177006305
0.00495475788603,1331.3398960658485,1350.1492978050596,1359.371792058717,19.36128532193372,37.17587059321343,1296.9700927734375,0,Test,2022-11-22,-0.0038831726778834064,-0.008251683310347313,-0.018143667404632913,0.0011102521063049537,0.0014108184492225672,-11.077200753347825,-24.601754324776493,1426.0100727549132,1301.211943497877,124.79812925703618,18244.19921875,0.00463933015368867,18313.985770089286,18087.288039434523,54.20812958892851
-0.0272662261548237,1325.9827183314733,1346.147426060268,1353.6989103055091,21.256240067479546,35.05268472024996,1300.1075439453125,1,Test,2022-11-23,-0.005212012904573515,-0.009925761704062341,-0.021904675793574135,0.0012786971302105017,0.0013670715722105063,-13.2933349609375,-29.69569614955344,1410.5618869710331,1305.1233494966007,105.43853747443245,18267.25,0.0012634580983039712,18305.14285714286,18120.190383184523,58.12763100126546
0.0024190620811972,1322.7741176060267,1343.0443464006696,1348.8269679091277,23.008973021102086,31.687665822160422,1320.0777587890625,1,Test,2022-11-24,-0.006420678373560751,-0.010292141633261087,-0.021318258434504744,0.0012570366418254149,0.0013638064771009713,-13.755754743303669,-28.81349400111617,1396.3999336758882,1308.859089064067,87.54084461182129,18484.099609375,0.011870949889830174,18316.671316964286,18156.06417410714,66.32727434007731
0.0153604330170626,1321.4935302734375,1339.629417782738,1346.2134034436672,20.608933605174705,39.70173477643511,1300.4561767578125,0,Test,2022-11-25,-0.007395831689193222,-0.00857992282542508,-0.018753491284639878,0.0013193237060004784,0.0012570767377068869,-11.43643624441961,-25.25626046316961,1386.6135515766266,1310.2479422152262,76.3656093614004,18512.75,0.0015500019600884762,18331.399832589286,18196.845145089286,65.38935531664325
-0.0148639592634673,1316.605922154018,1336.3591482979912,1342.053655563135,21.13542655082685,34.00419780550655,1278.6431884765625,0,Test,2022-11-26,-0.007071582493363482,-0.011053813669523294,-0.021946096090130318,0.0014857598019383529,0.0013349213209701914,-14.7161865234375,-29.54270717075883,1379.9799539639548,1309.4967532765586,70.48320068739622,18512.75,0.0015500019600884762,18331.399832589286,18196.845145089286,65.38935531664325
-0.0167733359040458,1308.0472412109375,1332.218540736607,1336.289067646174,23.505775315246726,26.22428129484236,1267.6370849609375,0,Test,2022-11-27,-0.011133326695068724,-0.017495648499486482,-0.025602963259106937,0.0022310062379160226,0.0016655151371818952,-23.292654854911007,-34.36985560825883,1376.6655334230177,1305.8898917304423,70.77564169257539,18512.75,0.0015500019600884762,18331.399832589286,18196.845145089286,65.38935531664325
-0.008607642550177,1299.6023821149554,1327.5040341331846,1330.0479783111523,26.047533808431776,28.57793709201636,1269.1810302734375,1,Test,2022-11-28,-0.016565459956472517,-0.019894932152443978,-0.029623221500842623,0.0025148977313117675,0.0019661392241415447,-26.38033621651789,-39.67367117745539,1374.5026265524032,1300.7772161512796,73.72541040112355,18562.75,0.0027008413120686026,18362.6640625,18236.168991815477,64.40197429910194
0.0012179710824313,1290.4389822823662,1322.8428896949404,1324.5146193986327,27.34019611267105,30.11606287080064,1247.0693359375,0,Test,2022-11-29,-0.01987454213242612,-0.024444941047214508,-0.03448549188500094,0.0023088744806288365,0.0022682644782275937,-32.33513532366055,-46.09089006696422,1373.774297698798,1293.9183501806665,79.85594751813142,18618.05078125,0.00297912654375021,18407.006975446428,18275.75232514881,68.30798249070091
-0.0174220176700669,1283.310302734375,1318.4805501302085,1317.4741390839845,31.65514356343029,25.96550661529382,1262.5574951171875,1,Test,2022-11-30,-0.018911349450698722,-0.028893995062663547,-0.037226009640332736,0.0023327378856521,0.002226581090672636,-38.1832275390625,-49.61966378348211,1373.0904437557315,1286.539051919492,86.55139183623942,18758.349609375,0.007535634625419174,18492.492745535714,18311.283296130954,78.73136450482882
0.0124196455909519,1277.946010044643,1314.3790748232886,1312.4817169051846,33.09272386002632,33.81684877501522,1255.7347412109375,0,Test,2022-12-01,-0.016663844548414297,-0.029363313242679268,-0.040092550318898135,0.002137758098813582,0.002227517192128502,-38.659912109375,-53.3760986328125,1372.7407928976459,1278.871436803805,93.8693560938409,18812.5,0.002886735334004964,18573.678571428572,18343.049944196428,73.06391014035702
-0.0054039154118812,1268.754150390625,1309.8412446521577,1307.3229009329802,34.32642242486557,30.268141827864568,1236.710693359375,0,Test,2022-12-02,-0.016804228785298858,-0.030039504371368486,-0.04700959226127477,0.001386964150771049,0.0024026116212919895,-39.2930908203125,-62.58574567522351,1372.6024302882531,1270.2910494131977,102.31138087505542,18696.099609375,-0.006187396179402005,18634.942801339286,18372.25232514881,66.6923730289321
-0.0151497344361255,1259.6476527622767,1304.2611490885415,1300.9036093353798,36.27652514384516,25.40638048000706,1218.1348876953125,0,Test,2022-12-03,-0.01843875945021234,-0.030743810493527146,-0.05002709662209481,0.001102374463967704,0.002495560507946928,-39.95472935267867,-66.33506556919656,1372.1173785968624,1261.1730249327136,110.94435366414882,18696.099609375,-0.006187396179402005,18634.942801339286,18372.25232514881,66.6923730289321
-0.0150203323734539,1251.0036097935267,1297.326939174107,1293.3791800953736,38.202352211531554,21.844451535454127,1260.3662109375,1,Test,2022-12-04,-0.021082580984915777,-0.03055965685343065,-0.05425756889043998,0.0011217891393090216,0.0025475839195896457,-39.43537248883945,-71.7705078125,1371.7885796770317,1251.4434236711825,120.34515600584928,18696.099609375,-0.006187396179402005,18634.942801339286,18372.25232514881,66.6923730289321
0.0346688397719963,1249.9649135044642,1293.6298014322915,1290.3780010810217,37.823702841612985,36.41182811228041,1281.8802490234375,1,Test,2022-12-05,-0.014809202303201041,-0.02598388648393224,-0.05412710325882031,0.0023620255590014743,0.002586854687062057,-33.34538922991078,-71.52861676897328,1370.5140786936909,1243.039436931309,127.4746417623819,18701.05078125,0.00026482378562620035,18665.93582589286,18403.12620907738,64.45110329328541
0.0170696722105352,1251.779087611607,1291.185988653274,1289.6054781666955,36.78278098740895,40.07684526590213,1290.545654296875,1,Test,2022-12-06,-0.006246639791226305,-0.020475765194588824,-0.04923784212997584,0.0034116626512712598,0.0027992860986124075,-26.16692243303578,-64.82683454241078,1367.4734532599066,1236.6431081937765,130.83034506613012,18642.75,-0.0031175136590962937,18684.507254464286,18428.154761904763,60.77265383122569
0.0067599179252813,1257.989990234375,1289.0943371000744,1289.6909487239843,35.4220691352583,48.61258519595267,1288.0555419921875,0,Test,2022-12-07,0.005584620528793938,-0.008484039364865081,-0.03826868739864586,0.004814122363183075,0.0037558821253341934,-10.76416015625,-50.0572509765625,1363.182518673108,1232.491332122093,130.6911865510151,18560.5,-0.004411902750398933,18684.18582589286,18445.188058035714,59.85973971474956
-0.0019295034595612,1261.632568359375,1287.4508986700148,1289.5422753847304,34.582040670414386,47.38996507264108,1265.7447509765625,0,Test,2022-12-08,0.009334385892639796,0.0015757704884740154,-0.029216485194332176,0.0052105970385909585,0.004148427356127077,1.9849155970982792,-37.96981375558039,1358.1499301349613,1229.7595721669359,128.39035796802546,18609.349609375,0.002631912360927746,18682.942801339286,18466.728515625,63.57777488687385
-0.017321295773564,1263.0625697544642,1284.4367501395088,1287.378864074897,33.517839848154786,38.35149236232078,1287.0595703125,1,Test,2022-12-09,0.009013956419727354,0.009639428588801513,-0.021214805894566147,0.004706188847287769,0.004277896359832875,12.0589599609375,-27.376412527901948,1352.5991852384739,1227.963586803937,124.63559843453686,18496.599609375,-0.006058782405979346,18645.549944196428,18489.033296130954,65.6428388623786
0.016839745390603,1270.2552664620537,1282.169613792783,1287.3498373692244,31.499627306421512,47.14859028714939,1303.9422607421875,1,Test,2022-12-10,0.009749899699435183,0.016232738005983238,-0.010172938099619944,0.00421142256239955,0.004889385581340748,20.290352957589448,-13.055036272321331,1346.6763289661276,1227.6189730707029,119.05735589542473,18496.599609375,-0.006058782405979346,18645.549944196428,18489.033296130954,65.6428388623786
0.0131172564340502,1282.513462611607,1280.521437872024,1288.858239494039,29.22527883587192,55.50023619832167,1318.035888671875,1,Test,2022-12-11,0.016550693740718492,0.02455255508273524,0.003574057535345121,0.003503856468003988,0.005719343197061675,30.734375,4.567452566964221,1340.4951261251322,1228.9193113051133,111.57581482001888,18496.599609375,-0.006058782405979346,18645.549944196428,18489.033296130954,65.6428388623786
0.0108084754624531,1290.751988002232,1280.1064278738838,1291.5107530556604,28.590972391802623,60.81198217359948,1303.742919921875,0,Test,2022-12-12,0.021922443836769334,0.02604313072614617,0.017338140415016134,0.0030275205479230625,0.005875840307634716,32.76199776785711,21.99783761160711,1334.1057373734925,1231.2499092503917,102.85582812310076,18497.150390625,2.977743269738653e-05,18600.5,18496.054780505954,62.745013137565564
-0.0108441423126971,1293.8752267020088,1278.697765531994,1292.622768225316,26.4893267674154,57.02996857096461,1316.7908935546875,1,Test,2022-12-13,0.01859465641558966,0.02555629836392237,0.027172339713152693,0.0028780281757525427,0.0055987887335173375,32.24265834263383,34.22757393973211,1328.670474997644,1233.4744224632934,95.19605253435066,18608.0,0.0059927938646799905,18587.91434151786,18509.333333333332,65.77323800534502
0.0100080878165722,1297.624546595982,1279.641613188244,1294.8198705279865,27.506534946436663,64.72444087191859,1306.3326416015625,0,Test,2022-12-14,0.011782397943491452,0.027363630012594342,0.03726682835883266,0.0029561767815428374,0.005384251570715702,34.56197684151789,46.62093680245539,1323.9792215179561,1235.650718841977,88.32850267597905,18660.30078125,0.002810661073194387,18582.092912946428,18521.56668526786,59.62213277188672
-0.0079422268215212,1300.235560825893,1279.9380464099702,1295.8664860801296,27.770398489618863,59.44551090245527,1289.9979248046875,0,Test,2022-12-15,0.007347323817288087,0.02360178710169114,0.040217646734169055,0.003050693543903913,0.005194126792416445,29.98029436383922,50.27064732142867,1319.5908775429477,1237.9132658722308,81.67761167071694,18414.900390625,-0.013150934355333654,18549.54296875,18521.81668526786,45.67937008960527
-0.0125042552537374,1303.7002999441963,1278.5056733630952,1295.3329805096348,26.335166361189863,57.10157321337307,1279.73876953125,0,Test,2022-12-16,0.0075935245064016055,0.01651977772572155,0.04147793556102197,0.0028312255208812766,0.004595483225673344,21.18683733258922,51.92121233258922,1316.7774938805376,1239.4360873136586,77.34140656687896,18269.0,-0.00792295301794177,18507.90011160714,18518.25,38.04196760518139
-0.0079528463388736,1302.6544712611608,1277.5191301618304,1293.9153249661451,25.855441453456223,59.25447698182322,1273.115234375,0,Test,2022-12-17,0.0038762557924583163,0.009221355744220672,0.03550463944348592,0.0033970391480042175,0.0038815964297196056,11.902483258928669,44.66448102678578,1315.6955157968612,1239.9787884023574,75.71672739450378,18269.0,-0.00792295301794177,18507.90011160714,18518.25,38.04196760518139
-0.0051756931289,1298.2506103515625,1277.255894252232,1292.0244076396773,25.8715603414659,62.46610148381258,1257.876220703125,0,Test,2022-12-18,-0.0015266083578499012,0.0033816117344684926,0.029024331576827933,0.003091725719988841,0.0033116845477011666,4.375383649553669,36.6180419921875,1315.4688089584383,1240.0703180644414,75.39849089399695,18269.0,-0.00792295301794177,18507.90011160714,18518.25,38.04196760518139
-0.0119698620049552,1289.6563720703125,1276.7910911923364,1288.9200270090814,26.13930571491484,49.356681767204456,1267.78662109375,1,Test,2022-12-19,-0.010772359164514245,-0.006140585538838894,0.021055015763010054,0.003678835793783859,0.004057982251071481,-7.96817452566961,26.59380231584828,1315.375894546915,1240.0849714547587,75.29092309215639,18420.44921875,0.008289956688926514,18480.91434151786,18523.62137276786,42.539972334219144
0.0078786769536713,1284.5197579520088,1276.7246907552085,1286.998808289506,26.16136553234893,46.126495235577394,1263.2547607421875,0,Test,2022-12-20,-0.01392135344347678,-0.012086888981794663,0.011229625939426224,0.0037389084462714265,0.004386168397138913,-15.715802873884058,14.264491489955162,1315.4779704957962,1240.1038410276412,75.37412946815493,18385.30078125,-0.0019081205394395617,18465.014508928572,18534.352399553572,34.701733420690516
-0.0035746238966086,1276.8717389787946,1277.495425269717,1284.840258512477,25.47338337363739,42.32496026310459,1240.34619140625,0,Test,2022-12-21,-0.016467445655179436,-0.020578779468371722,-0.004398958605334347,0.0036855365237660215,0.004746780230938976,-26.82856096540172,-5.6417236328125,1315.4263883054937,1240.0479961113588,75.3783921941349,18199.099609375,-0.01012771964355863,18422.43582589286,18532.20479910714,27.30336900011129
-0.01813456006489,1267.445103236607,1276.437744140625,1280.7953433210018,26.56247028480139,37.964849915903145,1248.2645263671875,1,Test,2022-12-22,-0.01722262558827914,-0.027028938833231653,-0.01805682654938101,0.0035643684108953525,0.005215281503770829,-35.20936802455367,-23.306884765625,1315.431102611534,1239.912377089917,75.51872552161694,18127.349609375,-0.003942502735851727,18353.771484375,18525.542875744046,28.236368582643507
0.0063839716812932,1261.483189174107,1276.082019624256,1277.8379963252005,26.90144520602891,45.2451820270683,1225.55517578125,0,Test,2022-12-23,-0.01793399333508916,-0.02832074245472438,-0.025034900475269684,0.002232396911601686,0.005377861391385679,-36.76742117745539,-32.39203752790172,1315.3469340936676,1240.1800992489661,75.1668348447015,17806.80078125,-0.01768316025411787,18231.842912946428,18493.290550595237,22.43797195253505
-0.018192738883663,1253.74267578125,1275.550804501488,1273.0850126393868,27.812487951187915,33.39607867950046,1200.50537109375,0,Test,2022-12-24,-0.018113850037939305,-0.02784749260875552,-0.03381707823718816,0.0014616898411700247,0.005330648157336535,-35.9136962890625,-43.88187081473211,1315.0912188664088,1240.7097210749976,74.38149779141122,17806.80078125,-0.01768316025411787,18231.842912946428,18493.290550595237,22.43797195253505
-0.0204395568494348,1243.369838169643,1274.7113037109375,1266.4868634079653,29.82542480857306,23.25519884808816,1217.437744140625,1,Test,2022-12-25,-0.01899511466452042,-0.032035256388717515,-0.04373493878303836,0.0014762209111102115,0.004713057747307132,-41.14991978236594,-56.86572265625,1315.9037870788734,1239.2376453290508,76.6661417498226,17806.80078125,-0.01768316025411787,18231.842912946428,18493.290550595237,22.43797195253505
0.0141043709212631,1237.592912946429,1272.6670910063244,1262.02785256548,32.23185018130091,24.365498654974104,1217.8858642578125,1,Test,2022-12-26,-0.018938243832895774,-0.0307617631695567,-0.05070750309760386,0.001557838274912228,0.004034484990608857,-39.278826032365714,-66.10738699776743,1317.6502599289813,1236.072555012425,81.57770491655629,18014.599609375,0.011669632893506865,18174.657087053572,18469.56910342262,32.27314567291528
0.0003680846263756,1230.4642333984375,1269.6197393508185,1258.01494453751,34.27749294454101,26.46093975382651,1211.7105712890625,0,Test,2022-12-27,-0.018567161214566585,-0.0291774923771716,-0.055417794553633604,0.0013270601033736765,0.0037743982427950627,-36.98086983816961,-72.19023786272328,1320.5847842606738,1230.3854549971386,90.19932926353522,18132.30078125,0.006533654614990558,18155.12862723214,18449.07152157738,38.1529602739045
-0.0050705022120551,1223.1007777622767,1265.865687779018,1253.8054560603782,36.1376239626081,20.062378015783693,1216.1927490234375,1,Test,2022-12-28,-0.016301714731317696,-0.030426415303210885,-0.057885459086312596,0.0013264687899586288,0.0033218416145959456,-38.38241141183039,-75.14983258928578,1324.112086825003,1223.0049733730996,101.10711345190339,18122.5,-0.0005405150382313817,18112.564453125,18425.47386532738,36.23279976758905
0.0036990497900886,1219.6502859933037,1262.4436500186011,1250.38611905702,37.31464279392395,23.413622518416105,1205.8837890625,0,Test,2022-12-29,-0.014498003960290884,-0.027192493680333718,-0.05428274352231255,0.001679978585152283,0.0028418439646683133,-34.09238978794633,-70.00608607700883,1327.2846199730413,1215.4912118489453,111.793408124096,18191.0,0.00377983170092433,18084.807198660714,18398.457217261905,41.13639015812843
-0.0084764195224936,1213.5958949497767,1259.5931280226937,1246.3404526938816,39.28430790530051,24.27654257570927,1210.6148681640625,1,Test,2022-12-30,-0.013708922202534835,-0.02394616815194439,-0.055214302904387,0.001662866593359108,0.0019387036075517836,-29.77394321986617,-70.92386300223211,1330.146501467163,1206.9633932035963,123.18310826356674,18105.30078125,-0.00471107793689185,18071.407366071428,18364.781063988095,39.169733749499315
