TCS.NS_Return,TCS.NS_MA7,TCS.NS_MA21,TCS.NS_EMA21,TCS.NS_STD21,TCS.NS_RSI,Target_Reg,Target_Cls,Split,Date,TCS_Return_3,TCS_Return_5,TCS_Return_10,TCS_Volatility_7,TCS_Volatility_14,TCS_Momentum_5,TCS_Momentum_10,TCS_BB_upper,TCS_BB_lower,TCS_BB_width,NIFTY_Close,NIFTY_Return,NIFTY_MA7,NIFTY_MA21,NIFTY_RSI
0.0141944844251242,1629.7374616350446,1606.2115769159227,1615.1427286121504,30.75374111955648,65.78120117336307,1681.067138671875,0,Train,2019-01-01,0.025229995420823492,0.04549206300121056,0.07326180815256089,0.002038343223218094,0.006916183523376748,74.14011928013429,119.39751325334828,1646.6045659230408,1621.681863345933,24.922702577107884,10652.2001953125,0.0,10652.2001953125,10652.2001953125,0.0
-0.0006808805222672,1638.548967633929,1609.5515194847471,1621.135856799398,34.83008723831291,65.32735602380242,1708.810546875,1,Train,2019-01-02,0.025229995420823492,0.04549206300121056,0.07326180815256089,0.002038343223218094,0.006916183523376748,74.14011928013429,119.39751325334828,1646.6045659230408,1621.681863345933,24.922702577107884,10652.2001953125,0.0,10652.2001953125,10652.2001953125,0.0
0.0165034504362768,1652.1479666573662,1613.3861316499256,1629.106283169907,40.899492988622704,78.97176149336009,1722.2581787109375,1,Train,2019-01-03,0.025229995420823492,0.04549206300121056,0.07326180815256089,0.002038343223218094,0.006916183523376748,74.14011928013429,119.39751325334828,1662.725116734991,1617.5644805492357,45.160636185755266,10652.2001953125,0.0,10652.2001953125,10652.2001953125,0.0
0.0078695861636213,1670.8557303292412,1618.8024727957588,1637.574637310001,47.25922851960871,88.09928059985467,1739.481201171875,1,Train,2019-01-04,0.025229995420823492,0.04549206300121056,0.07326180815256089,0.002038343223218094,0.006916183523376748,74.14011928013429,119.39751325334828,1683.6425702090696,1612.0024929187207,71.64007729034893,10652.2001953125,0.0,10652.2001953125,10652.2001953125,0.0
0.010000255869784,1688.8786446707588,1625.970203218006,1646.8388703883531,53.50817902581784,86.50846330688785,1734.6448974609375,0,Train,2019-01-05,0.03071600423971832,0.04549206300121056,0.07326180815256089,0.002038343223218094,0.006916183523376748,74.14011928013429,119.39751325334828,1704.1044304355682,1607.9630779349673,96.14135250060099,10652.2001953125,0.0,10652.2001953125,10652.2001953125,0.0
-0.0027803138704111,1703.877580915179,1632.0590239025298,1654.8212364858607,58.277726580366696,84.4799979533281,1760.31005859375,1,Train,2019-01-06,0.03131052139504931,0.04549206300121056,0.07326180815256089,0.002038343223218094,0.006916183523376748,74.14011928013429,119.39751325334828,1722.099489808469,1605.9159608053703,116.18352900309856,10652.2001953125,0.0,10652.2001953125,10652.2001953125,0.0
0.0147956282985524,1718.3977922712054,1639.5453520275298,1664.4111294047598,64.17104480334595,84.60497904159573,1767.18212890625,1,Train,2019-01-07,0.028453720497218615,0.048731424091999154,0.07326180815256089,0.002038343223218094,0.006916183523376748,79.8488246372765,119.39751325334828,1738.8795700313758,1604.6758997151169,134.20367031625892,10652.2001953125,0.0,10652.2001953125,10652.2001953125,0.0
0.0039038976565242,1730.5363071986608,1647.625011625744,1673.7539475412589,69.10559896873234,84.70758439281018,1748.941162109375,0,Train,2019-01-08,0.02466587084830052,0.04744631965373558,0.07326180815256089,0.002038343223218094,0.006916183523376748,78.38834054129461,119.39751325334828,1753.8601278274612,1604.384985000385,149.47514282707607,10652.2001953125,0.0,10652.2001953125,10652.2001953125,0.0
-0.0103220638656892,1740.2325962611608,1654.7715425037202,1680.589148865633,71.52848126044707,77.66304554646004,1752.7587890625,1,Train,2019-01-09,0.021336635773125723,0.041521757188604846,0.07326180815256089,0.0019876050360149804,0.006916183523376748,69.37686593191961,119.39751325334828,1766.8275858534223,1604.9975358293657,161.83005002405662,10652.2001953125,0.0,10652.2001953125,10652.2001953125,0.0
0.0021828218329087,1746.5109165736608,1663.954334077381,1687.1500252471665,71.11975555786735,79.95970135052518,1740.6265869140625,0,Train,2019-01-10,0.01636007938842754,0.034124578509391545,0.07326180815256089,0.0027618020094516316,0.006916183523376748,57.63227190290195,119.39751325334828,1777.3458952720355,1606.598897557206,170.74699771482938,10652.2001953125,0.0,10652.2001953125,10652.2001953125,0.0
-0.0069217751034222,1749.134974888393,1673.7406180245537,1692.011530853248,66.49366799067991,83.62633254347432,1734.687744140625,0,Train,2019-01-11,0.010747343244036811,0.0265614117352877,0.07326180815256089,0.0032291448163361933,0.006916183523376748,45.25739397321399,119.39751325334828,1785.1915748003273,1609.1464141150543,176.045160685273,10652.2001953125,0.0,10652.2001953125,10652.2001953125,0.0
-0.0034118993804216,1748.4501953125,1681.044945126488,1695.8911866066458,64.21699429740573,79.46452597177061,1722.046142578125,0,Train,2019-01-12,0.0047221268403974115,0.017488618279458024,0.06707228764561668,0.0035431127974210747,0.006916183523376748,30.05240304129461,109.9012276785711,1790.4379362061,1612.4469195184165,177.99101668768344,10652.2001953125,0.0,10652.2001953125,10652.2001953125,0.0
-0.0072875372557398,1746.6503731863838,1687.652553013393,1698.26890987678,60.69758543438692,72.83985636259392,1671.6497802734375,0,Train,2019-01-13,7.984869226973501e-05,0.00931160237476214,0.05719972329125911,0.003696471700397888,0.006916183523376748,16.114065987723052,94.50240652901766,1793.7401879146528,1616.0997363212678,177.64045159338502,10652.2001953125,0.0,10652.2001953125,10652.2001953125,0.0
-0.0292653960068907,1733.984619140625,1690.7230340866815,1695.8489890037488,57.99333933264784,52.90219508148044,1616.077880859375,0,Train,2019-01-14,-0.008661627584649167,-0.00359031151005873,0.037782369635793955,0.0048048506036608065,0.006916183523376748,-6.247977120535779,63.12888881138383,1793.7343640237411,1620.2576540725602,173.47670995118096,10652.2001953125,0.0,10652.2001953125,10652.2001953125,0.0
-0.0332437452329114,1712.398297991071,1690.8906889415923,1688.597070081533,57.76069080071964,37.06653094411996,1624.519775390625,1,Train,2019-01-15,-0.020619344730597455,-0.019531866797324438,0.013926194990106833,0.006324099664822292,0.006916183523376748,-34.112618582589675,23.519653320312273,1790.9858749302975,1623.7264483583926,167.2594265719049,10652.2001953125,0.0,10652.2001953125,10652.2001953125,0.0
0.0052236928871032,1694.623814174107,1691.1351260230654,1682.7718614732687,57.453005252856414,39.24828315481734,1624.052978515625,0,Train,2019-01-16,-0.029786475765820053,-0.031164639377109227,-0.005431004459898747,0.006222147924555107,0.007820209398432127,-54.51116071428578,-9.253766741071786,1787.6047924651814,1625.5159873897294,162.088805075452,10652.2001953125,0.0,10652.2001953125,10652.2001953125,0.0
-0.0002873445322558,1676.237269810268,1691.6320510137648,1677.4337812043918,56.7903209734568,32.01945108535772,1633.767333984375,1,Train,2019-01-17,-0.0333032650306766,-0.04130110522783603,-0.024534786212227377,0.005746307685686442,0.008370846717924992,-72.21292550223211,-42.1605224609375,1784.6142242343833,1624.9391297243876,159.6750945099957,10652.2001953125,0.0,10652.2001953125,10652.2001953125,0.0
0.0059815508467149,1660.9716622488838,1693.6541224888392,1673.4641041843904,53.71197307861157,30.92533505524917,1684.24853515625,1,Train,2019-01-18,-0.030031935795848064,-0.049053154685558376,-0.04019831578245592,0.004811394751042899,0.00822487824923845,-85.6787109375,-69.56464494977695,1782.5023340319865,1622.1837960678397,160.3185379641468,10652.2001953125,0.0,10652.2001953125,10652.2001953125,0.0
0.0308986476359294,1653.7660609654015,1697.0316336495537,1674.444507000014,50.54452706376331,39.5872801082544,1729.6817626953125,1,Train,2019-01-19,-0.024110220136743465,-0.04626255463268203,-0.0496867691603583,0.004027260562629575,0.007614231810342816,-80.2185581752235,-86.46653529575929,1780.8130428644745,1618.7597183843504,162.05332448012405,10652.2001953125,0.0,10652.2001953125,10652.2001953125,0.0
0.0269753700779367,1654.8568638392858,1701.7949393136162,1679.4660756995866,48.55130062289349,49.18853757938392,1746.1414794921875,1,Train,2019-01-20,-0.012754999758120222,-0.03360283306710299,-0.05247837380494802,0.00452800883436417,0.007050455625412021,-57.541434151785325,-91.654052734375,1778.9248489204663,1616.1549606498463,162.76988827061996,10652.2001953125,0.0,10652.2001953125,10652.2001953125,0.0
0.0095160376618796,1665.49853515625,1705.9603155226937,1685.5274760443683,48.418462896882254,47.61157106763919,1682.806640625,0,Train,2019-01-21,0.0027254365683981874,-0.01718686989658036,-0.0478158866713414,0.007012212352049945,0.006827648670393017,-29.12527901785711,-83.63643973214289,1775.8678740583307,1622.7880428641026,153.07983119422806,10652.2001953125,0.0,10652.2001953125,10652.2001953125,0.0
-0.0362713099774747,1675.031215122768,1705.9886067708333,1685.2801273698803,48.40406452787568,38.05121903828082,1692.94482421875,1,Train,2019-01-22,0.012858622908824557,-0.000719501176367765,-0.04199089021040714,0.0074553642375228225,0.00669575020256792,-1.2060546875,-73.41898018973211,1773.2001571464032,1629.1039845249136,144.0961726214896,10652.2001953125,0.0,10652.2001953125,10652.2001953125,0.0
0.0060245683306696,1684.8062220982142,1706.554210844494,1685.9769179925047,48.16711112372357,41.883853553310985,1686.7515869140625,0,Train,2019-01-23,0.018097854209242925,0.014349769108679133,-0.03540728702066942,0.0073431229945229185,0.0067171420699692905,23.83455984933039,-61.84415108816961,1771.562823493817,1634.007143721585,137.555679772232,10652.2001953125,0.0,10652.2001953125,10652.2001953125,0.0
-0.0036582629369185,1693.7631661551338,1705.5037841796875,1686.0473424399188,48.35560640846591,40.49830518600781,1696.508544921875,1,Train,2019-01-24,0.01697067298605104,0.02418546742118033,-0.023195968719391113,0.006093885261811871,0.00684677469978018,39.99710518973234,-40.22145298549117,1771.2161354351063,1636.6445753628843,134.57156007222193,10652.2001953125,0.0,10652.2001953125,10652.2001953125,0.0
0.0057844664759811,1702.7261962890625,1704.277611142113,1686.9983608473692,48.23583963668838,43.605508447137225,1708.13134765625,1,Train,2019-01-25,0.016534008988163595,0.028926569720790996,-0.0056482780398436905,0.003978645036510666,0.007074090106095667,47.86933244977672,-9.672101702008604,1771.5403495662729,1637.7051163935487,133.8352331727242,10652.2001953125,0.0,10652.2001953125,10652.2001953125,0.0
0.0068510133763637,1706.1380266462054,1702.7847609747023,1688.9195414663584,47.572409235393,46.213294807749214,1716.1070556640625,1,Train,2019-01-26,0.012661280726649515,0.024400796897814603,0.006794553679578597,0.0022088335999419957,0.007141905902637748,40.63949148995539,11.51421247209828,1771.6557083575638,1637.8158021753604,133.83990618220332,10652.2001953125,0.0,10652.2001953125,10652.2001953125,0.0
0.0046692591988057,1704.1987827845985,1701.9020066034227,1691.3911336661497,47.12150957215954,49.1417186513765,1709.404296875,0,Train,2019-01-27,0.006161201777196368,0.017413148721346472,0.016681118763989478,0.002760225743890264,0.007141160394647492,29.167567661830617,27.961512974330617,1770.636041193635,1637.4155683906286,133.2204728030065,10652.2001953125,0.0,10652.2001953125,10652.2001953125,0.0
-0.0039057929206338,1698.9506138392858,1699.4779227120537,1693.0286939578632,45.238322953131465,56.24467722962749,1707.41064453125,0,Train,2019-01-28,-0.002217374970799879,0.008395263238912154,0.022865502436676177,0.0036739192774524125,0.006978319290881771,14.144391741071558,37.97895159040195,1767.897916463361,1636.995123784965,130.90279267839605,10652.2001953125,0.0,10652.2001953125,10652.2001953125,0.0
-0.0011662848557211,1702.465471540179,1696.6316615513392,1694.3361440099893,42.56704156787041,68.36090339223628,1697.2718505859375,0,Train,2019-01-29,-0.0021525545112230926,0.00513785253979715,0.029447581326193628,0.0034504982508792785,0.006257006924534276,8.702305385045065,48.6994105747774,1763.5524829584733,1637.5638448177538,125.98863814071956,10652.2001953125,0.0,10652.2001953125,10652.2001953125,0.0
-0.0059381110090805,1703.0836181640625,1694.1712181454614,1694.6030264259846,40.85098354590804,64.52646198139104,1686.15771484375,0,Train,2019-01-30,-0.0006543629955619856,0.00020991153820215658,0.029142553279738026,0.003128378063182894,0.005558311224552224,0.357421875,48.22675432477672,1757.591663711691,1639.181934223577,118.40972948811395,10651.7998046875,-3.758759858607519e-05,10652.0,10652.0,0.0
-0.0065482354746828,1702.998779296875,1690.9997384207588,1693.8352708275995,38.59828101485893,61.89474422519405,1730.742431640625,1,Train,2019-01-31,0.002382744633430578,-0.001839972675306556,0.02251592742296049,0.002675408898864021,0.004536922585880159,-3.1392473493303896,37.500244140625,1750.3487969791386,1641.8111813969772,108.53761558216138,10830.9501953125,0.016818790618479573,10711.650065104166,10711.650065104166,99.77700424235832
0.0264416053162657,1707.8893345424108,1690.529064360119,1697.1904672651474,38.01877911212623,66.38480722761356,1716.1920166015625,0,Train,2019-02-01,0.003185887228200235,0.002165564132009301,0.019616422143652112,0.002086878180704405,0.003456288355003446,3.6905517578122726,32.85811941964289,1742.834610450504,1645.2692818486034,97.56532860190055,10893.650390625,0.005788983808607595,10757.150146484375,10757.150146484375,99.83472073851611
-0.008407036641073,1709.0408586774554,1689.6483154296875,1698.917880841185,37.14892954653923,56.142997390034246,1716.1920166015625,0,Train,2019-02-02,0.003497914283160597,0.005939104265878292,0.014384227848506015,0.0019779096329911017,0.0029757430509823692,10.09024483816961,24.23463657924117,1734.9466570098436,1649.3962838383707,85.55037317147298,10893.650390625,0.005788983808607595,10757.150146484375,10757.150146484375,99.83472073851611
0.0,1709.0529959542412,1689.3695475260415,1700.4882568194012,36.91488605875029,46.85650306874116,1709.6165771484375,0,Train,2019-02-03,0.003555032881389364,0.0038694026540830873,0.00902713561413404,0.0018900880499465574,0.0030092639007105065,6.587524414062273,15.289829799107338,1729.8491639185067,1652.000614611069,77.84854930743768,10893.650390625,0.005788983808607595,10757.150146484375,10757.150146484375,99.83472073851611
-0.003831412446578,1709.0833217075892,1691.177490234375,1701.318104122041,36.93337685487549,41.077631039056456,1701.6417236328125,0,Train,2019-02-04,0.0006991010137658016,0.0035228473103361413,0.0037334983348358275,0.0011585722083475008,0.0028153966464885645,5.999703543526721,6.357125418526721,1729.3249909849567,1652.1932899162714,77.13170106868529,10912.25,0.0017073807867935553,10788.1701171875,10788.1701171875,99.84650575977777
-0.0046647029645248,1708.2591901506696,1695.251958937872,1701.3475240775656,32.712694914125464,56.3068826063178,1683.4853515625,0,Train,2019-02-05,-0.00045737263846967746,0.0030889105252127624,0.0012432543389433448,0.0011117092251572026,0.0026418869085918215,5.26041085379461,2.1211635044642208,1730.7689835741899,1652.1128349246942,78.65614864949566,10934.349609375,0.0020252110586724825,10812.533365885416,10812.533365885416,99.85849431043587
-0.0106699147171537,1706.289690290179,1698.0598435174852,1699.7236902125596,28.611405853782003,46.9939360460786,1682.127685546875,0,Train,2019-02-06,-0.0016168636494032773,-0.0009366205525608295,0.0012269152675745687,0.0012752765708850314,0.002388908705387165,-1.599644252231883,2.0909075055803896,1732.1219105637147,1653.7651499831604,78.35676058055424,11062.4501953125,0.011715428033110209,10848.235770089286,10848.235770089286,99.90259339155556
-0.0008064614369022,1705.7139718191963,1700.8253057570685,1698.12405342477,23.439779307220096,48.48400923706191,1669.6136474609375,0,Train,2019-02-07,-0.00197143687823631,-0.0019466397432028604,0.003980903226272536,0.001291800508933181,0.0020385776926440872,-3.3268868582590585,6.763357979910552,1731.6910081146561,1658.67028338925,73.02072472540613,11069.400390625,0.0006282690714798367,10907.83579799107,10875.88134765625,99.90421299292345
-0.0074394103333892,1696.9812883649554,1702.532273065476,1695.5321983371489,19.241456064340973,41.33883061653383,1697.1021728515625,1,Train,2019-02-08,-0.006601985138285471,-0.007063389852662638,-0.003221318298022302,0.001936606829705466,0.002056713792772446,-12.07170758928578,-5.484183175223507,1728.211177196375,1666.4716370474866,61.73954014888841,10943.599609375,-0.011364733121095205,10949.521484375,10883.405598958334,76.79279809931884
0.0164640037726262,1694.2541678292412,1703.144351050967,1695.674923293005,18.83082063699343,46.77748982967787,1723.700439453125,1,Train,2019-02-09,-0.007053621978393876,-0.008676671107837985,-0.005184390384976867,0.0018129257163151129,0.0019787009071187277,-14.829153878348052,-8.829450334821331,1722.9465051498926,1675.6760394929645,47.27046565692808,10943.599609375,-0.011364733121095205,10949.521484375,10883.405598958334,76.79279809931884
0.0156727550215027,1695.326799665179,1702.8595261346727,1698.222697489379,18.45076020246384,52.00089550568086,1764.1278076171875,1,Train,2019-02-10,-0.006089633036738928,-0.007570508363165973,-0.0045049824609173506,0.0018980891694370947,0.0019912071044331796,-12.932390485490714,-7.671979631696104,1718.4635471586323,1683.1418239351176,35.32172322351471,10943.599609375,-0.011364733121095205,10949.521484375,10883.405598958334,76.79279809931884
0.0234538248286859,1703.114118303571,1703.7160179501489,1704.2140711373618,20.82508190563184,62.243807153653165,1764.1278076171875,0,Train,2019-02-11,0.0036139643852670655,-0.0018610977987376653,-0.002795975208849888,0.0028938575848680994,0.002229973554113565,-3.1755719866077925,-4.7752162388396755,1715.0483359230313,1689.3653254887988,25.68301043423253,10888.7998046875,-0.005007475295473629,10957.785714285714,10883.94501953125,69.76269560564336
0.0,1712.0407017299108,1707.5884544735864,1709.6607744537096,24.05322425474944,62.804093323904894,1709.1500244140625,0,Train,2019-02-12,0.010498149710004068,0.0037091388211862863,0.0017552787209411669,0.0036167347796779697,0.002571959017736715,6.326729910714448,2.9998430524553896,1714.2321495440156,1692.9049598309844,21.327189713031203,10831.400390625,-0.005271417887377283,10948.892857142857,10879.168235085228,63.65853113904831
-0.0311642858106656,1715.7070835658485,1708.360130673363,1709.6143426319234,23.81874195598984,52.23006018270241,1737.826416015625,1,Train,2019-02-13,0.012021448551803982,0.011034768225957059,0.0038934355033806156,0.0036072247422413144,0.0026133813512558453,18.725795200893117,6.654087611607338,1715.5937895885297,1693.737711527542,21.856078060987784,10831.400390625,-0.005271417887377283,10948.892857142857,10879.168235085228,63.65853113904831
0.0167781594312608,1723.6640450613838,1710.7922653924852,1712.179076575896,24.10784240725764,59.10038872357625,1756.8740234375,1,Train,2019-02-14,0.012066089134580071,0.017358598131603786,0.008531312176884853,0.0038307665789335784,0.002824986235660341,29.409877232142662,14.58072335379461,1719.496755313374,1691.92853067993,27.56822463344406,10746.0498046875,-0.007879921603800577,10925.149972098214,10868.075032552084,56.329629161265856
0.0109605926382141,1736.1298130580358,1713.666811988467,1716.2422535633143,25.855117176216925,55.05750439433746,1774.4783935546875,1,Train,2019-02-15,0.014070408083046493,0.024067933923368257,0.01631521906515143,0.003033668621480014,0.0032686984869704106,40.80301339285688,27.87062290736617,1726.5842481860177,1687.8402164484687,38.744031737548994,10724.400390625,-0.002014639281967212,10895.1572265625,10857.02313701923,54.73133046551126
0.0100202802718563,1747.183558872768,1716.826195126488,1721.5364481079848,29.006493267078,61.14894240998086,1730.9969482421875,0,Train,2019-02-16,0.018346065950546775,0.025875800156652584,0.02396654496320272,0.0023087267035964425,0.0035438317467700255,44.069440569196786,40.89386858258899,1735.6345222102734,1683.08842003303,52.54610217724348,10724.400390625,-0.002014639281967212,10895.1572265625,10857.02313701923,54.73133046551126
-0.02450378966035,1748.2259172712054,1717.5352376302085,1722.3964935747306,29.16956337404347,52.42799223888103,1713.392333984375,0,Train,2019-02-17,0.014249802494979091,0.02113572154256138,0.024923255689034862,0.0023186909905622078,0.003527120963246504,36.18521554129461,42.51194545200906,1742.8072487755107,1680.843223810985,61.964024964525834,10724.400390625,-0.002014639281967212,10895.1572265625,10857.02313701923,54.73133046551126
-0.0101702168081173,1740.977992466518,1717.725144159226,1721.5779336119708,29.126931392970043,50.59760140251143,1709.1500244140625,0,Train,2019-02-18,0.0027925212573491898,0.014729151113689776,0.025926452108351317,0.003965807400009499,0.0038352181248178852,25.270908900669383,43.9967041015625,1746.9886705381018,1680.5130541410276,66.47561639707419,10640.9501953125,-0.00778133902809619,10834.942940848214,10841.58935546875,49.3354607818027
-0.0024759709064691,1733.1240234375,1717.8079717726937,1720.4481236848883,29.098593054303706,51.202572035449165,1792.9744873046875,1,Train,2019-02-19,-0.008046971003057402,0.005488295937494669,0.022942163192704923,0.004746152654990954,0.004121979009658552,9.459978376116169,38.86985560825883,1749.1691245466511,1681.3366406598218,67.83248388682932,10604.349609375,-0.0034395975233135756,10768.507114955357,10825.773372395834,47.29061261052038
0.0490445318978725,1745.0989467075892,1722.365240187872,1727.0414294685063,32.95959081591884,64.48863682254253,1808.670654296875,1,Train,2019-02-20,-0.0017886535903192113,0.005166165330549255,0.029358438179730495,0.00513618692314958,0.0043488978689670025,8.969133649553442,49.772147042410325,1753.2406907260884,1681.4750912214563,71.76559950463206,10735.4501953125,0.012362906803977669,10738.771484375,10820.128173828125,54.125781970981095
0.008754261203004,1755.2195521763392,1728.1991896856398,1734.462268089267,36.84399397896796,66.13313885916372,1824.1539306640625,1,Train,2019-02-21,0.008180206626072772,0.004599398421970102,0.030594211693030227,0.005236788657038638,0.004445024398041024,8.035993303571331,52.10543387276812,1759.0551909568926,1680.393612754045,78.66157820284752,10789.849609375,0.005067269008080633,10724.6357421875,10818.34708180147,47.688383532691745
0.0085605836144926,1764.8309674944196,1732.6473563058037,1742.6160555960664,42.38804794464093,69.55450728895397,1833.8258056640625,1,Train,2019-02-22,0.018294676911829733,0.00949822906706066,0.030834702534330738,0.005015659867012226,0.0040102590315570655,16.60505022321422,52.79026576450883,1766.3140862689922,1678.7137283236418,87.60035794535042,10791.650390625,0.00016689586186968697,10718.95717075893,10816.863932291666,43.84133513212639
0.0053021155931063,1773.3091692243304,1738.2489653087798,1750.907851056793,47.56169366677166,68.11696411933994,1828.395751953125,0,Train,2019-02-23,0.016165400002082553,0.018570698135022212,0.03357337986782927,0.0048390267072153815,0.0038288059651164874,32.3311767578125,57.60208565848188,1774.5123570326073,1676.9410748870355,97.57128214557179,10791.650390625,0.00016689586186968697,10718.95717075893,10816.863932291666,43.84133513212639
-0.0029610520771198,1787.223284040179,1743.5920003255208,1757.9522056837325,51.1286220027844,64.6974733062666,1852.4910888671875,1,Train,2019-02-24,0.018233463628044344,0.031214881261283134,0.036874493704793565,0.005216588293467834,0.0039307113017173646,54.099260602678896,63.559238978795065,1784.893324926087,1674.3741032268151,110.51922169927184,10791.650390625,0.00016689586186968697,10718.95717075893,10816.863932291666,43.84133513212639
0.0131784034656192,1807.0945347377235,1750.3955485026042,1766.5466496095012,55.68453476480703,63.00088292323022,1862.2908935546875,1,Train,2019-02-25,0.023947657323412974,0.035525543206073706,0.040875239366283234,0.004825274174139571,0.004393562929410275,61.995588030134286,70.96472167968773,1798.7456563848111,1670.405306226796,128.3403501580151,10880.099609375,0.008196078963680797,10738.107142857143,10820.192125822368,48.209791822095
0.0052900684631593,1828.9718017578125,1758.0455089750744,1775.2506717863362,59.55250676693333,64.03791755783611,1899.2398681640625,1,Train,2019-02-26,0.03138913027660584,0.042018817241424866,0.04681147694510823,0.002848691990936463,0.004869879004553843,73.75224958147328,81.78824288504461,1815.9882108440765,1665.430962914294,150.55724792978253,10835.2998046875,-0.004117591409631749,10753.949916294643,10820.947509765625,44.620667050650916
0.0198406031717461,1844.1525704520088,1768.3195335751489,1786.5224169115838,64.45540474885408,78.66194347036394,1917.73486328125,1,Train,2019-02-27,0.03185348295325263,0.04494572251879991,0.05487085635392863,0.0028309485141180717,0.004895070352019707,79.32160295758922,95.92665318080344,1834.0029714291145,1661.2600621925376,172.7429092365769,10806.650390625,-0.002644081343287419,10777.621372767857,10820.266694568452,34.425246964891556
0.009738103873665,1859.7331717354912,1779.538922991071,1798.450821127008,69.04437755358401,77.98604391147218,1879.5987548828125,0,Train,2019-02-28,0.02912887842107681,0.04873600385710741,0.06821176360806702,0.0026726267499343963,0.0049679433078643875,86.42400251116078,118.75517926897328,1852.13689380216,1659.4013281565458,192.73556564561432,10792.5,-0.0013094150466157473,10804.5,10826.94763764881,33.28704369537489
-0.0198860171594245,1867.6538609095985,1789.5382138206846,1805.8279060139,67.51711747181803,68.02052275524298,1808.8397216796875,0,Train,2019-03-01,0.02114962030284384,0.0450030936747865,0.07762274116151846,0.0029154713760470323,0.004949569420773302,80.43057686941961,134.5298374720985,1868.4054837216133,1660.4727075451276,207.93277617648573,10863.5,0.006578642575862936,10822.79282924107,10837.028599330357,44.822928527606585
-0.037645818299947,1864.0844203404013,1794.8590494791667,1806.101707438062,64.18910049044743,54.36424706009305,1830.771484375,1,Train,2019-03-02,0.010808134970908156,0.031536748358850675,0.06818265168132576,0.004730562002114552,0.00528764016511226,56.98988560267776,118.98547363281205,1880.552435780665,1665.2015175535983,215.3509182270668,10863.5,0.006578642575862936,10822.79282924107,10837.028599330357,44.822928527606585
0.0121247683984664,1864.423810686384,1799.9576706659227,1808.344414432329,62.48401913154972,63.40627549495686,1825.765869140625,0,Train,2019-03-03,0.0025222107247329095,0.019383573270237875,0.062216865334390636,0.005388302926869422,0.005313181075170993,35.45200892857156,109.20425851004484,1890.7599624528953,1671.1249601196487,219.63500233324658,10863.5,0.006578642575862936,10822.79282924107,10837.028599330357,44.822928527606585
-0.0027341562161614,1860.605922154018,1802.8928164527529,1809.9281830421744,62.16366312503911,65.62828289961993,1826.529541015625,1,Train,2019-03-04,-0.0037736857471801777,0.00892190373271351,0.05426862766102336,0.005625835135218038,0.0050709741885353946,16.45335170200906,95.77495465959828,1898.6618969444044,1678.0795476705507,220.58234927385365,10863.5,0.006578642575862936,10822.79282924107,10837.028599330357,44.822928527606585
0.0004182748116325,1855.4971575055804,1805.864327566964,1811.437397403397,61.707763553772935,66.48398235122085,1843.2435302734373,1,Train,2019-03-05,-0.004606692025918457,-0.002277753762900181,0.04634724147803282,0.004896523169489432,0.0048390613364861544,-4.236014229910779,82.18798828125,1903.9672635605762,1686.7531884483528,217.21407511222333,10987.4501953125,0.011409784628572783,10851.021484375,10844.480980282739,55.85288582764758
0.0091506810497674,1847.4976806640625,1812.249732607887,1814.3288640279457,58.02769539991981,58.699153330066046,1812.064208984375,0,Train,2019-03-06,-0.009078477718051814,-0.010792246179770926,0.0337251630292259,0.004528107544932538,0.005379038424535782,-20.156180245536007,60.274396623883604,1907.0230854220779,1696.0807301471189,210.94235527495903,11053.0,0.005965879573721855,10888.357142857143,10852.069056919643,63.021477708585344
-0.0169154649274352,1832.4018729073664,1815.7848656063989,1814.122986296712,55.47207971731349,50.55739169558554,1806.0823974609373,0,Train,2019-03-07,-0.015158529224716055,-0.01699630504247729,0.014004435121218517,0.003826363194477722,0.006261846336333966,-31.68254743303487,25.30733816964289,1907.981981289744,1704.7490402643853,203.23294102535874,11058.2001953125,0.00047047817900125466,10913.800083705357,10859.019066220239,70.2497820710347
-0.0033011035115529,1821.8995361328125,1818.1281215122767,1813.3920236752776,53.87549318256645,46.93611797069604,1775.1995849609375,0,Train,2019-03-08,-0.018107072402058777,-0.02280826618381171,-0.003866798612314759,0.0027751014344943874,0.006639299878087687,-42.52427455357156,-7.072265625,1907.9817278495086,1712.2208914306254,195.76083641888317,11035.400390625,-0.0020618006804727917,10942.38588169643,10863.831008184523,70.14508632054108
-0.0170993375182749,1817.0938023158485,1818.1624639601928,1809.919983792156,53.846499907368674,40.727317099165056,1777.78759765625,1,Train,2019-03-09,-0.016456788371872588,-0.02338599448710532,-0.01467273834589955,0.002717284310531239,0.006720481335608319,-43.51211983816938,-27.058768136160325,1907.0055640036246,1720.0838437809741,186.9217202226505,11035.400390625,-0.0020618006804727917,10942.38588169643,10863.831008184523,70.14508632054108
0.0014578713949899,1809.5246756417407,1820.390590122768,1806.9988577798008,50.94946431221679,41.92288809226932,1789.1138916015625,1,Train,2019-03-10,-0.012484814386992338,-0.02477636879036904,-0.026997688086025873,0.0021327161259758337,0.006650714691320575,-45.972481863839675,-50.208496093750455,1904.0367198769097,1729.9073562252108,174.1293636516989,11035.400390625,-0.0020618006804727917,10942.38588169643,10863.831008184523,70.14508632054108
0.006371005152834,1804.2886788504463,1823.9963785807288,1805.3729517635973,45.37263900705537,39.45513763122532,1777.830078125,0,Train,2019-03-11,-0.009666206578957226,-0.02338785172281521,-0.03392769044917754,0.002006825098472886,0.006020169514548806,-43.20900181361617,-63.365182059152175,1898.5091978520236,1742.551343791392,155.9578540606317,11168.0498046875,0.012020353532001593,10994.014369419643,10868.859561011905,82.09717818379032
-0.0063069285468805,1797.3316127232142,1827.266857328869,1802.8690541600888,38.6591211653871,36.016246064496755,1818.978271484375,1,Train,2019-03-12,-0.010875712397151904,-0.019138956744520375,-0.03580997023997301,0.0018970679286323911,0.004947799536525002,-35.070260184152175,-66.75280761718705,1893.6218640197285,1752.6619442252495,140.959919794479,11301.2001953125,0.011922438828049886,11066.685825892857,10879.897646949405,87.96932549940246
0.0231451778579268,1793.8651471819196,1828.505132765997,1804.3335284622965,37.91509406015344,36.893730667095085,1789.9622802734375,0,Train,2019-03-13,-0.008653945796161966,-0.015387450512446499,-0.037844755629080074,0.0021424149431592122,0.004117043841104831,-28.03438895089289,-70.55866350446445,1889.5792241510644,1760.569143594471,129.0100805565935,11341.7001953125,0.0035836901656514097,11135.00013950893,10898.854817708334,86.6514031205647
-0.0159518074876502,1790.707728794643,1827.6142578125,1803.027051354218,38.61771955468674,29.82855156268485,1766.2066650390625,0,Train,2019-03-14,-0.00752703833649071,-0.014521029947698438,-0.03756743570849974,0.0014037614896086983,0.0028352772923511942,-26.386073521205617,-69.898193359375,1886.6875288243857,1766.0485150511724,120.63901377321326,11343.25,0.00013664659273393553,11185.828683035714,10920.495303199405,85.74018012563384
-0.0132715730918899,1785.011195591518,1824.8548642113096,1799.6797435073856,40.8812821131938,31.24733520246,1742.705078125,0,Train,2019-03-15,-0.00685483805241105,-0.013546916701497436,-0.03798764208769778,0.0009040359691557762,0.0020084419123666234,-24.513480050222825,-70.4859619140625,1885.3003636465146,1768.6058828657624,116.6944807807522,11426.849609375,0.007369987382364052,11239.235770089286,10948.850027901786,87.10284276167029
-0.0133062497041039,1780.3691231863838,1820.5157819475448,1794.5002284726231,44.55239262661575,37.03641313684942,1737.572021484375,0,Train,2019-03-16,-0.007523432860456314,-0.013257055782948335,-0.03633485345083087,0.0009060602833570853,0.00198201288960313,-23.9195556640625,-67.12855747767867,1886.011216471364,1767.209613955534,118.80160251582993,11426.849609375,0.007369987382364052,11239.235770089286,10948.850027901786,87.10284276167029
-0.0029454534247113,1774.6240408761162,1816.1908424014136,1789.324936928237,48.02243231239647,30.44327116765058,1743.6383056640625,1,Train,2019-03-17,-0.008981749316150478,-0.012634046876131455,-0.031531201143981336,0.0007447690160343347,0.0017162259310125837,-22.707571847098052,-57.77783203125023,1888.2809561444285,1761.692824896308,126.58813124812059,11426.849609375,0.007369987382364052,11239.235770089286,10948.850027901786,87.10284276167029
0.0034912418620236,1768.1275285993304,1811.0073765345985,1785.171606813312,49.75188846228938,32.842941494187954,1759.4190673828125,1,Train,2019-03-18,-0.009458577645835242,-0.014347577142586165,-0.029514255021777624,0.0008174915388444861,0.0016632294247014825,-25.73761858258922,-53.77200753348211,1890.09492151891,1753.7944322059786,136.3004893129314,11462.2001953125,0.0030936423551506387,11296.95005580357,10982.952427455357,86.24990725751032
0.0090504789138248,1765.4973842075892,1806.108718145461,1782.8304668650849,49.51385094101931,36.80784682225868,1788.0958251953125,1,Train,2019-03-19,-0.008353177318745075,-0.014078425072763356,-0.028395021788363728,0.000839817266516397,0.0017467896507830727,-25.21034458705367,-51.596418108259286,1889.7496557890647,1746.2741793113812,143.47547647768351,11532.400390625,0.006124495656707252,11367.95005580357,11021.428617931548,92.08020948408296
0.0162989922890612,1761.0856061662946,1800.8161446707588,1783.3091358041963,44.7745708495059,39.64635769603101,1820.972412109375,1,Train,2019-03-20,-0.007628903022827149,-0.013403607486783709,-0.026768946634158186,0.0007960910524404853,0.001752680516465863,-23.92558942522328,-48.439069475446104,1886.289136620124,1739.8699419234024,146.41919469672166,11521.0498046875,-0.0009842344657688962,11418.378627232143,11063.338123139882,94.04430048225994
0.0183863674702509,1765.515625,1796.2084089006696,1786.733070013758,36.32194683880552,51.66186919293132,1863.6053466796875,1,Train,2019-03-21,-0.0014772144865587977,-0.008342931807197362,-0.0214893848777844,0.0021180896164795706,0.0018462767209412897,-14.853498186383831,-38.77305385044633,1879.3805333196676,1736.5647216328991,142.81581168676848,11521.0498046875,-0.0009842344657688962,11418.378627232143,11063.338123139882,94.04430048225994
0.0234121803750597,1779.429722377232,1795.4468180338542,1793.7214588015695,34.61350417725059,59.44024591260843,1902.421142578125,1,Train,2019-03-22,0.007891452173346636,0.0027079997737118333,-0.009960260098501372,0.004205540700990347,0.0031926733405439056,4.8056815011159415,-17.90189034598211,1871.0623938125166,1736.4173913437332,134.64500246878333,11456.900390625,-0.005568018119008533,11440.621512276786,11103.935779389882,88.5830656576655
0.0208283346941422,1802.246303013393,1799.903076171875,1803.6032482358016,41.71870485990721,70.34882790092131,1867.182861328125,0,Train,2019-03-23,0.023372343004211427,0.019296557438416517,0.004672121449396327,0.006368587603020549,0.004998451474680377,34.1187744140625,8.38115583147328,1861.5967657129008,1739.6652686760503,121.93149703685049,11456.900390625,-0.005568018119008533,11440.621512276786,11103.935779389882,88.5830656576655
-0.0185228604021114,1820.7621372767856,1801.636951264881,1809.3832130623769,43.771900112878456,62.94638058709389,1852.643310546875,0,Train,2019-03-24,0.03129199849295339,0.031302653611124276,0.016783536474918037,0.0066437202677837115,0.005647945522031054,55.26475306919633,30.054408482142662,1853.6676304570747,1743.6100254441535,110.05760501292116,11456.900390625,-0.005568018119008533,11440.621512276786,11103.935779389882,88.5830656576655
-0.0077868917299872,1836.3342808314733,1802.916829427084,1813.315949197331,44.891329312504126,59.11560424531821,1866.0284423828125,1,Train,2019-03-25,0.03197909854974168,0.04272857287669707,0.028752248370603528,0.005959320139783089,0.005946188363987692,75.24867466517867,51.32308523995539,1849.0893051144803,1746.2720631193365,102.81724199514383,11354.25,-0.008959700017030503,11442.414341517857,11133.402436755952,77.4883652745839
0.0072248833651558,1851.5641915457588,1804.7977294921875,1818.1079940323748,46.72036547589862,62.57940463974155,1908.5792236328125,1,Train,2019-03-26,0.027364677319579034,0.04873849051647938,0.03998893680651738,0.005157929265646463,0.006025869520200302,86.04856654575883,71.195068359375,1850.1472953321938,1745.6207239897929,104.52657134240098,11483.25,0.011361384503600025,11462.414341517857,11166.42150297619,77.61499926570174
0.0228028578147849,1868.7761056082588,1807.9089529854912,1826.332651268778,51.354209169380034,62.72852475140731,1926.7967529296875,1,Train,2019-03-27,0.02637025855737818,0.05021068385418692,0.053054654148413594,0.003127909622238966,0.00618709934711481,89.34638323102672,94.15206473214266,1859.0721171564294,1740.3333254356464,118.73879172078296,11445.0498046875,-0.0033266013813597617,11465.014369419643,11197.53576078869,72.52252201710203
0.0095450736711886,1883.8938685825888,1813.3724074590773,1835.46575141977,57.54793774798519,70.05366975923747,1933.724609375,1,Train,2019-03-28,0.025899199425488684,0.04530322266866604,0.06547397634545393,0.0017513668194977074,0.006171010591910971,81.64756556919588,115.76633998325838,1872.6077768225712,1732.9970990144823,139.6106778080889,11570.0,0.010917400749215211,11480.414341517857,11230.388160342261,75.84584899537708
0.0035955304755308,1893.9109061104912,1819.4506080264136,1844.398374870245,63.20244302093285,75.82420436150767,1927.9090576171875,0,Train,2019-03-29,0.022870778533138347,0.04017480775556459,0.07273503945775484,0.0022874194889218615,0.005857618390082281,73.14876883370562,128.41352190290195,1887.3600778635407,1725.926508352977,161.43356951056376,11570.0,0.010917400749215211,11480.414341517857,11230.388160342261,75.84584899537708
-0.003007435355385,1897.552036830357,1826.722487676712,1851.9902551199675,66.55282616649781,80.19726662561257,1928.250732421875,1,Train,2019-03-30,0.015398276516775278,0.03333693469533494,0.07748994721564739,0.0028517695497750953,0.0055679989015909774,61.21775599888383,136.4664306640625,1901.4424410365377,1720.6468812988414,180.7955597376963,11570.0,0.010917400749215211,11480.414341517857,11230.388160342261,75.84584899537708
0.0001772255819523,1906.276018415179,1833.8873988560267,1858.923025783777,69.0727440595505,81.58339136279046,1923.7178955078125,0,Train,2019-03-31,0.011880791272721902,0.029548976546011296,0.07972763957565032,0.0026987479779912705,0.0050971107732028,54.711826869420065,140.7603934151789,1915.9534788210506,1716.3345774708016,199.61890135024896,11570.0,0.010917400749215211,11480.414341517857,11230.388160342261,75.84584899537708
-0.0023507507804076,1916.429530552456,1840.2971133277529,1864.8134684859624,70.93058486413807,79.9800838915263,1925.1290283203125,1,Train,2019-04-01,0.01189001254985711,0.02549980428430554,0.0769908507497552,0.002578808130854536,0.004425600476744764,47.65342494419724,136.99980817522396,1930.9814874538497,1713.2163606209274,217.7651268329223,11669.150390625,0.008569610252809001,11499.95005580357,11270.09533110119,79.71303406633054
0.0007335445679406,1924.8724714006696,1847.3113490513392,1870.296701198176,71.72311034079243,78.97408183372008,1932.868896484375,1,Train,2019-04-02,0.014397726144020906,0.021752076112924845,0.06804073792924048,0.002448113489733995,0.00393430837784718,40.978602818080844,122.62616838727672,1945.8269060906416,1711.4716744060104,234.35523168463124,11713.2001953125,0.0037748939051200914,11527.400111607143,11313.264369419643,77.87490512523469
0.0040204412536521,1928.342424665179,1852.7347121465773,1875.9850825878304,73.7508479832508,77.31304428330667,1948.3067626953125,1,Train,2019-04-03,0.011575661675870652,0.018180115254417872,0.05908530564530268,0.0021669214338091982,0.003323244745167951,34.43151855468773,107.58028738839334,1959.30697997892,1711.7550701047853,247.5519098741347,11643.9501953125,-0.005912133221091298,11554.121512276786,11353.809616815477,68.75100172456902
0.0079870219025288,1931.415283203125,1860.274925595238,1882.5597807794195,75.09442023609822,75.71509359634085,1924.2735595703125,0,Train,2019-04-04,0.007819621025328738,0.01784575374772457,0.051777611170336524,0.001714412162766807,0.003416258601305433,33.86324637276789,95.08100237165172,1971.2766272218817,1714.425831622984,256.85079559889755,11598.0,-0.003946272059030087,11588.942940848214,11388.785807291666,63.938406763062325
-0.0123354307366628,1930.0651332310267,1867.8019205729167,1886.3519424876824,73.08921185689819,63.24708320761335,1946.2120361328125,1,Train,2019-04-05,0.002697665381737435,0.012479365310184898,0.04239709432905592,0.0021445369910954508,0.0038766480915735325,23.789114815847825,78.50094168526789,1980.8604377622512,1719.811622087079,261.04881567517214,11665.9501953125,0.005858785593421345,11615.04296875,11421.09533110119,66.36739804707662
0.0114009135828894,1932.6798444475448,1877.4927280970985,1891.7937691826944,69.05339863795346,60.322697417073975,1939.6256103515625,0,Train,2019-04-06,0.0022492995677980687,0.0084794737484577,0.03419550295378282,0.0021894241338553362,0.003475937034690403,16.250313895088766,63.90373883928601,1988.601122208832,1727.876517997641,260.72460421119104,11665.9501953125,0.005858785593421345,11615.04296875,11421.09533110119,66.36739804707662
-0.0033842282644276,1934.304827008929,1887.114327566964,1896.142118379864,62.3321945240804,69.74369995881261,1927.9942626953125,0,Train,2019-04-07,0.0014960758729276602,0.0049002496260937,0.026758916341857786,0.0020834583554562754,0.0032859733360453692,9.432355608259286,50.41095842634013,1993.8751240176034,1739.220246029829,254.6548779877744,11665.9501953125,0.005858785593421345,11615.04296875,11421.09533110119,66.36739804707662
-0.0059966972977542,1934.915736607143,1895.8931826636904,1899.0377678630864,53.466538828399855,70.8670962629719,1926.5830078125,0,Train,2019-04-08,0.002513181183681601,0.0034087887389115945,0.02165087616548078,0.0015876732897364177,0.0032092821053495905,6.573311941963993,41.00483049665172,1996.445394709679,1753.5918105777096,242.85358413196946,11604.5,-0.005267483083991831,11637.821568080357,11447.357235863095,59.21755609153002
-0.0007319808518722,1935.1234479631696,1903.8533703032,1901.5418805857607,43.68033904364835,67.96063355329902,1904.9014892578125,0,Train,2019-04-09,0.0012643602211950267,0.0019199209990172772,0.019799937184105554,0.0009031660099029631,0.0030594152564141306,3.7081647600446104,37.5714111328125,1995.3152681680397,1772.1257212990365,223.18954686900315,11671.9501953125,0.005812417192683883,11652.38588169643,11476.583426339286,60.53224145540136
-0.011253871993455,1931.1281040736608,1909.4155447823664,1901.8472995559475,34.72105715529772,48.75505366888923,1915.4642333984373,1,Train,2019-04-10,-0.001642307298679646,0.0005507435082539036,0.01303698174787038,0.0012678383878150835,0.0028032827676780134,1.0629708426340585,24.852085658481883,1990.4708142214754,1793.531423152967,196.93939106850848,11584.2998046875,-0.007509489773200095,11640.264369419643,11502.721493675595,52.56115791614418
0.0055450343233971,1926.436314174107,1913.9151553199404,1903.0852026325367,28.19597375672964,45.95416733489982,1926.1983642578125,1,Train,2019-04-11,-0.004382321293176505,-0.0032305041579312466,0.005221576615324963,0.0014353147004989475,0.0025445392775957578,-6.243530273437727,10.006783621651039,1983.3191751322704,1815.383721421859,167.93545371041137,11596.7001953125,0.0010704480058416621,11623.621512276786,11523.13341703869,53.729368742742594
0.0056039317634923,1926.711286272321,1916.895775204613,1905.186399143926,25.820043672853306,47.38414150371028,1913.839111328125,0,Train,2019-04-12,-0.004347093049646422,-0.003925720822580914,0.0009552917915198744,0.0014381963775568975,0.0023297012444156323,-7.5935407366077925,1.8388148716514934,1976.7081167432516,1834.441278136771,142.26683860648063,11643.4501953125,0.0040313191867198395,11623.550083705357,11539.43103608631,59.35694084016391
-0.0064163967528078,1922.0865827287944,1917.439488002232,1905.9730093424896,25.61943911760252,45.32254516914741,1918.115478515625,1,Train,2019-04-13,-0.00468198941633835,-0.0066303424152435175,-0.003244155112892222,0.0014412547538429764,0.002510287866935479,-12.829153878348507,-6.255841936384513,1969.7589385268125,1851.5229008984106,118.23603762840185,11643.4501953125,0.0040313191867198395,11623.550083705357,11539.43103608631,59.35694084016391
0.0022344444536575,1919.013706752232,1919.8648507254463,1907.076870176411,22.889202237520184,46.71650621201528,1850.077880859375,0,Train,2019-04-14,-0.003853025073947025,-0.00832491654622547,-0.006420978729300364,0.0012673508125641037,0.0023535516225415658,-16.1097412109375,-12.40157645089289,1962.4752679528112,1867.0745140644879,95.40075388832338,11643.4501953125,0.0040313191867198395,11623.550083705357,11539.43103608631,59.35694084016391
-0.0354710643954045,1907.882795061384,1919.742687406994,1901.8951438748625,23.269598061748702,33.097775075579065,1860.597412109375,1,Train,2019-04-15,-0.00977234697543361,-0.01203716571844271,-0.011493051601066062,0.001999351828305257,0.002466480082791261,-23.24530901227672,-22.182338169642662,1955.1509274501366,1880.030714918725,75.12021253141165,11690.349609375,0.0040279653604204935,11636.742885044643,11556.033389136905,67.85671296104132
0.0056859937404978,1898.4562813895088,1919.484066917783,1898.1408046234544,23.91759057149559,35.78283008932476,1824.632080078125,0,Train,2019-04-16,-0.012294087868683579,-0.014524244886129911,-0.01770782841056573,0.0020202593090094334,0.002352328781672076,-27.98003278459828,-34.22356305803601,1950.3304013756017,1887.8192585713848,62.51114280421689,11787.150390625,0.008280400884877803,11654.057198660714,11577.17150297619,66.71798916103302
-0.0193299914302663,1886.989222935268,1915.486583891369,1891.458193301152,31.60967359353718,28.791653630846625,1803.1220703125,0,Train,2019-04-17,-0.01668799118228448,-0.020616510434163127,-0.024461296592443782,0.0023368926048707235,0.00256216520420345,-39.722063337053214,-47.31560407366101,1949.7742435519967,1888.6849518302583,61.08929172173839,11787.150390625,0.008280400884877803,11654.057198660714,11577.17150297619,66.71798916103302
-0.0117886833189428,1870.94034249442,1909.5973132905503,1883.42763666582,39.8452880586508,22.21315738198068,1798.2896728515625,0,Train,2019-04-18,-0.019363061851907615,-0.026609748329735394,-0.03306365900196928,0.0029967998880456935,0.002995696003300467,-51.14624023437432,-63.975394112722825,1953.905397588184,1882.2567414324628,71.64865615572126,11752.7998046875,-0.0029142400664389223,11675.242885044643,11592.692940848214,67.00177173723043
-0.0026800168111191,1852.6676722935267,1903.1480305989585,1875.6878217736144,46.19888841808235,23.975259778378927,1802.6085205078125,1,Train,2019-04-19,-0.024118864123891637,-0.03457298622998917,-0.04261008555109613,0.002964034638960792,0.003558345185267352,-66.34603445870539,-82.45577566964289,1961.38106423672,1870.2926383302445,91.08842590647555,11752.7998046875,-0.0029142400664389223,11675.242885044643,11592.692940848214,67.00177173723043
0.002401641805239,1836.777587890625,1897.1813383556548,1869.0442489312688,50.71203048037356,18.00659666772549,1835.1951904296875,1,Train,2019-04-20,-0.02660939152929409,-0.037269169445218076,-0.048857719994859994,0.0027733245239768118,0.0036312765376769088,-71.10520717075906,-94.35051618303578,1969.9818529291347,1854.7420065853744,115.23984634376029,11752.7998046875,-0.0029142400664389223,11675.242885044643,11592.692940848214,67.00177173723043
0.0180775079842043,1824.9318324497767,1892.7501220703125,1865.967061794761,51.912824409189945,29.14952878335733,1805.447265625,0,Train,2019-04-21,-0.024591115493988847,-0.038728544692068656,-0.05269028671100762,0.0017862055426429398,0.0034606811790114994,-73.52444893973211,-101.50448172433039,1977.340733234617,1838.2333564696237,139.1073767649932,11752.7998046875,-0.0029142400664389223,11675.242885044643,11592.692940848214,67.00177173723043
-0.016209678926699,1818.5560302734373,1887.118187313988,1860.4652621429648,54.72454661462866,27.183033480021223,1815.091796875,1,Train,2019-04-22,-0.01841217533518069,-0.036265810016329,-0.056134645999887045,0.002234166840386176,0.003224825734163606,-68.43319266183062,-108.15525599888383,1982.0546802487827,1822.887765342735,159.16691490604762,11594.4501953125,-0.013473352052831178,11664.171456473214,11598.990559895834,51.302687374801636
0.0053419069244657,1812.0552280970985,1881.8783191499256,1856.3404016640588,56.15243375993747,29.85900758416412,1771.1129150390625,0,Train,2019-04-23,-0.01345963711475695,-0.031473539299929465,-0.057245784669847644,0.002473044086739222,0.002967470777003884,-58.88511439732156,-110.03135463169588,1984.8120481839749,1808.5016777507356,176.3103704332393,11575.9501953125,-0.0015955909670886115,11662.97865513393,11601.064360119048,44.56749799917804
-0.0242295634367666,1804.409633091518,1874.175653366816,1848.5924483345136,59.78498969253656,27.632880764860303,1780.54345703125,1,Train,2019-04-24,-0.01124546078562838,-0.026047865963066852,-0.059720299681794264,0.0026357705450130806,0.0028759457137719144,-48.25803920200883,-114.60407366071422,1985.9030251404386,1794.7101357831114,191.1928893573272,11726.150390625,0.012975193636658888,11681.47154017857,11610.8310546875,50.67172397164586
0.0053246418746708,1801.184116908482,1866.1869245256696,1842.4061763978527,60.58723096191085,27.357880250301093,1808.791015625,1,Train,2019-04-25,-0.009552586269416796,-0.01937821498737846,-0.05592517445468603,0.002934532263093835,0.002921954256044442,-35.59347098214289,-106.69867815290195,1985.3672988260987,1782.357760465196,203.00953836090275,11641.7998046875,-0.007193374050953438,11681.235770089286,11619.635788690477,49.890180040895714
0.0158645712814264,1802.6843087332588,1860.687755766369,1839.3502526912305,60.29155260169323,31.39081909333256,1810.97705078125,1,Train,2019-04-26,-0.005171431432407503,-0.01219087930898377,-0.050447288986898875,0.003044306936239384,0.003015826875140725,-22.24752371651789,-95.77197265625,1982.2959322507295,1772.4295734691368,209.86635878159268,11754.650390625,0.009693568677590747,11690.421595982143,11638.702473958334,57.48840396767302
0.0012085614851944,1803.879813058036,1854.247994559152,1836.7708706994133,57.87369737102052,33.152956248860406,1797.560546875,0,Train,2019-04-27,-0.00029362514130126804,-0.008070258474903613,-0.04404339403059898,0.0026544366919620073,0.003296505051037517,-14.676217215401266,-83.10940987723188,1977.0775115906272,1764.6054927341497,212.47201885647746,11754.650390625,0.009693568677590747,11690.421595982143,11638.702473958334,57.48840396767302
-0.0074084339724029,1798.5034354073662,1847.4829915364585,1833.2062958062847,55.655348265265054,30.829141670691385,1824.22216796875,1,Train,2019-04-28,-0.0014882884408935482,-0.00747868634443527,-0.038716844915791304,0.0020702510425959055,0.0032222160693899256,-13.551792689732338,-72.4369070870539,1970.4517875002548,1757.5899867045441,212.86180079571068,11754.650390625,0.009693568677590747,11690.421595982143,11638.702473958334,57.48840396767302
0.0148321129655968,1801.1855643136162,1842.5414632161453,1832.389556911964,52.67663817815414,45.26532593942407,1808.062255859375,0,Train,2019-04-29,-0.0008313959423632555,-0.0017867720936391995,-0.027788096456704436,0.002342390355141247,0.003585108082674926,-3.2240687779017208,-51.48210797991055,1961.7538076309982,1752.8941782088457,208.85962942215247,11754.650390625,0.009693568677590747,11690.421595982143,11638.702473958334,57.48840396767302
-0.0088585219460242,1800.1813441685267,1836.8976178850448,1830.1779840890013,49.47397594913149,40.57451548443672,1826.02197265625,1,Train,2019-04-30,-0.0020502856469353237,-0.0005567297260407056,-0.019924156285098027,0.002137226313518392,0.0036953771272556966,-1.0027727399553896,-36.59624372209828,1952.0968012451801,1749.45650860415,202.6402926410301,11748.150390625,-0.0005529726349993158,11684.850167410714,11651.31677827381,54.17470546982486
0.0099331296467657,1808.0254952566963,1833.1414504278275,1829.8001648678417,46.98454766647435,50.26658862093187,1868.1578369140625,1,Train,2019-05-01,0.005294435174194367,0.0029629073141435036,-0.009264092440310678,0.0023857752112519414,0.004215151339695533,5.3411865234375,-16.90633719308039,1941.2813113330462,1748.4309166245434,192.8503947085028,11748.150390625,-0.0005529726349993158,11684.850167410714,11651.31677827381,54.17470546982486
0.0230752230196435,1820.541835239956,1830.8887648809523,1833.2872259629528,43.87111502991255,61.55957104180707,1890.9189453125,1,Train,2019-05-02,0.010746405761760558,0.00923676957927344,0.0010919679863921061,0.003240777131081624,0.004668867279428804,16.662022181920065,1.9858049665187991,1928.3904429370596,1750.7048399172936,177.68560301976595,11724.75,-0.001991836148409698,11680.843052455357,11664.635835193452,56.35266537896422
0.0121837180717212,1832.274396623884,1829.2087925502235,1838.526473176548,40.591827416951055,65.47764303509226,1868.9298095703125,0,Train,2019-05-03,0.01782767750555747,0.018777256996936886,0.011158141437012548,0.0037002861774443653,0.004587627379288851,33.77096121651789,20.219168526785552,1914.963382407382,1755.1506818364803,159.8127005709016,11712.25,-0.0010661208128105448,11697.671595982143,11671.409644717261,52.260217176270324
-0.0116288092605436,1840.553362165179,1827.07025437128,1841.290412848708,36.92787371431853,60.463873804261326,1890.5758056640625,1,Train,2019-05-04,0.01799082313486089,0.021856603023889365,0.020030778161905127,0.0036969809289531773,0.0041938503664105,39.36779785156273,36.14372907366101,1900.7231141917778,1761.5449155933793,139.17819859839847,11712.25,-0.0010661208128105448,11697.671595982143,11671.409644717261,52.260217176270324
0.0115820273093758,1853.8412562779013,1825.7588413783485,1845.7709031046493,33.89761308847634,59.05014546365644,1927.696533203125,1,Train,2019-05-05,0.018290939759456837,0.02980805921758911,0.029234734458906342,0.002930408100358963,0.004128694184787755,53.659912109374545,52.657139369419156,1889.0980165342244,1767.7658593725837,121.33215716164068,11712.25,-0.0010661208128105448,11697.671595982143,11671.409644717261,52.260217176270324
0.0196346147178287,1868.6233084542407,1829.4549676804315,1853.2186876590565,40.30753803740932,69.50756291913953,1898.805908203125,0,Train,2019-05-06,0.01983813772507692,0.03351601697903095,0.036578229145022734,0.002903430353987873,0.0042754864479622465,60.59781319754438,65.93899972098188,1881.5184986746713,1772.36207993861,109.15641873606137,11598.25,-0.00973339879186319,11700.85728236607,11668.033435639882,50.75993663027553
-0.0149871229741718,1881.5866873604912,1831.274419875372,1857.3629804357893,42.58176547950604,62.58540005065093,1897.5628662109373,0,Train,2019-05-07,0.02229401550577248,0.03353114492559239,0.04307763396427289,0.0013783293965883463,0.0041518263588629385,61.0448521205351,77.70687430245516,1880.0370248567813,1773.3033001990218,106.73372465775947,11497.900390625,-0.008652133673183404,11668.25013950893,11657.781063988095,45.08850506970788
-0.0006546440511995,1891.8068150111608,1834.747314453125,1861.0175155062573,44.922651043166354,71.81311956766186,1935.8406982421875,1,Train,2019-05-08,0.020479401137876163,0.03249099506982689,0.05187834383127621,0.0011640674321358724,0.003689899286563228,59.53241838727672,93.30337960379461,1885.3681178737045,1770.0588544337736,115.30926343993087,11359.4501953125,-0.012041345863927244,11627.914481026786,11644.233444940477,37.06152644232908
0.0201721021805636,1901.475795200893,1841.067249116444,1867.8196230277056,49.36690928991254,74.36450375466097,1925.681884765625,0,Train,2019-05-09,0.01758111792677375,0.03310006343094907,0.055680121401314064,0.0012506811235397962,0.003393974095146883,60.92243303571399,100.29023088727672,1895.8298493532036,1764.4779352450107,131.3519141081929,11301.7998046875,-0.005075103956069027,11563.22154017857,11630.128673735118,32.470165686949215
-0.0052477528165344,1906.441929408482,1847.133544921875,1873.079828640244,51.62303330439606,69.44247721487937,1885.5609130859373,0,Train,2019-05-10,0.013209724651516375,0.028373882042193488,0.05902771161592901,0.0018421536330147678,0.00330307315685695,52.600673130580844,106.26058523995539,1907.6522700977532,1759.6219486522466,148.03032144550662,11278.900390625,-0.0020261741013145596,11496.185825892857,11611.697730654761,25.431467480380974
-0.0208346830268754,1908.8178013392856,1851.0836588541667,1874.2144726807608,51.21780197072066,61.015456120519104,1889.8048095703125,1,Train,2019-05-11,0.008991925704646686,0.021510217015485278,0.055747170793229994,0.0024893496183964765,0.003261032637907845,40.19449288504484,100.79230608258922,1918.9371489219059,1756.7256667170452,162.21148220486066,11278.900390625,-0.0020261741013145596,11496.185825892857,11611.697730654761,25.431467480380974
0.0022507342271056,1908.7076590401784,1853.684116908482,1875.631776034357,51.75429394466144,64.00316804617012,1856.11279296875,0,Train,2019-05-12,0.0038032899800974906,0.014413883698195518,0.0484283426470129,0.0029847848614352724,0.002842948044720649,27.120971679687273,88.16582380022237,1928.7793646777598,1755.8986138378652,172.88075083989452,11278.900390625,-0.0020261741013145596,11496.185825892857,11611.697730654761,25.431467480380974
-0.0178283050349644,1898.481410435268,1856.0967610677085,1873.8573230283928,50.56036273171362,54.739990695939376,1854.313232421875,0,Train,2019-05-13,-0.004175589536936086,0.003528159096978234,0.03613378756663077,0.004175648336781853,0.003788284258939324,6.67459542410711,66.20701381138383,1935.3384258672038,1757.982170882238,177.35625498496574,11148.2001953125,-0.011588026384304118,11413.821568080357,11589.969168526786,23.264394500785087
-0.0009695318914303,1892.125313895089,1857.9644484747023,1872.0805875187093,49.68678199278912,57.18095207770909,1874.67333984375,1,Train,2019-05-14,-0.00874493491861017,-0.0049174863700097715,0.028019807950171227,0.0040697365666355345,0.004094600868075183,-9.350481305803896,51.5719517299101,1939.6021553920928,1762.4900094377062,177.1121459543865,11222.0498046875,0.006624352638199937,11343.79296875,11568.545340401786,32.20225704978017
0.0109798641706737,1888.85538155692,1862.8958972749256,1872.3162922755312,45.60746723618048,57.497751908526176,1874.20166015625,0,Train,2019-05-15,-0.010400899995990698,-0.00922480122802305,0.01888733739226378,0.003583964859435671,0.004321565238426148,-17.586547851562045,35.0141252790188,1942.255982611728,1768.6033086829148,173.65267392881333,11157.0,-0.005796606308085428,11280.757254464286,11548.197730654761,30.830481770402784
-0.0002516063345411,1880.0498046875,1867.3558117094487,1872.4876893555968,41.55057739803202,51.06866099977682,1899.7493896484373,1,Train,2019-05-16,-0.009708604807219023,-0.015071106646009413,0.006114927594856656,0.0030217025107019224,0.004638503782275642,-28.767996651785552,11.426496233259286,1943.0697552073873,1775.5260856826796,167.54366952470764,11257.099609375,0.008971910851931497,11246.357142857143,11532.026274181548,27.506804511489463
0.0136312596639454,1876.3451625279013,1871.6871628534227,1874.9660257458547,39.84629564720692,51.54615113333969,1926.9248046875,1,Train,2019-05-17,-0.008339908171675514,-0.016955187641752967,-0.002785694046306575,0.00238251402216944,0.004606646018541025,-32.362496512277175,-5.241524832589903,1942.7777065068558,1783.0646693301983,159.7130371766575,11407.150390625,0.013329435330307948,11253.171456473214,11520.773902529761,39.41447692455445
0.0143047368179924,1882.2542898995537,1877.208484468006,1879.6895511041864,39.03834016954427,59.97339839307146,1951.4429931640625,1,Train,2019-05-18,-0.003494757577430452,-0.008547421347672723,-0.005049418913077974,0.002902264025322076,0.00455667813886619,-16.22712053571422,-9.55252511160711,1941.3267077918026,1792.8907534944701,148.4359542973325,11407.150390625,0.013329435330307948,11253.171456473214,11520.773902529761,39.41447692455445
0.0127239985789371,1891.0597446986608,1884.5362200055804,1886.212591291448,37.76188456109201,60.36493801292122,1917.32275390625,0,Train,2019-05-19,0.005856195928272578,-0.0005631599496096484,-0.005477876988243091,0.003832439227252685,0.004362556590899539,-1.0655691964282141,-10.41605050223211,1939.6401728892322,1803.5647064355446,136.07546645368757,11407.150390625,0.013329435330307948,11253.171456473214,11520.773902529761,39.41447692455445
-0.0174846200362174,1899.8040248325888,1888.9695812407,1889.040787892793,35.7376705421328,48.21523379089031,1919.6817626953125,1,Train,2019-05-20,0.012502423740140989,0.005796443381834715,-0.003481828884215221,0.003935247417211347,0.004057207086813261,10.9486432756687,-6.637904575893344,1936.7351454508942,1816.4320019402892,120.30314351060497,11828.25,0.036915407876193296,11328.378627232143,11527.340587797618,52.59775623570417
0.0012303660321437,1909.1423863002235,1894.2847958519344,1891.8263310566583,31.102719391773817,53.95243534174934,1914.70849609375,0,Train,2019-05-21,0.014285049870761402,0.01547436750887532,0.0001700450198600656,0.00396569960259389,0.003868491567889644,29.092581612723507,0.32458496093795475,1934.0249122288162,1829.2539242667192,104.77098796209702,11709.099609375,-0.010073374389702572,11389.835658482143,11523.62388392857,48.723204798103644
-0.0025906724219643,1914.8616943359373,1898.5079636346727,1893.906527878212,27.13886466273605,53.20097667653769,1937.1270751953125,1,Train,2019-05-22,0.01258656671424685,0.020527423513136966,0.003224189553917123,0.003763970348355571,0.0037074925535991138,38.51653180803601,6.154035295758831,1932.1493043632806,1840.5615180418529,91.58778632142776,11737.900390625,0.0024596922232125173,11474.078543526786,11522.914388020834,50.42844906909528
0.01170861211892,1923.851039341518,1901.792213076637,1897.8356685434028,27.453736455247725,50.25527457641571,1930.2679443359373,0,Train,2019-05-23,0.012657628994679149,0.02209943133888892,0.013363116840018785,0.0024528905916236963,0.0036723686997757695,41.59674944196422,25.36962890625,1932.032290438867,1849.8361962380307,82.19609420083634,11657.0498046875,-0.006887993870017373,11536.221400669643,11525.895321800595,48.278223278725875
-0.0035408781113048,1928.210832868304,1903.665974934896,1900.784057251815,28.011659690595163,50.92215544169643,1924.953125,0,Train,2019-05-24,0.009987964598614063,0.019645644868593548,0.019071421278609613,0.0010679112215842299,0.0036607038093575102,37.15108816964312,36.0855189732149,1932.2811230906143,1858.3531106565954,73.92801243401891,11844.099609375,0.016046067214389392,11634.378487723214,11538.664341517857,57.33419333487154
-0.0027534101426347,1927.929164341518,1906.333751860119,1902.9812452289227,27.193882986725896,59.21008694043976,1899.1492919921875,0,Train,2019-05-25,0.006824236990187638,0.014804231984616223,0.020686487258961384,0.0018761826979711298,0.003667068710057625,28.125139508929124,39.073782784597825,1933.2312433053933,1864.8117812481785,68.41946205721479,11844.099609375,0.016046067214389392,11634.378487723214,11538.664341517857,57.33419333487154
-0.0134049149938716,1920.458635602679,1906.7420131138392,1902.632885843765,27.00921029104128,51.984694904039806,1883.8892822265625,0,Train,2019-05-26,-0.0017633401284541383,0.0059273993305368755,0.02149348959502473,0.0032279319088427626,0.00386571753980179,11.31624930245539,40.408830915178896,1933.9278719313522,1869.2986853370633,64.62918659428897,11844.099609375,0.016046067214389392,11634.378487723214,11538.664341517857,57.33419333487154
-0.0080351817679469,1915.6824253627235,1904.6559535435267,1900.9289218785648,27.00159224249493,56.40065642276597,1871.330078125,0,Train,2019-05-27,-0.006497426159017938,0.00042861112591774386,0.020964832921158916,0.0034529682347679714,0.003601319223563055,0.820731026786234,39.33726283482224,1934.770141121213,1871.8659899474253,62.904151173787795,11924.75,0.006809330661248669,11729.757114955357,11548.12146577381,62.88523581101159
-0.006666635996102,1908.775041852679,1903.347580682664,1898.238117900968,27.94831120490276,53.73600492266527,1846.5972900390625,0,Train,2019-05-28,-0.00993507585398301,-0.00783636424054901,0.01408988790485921,0.0034246051540029964,0.0036239173441607155,-15.075997488838993,26.520751953125227,1935.2240827581736,1873.1088709946162,62.115211763557454,11928.75,0.0003354368016101894,11804.27134486607,11561.78576078869,68.70357097252551
-0.0132166892281873,1899.044869559152,1900.9206484840029,1893.5434971862487,30.565997900363936,43.95209618628046,1829.1082763671875,0,Train,2019-05-29,-0.011150339635827122,-0.015125920263483916,0.004222566147302542,0.003597625432598249,0.0038945085463472384,-29.165963309151948,7.985124860491169,1935.1658368130911,1872.9240243755248,62.241812437566296,11861.099609375,-0.005671205333752538,11808.964146205357,11566.854771205357,68.25508536866015
-0.009470940830583,1883.6136125837047,1895.8381522042407,1887.6857498390616,33.227055489255804,40.94987316764361,1836.266845703125,1,Train,2019-05-30,-0.016740150848827073,-0.02298608920776879,-0.008522148620203507,0.0033651654261255266,0.0043263395050496135,-44.31555175781318,-16.19041224888406,1935.3025493985465,1870.504480107592,64.79806929095457,11945.900390625,0.007149487319284775,11842.79282924107,11576.271437872023,70.9247978314443
0.0039136935896191,1870.1848842075888,1891.5802932012648,1883.0113040085216,34.898509914968294,36.243829483996535,1843.168212890625,1,Train,2019-05-31,-0.020217237127971965,-0.0261779923103177,-0.02040576039387587,0.0027222251825778283,0.004721892754605345,-50.27375139509013,-38.95750209263474,1936.3553849900939,1865.588352802875,70.76703218721877,11922.7998046875,-0.0019337668306382838,11869.20703125,11585.702380952382,76.0596817603583
0.003758368345891,1858.501325334821,1889.561593191964,1879.3892048159853,36.455478548810376,30.10229944656915,1819.7210693359373,0,Train,2019-06-01,-0.0213494398548586,-0.029848945352764056,-0.029433127816921312,0.002043015672970936,0.004870919588413422,-57.1811000279024,-56.36036900111617,1938.368914879793,1858.5541895426404,79.8147253371526,11922.7998046875,-0.0019337668306382838,11869.20703125,11585.702380952382,76.0596817603583
-0.0127211088986369,1847.154436383929,1886.2242722284227,1873.9648288632536,39.511888089058566,18.54731896139629,1833.351806640625,1,Train,2019-06-02,-0.019355974047015723,-0.03228280133469286,-0.0398661857852779,0.0019701874253193505,0.004773352791926719,-61.62060546875,-76.696602957589,1941.9284532856902,1849.8619537316088,92.06649955408147,11922.7998046875,-0.0019337668306382838,11869.20703125,11585.702380952382,76.0596817603583
0.0074905640948927,1839.9347970145088,1885.140415736607,1870.272735933924,40.67426262305265,27.77458272214436,1801.9754638671875,0,Train,2019-06-03,-0.016174918024694174,-0.031126211650999602,-0.045781319318946245,0.00164999265634038,0.004441665545019355,-59.11007254464312,-88.27603585379507,1945.6943911398193,1840.8769641894214,104.81742695039793,12088.5498046875,0.013901936014629301,11930.849888392857,11603.621419270834,77.45383909929467
-0.0171141963368888,1830.026994977679,1882.6481410435267,1864.063893018766,44.11551126919139,22.99382716049388,1770.684326171875,0,Train,2019-06-04,-0.015321124590542023,-0.02844883751531313,-0.05078099920609758,0.001380426074073001,0.003988940683685408,-53.58661760602581,-97.902169363839,1949.914106566923,1830.7744101043938,119.13969646252917,12021.650390625,-0.005534114111566901,11956.214285714286,11623.78334263393,77.36316593648941
-0.0173649077486099,1819.1822858537944,1877.696283249628,1855.5748414872303,50.438539961744624,20.51617423916809,1728.119873046875,0,Train,2019-06-05,-0.015143374034763402,-0.027271420480657227,-0.05273550175534081,0.0013245683650916682,0.003654076057674438,-51.00259835379438,-101.27634974888451,1954.7795342946063,1819.82223049334,134.95730380126633,12021.650390625,-0.005534114111566901,11956.214285714286,11623.78334263393,77.36316593648941
-0.0240384197769583,1804.75537109375,1870.7400076729912,1843.9880261744709,60.09393946154966,10.473476952228523,1752.895751953125,1,Train,2019-06-06,-0.019119930759416648,-0.028918975471480146,-0.05790471990573809,0.0012763995850735307,0.002921091473526779,-53.745954241071104,-110.9270542689735,1960.5889876949864,1806.853797949545,153.7351897454414,11843.75,-0.014798333410505293,11944.642857142857,11640.252371651786,67.69413386429775
0.0143368983209291,1792.84521484375,1863.746977306548,1835.7069103361664,64.901619246331,18.585040073163043,1790.4017333984375,1,Train,2019-06-07,-0.020317612929191986,-0.029401559756149553,-0.06073519637830449,0.0012189278652349768,0.0022022377343922698,-54.309221540178896,-115.9298270089289,1966.2144609079112,1792.2874172310392,173.92704367687202,11870.650390625,0.0022712730870713127,11936.34291294643,11664.595238095239,65.10162055803806
0.0213965841399994,1785.3071463448662,1857.2458786737352,1831.588257887282,65.09413974973981,28.60844099512687,1789.6737060546875,0,Train,2019-06-08,-0.01862108034601362,-0.029689992687937594,-0.05989206734261576,0.0013868779386584326,0.001697392293796404,-54.62765066964266,-113.73772321428578,1970.2626394421304,1777.6639788614411,192.59866058068928,11870.650390625,0.0022712730870713127,11936.34291294643,11664.595238095239,65.10162055803806
-0.0004066279261069,1781.0146658761162,1849.5425792875744,1827.7778440843188,62.92522764330659,31.08711587922737,1762.711669921875,0,Train,2019-06-09,-0.01315452808612283,-0.02678229842295876,-0.054469210682150604,0.0018461212863768342,0.0018431595637857367,-49.01232910156273,-102.59894670758854,1971.9626662563928,1764.0850161515314,207.87765010486146,11870.650390625,0.0022712730870713127,11936.34291294643,11664.595238095239,65.10162055803806
-0.0150653362350894,1770.9232177734375,1842.1801467168896,1821.8627373422785,63.639149329897776,29.87902936479981,1799.7032470703125,1,Train,2019-06-10,-0.012227490074888103,-0.026527890281048738,-0.05307585751138677,0.0017596456556912207,0.0016461879889248094,-48.25906808035688,-99.26166643415127,1971.7075874385512,1750.5181781166946,221.1894093218566,11922.7001953125,0.004384747505377318,11945.142996651786,11694.161923363095,54.05173071074219
0.0209856085823025,1770.5986153738838,1836.4668840680804,1819.8482382266448,61.68919852818631,38.99927520119449,1765.9693603515625,0,Train,2019-06-11,-0.008238655741168,-0.018925975379791127,-0.047297631033489274,0.002658186388243439,0.002143402618207182,-34.15675571986617,-87.90270996093727,1968.4803852134833,1739.3190724455571,229.16131276792612,11965.599609375,0.0035981290613484873,11947.95717075893,11726.861886160714,61.77358652951376
-0.0187441383870726,1769.925048828125,1829.384068080357,1814.95015841982,60.78889839853613,37.950015397616085,1766.2265625,1,Train,2019-06-12,-0.006226572560274812,-0.012784241397895912,-0.04180992451664822,0.003032611155610315,0.0025233749369381947,-22.920166015625,-77.2293875558039,1961.675324169879,1730.731534437822,230.9437897320572,11906.2001953125,-0.004964181988503125,11945.58579799107,11762.957124255952,57.51404586236755
0.0001456436075348,1775.368861607143,1821.2459484282,1810.5207406089269,56.96284292333978,40.091886159027,1782.6009521484375,1,Train,2019-06-13,0.0025103538025181837,-0.005566708651825181,-0.03509142580059421,0.0034279957370844613,0.0031570889005242187,-9.93828473772328,-64.56593540736594,1951.3813002555387,1725.741361226046,225.63993902949278,11914.0498046875,0.0006592875347493088,11920.6572265625,11795.909505208334,62.274329167389595
0.0092708319510608,1779.6124616350446,1814.214186895461,1807.9825780216088,51.70328352658994,41.7826503532501,1755.46728515625,0,Train,2019-06-14,0.00509084678079752,-0.0007873063978289796,-0.027548518945890832,0.0032442354630836797,0.003488616600311763,-1.4022042410715585,-50.414533342634286,1938.6023251231752,1723.6886660877624,214.91365903541282,11823.2998046875,-0.007617057296864349,11892.32142857143,11827.63806733631,48.905965081696905
-0.0152213915063185,1774.621826171875,1806.1434326171875,1803.2084604883948,46.52139187139046,37.35468677396192,1731.8062744140625,0,Train,2019-06-15,0.002653658891860866,0.0020885199094557994,-0.024494774398600705,0.0030552153362155983,0.003402927535923399,3.6986083984375,-44.56045968191938,1925.4232091903712,1722.2841010774862,203.13910811288497,11823.2998046875,-0.007617057296864349,11892.32142857143,11827.63806733631,48.905965081696905
-0.0134784686346811,1766.3550502232142,1798.1747174944196,1796.7173526634554,44.06087403229755,37.33166297978693,1718.3897705078125,0,Train,2019-06-16,-0.005077148517615093,-0.0023966838750596464,-0.02127729967483838,0.0033504522248569407,0.0033320047651575683,-4.24356515066961,-38.40032087053578,1911.2682769359958,1721.5062958179105,189.76198111808526,11823.2998046875,-0.007617057296864349,11892.32142857143,11827.63806733631,48.905965081696905
-0.007747115889616,1760.0233503069196,1790.2937883649554,1789.5966633765786,42.7443409385494,33.42397818609618,1703.3017578125,0,Train,2019-06-17,-0.011007515259882639,-0.0055944168527143345,-0.018307137875084756,0.0029544084466920856,0.0033277133140720426,-9.90169852120539,-32.82186453683039,1896.3645673252147,1721.534836274115,174.82973105109977,11672.150390625,-0.012784029548381648,11867.807198660714,11847.402390252977,37.63100058721928
-0.0087803203640194,1746.251708984375,1782.2924397786458,1781.7516719616624,42.54283347626989,35.07132322223835,1732.57763671875,1,Train,2019-06-18,-0.01598657064232023,-0.016400621444047303,-0.021876032614584595,0.003911643167627405,0.0035118999694171557,-29.11715262276789,-39.05543736049117,1882.0214405388276,1720.5986470030246,161.42279353580307,11691.5,0.0016577587443133979,11842.214285714286,11860.942847842261,38.55467321948811
0.0171877230631454,1741.4814627511162,1776.862932477679,1777.2813051213975,41.17962538677728,44.1993389360989,1746.551513671875,1,Train,2019-06-19,-0.014081872989779032,-0.021426574440198687,-0.022197011558887314,0.003852959093034158,0.0034335611691543436,-38.13099888392844,-39.533203125,1869.2312482675597,1719.1756242910342,150.05562397652557,11691.4501953125,-4.259905700743083e-06,11809.17857142857,11854.42857142857,41.24479261688074
0.0080653684181157,1738.6707414899554,1772.9316580636162,1774.4876877168954,39.86218998180002,53.07319058861841,1754.35302734375,1,Train,2019-06-20,-0.012132003142595105,-0.02025844839261981,-0.01821223865596655,0.0030943897792671915,0.003154758356625578,-35.95108468191961,-32.25247628348211,1857.4914626617774,1717.7639956250528,139.72746703672465,11831.75,0.012000205478679637,11790.057198660714,11860.269066220239,44.42814214839475
0.0044668099456588,1734.6353236607142,1769.0310000465029,1772.6572640466093,37.27880465941749,50.25755691580663,1780.255126953125,1,Train,2019-06-21,-0.006652182651501581,-0.017957729709262904,-0.02031137458309573,0.0020784255198282313,0.002943585125917715,-31.7197265625,-35.96329171316961,1846.6506041174948,1716.2182540019248,130.43235011557,11724.099609375,-0.009098433505187353,11764.04282924107,11859.611886160714,41.04064161421598
0.0147644739716914,1738.1764439174108,1766.0351388113838,1773.3479788562925,33.34318622888325,48.13000031046301,1803.3968505859373,1,Train,2019-06-22,-0.001897820277962814,-0.012412850310025147,-0.017937824503774902,0.003006272152647866,0.003109660851665016,-21.84690638950883,-31.74860491071422,1836.0920731686258,1715.8789857041418,120.21308746448403,11724.099609375,-0.009098433505187353,11764.04282924107,11859.611886160714,41.04064161421598
0.0129991051745594,1748.403669084821,1765.2577950613838,1776.0796944680783,32.199681829871025,52.33614562985741,1798.180908203125,0,Train,2019-06-23,0.005597913027814094,0.001232330991788988,-0.015188501446348313,0.004351194957756959,0.003733579665642627,2.1519601004461038,-26.965192522321786,1824.5485839470798,1718.2693621327194,106.27922181436043,11724.099609375,-0.009098433505187353,11764.04282924107,11859.611886160714,41.04064161421598
-0.0028922876188441,1759.8024030412946,1763.5829903738838,1778.0888957167188,29.26142749364939,56.52086486447669,1814.572998046875,1,Train,2019-06-24,0.01450857078562695,0.010520318867612843,-0.011131669967937463,0.00513113160632326,0.004047779584238312,18.32094029017844,-19.81005859375,1813.4705931180065,1722.3248937681542,91.1456993498523,11699.650390625,-0.002085381356743965,11733.414341517857,11861.64048549107,29.90384722133912
0.0091159291976523,1775.6982945033485,1764.182872953869,1781.4056322921874,30.20187461034039,52.95776768218804,1825.0037841796875,1,Train,2019-06-25,0.021586905470524664,0.02129647214380692,0.0006065902693170866,0.004795207752396977,0.004776874818742724,37.02755301339312,1.0764683314735066,1804.6604791534714,1726.7866085976452,77.87387055582622,11796.4501953125,0.008273734808782462,11729.578683035714,11859.37146577381,38.71173650455192
0.0057483419757924,1788.9020298549108,1766.7695138113838,1785.3691006455963,32.98444634863996,62.94247302101478,1862.6527099609373,1,Train,2019-06-26,0.02316304952121717,0.03128421602742071,0.012764692822571089,0.004512740344192864,0.005144424401033625,54.26670619419656,22.54697963169656,1801.0668646107529,1728.7948890164794,72.2719755942735,11847.5498046875,0.004331778503613437,11754.6357421875,11855.695265997023,50.218204943286906
0.0206295055975307,1805.4879150390625,1773.1758393787202,1792.3948833106276,37.81362547970302,68.16233096464255,1854.5438232421875,0,Train,2019-06-27,0.02596059189305233,0.038725338475965376,0.025831796336233115,0.004177534861950848,0.0056036419221507025,67.31147112165172,45.46456473214289,1804.1165067305708,1727.009516916192,77.10698981437872,11841.5498046875,-0.0005064338279993086,11776.07142857143,11851.542875744048,48.287789692148046
-0.0043534077369258,1819.8008858816963,1778.0162237258185,1798.0447869407694,41.42152614113818,63.9862775213726,1923.9246826171875,1,Train,2019-06-28,0.02483675943985908,0.04083565944141898,0.042118313481907865,0.0024594636188454257,0.005881362579388502,71.39721679687523,73.54917689732133,1812.1329111513999,1722.4424864490463,89.69042470235354,11788.849609375,-0.004450447465215945,11789.985630580357,11848.10239955357,42.13056793480445
0.0374112806100777,1840.32510811942,1784.3744594029015,1809.488413820444,52.25024579080518,78.12891740185586,1974.7208251953125,1,Train,2019-06-29,0.02874560898602141,0.04575667412373452,0.05675836779345045,0.0018332062457378172,0.006259952832623856,80.52270507812545,98.8436453683039,1825.547342030199,1714.9590997945782,110.58824223562078,11788.849609375,-0.004450447465215945,11789.985630580357,11848.10239955357,42.13056793480445
0.0264023550594636,1864.7999616350448,1793.1862269810267,1824.50954212725,66.77380790939787,87.191435090353,1989.4903564453125,1,Train,2019-06-30,0.032850979561776406,0.05017838188362811,0.07254347653944127,0.0023471091919407276,0.0064898095338404,89.10166713169633,126.12922014508945,1844.5638049215956,1705.330311289342,139.2334936322536,11788.849609375,-0.004450447465215945,11789.985630580357,11848.10239955357,42.13056793480445
0.0074793009024651,1892.1298828125,1803.985212053572,1839.5077979743464,78.84556468840339,91.33560057951776,1929.2275390625,0,Train,2019-07-01,0.03974555540221103,0.057704587079014935,0.09079404587438855,0.002748597020256772,0.006698985801556625,103.22785295758922,157.49455915178578,1868.075024719943,1693.972218234856,174.10280648508706,11865.599609375,0.006510389269786421,11794.8212890625,11844.278552827382,44.34579026415761
-0.0302905802923749,1908.5091029575888,1810.1530354817708,1847.6641380732688,83.42687927415442,80.27675298484128,1923.1351318359373,0,Train,2019-07-02,0.037049972603940606,0.05706002630114382,0.0979950336090687,0.002783576841299338,0.005589608167768075,103.02118791852627,170.332659040178,1891.7383723120781,1684.167276055667,207.57109625641124,11910.2998046875,0.003767209141051886,11821.421316964286,11843.683314732143,50.235718745648356
-0.00315795161701,1922.527866908482,1817.6371198381696,1854.5251375062392,86.26627346922109,77.22890956820542,1930.0596923828125,1,Train,2019-07-03,0.03095662079637851,0.0564495719415008,0.09959038687833677,0.002799571568725624,0.004936532237323145,102.72698102678578,174.124197823661,1914.9889722342612,1675.632576663619,239.35639557064223,11916.75,0.0005415644793391738,11852.435546875,11835.502371651786,50.15550568875241
0.0036006624975253,1932.157435825893,1825.438697451637,1861.391915222292,88.75669870455533,76.76073963863992,1918.3580322265625,0,Train,2019-07-04,0.02115475971126002,0.049900056952607574,0.09793999172107837,0.0034587008333221226,0.004315413911248333,91.83232770647282,172.35503278459828,1936.9849203853366,1668.8911259316271,268.0937944537095,11946.75,0.0025174649128327786,11873.906947544643,11831.93568638393,57.6444649243433
-0.0060628488343815,1941.2737513950888,1831.9033203125,1866.5706531317703,90.40916527863187,73.6476261182437,1915.596923828125,0,Train,2019-07-05,0.01716766683833204,0.041009111611624016,0.09324526435840874,0.0039206628771951526,0.003383247574747029,76.47378976004393,165.57545689174026,1958.022851790459,1664.5183870488265,293.50446474163255,11811.150390625,-0.011350334557515662,11868.70703125,11830.383324032739,58.77637796829218
-0.0014393081750401,1940.0840715680804,1839.528541201637,1871.0275868314388,90.39288447129871,70.91012373470294,1867.034912109375,0,Train,2019-07-06,0.009131833645579013,0.025344025899691536,0.08451107952816805,0.005258515280863965,0.003796589445831406,47.95418875558039,151.1820417131696,1975.800070132395,1664.1140708413777,311.6859992910172,11811.150390625,-0.011350334557515662,11868.70703125,11830.383324032739,58.77637796829218
-0.0253508507529359,1924.7003696986608,1845.9680001395088,1870.66461640216,87.09167172578212,59.11595408685535,1841.6148681640625,0,Train,2019-07-07,-0.0038594505752812536,0.008483725184218693,0.0660278330675057,0.00718135936799097,0.005683339658667067,16.191266741072013,119.21245465959828,1988.0504811609328,1668.3313617520141,319.7191194089187,11811.150390625,-0.011350334557515662,11868.70703125,11830.383324032739,58.77637796829218
-0.0136151947563706,1903.5752999441963,1851.835861932664,1868.0237301986967,82.07279175200824,55.881346591684846,1909.6798095703125,1,Train,2019-07-08,-0.019419441191022457,-0.009858149413856099,0.046034934213097234,0.007685995937346902,0.007428930488790584,-18.95256696428578,83.7744140625,1994.4156939463926,1677.6985080625357,316.7171858838569,11558.599609375,-0.02138240331360608,11828.285574776786,11815.523763020834,43.517684066525554
0.0369593787403037,1900.7827671595985,1861.6633882068447,1871.8106465052072,75.48980705526819,61.29736689852576,1925.6331787109373,1,Train,2019-07-09,-0.0202575264569419,-0.016238153312224002,0.032851618865298526,0.006891881201026478,0.007589509054607918,-31.374668666294383,60.45765904017844,1998.3245856430972,1689.7197468066793,308.6048388364179,11555.900390625,-0.00023352472109261502,11795.007114955357,11798.057105654761,43.405500681765275
0.0083539497358011,1901.139630998884,1870.8565092540923,1876.7036039784552,70.5791893118455,61.79857424853782,1906.0421142578125,0,Train,2019-07-10,-0.012241250155454297,-0.02067411686134557,0.019487167584439913,0.005996502089388324,0.007650255702084937,-40.13412039620471,36.33966936383922,2000.0698794594402,1704.2213419412294,295.84853751821083,11498.900390625,-0.004932545113165099,11742.621512276786,11775.833333333334,32.37863917048213
-0.0101738299223943,1897.7085484095985,1878.4512997581849,1879.3707412765784,64.88583684145043,55.31225881968937,1886.889404296875,0,Train,2019-07-11,-0.003081964519485947,-0.0218421066280039,0.002948352355603756,0.005255700991465905,0.007678509000050603,-42.37552315848188,5.578665597098507,1998.6163896657063,1721.982154209852,276.6342354558542,11582.900390625,0.007305046321514741,11695.850167410714,11760.43810453869,42.33278679136025
-0.010048419086687,1893.213030133929,1884.762555803572,1880.0542560966053,58.32571724119022,53.85586774377278,1848.4959716796875,0,Train,2019-07-12,-0.003982431425860078,-0.016359605921238418,-0.00801467113777754,0.004197153162619635,0.0077242697063137225,-31.487339564731883,-15.29607282365987,1994.4112650414086,1741.6909374558018,252.7203275856068,11552.5,-0.0026245922523520093,11643.814453125,11743.221447172618,42.06094466549771
-0.020347473746875,1883.6271798270088,1888.0121198381696,1877.1853211496127,53.948816149362685,40.29096069698833,1848.276611328125,0,Train,2019-07-13,-0.009211554420478829,-0.010479291319745676,-0.020234134314020324,0.004007833452520298,0.007587228570166781,-19.9481201171875,-38.90068708147328,1988.0010511295243,1761.6235024419045,226.37754868761976,11552.5,-0.0026245922523520093,11643.814453125,11743.221447172618,42.06094466549771
-0.0001186696400334,1880.9474225725448,1890.149251302084,1874.5572566203864,51.2507308121082,31.287983371769087,1856.64794921875,1,Train,2019-07-14,-0.00883229716760281,-0.01043535585957267,-0.026504058263481234,0.003745509473964627,0.0068375140277739735,-19.83534458705367,-51.21001325334805,1980.2699743303335,1781.4690811942203,198.80089313611325,11552.5,-0.0026245922523520093,11643.814453125,11743.221447172618,42.06094466549771
0.0045292667987664,1883.095005580357,1892.9333961123511,1872.929137765692,47.45214883205972,29.96167428184852,1815.9752197265625,0,Train,2019-07-15,-0.005344366636255371,-0.009491478229321837,-0.029969367160567528,0.0019734325051695874,0.00553642551655214,-18.044625418526948,-58.178745814731656,1972.4452288681455,1800.0334977641087,172.4117311040368,11588.349609375,0.0031031905972733753,11592.61439732143,11732.03334263393,37.98217643323381
-0.0219065383447099,1869.708635602679,1893.0001685732889,1867.751508853044,47.33721784888338,31.843649544585816,1824.565673828125,1,Train,2019-07-16,-0.007389224562797114,-0.014754590651122501,-0.03627442593687202,0.0028808922566259097,0.005158957700485157,-27.99991280691961,-70.3754359654015,1963.938389535986,1816.6209976710452,147.31739186494087,11662.599609375,0.006407297199588324,11571.392857142857,11731.578543526786,39.59726898718533
0.004730490817411,1855.27042061942,1892.9793061755952,1863.8255238507784,47.368769518451685,34.323137729377805,1794.017578125,0,Train,2019-07-17,-0.013651100315184128,-0.020041384097079007,-0.03607312087237291,0.003248192440819387,0.004736494130313252,-37.94260951450883,-69.42994907924071,1957.142244505226,1828.3953932598413,128.74685124538473,11687.5,0.0021350634900458854,11589.807198660714,11731.38806733631,41.515685120783445
-0.016742667113227,1839.2669154575888,1889.71096656436,1857.479346966617,51.73268056776856,29.87556497761756,1800.7232666015625,1,Train,2019-07-18,-0.0232744975653848,-0.0235504482227179,-0.033782947534827135,0.00365955452000641,0.004460916427257697,-44.360264369420065,-64.30838448660757,1953.92236411852,1833.5618766041362,120.36048751438375,11596.900390625,-0.007751838235294128,11595.664341517857,11726.885695684523,39.852010639703934
0.0037378053360941,1826.9574672154013,1887.1480829148063,1852.3197032970663,54.80399242990346,32.33745896242942,1820.9283447265625,1,Train,2019-07-19,-0.022865149988194444,-0.02870359623518992,-0.038839419853598955,0.0036137954331085373,0.003842702725109177,-53.98995535714357,-73.82529994419724,1955.9868300279384,1830.160646604316,125.8261834236223,11419.25,-0.01531878214359883,11584.285714285714,11707.242838541666,28.677234854493037
0.0112205348260603,1823.0192347935267,1882.2434953962047,1849.4659434270204,55.94503222445634,36.49329528240205,1799.8028564453125,0,Train,2019-07-20,-0.017383549841281654,-0.03190267650267353,-0.04109135117251317,0.0037781360562980813,0.0037492315274244626,-60.07577078683039,-78.12039620535734,1960.2997217267032,1821.6696822213992,138.630039505304,11419.25,-0.01531878214359883,11584.285714285714,11707.242838541666,28.677234854493037
-0.0116014934593279,1816.0944126674108,1873.914068312872,1844.9511173377743,54.49053521920144,39.59300548083634,1771.57763671875,0,Train,2019-07-21,-0.012598771062226621,-0.02867517532644126,-0.04300667550377302,0.0035384623347155084,0.0036126293465431397,-53.61422293526812,-81.61413574218773,1964.1516728860265,1810.2141840475674,153.9374888384591,11419.25,-0.01531878214359883,11584.285714285714,11707.242838541666,28.677234854493037
-0.0156823952276131,1803.9415108816963,1863.5372721354167,1838.280800917863,52.07590591884581,39.25212496005219,1797.830322265625,1,Train,2019-07-22,-0.012597970531183278,-0.027666538078360836,-0.047153446459174964,0.0022943521847457542,0.0031389117596053564,-51.328909737723734,-89.27151925223257,1966.6428317790594,1797.2662659469454,169.376565832114,11346.2001953125,-0.006397075524881224,11550.471400669643,11689.247628348214,23.762808866279073
0.0148188174216847,1801.3493826729912,1857.280261811756,1834.6034846767504,51.68076910012644,30.308654365651226,1821.9359130859373,1,Train,2019-07-23,-0.01188679291307082,-0.020615568336455503,-0.04368051068448375,0.0028245965069662368,0.00314066135269588,-37.9175327845976,-82.27779715401766,1965.5549652310629,1786.2362840713922,179.31868115967063,11331.0498046875,-0.0013352832106081625,11518.835658482143,11671.695219494048,22.976834467414434
0.0134081567775175,1800.973702566964,1852.4612513950888,1833.451887259404,49.92129650121669,32.25327843714666,1859.452880859375,1,Train,2019-07-24,-0.008325949353171547,-0.014222424503423703,-0.0425177860081819,0.0031599498568731753,0.003103266587043616,-25.983764648437273,-79.97372000558084,1960.8405153737767,1777.8323606027857,183.00815477099104,11271.2998046875,-0.005273121293252303,11473.54282924107,11646.688058035714,19.6685941519401
0.0205918152795465,1810.3216029575888,1849.0990222749256,1835.8156139503103,46.7079679756585,42.48766344581069,1861.4691162109373,1,Train,2019-07-25,0.0035367510739159336,-0.006965166134067724,-0.038645635194778705,0.004124353826573259,0.003915491155942268,-12.697631835937955,-72.77340262276834,1951.3113014344847,1774.2663596983277,177.04494173615694,11252.150390625,-0.0016989534831232112,11414.9072265625,11618.335704985118,21.965897693079228
0.0010843164526064,1818.9995814732144,1846.3900262741813,1838.1477505194584,44.0651689925472,45.66130226561594,1806.11376953125,0,Train,2019-07-26,0.009798320620085565,0.0015996793919632601,-0.02712136702150869,0.004344211548994412,0.004481245974659054,2.905168805803669,-50.70905412946445,1939.364986161508,1774.104225961817,165.26076019969105,11284.2998046875,0.0028571795564771296,11357.307198660714,11591.799990699405,32.33966729415255
-0.0297374510259748,1816.8832135881696,1841.1765427362352,1835.235570429621,41.89067672669342,43.16218190985056,1764.3897705078125,0,Train,2019-07-27,0.008833838605488475,0.007174125451632873,-0.020690895841714574,0.004301557777307756,0.004453733463858013,12.94170270647328,-38.387207031250455,1929.2364073874433,1773.4510891248337,155.7853182626095,11284.2998046875,0.0028571795564771296,11357.307198660714,11591.799990699405,32.33966729415255
-0.0231015342041638,1811.824201311384,1836.2886788504463,1828.795043164002,44.62197528928047,38.06441662489565,1789.8538818359375,1,Train,2019-07-28,0.0008300173578774661,0.005814984443966997,-0.014920463101668613,0.004186450845887665,0.00444173486492466,10.47481863839289,-27.442714146204708,1922.4734812622103,1771.0389053867855,151.4345758754248,11284.2998046875,0.0028571795564771296,11357.307198660714,11591.799990699405,32.33966729415255
0.0144322483352394,1814.435093470982,1833.823869977679,1825.254937588724,45.72890481804303,40.93722205567416,1771.446044921875,0,Train,2019-07-29,-0.0025093397759529124,0.0074745071984290146,-0.006854222919324693,0.003118571405125146,0.004462120830542114,13.461390904018117,-12.522373744419156,1914.9650275026058,1769.9125917775284,145.05243572507743,11189.2001953125,-0.008427603929443195,11299.06431361607,11563.24525669643,28.90100072483719
-0.0102845473034819,1810.665910993304,1827.2413097563244,1820.363220073556,44.18687142350186,43.56966049821235,1815.5806884765625,1,Train,2019-07-30,-0.003421960502671517,0.00019019164061928606,-0.006776299209822589,0.0032044743525056854,0.004273158554011214,0.34430803571513025,-12.353323800222825,1906.1865698981596,1769.6436773814162,136.54289251674345,11085.400390625,-0.009276785013729971,11251.371512276786,11526.09291294643,27.424081179127683
0.0249144723776411,1809.758021763393,1822.0007149832588,1819.928444473829,38.031475011564766,48.82329863898792,1864.2301025390625,1,Train,2019-07-31,-0.0011403863280420312,-0.005080572752159118,-0.003489020647726826,0.003220817071000619,0.003992426064387076,-9.241559709821558,-6.33639090401789,1896.7140466764324,1770.321147938523,126.39289873790949,11118.0,0.00294076968140633,11218.771484375,11488.364350818452,23.108443371925915
0.0267955119655525,1810.4404820033485,1820.009666806176,1823.9558679343045,34.32562926058766,58.77901696793387,1897.715087890625,1,Train,2019-08-01,-0.0022015730857541937,-0.00354603506523532,0.003602650685983644,0.0025452565953803926,0.0034966035098943763,-6.442731584821104,6.4989711216521755,1886.6814031646597,1772.0765366372373,114.60486652742247,10980.0,-0.012412304371289817,11168.621512276786,11443.75720796131,20.55035234686926
0.0179618306270006,1815.6184779575888,1820.5251755487352,1830.6612515666973,35.44335546139513,61.36620412610104,1900.169189453125,1,Train,2019-08-02,0.0027352185371225524,0.002094174834102791,0.007921336872152906,0.0019826002822035194,0.0032492499959942646,3.7942766462047075,14.269095284597597,1877.5071181008775,1774.4499515140778,103.05716658679967,10997.349609375,0.0015801101434427256,11129.485770089286,11398.547665550595,19.00885104395617
0.0012931875697039,1829.054966517857,1822.985804966518,1836.980155010918,39.08854295192801,59.68911994435564,1953.90234375,1,Train,2019-08-03,0.010662720939709658,0.008057534325412341,0.01559226762215804,0.0034410146264958652,0.003815461422843717,14.619873046875,28.081263950893117,1868.0238049899917,1778.7440190194948,89.27978597049696,10997.349609375,0.0015801101434427256,11129.485770089286,11398.547665550595,19.00885104395617
0.0282780894433614,1856.1281912667407,1828.015601748512,1847.609444896289,48.23200341769417,67.45085039481975,1948.5115966796875,0,Train,2019-08-04,0.02523568695991396,0.025108044503083793,0.025303011483879922,0.005837483293172744,0.00526356278570379,45.46228027343682,45.80658830915195,1860.2478120721837,1783.8233305059414,76.42448156624232,10997.349609375,0.0015801101434427256,11129.485770089286,11398.547665550595,19.00885104395617
-0.0027589644321559,1878.7935791015625,1832.3900611514136,1856.7823677856888,54.69192936351115,71.12947960396596,1956.2249755859373,1,Train,2019-08-05,0.03479536142143713,0.03814629166329242,0.03287191390111288,0.006584588593462528,0.005403446128755735,69.03555733816961,59.79399762834805,1863.2211757670243,1781.7584611609886,81.46271460603566,10862.599609375,-0.012252952282714391,11073.835658482143,11353.378580729166,10.552192261834819
0.0039586004617029,1905.190569196429,1839.0686209542407,1865.8226048584384,60.80835279064428,69.7918843403956,1942.1129150390625,0,Train,2019-08-06,0.041625650443692486,0.052335378122032594,0.04860375997082422,0.006512393562059412,0.005995342263000375,94.75008719308039,88.30735560825929,1878.338084670337,1771.6335671153768,106.70451755496015,10948.25,0.007884888857643269,11025.828543526786,11324.31431361607,15.608218495977425
-0.0072139251481787,1923.2666015625,1844.6661086309523,1872.758087602132,64.692711033089,65.40110870336528,1930.147705078125,0,Train,2019-08-07,0.036171214149783415,0.059290057306536026,0.06150839588656276,0.00553555608915792,0.006028273577342474,107.64812360491123,111.44240025111594,1898.1984950548751,1760.1731253413302,138.02536971354493,10855.5,-0.00847167355513434,10978.15708705357,11290.9619140625,15.577051428073972
-0.0061609239443716,1932.6834019252235,1851.14849562872,1877.9753255544945,66.16733285390677,59.69470806328819,1927.123291015625,0,Train,2019-08-08,0.028683205767304765,0.05665681857809535,0.06517086716396925,0.004578251844206946,0.006027021801111597,103.6284354073664,118.2483084542414,1917.5332169737867,1751.4109968934008,166.1222200803859,11032.4501953125,0.016300510829763803,10970.5927734375,11268.75,32.029342293791345
-0.0015669339991664,1936.8845738002235,1857.1675444103423,1882.443322414597,67.09358264345684,58.97863347027905,1913.7120361328125,0,Train,2019-08-09,0.016635608592773243,0.04350797693470154,0.06970842165890123,0.004745611344034985,0.00606442973794981,80.75638253348279,126.21866280691961,1934.733458322562,1745.5972894452952,189.13616887726675,11109.650390625,0.006997556657477588,10969.399972098214,11246.214285714286,39.05215420730974
-0.0069592095873349,1938.819266183036,1861.5858154296875,1885.2859327526169,67.64060655194871,66.62163553521991,1894.8658447265625,0,Train,2019-08-10,0.008086587999760697,0.031949059092578835,0.07131408888238466,0.005692494677758509,0.005934907269588868,60.02568708147351,129.06124441964312,1949.7983158528396,1742.80491726658,206.99339858625945,11109.650390625,0.006997556657477588,10969.399972098214,11246.214285714286,39.05215420730974
-0.009847976628884,1930.3854806082588,1866.112624395461,1886.156833841157,66.4699659379261,71.68878983021686,1900.03759765625,1,Train,2019-08-11,-0.0011889796925226293,0.013224352366207892,0.06625183196974516,0.00661588887589405,0.006098590054377534,25.194911411829935,119.94499860491032,1960.5772708040797,1744.6703592879965,215.90691151608326,11109.650390625,0.006997556657477588,10969.399972098214,11246.214285714286,39.05215420730974
0.0027293504413943,1923.4606236049108,1872.2297653924848,1887.4187214607111,63.163818621883074,69.64065088698172,1891.3162841796875,0,Train,2019-08-12,-0.006930691883706097,0.0001008815118264117,0.0593969200889799,0.006694182750325432,0.006434881837218625,0.19402204241077925,107.84214564732201,1968.2733929243132,1749.1853612609548,219.08803166335838,11109.650390625,0.006997556657477588,10969.399972098214,11246.214285714286,39.05215420730974
-0.0045900741581748,1914.187953404018,1876.681477864584,1887.7730453442543,60.91231611799488,72.13158277879126,1929.0076904296875,1,Train,2019-08-13,-0.012704285133038673,-0.009569828406857273,0.046544794139367074,0.005345651476831676,0.006677804221824592,-18.495448521205617,85.13298688616078,1973.0649272668177,1755.7152520021561,217.34967526466153,10925.849609375,-0.01654424529912324,10961.66420200893,11216.373790922618,33.77900271701948
0.0199286637382005,1912.315778459821,1881.780133928572,1891.52164944293,60.58103605453197,71.45237090400676,1928.8323974609373,0,Train,2019-08-14,-0.009360670358307899,-0.012684697721660143,0.03027139367714371,0.003676405310912993,0.0067036832909772165,-24.568795340402403,56.18758719308039,1977.0482294275905,1761.931367391606,215.11686203598447,11029.400390625,0.009477595331455646,10966.242885044643,11189.757161458334,40.644359119431776
-9.087209430003183e-05,1912.127877371652,1885.083920433408,1894.913535626385,61.19127092651886,64.96148961842434,1933.56640625,1,Train,2019-08-15,-0.005891852473704051,-0.013766826685156497,0.01774239524814103,0.002753219510242191,0.006724429967573368,-26.69138881138406,33.33429827008945,1980.5584960243862,1767.7339303846545,212.82456563973165,11029.400390625,0.009477595331455646,10966.242885044643,11189.757161458334,40.644359119431776
0.0024543391096574,1913.0483224051336,1888.517124720982,1898.4274329558043,61.8194146200278,59.57852331832656,1976.8685302734373,1,Train,2019-08-16,-0.0005953600307940787,-0.008981189703966441,0.004124392244928554,0.0024297912137340332,0.00678338649721603,-17.337158203125227,7.8577532087047075,1983.1394385265694,1774.769498764167,208.36993976240228,11047.7998046875,0.0016682152620135504,10992.70005580357,11160.480980282739,42.09200043233143
0.0223949505346539,1922.0706787109373,1896.648303803943,1905.5584418028616,61.6684768974245,66.82059823966526,1941.016845703125,0,Train,2019-08-17,0.005101092801196749,-0.0007226271632057024,-0.0006218185511001062,0.003361932716194271,0.006710170783014864,-1.3899448939735066,-1.1959228515627274,1985.3092785987976,1783.624306431894,201.68497216690366,11047.7998046875,0.0016682152620135504,10992.70005580357,11160.480980282739,42.09200043233143
-0.0181355937541043,1928.6636788504463,1905.0591169084817,1908.781933066522,54.3372300632399,46.933642724845285,1940.315673828125,0,Train,2019-08-18,0.008647853354621926,0.007562332330368182,-0.002079866299246391,0.0034450651326379802,0.0058833403967623755,14.475725446428442,-4.0197230747771755,1987.1863610547416,1793.170082513897,194.01627854084472,11047.7998046875,0.0016682152620135504,10992.70005580357,11160.480980282739,42.09200043233143
-0.0003612394588703,1934.417689732143,1912.223964146205,1911.6486367721225,47.928819243685766,48.00509385783668,1919.979248046875,0,Train,2019-08-19,0.011170322817639633,0.011557668205887328,-0.0012736350433317778,0.00323222067257038,0.005222614752450875,22.101911272321786,-2.466884068080617,1987.636891599569,1805.0947298429537,182.54216175661531,11053.900390625,0.0005521991749806165,11007.79296875,11130.3095703125,40.90050409407699
-0.0104809882513228,1938.5123988560267,1919.296973818824,1912.4059650698268,35.45037333140296,41.68844917672473,1934.486328125,1,Train,2019-08-20,0.008554170420057794,0.01379851305794566,-0.00015827536499235517,0.0020705038859494753,0.003937813523094041,26.384521484374773,-0.3068673270092859,1986.1745958361332,1819.4324633156523,166.74213252048094,11017.0,-0.0033382235519596737,11030.86439732143,11102.695265997023,42.87133860343195
0.0075558525400118,1939.295061383929,1924.9591471354163,1914.4132708021152,26.395988033930067,48.25430089049459,1952.01806640625,1,Train,2019-08-21,0.005512305048342769,0.013719851543424255,0.004615441250036101,0.0018101902303088579,0.0031437249015232897,26.246738978795292,8.909580775670065,1981.7743133418091,1836.7182037480345,145.05610959377464,10918.7001953125,-0.008922556475220111,11014.61439732143,11078.859561011905,43.067456059625215
0.0090627356866577,1942.6072998046875,1929.139526367187,1917.831888584309,23.03491367393936,54.88164938835654,1962.448974609375,1,Train,2019-08-22,0.004233630676567346,0.01068463367201633,0.009954285502290272,0.001573744227095359,0.0029155730939028476,20.536621093750227,19.14667619977672,1974.581877701503,1856.6095215730502,117.9723561284527,10741.349609375,-0.016242829527789215,10962.0,11050.057152157739,36.019463788856164
0.0053436535156299,1946.733380998884,1932.2220924014127,1921.8879873138608,22.95062361623912,57.6326270091205,1945.181396484375,0,Train,2019-08-23,0.00424087158158426,0.009369027034930255,0.017002211061348582,0.0013735801517788936,0.0029132342759101474,18.069702148437727,32.54542759486617,1965.7630376270295,1877.196203095627,88.56683453140249,10829.349609375,0.008192639025843995,10948.214285714286,11026.166666666666,44.192588063985205
-0.0087989946991804,1942.2066476004463,1934.3655308314728,1924.0055699657253,21.88457969440456,56.68796220245616,1902.44873046875,0,Train,2019-08-24,0.0015013631883533662,0.00402651294477252,0.015630718251302245,0.0019396397543507491,0.0029921095939025298,7.7889578683034415,29.890869140625227,1958.5608630122035,1893.0062233438236,65.55463966837988,10829.349609375,0.008192639025843995,10948.214285714286,11026.166666666666,44.192588063985205
-0.0219684735278971,1936.696916852679,1931.915358770461,1922.0458572841824,22.460656099829027,51.46300116015127,1903.0618896484373,1,Train,2019-08-25,-0.0030425001247564865,-0.0009365336040250138,0.012849056682756377,0.002307200382879829,0.0028414161723199806,-1.8154820033478245,24.569039481026948,1953.1589082011906,1904.198511929948,48.960396271242644,10829.349609375,0.008192639025843995,10948.214285714286,11026.166666666666,44.192588063985205
0.0003222999757455,1931.374947684152,1929.751087007068,1920.3200420445687,22.9655649818916,50.5939381153642,1934.486328125,1,Train,2019-08-26,-0.007889335778919815,-0.004084016845855798,0.009579802592742492,0.0023356488471677032,0.002762272957717302,-7.920113699776948,18.326625279018344,1951.8385044638876,1908.1373535160237,43.70115094786388,11057.849609375,0.021100066785376237,10952.27845982143,11016.002371651786,52.00569800569801
0.0165125677979751,1933.4473876953125,1928.715913318452,1921.607886233699,22.18940733191261,57.78400529309455,1924.8668212890625,0,Train,2019-08-27,-0.004509952592303024,-0.00471526700753977,0.005918985763835316,0.0021902102016691885,0.0023390030124872917,-9.159912109375,11.376708984375227,1952.161810163972,1908.8321264292204,43.3296837347516,11105.349609375,0.004295591066795668,10960.49986049107,11009.01185825893,58.54180182755853
-0.0049726414170427,1932.073172433036,1927.894670758928,1921.9041530569136,21.98700591600237,49.16926012673914,1918.2333984375,0,Train,2019-08-28,-0.002387438312834722,-0.007530670973713849,0.0017678010012724954,0.002164813199183517,0.0023251448324827628,-14.660208565848052,3.4094935825896755,1952.1200493566557,1908.812864287317,43.30718506933863,11046.099609375,-0.005335266523260329,10959.385463169643,10997.668991815477,53.50827928421271
-0.0034461723679771,1927.246791294643,1927.3273228236603,1921.5704480915124,22.079484872794417,47.9273400525834,1905.8023681640625,0,Train,2019-08-29,-0.0021374184202083146,-0.007702504944201438,-0.0037070062352939637,0.002018618959332568,0.002475078112354528,-14.959856305803442,-7.1708984375,1951.4650386748503,1908.504096718565,42.960941956285296,10948.2998046875,-0.0088537862364102,10949.57114955357,10986.197544642857,53.315219931997994
-0.0064804576354281,1919.1544189453125,1926.3120407831093,1920.136986279926,22.573998692100577,44.72933997579754,1918.5413818359373,1,Train,2019-08-30,-0.007392478761492072,-0.009057946937755634,-0.00998599747008988,0.0017100702307608548,0.0027841131236961384,-17.542497907366396,-19.35797991071422,1950.5791181229843,1907.4235325466584,43.15558557632585,11023.25,0.006845829640179435,10964.5068359375,10983.238002232143,49.645492551241965
0.006684330906854,1915.348702566964,1926.542009626116,1919.9919313304729,22.463549099887445,37.47375816616505,1892.93115234375,0,Train,2019-08-31,-0.008656230056241165,-0.00829784249630272,-0.01234797081361938,0.0017052718791477227,0.0025168511799190225,-16.026245117187955,-23.946358816964903,1950.6561509045484,1905.8428219609643,44.81332894358411,11023.25,0.006845829640179435,10964.5068359375,10983.238002232143,49.645492551241965
-0.0133488022383336,1913.989048549107,1926.4498814174103,1917.5318605134976,22.60348737255972,39.198030890190736,1878.2154541015625,0,Train,2019-09-01,-0.006879110036877911,-0.010064064463321087,-0.014731876719735193,0.0017178622340453687,0.0022839793495223097,-19.45833914620539,-28.61825125558039,1950.9944109878077,1904.5574043721256,46.437006615682094,11023.25,0.006845829640179435,10964.5068359375,10983.238002232143,49.645492551241965
-0.0077740271873951,1910.4395577566963,1925.41073172433,1913.9576417487765,24.3152499465459,36.87614444354437,1826.5560302734373,0,Train,2019-09-02,-0.004540990085313501,-0.011197099046252323,-0.018643448351188696,0.0016576156236337838,0.0020648715807740567,-21.633614676339675,-36.29382324218773,1951.3235774402008,1903.8533983550003,47.47017908520047,11023.25,0.006845829640179435,10964.5068359375,10983.238002232143,49.645492551241965
-0.0275045249549585,1895.0209437779013,1922.326910109747,1906.012040705564,31.80781285633226,32.564823509739256,1847.15869140625,1,Train,2019-09-03,-0.01061308510654968,-0.016721183639949788,-0.02429489358449166,0.00258514074234715,0.002639440443979457,-32.225847516741624,-47.185703822545065,1953.8234353058713,1899.6240570211373,54.19937828473394,10797.900390625,-0.02044311880570615,10972.585518973214,10967.995163690477,39.21841332027424
0.0112795122576823,1883.919782366072,1918.4293387276784,1900.661736223808,35.722090598954495,34.06496719831853,1851.77099609375,1,Train,2019-09-04,-0.01571026030991607,-0.018359458848863253,-0.02725110678255993,0.002603630623091376,0.0027966818575177006,-35.23463657924049,-52.77713448660688,1957.97660766287,1892.650075163581,65.32653249928899,10844.650390625,0.004329545403159107,10974.77134486607,10961.54994419643,46.89771735156069
0.0024969726255563,1874.425153459821,1914.759748186384,1896.217123484712,38.45366195652716,30.80235040437316,1885.859130859375,1,Train,2019-09-05,-0.01885137069668119,-0.02136610897655178,-0.029486658865808257,0.0026022001402533504,0.0026755424901926785,-40.92354910714289,-56.949794224330844,1962.9384376258083,1883.8259283061113,79.11250931969698,10847.900390625,0.000299686931614751,10944.778599330357,10954.433314732143,42.49007194105069
0.0184083965228598,1871.576119559152,1912.487973167783,1895.275487791499,38.6955148920776,36.55135368715452,1869.869384765625,0,Train,2019-09-06,-0.012371802167003954,-0.022159441832807825,-0.0320004922450523,0.0027536723845389475,0.002342912706386485,-42.41292898995516,-61.87126813616055,1966.7107111746684,1875.0041988420724,91.70651233259605,10946.2001953125,0.009061643373168504,10922.04296875,10958.414295014882,46.056836615575875
-0.0084787595383455,1864.622977120536,1907.3927757626489,1892.965842061874,36.792094008683215,36.7161198140727,1877.0733642578125,1,Train,2019-09-07,-0.010242901755243783,-0.023982219406072036,-0.034910787166285595,0.002662939378086905,0.0023504210942677352,-45.816580636160325,-67.4501953125,1969.734901746323,1865.5759380974268,104.15896364889613,10946.2001953125,0.009061643373168504,10922.04296875,10958.414295014882,46.056836615575875
0.0038526645501981,1862.3575788225448,1904.3478480747767,1891.5210713524136,36.515167388635774,44.88281744255832,1899.3885498046875,1,Train,2019-09-08,-0.006438013603798365,-0.017236413699069142,-0.033669384100262656,0.0025697098377746655,0.002393615422229207,-32.66336495535643,-64.88921247209805,1970.9928977836169,1857.1119309691728,113.88096681444404,10946.2001953125,0.009061643373168504,10922.04296875,10958.414295014882,46.056836615575875
0.011888286292794,1865.3823067801336,1902.398937406994,1892.2362966662567,35.57969633772858,49.31885573558242,1891.876708984375,0,Train,2019-09-09,-0.003309410028418891,-0.009839843373084967,-0.02801864802246079,0.0032710109270406617,0.0026688016412654276,-18.53747558593841,-53.772112165178896,1970.05040023739,1850.7414193078112,119.30898092957887,11003.0498046875,0.005193547382711383,10915.892996651786,10961.02380952381,48.10124366698342
-0.0039548731727823,1874.713832310268,1901.0607212611608,1892.2036068769944,35.413513329639,41.33006927837428,1907.1201171875,1,Train,2019-09-10,0.00541174023572033,0.00015400927047637403,-0.021215390284931912,0.0038415922228256572,0.0032204703047144794,0.2886788504467859,-40.634870256696104,1967.2249597140355,1847.1087369237996,120.11622279023595,11003.0498046875,0.005193547382711383,10915.892996651786,10961.02380952381,48.10124366698342
0.0080572947120365,1883.279750279018,1899.757568359375,1893.5596532688587,34.61655763832724,46.46980805775702,1925.7447509765625,1,Train,2019-09-11,0.011234239704762228,0.0062533554460091345,-0.016044657253064365,0.0039054668033077695,0.003683659036640879,11.703630719865942,-30.70929827008922,1962.729311201395,1845.6716304838728,117.05768071752209,11035.7001953125,0.0029673946046386845,10928.37876674107,10969.604771205357,50.70048689124876
0.0097658420260013,1893.8474295479912,1898.5064581008185,1896.4855712422864,33.073724045202425,51.42613059317002,1918.936279296875,0,Train,2019-09-12,0.015259672327969875,0.015673116113041452,-0.008684979402430404,0.0037034033186543617,0.004173672989267013,29.224452427455162,-16.592128208705162,1956.6732931721515,1846.4390533680273,110.23423980412417,10982.7998046875,-0.00479356902496042,10922.600167410714,10967.240466889882,52.48563634077734
-0.0035355005777556,1898.5727364676336,1896.4344249907,1898.5265447017944,30.096508830445792,52.54805021216978,1935.6729736328125,1,Train,2019-09-13,0.01272669126677517,0.019445866925290156,0.0018742762191596984,0.0034646371110710634,0.004191997021976057,36.215157645088766,3.5517926897323377,1951.064350948981,1847.6846044779159,103.37974647106512,11075.900390625,0.008476944640087414,10962.314453125,10965.633324032739,63.88004284994255
0.0087218603955261,1907.9732491629463,1895.9816429501489,1901.9034927864325,29.38969896260864,53.27285532385278,1946.654541015625,1,Train,2019-09-14,0.013111965378627355,0.022832286029521587,0.012767776538056719,0.00246370086530896,0.00443898507159306,42.59094238281273,24.053466796874318,1946.7795542368726,1849.0970344210514,97.68251981582125,11075.900390625,0.008476944640087414,10962.314453125,10965.633324032739,63.88004284994255
0.0056732555201215,1917.9134172712047,1898.086681547619,1905.9717698981767,31.3910437403746,60.87105373403311,1929.6112060546875,0,Train,2019-09-15,0.012707458556446394,0.023043295577384493,0.023200853729002047,0.001521925771800724,0.004669447521391649,43.19958496093682,43.488263811383604,1944.511295425564,1850.0191401910654,94.49215523449857,11075.900390625,0.008476944640087414,10962.314453125,10965.633324032739,63.88004284994255
-0.0087551923578825,1922.2309395926336,1899.350934709821,1908.120809548769,32.127426316724694,60.302996192359245,1894.8638916015625,0,Train,2019-09-16,0.012461046485380933,0.02068263586853991,0.027065327188195543,0.0013535734753462288,0.004662357493489247,38.951189313615714,50.654820033481656,1942.3823497762187,1851.026441030143,91.35590874607578,11003.5,-0.006536749886833726,10985.007254464286,10969.330961681548,57.32000656760529
-0.018007417423829,1922.657679966518,1897.4641520182288,1906.915635189932,31.108125299281987,64.68927651156396,1858.447998046875,0,Train,2019-09-17,0.007696350465088431,0.015212550899838195,0.03112409508950842,0.001993812054596968,0.003972314554054005,28.81025041852672,58.03470284598188,1940.55053858005,1851.9167029796597,88.63383560039028,10817.599609375,-0.01689465993774708,10980.67857142857,10959.245210193452,39.52658117052853
-0.0192182107200894,1915.7045200892856,1894.3013509114585,1902.509486358745,31.55597697157056,52.27311383315194,1894.2926025390625,1,Train,2019-09-18,-0.001151718926426848,0.009023506601873121,0.028644843435742695,0.0033084305728049634,0.003709256663929358,17.131783621651948,53.346941266740714,1938.5507141380501,1852.7623003011238,85.78841383692634,10840.650390625,0.002130859163064436,10965.600027901786,10949.380952380952,38.209409435186814
0.0192873863190459,1911.2113560267856,1893.161313011533,1901.762496920592,31.076966885197024,57.6052360735038,1865.696044921875,0,Train,2019-09-19,-0.005732705336739308,0.0016971447923914695,0.024568180517246407,0.0034052372337095875,0.0034190202926953697,3.2381068638392208,45.82904924665195,1937.3775675174204,1853.1411406299005,84.23642688751988,10704.7998046875,-0.012531589991591652,10922.992885044643,10932.757114955357,35.768531315331046
-0.0150961670751695,1903.605608258929,1891.251488095238,1898.483728557072,31.49087648519125,46.32145367342413,1849.7943115234373,0,Train,2019-09-20,-0.009909237565327134,-0.007460091202987074,0.01541129928777285,0.0038763265416660304,0.0036365756690757787,-14.307809012275811,28.891775948661007,1935.9298406036673,1853.4145581128505,82.51528249081684,11274.2001953125,0.05319112930777714,10957.06431361607,10945.00474330357,59.75339022679448
-0.0085232176172103,1891.337227957589,1887.977818080357,1894.0574179176508,32.0799080440902,46.3363341286443,1757.23876953125,0,Train,2019-09-21,-0.012719754991527,-0.016071800218548038,0.004278428458319716,0.004028856491014441,0.003978564514622451,-30.89371163504461,8.057477678571104,1933.7960041936255,1853.28321246374,80.51279172988552,11274.2001953125,0.05319112930777714,10957.06431361607,10945.00474330357,59.75339022679448
-0.0500355858030296,1864.27783203125,1881.5162760416667,1881.6193589734328,42.87994359935319,33.325123445570995,1758.2490234375,1,Train,2019-09-22,-0.0245569511961804,-0.030364140503828296,-0.01561350563693431,0.0053540045505699905,0.005708022180412131,-58.37984793526789,-29.56959751674117,1932.6836903013113,1849.7793537835096,82.90433651780177,11274.2001953125,0.05319112930777714,10957.06431361607,10945.00474330357,59.75339022679448
0.0005749098664147,1839.7975202287944,1875.8035888671875,1870.403873924712,50.63219366714785,29.12272148641693,1788.9105224609375,1,Train,2019-09-23,-0.03351959447550401,-0.0396235427042545,-0.03095757940156285,0.005500381419683956,0.006681898545328608,-75.90699986049117,-58.77521623883922,1935.80000375665,1841.1406979732603,94.65930578338975,11600.2001953125,0.028915576657539077,11045.264369419643,10977.457124255952,65.0110398272248
0.017438655511659,1824.6613246372767,1874.0109456380208,1862.9953874280047,53.07069752146612,35.74552753778073,1830.2021484375,1,Train,2019-09-24,-0.03525331301827861,-0.04528543173238442,-0.04366514287462875,0.004720613770551944,0.006708449205459264,-86.55003138950883,-83.31192452566961,1940.7880748582922,1830.226781098739,110.56129375955334,11588.2001953125,-0.0010344649056013289,11118.45005580357,11017.78334263393,73.12977841037382
0.0230819962530932,1820.6262032645088,1873.2034912109373,1860.014183883413,53.62576536863584,40.06791706703184,1866.9696044921875,1,Train,2019-09-25,-0.02341476576974577,-0.043590649572793905,-0.05072555055437045,0.004935078024212466,0.006444246587062113,-82.97940499442007,-97.28721400669588,1945.154091789693,1820.4808691478072,124.67322264188579,11440.2001953125,-0.012771612287114875,11180.83579799107,11046.87146577381,66.45480374618542
0.0200892869053164,1816.7229178292407,1873.927234468006,1860.6464948478472,53.424228508125566,42.75029888006552,1859.4141845703125,0,Train,2019-09-26,-0.01254192493785089,-0.03945055859177615,-0.05488831731412691,0.004968827535500646,0.006022665824080001,-74.61431012834828,-105.50802176339289,1948.9751780401054,1811.1744627244036,137.80071531570184,11571.2001953125,0.01145084856589107,11288.49302455357,11071.316731770834,68.66673286620653
-0.0040468896246064,1815.8255092075888,1872.667951311384,1860.5344666407989,53.44058412113748,42.671669198091045,1732.8148193359375,0,Train,2019-09-27,-0.004842441339871328,-0.025989861592072505,-0.05556484228684411,0.005493090578921581,0.005865788058405414,-48.452322823661234,-106.83217075892912,1952.0726800441623,1803.1972139290513,148.87546611511107,11512.400390625,-0.005081564893442914,11384.457310267857,11090.700102306548,64.91646569276438
-0.0680856187313804,1799.1141531808037,1866.14154343378,1848.923589613084,61.55262511758401,30.342141796574467,1716.4296875,0,Train,2019-09-28,-0.011815742322686895,-0.022112958953728445,-0.060860307884562426,0.005569428093966113,0.00557231031342178,-40.683367047990714,-116.59036690848188,1956.6174068525017,1792.3281445565378,164.2892622959639,11512.400390625,-0.005081564893442914,11384.457310267857,11090.700102306548,64.91646569276438
-0.0094557893048357,1793.2842843191963,1858.4918445405503,1836.8786894209848,69.58439930100242,27.92140684740032,1554.9078369140625,0,Train,2019-09-29,-0.01290160061284995,-0.017196089978132156,-0.06170278935174789,0.004683790116612583,0.004894201026672352,-31.37704031808039,-117.92707170758922,1960.6638952313192,1781.0718539316267,179.59204129969248,11512.400390625,-0.005081564893442914,11384.457310267857,11090.700102306548,64.91646569276438
-0.0941033890069775,1764.2355433872767,1842.0880010695685,1811.24497555672,95.30993495268372,21.862958730102847,1586.930908203125,1,Train,2019-09-30,-0.028411301393615473,-0.030973222167251957,-0.07321372886641286,0.00557337666318088,0.005321609307907051,-56.39065987723211,-139.37006487165218,1966.9584901163314,1763.7294301543154,203.22905996201598,11474.4501953125,-0.003296462425282254,11494.40736607143,11111.097749255952,62.543890650174106
0.0205948356094318,1735.381312779018,1827.5667724609373,1790.8527876154835,109.51659986767751,26.781854151445387,1490.3779296875,0,Train,2019-10-01,-0.03542456730113941,-0.04477380906683115,-0.08245801588063928,0.00682957697400516,0.005642634226041783,-81.34160505022282,-155.9559151785711,1974.4968238876652,1741.4012526329827,233.09557125468245,11359.900390625,-0.009983032105041145,11506.65025111607,11130.697777157739,58.26660325254674
-0.060842584901791,1686.834995814732,1807.7219063895088,1763.5368914402125,130.18738438650584,24.555038275079653,1456.6414794921875,0,Train,2019-10-02,-0.05935996285434286,-0.07103684398020549,-0.09518046782929479,0.009964977065527328,0.007777905103932058,-128.99051339285666,-177.4428362165179,1985.5302828422107,1709.6665503051101,275.86373253710053,11359.900390625,-0.009983032105041145,11506.65025111607,11130.697777157739,58.26660325254674
-0.0226361713517767,1628.2166922433037,1785.3836553664437,1735.6373085358466,147.95678908719006,19.656402945697963,1453.478759765625,0,Train,2019-10-03,-0.07709789753063312,-0.09498978185200546,-0.11500223565861689,0.012533477097854141,0.010111138219735695,-170.8974609375,-211.5808279854907,2000.9370221397342,1667.2242065851544,333.7128155545797,11314.0,-0.004040562773145462,11465.76450892857,11144.543015252977,58.47534757399176
-0.0021712410164682,1570.2259172712054,1763.2190115792412,1709.9865313749174,161.21911874626235,20.374988156606506,1448.12451171875,0,Train,2019-10-04,-0.09516951363463444,-0.12438539109412483,-0.1394425386950372,0.012573984137096723,0.011744608803292585,-223.05836704799094,-254.43540736607133,2017.5616219752656,1616.8248735604489,400.7367484148167,11174.75,-0.012307760296977222,11406.7001953125,11162.488234747023,52.47117507643842
-0.003683747017905,1529.555873325893,1740.002418154762,1686.1808932243566,170.0083888203462,20.688636596457314,1590.6937255859375,1,Train,2019-10-05,-0.09323918633361894,-0.13302059973851688,-0.15987374531724674,0.011626992459657537,0.011982434646413416,-234.67967006138383,-291.07032993861594,2029.814470316208,1565.7362708249748,464.07819949123314,11174.75,-0.012307760296977222,11406.7001953125,11162.488234747023,52.47117507643842
0.098450936168448,1511.5935930524554,1723.0519031343006,1677.500241620864,166.07397629232517,38.6733529403072,1477.6385498046875,0,Train,2019-10-06,-0.07162627661688492,-0.12895593497442448,-0.16795589563067614,0.00948159057146683,0.01201309817205378,-223.7877197265625,-305.1293247767853,2034.242316554483,1520.2446899326817,513.9976266218014,11174.75,-0.012307760296977222,11406.7001953125,11162.488234747023,52.47117507643842
-0.071072874660146,1500.5551234654015,1701.5293956938244,1659.3309969103025,167.24902025772445,33.4396552208547,1507.2410888671875,1,Train,2019-10-07,-0.04436991711796501,-0.11043159100416844,-0.17362372328372488,0.011161028245597794,0.012175262614174379,-186.27987234933062,-315.2703857421873,2031.5261406963084,1480.7506101407455,550.7755305555629,11126.400390625,-0.0043266837625002275,11361.871651785714,11175.90490141369,53.109824624177016
0.0200336808121397,1489.170863560268,1683.0711669921875,1645.5046416336556,166.23170336343748,33.356357377013225,1548.9669189453125,1,Train,2019-10-08,-0.026403095480135086,-0.08539761896892417,-0.17227549962439082,0.012426067195800338,0.012201344520645932,-139.04582868303578,-309.9432896205358,2023.89235912047,1445.7310260636812,578.1613330567889,11126.400390625,-0.0043266837625002275,11361.871651785714,11175.90490141369,53.109824624177016
0.0276835805408446,1497.5407191685267,1668.333972749256,1636.7284850256242,163.60403689371483,33.39053709778513,1584.9412841796875,1,Train,2019-10-09,-0.009296727604905297,-0.0462896436131901,-0.16491727928288058,0.01561200571500789,0.012956258846887303,-72.68519810267867,-295.7435651506696,2009.200232102987,1419.056089395339,590.1441427076479,11313.2998046875,0.01679783285706482,11325.028738839286,11198.06677827381,62.536670471817274
0.0232247472779276,1515.8692626953125,1653.6029575892858,1632.0205576759936,155.9912813153778,33.32808000757403,1614.6322021484375,1,Train,2019-10-10,0.010205649223031799,-0.008948094586973099,-0.14077841341701391,0.016651951469365052,0.014435521465809563,-13.68661063058039,-248.36628069196422,1988.342816470686,1401.1398704712778,587.2029459994083,11234.5498046875,-0.006960833829169011,11285.33579799107,11211.79771205357,59.68906814125492
0.0187331343218288,1538.8911830357142,1641.6475365048364,1630.4397980825795,148.35755205822724,35.89890578118043,1573.9234619140625,0,Train,2019-10-11,0.033387921219850014,0.018058815615998425,-0.11322591081071798,0.01459129282234917,0.015984911368121125,27.29758998325883,-196.49012974330367,1963.2500706438389,1390.9880118059375,572.2620588379013,11305.0498046875,0.006275284833450412,11261.1357421875,11226.178664434523,65.25529568155126
-0.0252123921350061,1556.8624616350446,1628.5108293805804,1625.301949339987,141.03841689895836,39.8415274600096,1616.048095703125,1,Train,2019-10-12,0.03961277426863874,0.03752433835260005,-0.07705112503722478,0.011183682816675835,0.0171598205132508,56.30733816964312,-129.9725341796875,1938.418363129495,1385.0781822806612,553.3401808488338,11305.0498046875,0.006275284833450412,11261.1357421875,11226.178664434523,65.25529568155126
0.0267640929234476,1560.484514508929,1621.7874639601937,1624.460689918454,137.92604204581377,43.78675092784003,1512.1968994140625,0,Train,2019-10-13,0.029432123806170107,0.0478881589035165,-0.04159899481257345,0.009282072145614476,0.017394861381214922,71.313650948661,-67.73217773437477,1914.6344978956436,1380.9307469425262,533.7037509531174,11305.0498046875,0.006275284833450412,11261.1357421875,11226.178664434523,65.25529568155126
-0.0642624415481136,1565.421421595982,1610.0706961495537,1614.2548907816913,136.1942106890995,47.153105524059725,1463.9210205078125,0,Train,2019-10-14,0.01723984051161609,0.045328117999452244,-0.003059748041589261,0.007765285029282333,0.01761034477552977,67.88070242745539,-4.804495675223279,1890.445418957223,1379.195835576817,511.24958338040597,11341.150390625,0.003193315072573366,11258.45717075893,11240.723911830357,52.33430509504129
-0.0319243340103102,1559.2328404017858,1594.595005580357,1600.5881753022477,133.28988479047723,41.97466640650821,1571.0029296875,1,Train,2019-10-15,0.0015225357571095888,0.02860641004711062,0.01940234259724205,0.006754373778058108,0.017488636780516778,43.36357770647328,29.67696707589289,1863.741667534297,1379.7602507134707,483.9814168208263,11428.2998046875,0.007684353972992053,11274.785714285714,11261.938197544643,42.80871389772233
0.0731473267202231,1562.3808419363838,1582.252185639881,1597.8986075190887,121.89554518994112,55.18879945849447,1509.2762451171875,0,Train,2019-10-16,0.0012152170750965308,0.015264015519494079,0.03359848117731867,0.006975751211063816,0.016598359684148724,23.48965890066961,50.78724888392844,1834.0175462472153,1384.050164411267,449.96738183594834,11464.0,0.003123841334461419,11316.107142857143,11280.419131324405,44.90523197075999
-0.0392912599994902,1551.5715506417412,1565.2191685267858,1589.842029118916,103.76400168864868,53.26962980532848,1562.994140625,1,Train,2019-10-17,-0.008847375386061063,-0.003398444707663373,0.033998369255853644,0.007864594657873942,0.014312981247895753,-5.2909109933034415,51.016427176339675,1799.7207772947504,1391.9215375071471,407.79923978760326,11586.349609375,0.010672506051552677,11381.814174107143,11308.173874627977,56.12401146750886
0.0355918246786171,1544.194684709821,1551.1039283389136,1587.4013119831052,78.93337826812045,56.40097021627809,1556.8876953125,0,Train,2019-10-18,-0.009644586300587177,-0.01043895639312642,0.03694930010784914,0.006326692114270034,0.010938778796432583,-16.289829799107792,55.023821149553214,1764.0489040789237,1402.1014638758754,361.94744020304825,11661.849609375,0.006516288783389612,11431.607003348214,11348.376255580357,53.98371750689881
-0.0039068894462126,1541.7610037667412,1542.7264462425596,1584.6273468312318,67.13804503337411,56.35142094106658,1535.559814453125,0,Train,2019-10-19,-0.013197702900713315,-0.015114407853904721,0.029528602482853827,0.003971942623107742,0.008321663433088586,-23.66041782924094,44.22028459821445,1722.6245654581567,1418.3734744413969,304.2510910167598,11661.849609375,0.006516288783389612,11431.607003348214,11348.376255580357,53.98371750689881
-0.0136990490217048,1530.2626778738838,1534.1135951450892,1580.1666620695858,54.06989972311841,46.24924118172193,1518.6568603515625,0,Train,2019-10-20,-0.013733735166157057,-0.01857975395158873,0.009495156035408403,0.0041651713876766664,0.007900870178469774,-28.970162527901948,14.393415178571331,1681.294905189704,1436.3058481585103,244.98905703119362,11661.849609375,0.006516288783389612,11431.607003348214,11348.376255580357,53.98371750689881
-0.01100768198182,1531.1855294363838,1532.3873581659227,1574.5748619134015,53.95137324703587,53.21048552356916,1598.437255859375,1,Train,2019-10-21,-0.008424556438543784,-0.019966522670194276,-0.0050072764626084565,0.003634555638357676,0.007543491693300546,-31.1953125,-7.70565359933039,1638.9352807630153,1458.2458942509356,180.68938651207964,11661.849609375,0.006516288783389612,11431.607003348214,11348.376255580357,53.98371750689881
0.0525335232669634,1550.402134486607,1532.935279482887,1576.744170453945,54.58768133302283,56.618050253948574,1609.4552001953125,1,Train,2019-10-22,0.005604714802589061,-0.0007536978585682697,-0.004149581165733052,0.006905846894412532,0.007603177604187339,-1.1694161551340585,-6.4603271484375,1604.5657698537032,1478.9721190274352,125.593650826268,11588.349609375,-0.006302602285396697,11482.149832589286,11383.980980282739,53.295122141363336
0.0068929476559365,1555.8953159877233,1538.6056256975446,1579.7179004304326,56.10938422423912,54.5943641526851,1537.7724609375,0,Train,2019-10-23,0.016750482439690018,0.0075771736515859445,-0.002940880526872691,0.007032067627047391,0.007566373065957158,11.700631277902175,-4.589198521205617,1586.702726923772,1489.6030243318082,97.0997025919637,11604.099609375,0.001359123648397631,11524.87123325893,11426.804780505952,55.735435792202175
-0.0445385116958294,1559.9662039620537,1542.469005766369,1575.9046786583478,52.88402076437168,46.60165126502647,1565.958740234375,1,Train,2019-10-24,0.018796333933657206,0.011808055950847551,-0.0034848236766600316,0.006501516944301487,0.007059182555339231,18.2052001953125,-5.4552176339284415,1584.964183258678,1490.315596665987,94.64858659269112,11582.599609375,-0.0018527934715960592,11559.363978794643,11441.490466889882,60.73560482519405
0.0183292912396748,1560.3897181919642,1547.8251953125,1575.0005024379866,48.97164112560368,46.485627874746754,1662.1995849609375,1,Train,2019-10-25,0.006441931085617636,0.01968749597940822,0.0007419531965990878,0.006049047513735186,0.005969134245324216,30.12704031808039,1.1568777901784415,1587.3975733420812,1490.9655910691909,96.43198227289031,11583.900390625,0.00011230477560042473,11581.59263392857,11440.714285714286,63.59563252271202
0.0614580973647864,1575.4342738560267,1558.0192464192708,1582.9276917582547,49.45877836732968,55.900623550664925,1609.36669921875,0,Train,2019-10-26,0.012558015740216755,0.02889835592681611,0.008354833577877585,0.006560376804193247,0.005708215693253203,44.24874441964289,13.05343191964289,1591.3464173675986,1493.4008151240312,97.94560224356746,11583.900390625,0.00011230477560042473,11581.59263392857,11440.714285714286,63.59563252271202
-0.03178492295402,1585.9781145368304,1558.908435639881,1585.331237891027,50.2373121619198,49.55969979721768,1625.34033203125,1,Train,2019-10-27,0.016674662892510517,0.022946291970891597,0.022175299541202786,0.004668852294293074,0.005910058940418331,35.57598005022328,34.40656389508922,1595.1591239534894,1498.1304076452832,97.02871630820619,11583.900390625,0.0,11598.721261160714,11440.509533110118,73.97319844821075
0.0099254152706491,1601.218610491071,1565.9418538411458,1588.968428267411,48.60314021547364,58.43278643302445,1645.2083740234375,1,Train,2019-10-28,0.026165830127627077,0.029130041100853488,0.03692793813233841,0.004448828886605383,0.006314216370810353,45.323294503347825,57.02392578125,1598.64843308511,1505.845873206743,92.80255987836699,11583.900390625,0.0,11598.721261160714,11440.509533110118,73.97319844821075
0.0122239272604265,1607.9001988002233,1572.511724562872,1594.0811506088678,49.58642907191301,64.10913937162664,1686.4476318359375,1,Train,2019-10-29,0.020607603556023424,0.0307275854543676,0.04289847445349482,0.0035628095111627047,0.006131882632761653,47.93399483816961,66.13919503348211,1603.0074711493874,1512.5227831056352,90.48468804375216,11786.849609375,0.017519938181983052,11627.36411830357,11457.016648065477,82.76202840699905
0.0250662824622314,1618.8991176060267,1579.0584251767114,1602.4781034476923,55.09231661001953,60.01074617992992,1782.7327880859375,1,Train,2019-10-30,0.02075753931750235,0.037496657874583894,0.05792236915513915,0.0035217260245438186,0.006254195841539908,58.5093994140625,88.63643973214289,1611.4183286329187,1514.4149111131749,97.00341751974383,11844.099609375,0.004857107869982835,11653.399832589286,11470.01185825893,80.21746115931103
0.0570934753219583,1653.8934500558037,1588.4770682198662,1618.86489296026,70.81277338635341,72.37184124608869,1708.39501953125,0,Train,2019-10-31,0.03289671954823081,0.049801618196194664,0.08013915901137558,0.006670317873806876,0.007460939530120091,78.45917619977695,122.70792061941984,1630.5873288435005,1506.7461376046022,123.84119123889832,11877.4501953125,0.0028157974888274317,11694.699916294643,11487.395182291666,88.59407426514557
-0.0416987722733823,1674.241489955357,1592.9419642857142,1627.0039953758044,75.35468143213903,61.507199220953865,1710.4305419921875,1,Train,2019-11-01,0.041259582656085314,0.05565232874875026,0.07987563530397068,0.005705067890175086,0.007204581356291998,88.26337541852672,123.83935546875,1652.0361870296454,1497.0351822504883,155.00100477915703,11890.599609375,0.0011070906504571099,11735.628487723214,11507.211821056548,87.75062550131396
0.00119148231976,1681.131626674107,1599.4423014322915,1634.5882268863847,79.41066700715014,62.23037133248713,1684.6336669921875,0,Train,2019-11-02,0.038441252077589416,0.04990762389310954,0.08049147612921548,0.006148279912625066,0.006909927334742342,79.913016183036,125.23631068638383,1671.1422675317,1489.9938129649515,181.14845456674857,11890.599609375,0.0011070906504571099,11735.628487723214,11507.211821056548,87.75062550131396
-0.0150820944590673,1691.8840506417412,1602.7082810174852,1639.1378123505483,81.51039748931886,61.7904538504034,1674.05810546875,0,Train,2019-11-03,0.022970403918496585,0.05223200538452866,0.0845645542478024,0.006170521417017035,0.005683128561166879,83.98385184151789,131.9178466796875,1689.8267415990044,1483.955601802223,205.87113979678134,11890.599609375,0.0011070906504571099,11735.628487723214,11507.211821056548,87.75062550131396
-0.0062776624560278,1698.8437325613838,1610.4159574962798,1642.312384452203,80.16539509540998,62.41515728438554,1675.60693359375,1,Train,2019-11-04,0.014694560344865604,0.04938208569387359,0.08873040674085408,0.006466156772702269,0.005441390155209399,79.94461495535711,138.4540143694196,1707.3094408390016,1480.4339917781858,226.87544906081575,11941.2998046875,0.004263888868356602,11786.871372767857,11534.897507440477,87.97695748307098
0.0009251937671341,1703.186383928571,1620.4962390718006,1645.3391616468891,73.88675612309407,57.04589762988636,1712.68701171875,1,Train,2019-11-05,0.013118994910646276,0.029804177452364966,0.08109009191469396,0.006672381909332487,0.005377853553871575,49.292933872767435,127.75211007254438,1723.2491192891741,1478.5748675272323,244.67425176194183,11917.2001953125,-0.002018173043904281,11834.485630580357,11563.621326264882,83.6199046403868
0.022129341542812,1706.9348667689733,1627.2431001209077,1651.4616934716037,75.59056908138987,58.99727956438985,1725.25390625,1,Train,2019-11-06,0.00889589101659971,0.019527276686045925,0.07626634385649589,0.007058179873624724,0.005450873914639679,32.69337681361617,120.95675223214289,1737.390156483218,1479.9701619459115,257.4199945373066,11966.0498046875,0.004099084396871566,11889.078404017857,11601.302269345239,83.91087247613834
0.0073375312857886,1698.723597935268,1637.5277506510415,1658.1700764514578,73.39869452262283,68.21737663741318,1725.386474609375,1,Train,2019-11-07,-7.071552480863996e-05,0.010464362803026983,0.06089423817919104,0.005123058506100723,0.0061858371875941525,17.59197126116078,97.50498744419679,1747.35073624786,1485.4624735038142,261.88826274404573,12012.0498046875,0.003844209304726398,11921.24986049107,11643.476050967261,82.0605942930102
7.683991260343248e-05,1701.1509486607142,1645.260718936012,1664.2806581021775,73.70735673464175,66.38470443771229,1683.52734375,0,Train,2019-11-08,-0.0011950748826220492,0.0054772654281232125,0.05799535936998601,0.003529729122924708,0.006108874216341303,9.266898018973052,93.25074986049094,1755.5927703738291,1493.1594338672423,262.4333365065868,11908.150390625,-0.008649599006986697,11930.399972098214,11671.802269345239,67.78861751919132
-0.0242607273647789,1697.3076346261162,1651.2911783854167,1666.030356797434,71.25529339700245,52.46773541557735,1675.16455078125,0,Train,2019-11-09,-0.005640070005178521,-0.0009042020203657852,0.04843323229185348,0.003791624281255557,0.00641433002791807,-1.5360979352676623,78.40851702008945,1759.925741161091,1505.5309587552038,254.39478240588733,11908.150390625,-0.008649599006986697,11930.399972098214,11671.802269345239,67.78861751919132
-0.0049674233090399,1695.9549037388392,1657.9390229724702,1666.86073806869,66.25498300620615,58.48649506506855,1721.8021240234375,1,Train,2019-11-10,-0.0016298673897235938,-0.004245853688104151,0.025431779587503867,0.00311920204075383,0.006603754027707665,-7.231480189731883,42.06145368303555,1761.649345145813,1520.284292200727,241.36505294508606,11908.150390625,-0.008649599006986697,11930.399972098214,11671.802269345239,67.78861751919132
0.0278405922692412,1702.7754778180804,1667.6126069568452,1671.8554095191214,59.37520001877217,61.52949858575919,1724.5015869140625,1,Train,2019-11-11,0.0009549588522084207,-0.0024367590303935316,0.01704293438784865,0.003100849157387291,0.006459321718617241,-4.15938895089289,28.53398786272328,1764.3327235839267,1532.838248095761,231.4944754881658,11913.4501953125,0.0004450569159482054,11935.54282924107,11704.130859375,76.04560952749043
0.00156781249887,1709.7604282924108,1673.6156703404015,1676.641425645934,58.39633645048772,59.88305324984283,1728.8822021484375,1,Train,2019-11-12,0.007336792348216603,0.006497131358249142,0.01702948250098779,0.0033318943830393747,0.00645955864432438,11.03683035714289,28.62880161830367,1766.4030174949596,1546.1544654151965,220.24855207976316,11913.4501953125,0.0004450569159482054,11935.54282924107,11704.130859375,76.04560952749043
0.0025402210514713,1712.0740269252233,1679.3026704334077,1681.3905871461616,57.64602521180705,55.82414312597509,1762.156982421875,1,Train,2019-11-13,0.009504452713246403,0.006420992959565774,0.011933427870440605,0.0032770695185475552,0.006467619141619924,10.923078264509058,20.18997628348211,1766.7740700532618,1560.9941951532114,205.77987490005034,11840.4501953125,-0.006127528029514329,11928.378627232143,11729.62611607143,67.34432084804236
0.0192464126428555,1717.3458949497767,1689.9876476469494,1688.732986716681,50.44689176272415,46.58536437136242,1787.9542236328125,1,Train,2019-11-14,0.008556863380700497,0.011805909497411005,0.010891032549825486,0.0024163365762000016,0.004025574946666549,20.038260323660552,18.50216238839289,1764.8650272947957,1578.5988555874587,186.26617170733698,11872.099609375,0.002672990768123773,11918.492885044643,11754.909412202382,70.93281400492026
0.0146395817559241,1726.284144810268,1700.558861142113,1697.753099163602,46.24137555094441,65.73884417904566,1719.501708984375,0,Train,2019-11-15,0.00966434609459288,0.01788328274800577,0.013561499257890741,0.0027764628692334777,0.003052443290405715,30.32924107142867,23.097760881696786,1763.5863039350684,1594.96256604261,168.6237378924584,11895.4501953125,0.001966845520657623,11915.3857421875,11777.15466889881,71.83103796089358
-0.0382853843480142,1731.42333984375,1703.2875337146577,1699.730245510945,45.55015638717914,51.42107833744294,1774.6353759765625,1,Train,2019-11-16,0.01130168007587673,0.01682421575766324,0.01434646016759289,0.0020039458524494943,0.003012198558610678,28.64786202566961,24.48847307477672,1761.5525523121346,1611.5408401962363,150.01171211589826,11895.4501953125,0.001966845520657623,11915.3857421875,11777.15466889881,71.83103796089358
0.0320637465517565,1745.6334577287946,1711.157470703125,1706.539802826001,42.69957394910387,62.912663935947904,1773.7503662109375,0,Train,2019-11-17,0.016471674612670295,0.020981319278871924,0.027614769024545183,0.0021577381284367376,0.003240590938935718,35.87302943638383,46.90985979352672,1761.653571392109,1625.8813058400337,135.77226555207517,11895.4501953125,0.001966845520657623,11915.3857421875,11777.15466889881,71.83103796089358
-0.0004986994948965,1753.0546351841515,1718.224615187872,1712.6498540428136,39.98094948371632,64.71206874623721,1745.4757080078125,0,Train,2019-11-18,0.01550758051874812,0.02393623617579599,0.030510923539325052,0.0021574732368829868,0.0032469141137361165,40.980608258928214,51.90368652343727,1760.8121536410963,1641.2381672294391,119.57398641165719,11884.5,-0.0009205364347466549,11903.735770089286,11797.178478422618,70.74537058254234
-0.0159406073942214,1756.0509381975446,1722.9992501395088,1715.634022585086,36.67563026120902,59.557004741058456,1809.9896240234373,1,Train,2019-11-19,0.014223903413487005,0.022537709707513454,0.03460969736601016,0.002350554803599589,0.0032486825752920064,38.70504324776789,58.74330357142844,1758.8139121402726,1656.951590789415,101.86232135085766,11940.099609375,0.004678329704657314,11893.45717075893,11814.023716517857,63.276480541455165
0.0369606495923438,1767.6377127511162,1728.8822021484375,1724.2118045340271,40.25329169016313,62.38038628647896,1811.67138671875,1,Train,2019-11-20,0.012605312372364175,0.023955249815141633,0.04226693106889079,0.0022653604386969426,0.0034557281242773522,41.35356794084828,71.68280901227695,1764.519563479654,1662.620365719565,101.89919776008901,11999.099609375,0.004941332311304558,11906.449916294643,11830.083240327382,63.38749510789619
0.0009291559868582,1774.7111990792412,1730.260230654762,1732.1626756417293,42.615041417334766,61.30865169393677,1816.1092529296875,1,Train,2019-11-21,0.012353616059898043,0.0250013143749106,0.04224615763984252,0.0021893874784446508,0.0027516159451940808,43.28785923549117,71.93572126116078,1772.9163757908163,1664.270524320791,108.64585147002526,11968.400390625,-0.002558460196964596,11914.29994419643,11848.180896577382,57.89159719833174
0.0024495977821756,1778.7333461216515,1735.3894798642114,1739.7941826679073,46.18458028476736,61.7397636570136,1856.405029296875,1,Train,2019-11-22,0.01291671410590678,0.018961534133243862,0.04034069141378249,0.0023535897231175837,0.002720622662543808,33.09988839285688,68.97291782924071,1781.0642340028203,1665.882838053541,115.18139594927925,11914.400390625,-0.004511881140131235,11924.8642578125,11862.957124255952,51.928445280009115
0.0221879693097668,1798.2909633091515,1742.3406459263392,1750.3951687250865,52.75766808924707,72.46170350717588,1817.97314453125,0,Train,2019-11-23,0.017341364883150856,0.02580428882083763,0.05035818254819757,0.003349924204690933,0.00297162292140923,45.236328125,86.21693638392821,1793.3374624137875,1664.2503009093155,129.08716150447208,11914.400390625,-0.004511881140131235,11924.8642578125,11862.957124255952,51.928445280009115
-0.0207023166599485,1804.482073102679,1748.6901448567708,1756.538621071101,53.48409642211388,67.21013735887072,1838.8309326171875,1,Train,2019-11-24,0.01677505277415481,0.027579572922209916,0.05073886303810138,0.003171526586815677,0.002625603223683477,48.431134905134286,87.13617815290218,1805.2488547531166,1662.9027426241155,142.34611212900109,11914.400390625,-0.004511881140131235,11924.8642578125,11862.957124255952,51.928445280009115
0.0114731002208041,1813.779296875,1756.5364699590773,1764.0197403025634,54.07103223853773,65.03774258496708,1839.097412109375,1,Train,2019-11-25,0.019702756925180864,0.02610353003391741,0.05068409643207872,0.00316609223680833,0.0026290143638987755,46.14158412388383,87.49515206473211,1817.5373587898443,1661.6735298820308,155.8638289078135,12073.75,0.013374538722098483,11953.671456473214,11886.345238095239,59.12509335073638
0.0001449178863921,1827.1538260323664,1764.321730840774,1770.8449831940916,53.60384026930337,64.81776296163008,1871.67138671875,1,Train,2019-11-26,0.016050162800185896,0.029549949862452962,0.05529005182363744,0.002935891116976552,0.0027319938379044124,52.44262695312523,95.7304861886164,1831.1159068812053,1660.1168777170092,170.99902916419614,12037.7001953125,-0.0029858001604721185,11973.992885044643,11907.954752604166,58.16730694385242
0.0177119354281587,1835.9655064174108,1771.8924153645833,1780.0110198781513,57.062079213479855,67.20860335277717,1835.19189453125,0,Train,2019-11-27,0.017447351671717293,0.03217579544485871,0.051747432021694406,0.00292101777968206,0.0025507271229295372,57.232160295759286,90.33204868861617,1843.952446521909,1661.0045289245193,182.94791759738973,12100.7001953125,0.005233557820665036,12004.878627232143,11932.564267113095,58.954632597818915
-0.019490329577273,1839.3255789620537,1777.1275576636904,1785.027463028433,57.60978658219407,58.734519382597234,1810.206787109375,0,Train,2019-11-28,0.014084559312738776,0.02281867422466033,0.0492117827056997,0.003200705052589016,0.0026434605983655267,41.034615652902175,86.27094377790218,1855.302581022501,1663.4718574540614,191.83072356843968,12151.150390625,0.004169196368656758,12035.028738839286,11949.911923363095,59.196151069986534
-0.0136144386297307,1838.482369559152,1781.1666201636904,1787.3164924903367,56.76805941836851,52.666447257754285,1801.6864013671875,0,Train,2019-11-29,0.006200103880353192,0.018842135903302193,0.04694136688666739,0.003728624438932945,0.00300460942685928,34.00029645647305,82.43143136160734,1863.891753781431,1669.0001581884349,194.89159559299605,12056.0498046875,-0.007826467690735917,12043.164481026786,11960.004789806548,59.89295032001244
-0.0047068576931993,1830.6654227120537,1786.7932419549852,1788.6228478427777,52.28529821860569,61.499581014794806,1815.7987060546875,1,Train,2019-11-30,-0.0028868100663281826,0.009309912107910323,0.0356564637121497,0.003912304785149295,0.003803617048405775,16.88612583705367,63.0277099609375,1868.7157710964336,1677.6471927707537,191.06857832567994,12056.0498046875,-0.007826467690735917,12043.164481026786,11960.004789806548,59.89295032001244
0.0078328307727644,1830.3547886439733,1793.4901064918154,1791.0933804074966,45.88768492936337,56.50667010385665,1817.573974609375,1,Train,2019-12-01,-0.00487721718258427,0.0017518845791750781,0.03135360254310737,0.004013218021828287,0.0037486398992625635,3.200962611606883,55.64358956473211,1872.2969269660032,1686.8239679837736,185.47295898222956,12056.0498046875,-0.007826467690735917,12043.164481026786,11960.004789806548,59.89295032001244
0.0009776791605633,1827.318080357143,1798.0506708054315,1793.5007071531218,43.07997490285741,56.90773764054434,1808.9644775390625,0,Train,2019-12-02,-0.006072557119319089,-0.004710015536807055,0.02731423141159728,0.003958984836222477,0.0039712785499017664,-8.64742606026789,48.584734235491396,1874.3712062768234,1696.5054538794273,177.86575239739614,12048.2001953125,-0.0006510929783939412,12054.564453125,11968.1357421875,58.98274851897663
-0.0047368069693904,1823.0133754185267,1802.0727132161453,1794.9065044609345,39.67846699442303,60.66889302798815,1814.733642578125,1,Train,2019-12-03,-0.004179926707847392,-0.008868578641053837,0.013747726376760472,0.002958273948656599,0.00421225286867102,-16.312203543526948,24.722412109375227,1874.3136958093987,1707.6568991961817,166.656796613217,11994.2001953125,-0.004481997238144242,12065.964425223214,11973.069103422618,60.51571345749498
0.0031892085835267,1814.8794119698664,1806.160877046131,1796.7089715624973,36.01394752661114,50.993317224058856,1799.955322265625,0,Train,2019-12-04,-0.008454850813689463,-0.01283828334722914,0.005761951876479543,0.0022692356565349034,0.004452172244751396,-23.602957589285552,10.3973388671875,1872.164324950754,1719.5596217568357,152.60470319391834,12043.2001953125,0.004085307832292884,12061.600167410714,11977.92150297619,61.43110100853253
-0.0081435203303471,1809.84561593192,1807.960797991072,1797.0040943536906,34.62240638188829,47.67439944560481,1806.4788818359373,1,Train,2019-12-05,-0.009561807882844331,-0.011372808226906894,-0.0021687759640091064,0.0016857676996650038,0.004572168597737019,-20.819806780133604,-3.933680943079935,1869.1091566836058,1730.9709371361491,138.13821954745663,12018.400390625,-0.00205923710353606,12058.843052455357,11982.740559895834,58.19833429924008
0.0036242897196476,1809.3130580357144,1808.8429245721727,1797.8654386702583,34.32186798382617,48.10410094030744,1812.6029052734373,1,Train,2019-12-06,-0.007515203984538532,-0.011495984679477211,-0.009764239738584535,0.0017165900480487365,0.004586510235711951,-21.04173060825883,-17.840767996651948,1865.0375002384717,1742.8315654004791,122.20593483799257,11921.5,-0.008062669529681155,12033.24302455357,11980.619140625,52.21345129682728
0.0033900332293261,1810.87255859375,1813.276314871652,1799.2052083614565,27.54935856753681,40.03624224659716,1789.4375,0,Train,2019-12-07,-0.00220777939828376,-0.008999813409704016,-0.013667439685523086,0.0018228492570953577,0.003625442869040375,-16.44552176339289,-25.09294782366078,1861.8162911174225,1752.5766846080244,109.23960650939807,11921.5,-0.008062669529681155,12033.24302455357,11980.619140625,52.21345129682728
-0.0127801876550245,1807.1066720145088,1813.981177920387,1798.317234874051,26.68714729526012,43.02446052096026,1880.635986328125,1,Train,2019-12-08,-0.0015133577656019082,-0.008725500107955031,-0.017516695965119067,0.0017218941518469936,0.0035812822762911036,-15.90670340401789,-32.21890694754484,1858.2255465143844,1761.5726328940978,96.65291362028665,11921.5,-0.008062669529681155,12033.24302455357,11980.619140625,52.21345129682728
0.0509648905469595,1816.1155308314733,1819.0709693545384,1805.8007577335125,28.74403970786157,57.60419641100635,1865.36962890625,0,Train,2019-12-09,0.003759699166237196,0.00068110247626052,-0.012165925057547322,0.003104038776692599,0.0035634223256295256,1.236118861606883,-22.36683872767867,1854.0746234846547,1771.7300151872205,82.3446082974342,11937.5,0.001342112989137334,12002.72154017857,11977.069149925595,49.8367488114921
-0.0081176567570006,1824.1734095982144,1824.780203683036,1811.2161096583068,25.0671072016327,54.53154661541546,1848.0616455078125,0,Train,2019-12-10,0.007344995616253236,0.007916583348418271,-0.0035462586627225123,0.0035876765176696616,0.0031664652535953208,14.327793666294383,-6.492013113839221,1851.1820889175099,1780.2761194390753,70.9059694784346,11856.7998046875,-0.006760225785340301,11974.257254464286,11974.62388392857,41.30089823755357
-0.0092785811081238,1828.934552873884,1826.5931570870537,1814.5657038264435,25.31939844762154,45.701307181698105,1856.8487548828125,1,Train,2019-12-11,0.012078911111009338,0.010844720735875057,-0.0007759346870348516,0.0030448081613900233,0.0029489758958675216,19.62149483816961,-1.4202357700892208,1848.5811650010428,1788.299378735006,60.28178626603676,11910.150390625,0.0044995771891509495,11954.535853794643,11974.466750372023,46.535010061297235
0.0047547707060309,1837.0621861049108,1828.744460332961,1818.4096175588409,25.90076302280466,54.38534738848712,1914.629638671875,1,Train,2019-12-12,0.011533768043846537,0.014462435463431289,0.0053324628331063995,0.00271612524738278,0.003166851907649082,26.18962751116078,9.74410574776789,1846.1305196156386,1796.5829081187362,49.54761149690239,11971.7998046875,0.005176207859728388,11951.33579799107,11980.721493675595,53.38360061573392
0.0311177114652556,1852.5122942243304,1833.435907273065,1827.1568922054803,31.757993271950173,68.66568679477157,1952.351806640625,1,Train,2019-12-13,0.015535192255849095,0.02512614385912526,0.016181405580214747,0.0033384029189422793,0.0038903967306639004,45.40562220982156,29.49891880580367,1850.0512391015998,1798.084321724293,51.9669173773068,12086.7001953125,0.009597587037832866,11957.550083705357,11990.94056919643,50.805609927087474
0.0197020704196957,1872.476422991072,1838.004801432292,1838.5382480632209,40.83285602212566,74.38578688627592,2008.7568359375,1,Train,2019-12-14,0.023807232494333253,0.031033759253077386,0.03173599889961287,0.004106366539422756,0.004490575800413451,56.360892159598734,57.59701102120562,1859.7020029906964,1795.2329928240358,64.46901016666061,12086.7001953125,0.009597587037832866,11957.550083705357,11990.94056919643,50.805609927087474
0.02889081215026,1903.807756696429,1847.089739118304,1854.0126651427008,54.9400467236815,77.47022302363567,2014.7039794921875,1,Train,2019-12-15,0.03633277691760539,0.04365503119341829,0.051917213234857096,0.00492887354927572,0.005992337735327914,79.63434709821445,93.96214076450883,1878.2421661998267,1785.6956755970484,92.54649060277825,12086.7001953125,0.009597587037832866,11957.550083705357,11990.94056919643,50.805609927087474
0.002960608993727,1922.9603271484373,1855.4646461123511,1868.6209664472,65.92479805086968,77.73470064214972,1969.437255859375,0,Train,2019-12-16,0.03802837538177006,0.05141013609634437,0.06281238540117773,0.004872801206786601,0.006133740272869555,94.02577427455321,113.64726911272282,1898.263322731245,1775.2551691772373,123.00815355400755,12053.9501953125,-0.0027095898360001147,11962.628627232143,11998.488188244048,51.015052546049475
-0.0224681760167179,1937.827130998884,1861.6713053385413,1877.786083666488,70.2973948275634,70.46625509751962,1956.523681640625,0,Train,2019-12-17,0.03490068403821156,0.05485113441239742,0.07010685086736412,0.004599040594258789,0.005961746824466508,100.76494489397328,126.95457240513406,1918.1665905569475,1765.5380638096826,152.6285267472649,12165.0,0.009212731336046609,11997.414341517857,12011.84533110119,53.78902361126297
-0.0065569868653241,1953.3217075892856,1865.711890811012,1884.9440471186824,73.27639220895793,67.75986212202668,1972.499755859375,1,Train,2019-12-18,0.026007852273264964,0.05441767575807921,0.08091112596678118,0.0037942760300744387,0.00544659343979711,100.80941336495516,146.21503557477672,1938.6653075620757,1756.4389596672768,182.2263478947989,12221.650390625,0.004656834412248179,12038.007254464286,12025.252511160714,54.12424846951718
0.0081655409380752,1969.8432791573664,1872.250360398065,1892.9036570042,76.47319392327408,71.54734066068082,1970.413818359375,0,Train,2019-12-19,0.0243806132383666,0.05199897577923118,0.08464645872804799,0.003162255174906208,0.004976215994710053,97.36685616629438,153.72774832589312,1960.1913855122327,1748.0489726769422,212.14241283529054,12259.7001953125,0.003113311498149862,12095.564453125,12037.662062872023,62.76564225496269
-0.0010575096365936,1977.812447684152,1879.879266648065,1899.950035309216,77.95108814090692,70.70163155287175,1927.766357421875,0,Train,2019-12-20,0.020634098906777476,0.038871934798784036,0.08422392151839198,0.0038818187523149373,0.004674580965964257,74.00469098772305,153.6390380859375,1980.3403600080596,1742.6147006783244,237.7256593297352,12271.7998046875,0.000986941701855537,12147.22865513393,12052.109654017857,63.94185686832792
-0.0216439108070251,1974.3002406529013,1885.8830740792407,1902.478791864912,76.46879505781772,63.31460707457981,1982.7503662109373,1,Train,2019-12-21,0.010739927264468152,0.02669837374159245,0.07948107686554318,0.005640710294472553,0.004959058382915818,51.33991350446399,145.3656877790172,1996.6831024802918,1740.6665034069852,256.0165990733067,12271.7998046875,0.000986941701855537,12147.22865513393,12052.109654017857,63.94185686832792
0.0285221331814276,1970.585030691964,1893.8331531343008,1909.7762077145508,77.48990485824612,70.8181640114054,1987.9552001953125,1,Train,2019-12-22,0.000376553577863703,0.016904448889718315,0.07268281150033307,0.004969254048190723,0.004933864331490699,32.757899693079935,133.5228445870532,2009.9889984891392,1741.6873024316192,268.3016960575201,12271.7998046875,0.000986941701855537,12147.22865513393,12052.109654017857,63.94185686832792
0.002625057633615,1966.7637765066963,1901.946544828869,1916.8833888491647,78.02398186195056,64.18458242107522,1957.7098388671875,0,Train,2019-12-23,-0.00558630884864364,0.0068816462056322525,0.06167380515561138,0.004981328448476898,0.005392523656213612,13.44206891741078,114.25148228236594,2020.6192301487295,1745.4321108808467,275.18711926788274,12262.75,-0.0007374472230261553,12188.79296875,12068.697730654761,67.73893489628017
-0.0152143073069017,1965.0884312220985,1909.029657273065,1920.5948843053493,75.88317827969433,61.73992450576605,1964.0701904296875,1,Train,2019-12-24,-0.004665860460897453,-0.002413820421948376,0.04945963916762652,0.004740205455602856,0.005667683668936461,-4.75484793526789,92.6120082310265,2028.8638695926397,1752.2083733621598,276.6554962304799,12214.5498046875,-0.003930618769240168,12207.057198660714,12075.40248325893,61.330392174589115
0.0032488734725777,1966.16650390625,1916.1409214564733,1924.5471848621075,73.56659743911065,65.17139098728616,1979.3262939453125,1,Train,2019-12-25,-0.0022422411197158265,-0.005888295319173675,0.032754750047887526,0.003940371942931633,0.005770027858349824,-11.645943777901948,62.358747209821104,2035.1396492053207,1761.5646825469114,273.57496665840927,12214.5498046875,-0.003930618769240168,12207.057198660714,12075.40248325893,61.330392174589115
0.0077675958781735,1967.1417236328125,1924.682396298363,1929.527103869672,69.71444985460774,65.75088837914056,1948.99169921875,0,Train,2019-12-26,0.0001921670160041078,-0.0036258502494642686,0.022975719187037003,0.0021537044293932135,0.005904554220678344,-7.158517020088766,44.18139648437523,2039.5694131574078,1772.9177851545346,266.65162800287317,12126.5498046875,-0.007204522590446127,12217.42857142857,12079.63341703869,56.5997032234227
-0.0153257170479444,1964.0814208984373,1931.46872093564,1931.2966125377693,64.36374115295251,54.75468671774024,1931.4228515625,0,Train,2019-12-27,-0.0005124503852658169,-0.003300344665280952,0.013548313716724492,0.0010975860354987307,0.006049686936118846,-6.503609793526721,26.254289899553214,2041.646258593972,1786.161825948439,255.48443264553316,12245.7998046875,0.009833794601157297,12228.971400669643,12086.542922247023,69.26456750833333
-0.0090143265686007,1964.6037772042407,1937.126813616072,1931.3080888127447,58.33200202575616,46.9330015119435,1919.1474609375,0,Train,2019-12-28,-0.0007948089334777197,-0.0010982505007754995,0.005775837933465144,0.0011261933388896756,0.005818905904430154,-2.159999302455617,11.282069614955162,2040.9297250949062,1802.628069966478,238.30165512842814,12245.7998046875,0.009833794601157297,12228.971400669643,12086.542922247023,69.26456750833333
-0.0063556204769293,1955.517647879464,1943.303478422619,1930.202577187723,47.83429628531651,34.91761890360162,1963.0916748046875,1,Train,2019-12-29,-0.005909119619445513,-0.004870408471481569,-0.007272472601998259,0.0018497398591422814,0.004775440769852312,-9.570783342634513,-14.325631277902403,2037.751444031659,1819.746562734524,218.00488129713494,12245.7998046875,0.009833794601157297,12228.971400669643,12086.542922247023,69.26456750833333
0.0228977787072812,1951.965715680804,1947.2299397786453,1933.1924951529013,45.77280693735239,42.29813030996343,2054.6728515625,1,Train,2019-12-30,-0.006168636945861006,-0.007222576621681243,-0.013068343276741112,0.0018409560250416265,0.004244842981363255,-14.200788225446104,-25.846732003348052,2032.7130917938216,1837.5641455806203,195.14894621320127,12255.849609375,0.0008206736062803532,12233.857003348214,12091.528599330357,69.04574390517499
0.046651502796946,1965.8175746372767,1956.2443789527529,1944.23616391741,47.45492783097067,61.174689077179536,2024.6943359375,0,Train,2019-12-31,0.0006178331972686024,-0.0006731335010730088,-0.0042965430692645246,0.003606969352757554,0.0041710550228269755,-1.3241489955357792,-8.482666015624545,2026.523312799301,1857.4422267514801,169.08108604782092,12168.4501953125,-0.007131240742024536,12220.8212890625,12096.88099888393,68.49668702212207
-0.0145904082015794,1974.478166852679,1964.6554594494048,1951.550543191964,42.74086131964502,58.55463345469608,2027.76318359375,1,Train,2020-01-01,0.009695907880849619,0.005293439387805909,0.0019756245480804235,0.003970573098295589,0.0038042685645226027,10.396745954241624,3.893136160714903,2018.5177340106568,1879.1894036149013,139.32833039575553,12182.5,0.001154609211690083,12208.064174107143,12103.27622767857,66.95512290497359
0.0015157091131137,1981.3977225167407,1972.7942417689733,1958.478965046672,37.08428811068149,57.16709706589731,2029.4532470703125,1,Train,2020-01-02,0.015078137182174656,0.008548260726851886,0.007440622094452509,0.004116379240559034,0.0032203985764559864,16.7939453125,14.633946010044383,2009.585793054176,1901.009887400623,108.57590565355304,12282.2001953125,0.008183886337984836,12210.8427734375,12116.990513392857,68.44987392441037
0.0008334619595802,1992.892229352679,1978.2620326450888,1964.931172503366,36.54051097306307,57.664675688139546,2005.212158203125,0,Train,2020-01-03,0.013772719841716574,0.01911237237554131,0.014148878843731838,0.004279339459517321,0.003401421505044959,37.3745814732149,27.80379813058039,2001.914368653819,1920.7228924371402,81.1914762166789,12226.650390625,-0.004522789386603554,12212.57142857143,12125.726236979166,58.949954597289825
-0.0119446402139007,2003.433558872768,1980.779192243304,1968.5930802942528,36.48704589175565,60.558869346399135,2001.25439453125,0,Train,2020-01-04,0.014664832716911658,0.02636718605173516,0.018954170408497006,0.004343144956033596,0.0035509569451570447,51.46784319196399,37.26705496651789,2001.2373619754605,1931.362479333133,69.87488264232752,12226.650390625,-0.004522789386603554,12212.57142857143,12125.726236979166,58.949954597289825
-0.0019737381182755,2015.163120814732,1980.42193312872,1971.562290679435,36.23526969999022,52.93056842800435,2009.9718017578125,1,Train,2020-01-05,0.017041201730616296,0.02510179317455763,0.02441176281556179,0.002930392771154509,0.0036594839759837095,49.34554617745539,48.02139718191961,2006.100346184713,1935.7197744905097,70.38057169420335,12226.650390625,-0.004522789386603554,12212.57142857143,12125.726236979166,58.949954597289825
0.0043559715598298,2021.860281808036,1980.1965913318447,1975.0540644138323,36.02552225875185,53.44850266610785,2053.204833984375,1,Train,2020-01-06,0.014535684383076841,0.02399728482735486,0.02941775238786626,0.0013687643717364025,0.0035355779779129397,47.38211495535711,57.778860909598734,2013.5840137695336,1936.6394219866047,76.94459178292891,11993.0498046875,-0.019105853072941215,12193.5,12124.519066220239,46.90137177973614
0.0215092730100756,2021.6505650111608,1984.185523623512,1982.1586798293365,39.266437372354176,64.3727978135129,2041.8626708984373,0,Train,2020-01-07,0.009092892578201006,0.020315377390911493,0.029037299260465277,0.002083853995733236,0.0034948854503494622,40.252842494420065,57.046787806920065,2020.8009004391802,1936.2554210591456,84.54547938003452,12052.9501953125,0.004994592001242859,12165.95005580357,12130.778599330357,43.98583929041301
-0.005524126428208,2024.1031842912944,1988.2492850167407,1987.5863153810728,40.65202369153604,61.53543446764848,2030.69873046875,0,Train,2020-01-08,0.004436396926988051,0.01566113534837421,0.03507282917451726,0.002319093996448022,0.003477619459342637,31.210954938615487,68.58553641183039,2027.9037189594058,1934.5785930523132,93.32512590709257,12025.349609375,-0.0022899444111396106,12133.021484375,12134.9619140625,39.12461045706372
-0.0054675275613785,2024.5225481305804,1991.0206647600448,1991.5056258435889,41.4996125858633,57.71133175091278,2028.11865234375,0,Train,2020-01-09,0.0013167409966448052,0.01052642308221996,0.03717116128982334,0.0026432046100153474,0.0034885916235609673,21.0889892578125,72.5568324497765,2034.03781106813,1933.1155109882316,100.92230007989838,12215.900390625,0.015845758122611686,12139.800083705357,12152.061941964286,47.9241817941149
-0.0012705371241378,2024.331891741072,1993.768513997396,1994.8340827981488,41.97464191369546,62.95708025135066,2008.0592041015625,0,Train,2020-01-10,0.0013263057307317805,0.004549890195803652,0.02976589377302319,0.0025712291363417157,0.003392567692709346,9.168770926339903,58.51431710379529,2039.4780956440525,1932.6783915211256,106.79970412292687,12256.7998046875,0.0033480474426501594,12150.414341517857,12168.569056919643,49.307990902963745
-0.0098906679937124,2024.7386125837047,1997.5919828869048,1996.0363665530049,39.229041044462726,62.44771031763813,2005.479736328125,0,Train,2020-01-11,0.00031393078047692313,0.0014236051825968765,0.025455052669000056,0.002267212230765585,0.003395412820273469,2.878330775668701,50.26044573102581,2044.3268775330348,1933.2449678213184,111.08190971171643,12256.7998046875,0.0033480474426501594,12150.414341517857,12168.569056919643,49.307990902963745
-0.0012845576306559,2025.3422328404013,1998.6743338448664,1996.89485471438,39.11246293615098,64.4786147710802,1994.5380859375,0,Train,2020-01-12,0.00040487803436795033,0.0018260662317872711,0.02217854084733828,0.0012296772682435528,0.0028496004372584025,3.6916678292404868,43.94451032366055,2048.529606415745,1934.900084571978,113.62952184376718,12256.7998046875,0.0033480474426501594,12150.414341517857,12168.569056919643,49.307990902963745
-0.0054558768121278,2023.137416294643,1998.987804594494,1996.6806030073903,39.04858532460654,55.93027201409956,2004.545166015625,1,Train,2020-01-13,-0.000590059096189921,-0.00047713377665059564,0.01517652911506806,0.0006820868901478552,0.0027700800361913002,-0.9657679966514934,30.245186941963993,2051.635359869568,1937.599229625409,114.03613024415927,12329.5498046875,0.0059354808073293075,12157.17857142857,12185.604771205357,52.91066439383817
0.0050172419111371,2016.18603515625,2001.2180582682288,1997.3955632808663,37.89353471768529,36.345735398955135,2019.08935546875,1,Train,2020-01-14,-0.004224040265889406,-0.004117767412384787,0.00636531030789822,0.0015056946516616423,0.002873019809485712,-8.33651297433039,12.75247628348211,2053.2631950656582,1940.973347554319,112.2898475113393,12362.2998046875,0.0026562202609821117,12176.557059151786,12198.728562127977,56.52576732630561
0.0072556057602004,2012.9327043805804,2003.8380185081849,1999.367726207037,37.09020802169351,48.33310341322452,2007.3922119140625,0,Train,2020-01-15,-0.00612712669424631,-0.005631086190460377,-0.0011068168185064398,0.0013791892809761747,0.002905327061365925,-11.399187360491624,-2.2304164341517208,2054.1221240455343,1944.6935166492199,109.42860739631442,12343.2998046875,-0.0015369308543056182,12226.5927734375,12212.507114955357,60.194715239526566
-0.0057932768170985,2009.6032017299108,2005.1744907924108,2000.097224907676,36.66603943029131,44.23749614115733,2004.0565185546875,0,Train,2020-01-16,-0.006689715911398553,-0.007475241870593896,-0.00606227848106522,0.001333689881413041,0.0029423990448333545,-15.135410853793928,-12.257080078125227,2053.942861914524,1949.4249568633772,104.51790505114695,12355.5,0.000988406301843714,12269.814174107143,12221.578543526786,55.73745205297539
-0.0016617048425202,2006.1657540457588,2007.7966250465029,2000.457160693768,34.342630500598055,42.88208865964991,2000.2762451171875,0,Train,2020-01-17,-0.004969918914111804,-0.00946826589783234,-0.007659489346674708,0.0012783173625312326,0.0026750646583465223,-19.176478794642435,-15.484810965401948,2053.032522309352,1954.4914941527013,98.54102815665055,12352.349609375,-0.000254978804985595,12316.52845982143,12227.802315848214,55.083755196114744
-0.0018863107913874,2005.0539027622767,2011.0753580729167,2000.4407138231693,29.65314177003764,48.437402180642266,1999.830810546875,0,Train,2020-01-18,-0.0039140909187662665,-0.008938351585373705,-0.009411220572575374,0.0011581114733244294,0.00229546404281046,-18.08351353236617,-19.049281529017662,2049.966400028075,1962.5112419222598,87.45515810581514,12352.349609375,-0.000254978804985595,12316.52845982143,12227.802315848214,55.083755196114744
-0.0002226865271233,2004.246913364956,2014.9174223400296,2000.385268070779,21.1564260917567,49.53907543163756,1994.982421875,0,Train,2020-01-19,-0.002665346253600709,-0.005921636983448608,-0.010015020472035063,0.0010080415115455595,0.0015772366401557655,-11.939121791293928,-20.275634765624318,2044.4062865375479,1973.2994751812023,71.10681135634559,12352.349609375,-0.000254978804985595,12316.52845982143,12227.802315848214,55.083755196114744
-0.0024243994273441,2004.310389927456,2016.4360293433776,1999.894100234799,18.1864701407666,45.02205743446214,2004.634521484375,1,Train,2020-01-20,-0.0009248309191606241,-0.004283458872897383,-0.009890424537251197,0.001160559117817118,0.001175905191908184,-8.622314453124318,-20.02150181361594,2040.1524981337714,1981.4025451139962,58.74995301977515,12224.5498046875,-0.010346193941151438,12317.764090401786,12226.128487723214,52.8347396989884
0.0048381877973158,2004.32315499442,2014.0532517206104,2000.325047621124,16.0825133681875,29.23938406054205,2000.097412109375,0,Train,2020-01-21,-0.0003644529290958154,-0.002627407605116039,-0.010083008968369112,0.0007924802893646645,0.0011799978495985876,-5.280046735490714,-20.415457589284642,2036.4541654750003,1988.0853765869422,48.368788888058134,12169.849609375,-0.004474618385662321,12305.34263392857,12221.273716517857,49.38599418320257
-0.0022633100080708,2001.6100202287944,2012.8819696335563,2000.304353483692,16.16426239335674,31.0454290111454,1991.3353271484373,0,Train,2020-01-22,-0.001315652836273884,-0.0022708661075372394,-0.011717630841245108,0.0007555468141165166,0.0010683906117315942,-4.555733816964448,-23.732212611606883,2033.3765939811256,1993.184177852022,40.19241612910355,12106.900390625,-0.005172555189302153,12273.535574776786,12213.852306547618,41.176788633590995
-0.0043808291075667,1999.3161795479912,2011.1473098028275,1999.4889874532143,16.43971549112558,31.737333395253728,2007.9703369140625,1,Train,2020-01-23,-0.0024917350149772366,-0.002861630406235438,-0.011774403732930816,0.0006811614678260092,0.0010310792592105407,-5.737723214285552,-23.82123674665172,2032.4950926033318,1994.708074249347,37.78701835398488,12180.349609375,0.0060667236352978104,12247.542689732143,12212.223725818452,47.71083034303747
0.0083536959038668,1999.8752964564733,2010.1243140811007,2000.2600192223824,15.90329179902376,41.73063684943054,1998.2744140625,0,Train,2020-01-24,-0.0022191324422229375,-0.002181176819747832,-0.008089897665873202,0.0006173540786226193,0.001057878341927316,-4.3716169084827925,-16.31073869977672,2032.7816358463888,1994.06570476466,38.71593108172874,12248.25,0.005574584704263197,12233.964146205357,12218.018973214286,65.08987810300326
-0.0048287181704405,1999.589320591518,2009.7939453125,2000.079509662393,16.081499684405447,45.610688067918616,2014.9976806640625,1,Train,2020-01-25,-0.0010095371310369083,-0.002355458196327098,-0.006628827560913653,0.000625120514824755,0.0010349084095771365,-4.721069335938182,-13.3433837890625,2032.9386548245532,1992.3513057641746,40.58734906037853,12248.25,0.005574584704263197,12233.964146205357,12218.018973214286,65.08987810300326
0.0083688538890731,2001.7560163225448,2010.4483875093008,2001.435707026181,15.99602042647818,53.78882929251795,2045.5543212890625,1,Train,2020-01-26,0.0012203356325086734,-0.0012808007857806336,-0.003904843205171482,0.0008365938276770513,0.00112200656326763,-2.5671386718752274,-7.8471854073659415,2032.0030285883265,1991.2765054518525,40.72652313647404,12248.25,0.005574584704263197,12233.964146205357,12218.018973214286,65.08987810300326
0.0151646033731065,2008.9805733816963,2012.1427932012648,2005.4464901409883,17.73324789573016,67.5651139625686,2036.0361328125,0,Train,2020-01-27,0.004552922345386401,0.0036823122778228967,0.0014030841321366339,0.0016665606976628646,0.0016286471326330846,7.370553152901948,2.8148193359375,2030.8396539798791,1991.172880897353,39.666773082526106,12119.0,-0.010552527912150667,12200.178431919643,12211.980887276786,53.609475413300544
-0.0046531096131264,2013.466517857143,2011.325236002604,2008.2273667474897,16.062574058814036,60.87910326912045,2070.06201171875,1,Train,2020-01-28,0.006940023695225506,0.007077589054649058,0.004195705204371958,0.0018007495960901787,0.0015451828143153471,14.15033830915172,8.412615094866169,2029.3777447179996,1991.5711235158174,37.806621202182214,12055.7998046875,-0.005214967844912932,12157.814174107143,12202.45470610119,51.601714879238266
0.0167118246861601,2023.461460658482,2012.6680617559523,2013.8486981085127,19.54447850203254,65.52027379623169,2088.876220703125,1,Train,2020-01-29,0.010843201748339304,0.011793817466419387,0.009586916245397425,0.0021728595658659505,0.001985330791364645,23.58616420200883,19.21454729352604,2029.1639517524209,1991.6788077341862,37.48514401823468,12129.5,0.006113256399948197,12144.235630580357,12200.599934895834,44.818251673874435
0.009088717573612,2037.3958740234373,2015.43841843378,2020.6693819807508,25.45696257966068,73.7798148534737,2070.595458984375,0,Train,2020-01-30,0.014144139081399665,0.018907159106418714,0.016507165887205133,0.002590051542425108,0.002546786139421836,37.80655343191938,33.0854840959812,2032.5672294601927,1989.5819282546508,42.98530120554187,12035.7998046875,-0.0077249841553650445,12125.085658482143,12193.614211309523,37.53525098702763
-0.0087514815562391,2046.342320033482,2017.4611235119048,2025.208116253808,28.068426758048503,67.86037968055662,2073.708740234375,1,Train,2020-01-31,0.016327960700994293,0.022273595456876683,0.020964266632532702,0.0024090852073391194,0.0025720601729568907,44.58630371093727,42.019165039062045,2038.2233312403346,1986.086197219487,52.1371340208475,11962.099609375,-0.006123414854723341,12104.399832589286,12178.371326264882,29.297418759195338
0.0015035680854467,2057.11865234375,2020.5872918991813,2029.6172638884043,30.51794423556411,69.78157885910119,2111.915771484375,1,Train,2020-02-01,0.016633473055778003,0.023961445720215968,0.027731991523808786,0.0019481158510773128,0.002695756033915631,48.13807896205367,55.50863211495562,2046.2698927681934,1981.2172776419636,65.05261512622974,11962.099609375,-0.006123414854723341,12104.399832589286,12178.371326264882,29.297418759195338
0.01842449255708,2070.964093889509,2025.6556745256696,2037.098946397129,36.19398624349908,75.08954305444279,2216.261474609375,1,Train,2020-02-02,0.016476041938664254,0.028556509642662764,0.03583620993739789,0.001656624199699089,0.002905981344778536,57.49757603236617,71.64791434151789,2057.421813257713,1974.8480249119305,82.57378834578253,11962.099609375,-0.006123414854723341,12104.399832589286,12178.371326264882,29.297418759195338
0.0494080798741607,2095.350830078125,2036.2139311290923,2053.3864489618786,54.41569032793763,84.26781371742439,2216.261474609375,0,Train,2020-02-03,0.023949321462423345,0.03552791630449348,0.0477407435307704,0.0029737343723128733,0.0037570334162095797,71.88936941964289,95.47553362165172,2074.49650808637,1965.6898095754611,108.80669851090875,11707.900390625,-0.021250384719316173,12036.90708705357,12153.6689453125,20.493292459003115
0.0,2121.0973074776784,2046.2956601097471,2068.193269475288,66.52108232085708,83.78300747742077,2226.5810546875,1,Train,2020-02-04,0.031101101077001703,0.04108255765186564,0.06076647121230683,0.003246769461325905,0.004345545086883519,83.70143345424117,121.50798688616055,2096.0246629585913,1954.9781150129493,141.04654794564203,11979.650390625,0.02321082268667074,11998.535714285714,12153.03087797619,36.64673115168658
0.0046563008004025,2143.4571707589284,2056.1762172154017,2082.592159040034,76.88094522231152,85.49927522588915,2189.1748046875,0,Train,2020-02-05,0.03500450687837331,0.04745777369441173,0.0707884244038417,0.003213051412539752,0.00436811552840783,97.11485072544633,141.7011544363836,2119.7206219531163,1944.6675529213262,175.05306903179007,12089.150390625,0.009140500467834434,11994.271484375,12154.754696800595,40.8718683984353
-0.0167998600011666,2157.785539899553,2064.8325311569943,2092.281490462531,81.22461839543767,78.45450705278768,2179.344482421875,0,Train,2020-02-06,0.02979678100926897,0.04893586835212904,0.0740698882256361,0.003228380146323789,0.004020320284502581,100.66688755580299,148.80496651785666,2142.716611981788,1936.8335414780336,205.88307050375442,12137.9501953125,0.004036661230167438,12006.007254464286,12160.116629464286,42.87519577025902
-0.0044904236265538,2173.321114676339,2073.179577055432,2100.1963079133807,83.63758104599289,75.14018832170484,2193.044189453125,1,Train,2020-02-07,0.02462112747706202,0.04942481672610355,0.07939272662419228,0.002818930027448512,0.003749264580182736,102.35702078683016,159.85459681919633,2165.6608081684235,1930.7160664828034,234.9447416856201,12098.349609375,-0.0032625431230384194,12001.557198660714,12154.518973214286,45.5450350353318
0.0062861595042678,2190.3690359933034,2082.3590029761904,2108.6370244169934,85.78695404813101,78.2405335908495,2244.32763671875,1,Train,2020-02-08,0.02188607538995746,0.04534715836184611,0.08248616471326597,0.0024486363108883647,0.0033329098595584394,95.01820591517844,166.90757533482133,2188.964966756626,1926.0241201574368,262.9408465991892,12098.349609375,-0.0032625431230384194,12001.557198660714,12154.518973214286,45.5450350353318
0.0233845936676786,2209.285016741072,2094.001708984375,2120.972534626244,90.48877300550885,80.22263455610313,2194.956298828125,0,Train,2020-02-09,0.02386681896288745,0.04157645618260797,0.08436708099255608,0.0022510512867602514,0.0029745311079714515,88.18770926339357,171.88914271763474,2212.992466605226,1922.4940829901975,290.4983836150286,12098.349609375,-0.0032625431230384194,12001.557198660714,12154.518973214286,45.5450350353318
-0.0219982756006189,2206.2414202008927,2103.524274553572,2127.698331371869,90.06861452146025,68.75892615466392,2074.687744140625,0,Train,2020-02-10,0.015147465002867788,0.02929111451279165,0.07813897929100855,0.004341284758942435,0.003644595417475959,62.78424944196422,159.89910016741055,2232.304910412325,1923.3734657037464,308.93144470857874,12031.5,-0.005525514763038308,12000.942940848214,12143.79041108631,45.15768706497115
-0.0547931431490051,2186.0166015625,2106.860142299108,2122.87918707812,87.48307847079575,53.797071556200464,2154.79296875,1,Train,2020-02-11,-0.001987078140387233,0.013083349174849435,0.06265946257980404,0.007047505348379033,0.005516653850006851,28.231061662947013,128.89794921875,2244.355456423311,1929.7635778261308,314.5918785971801,12107.900390625,0.006350030388978967,12021.77162388393,12133.235677083334,50.03467406380028
0.0386107378498812,2175.761160714286,2114.2265973772323,2125.780439957381,84.50606422020104,57.63279503630141,2158.351318359375,1,Train,2020-02-12,-0.015174074767517975,0.001122726881669367,0.050603034178132944,0.007163330364166338,0.006203993577533575,2.4400460379465585,104.79706682477672,2252.2463914641025,1939.517140901969,312.72925056213353,12201.2001953125,0.0077056964194832656,12092.24302455357,12125.564267113095,50.71315721791527
0.0016513649621936,2171.357805524553,2122.1797398158483,2128.741428903017,80.10677953065283,56.43538741679021,2213.593017578125,1,Train,2020-02-13,-0.015811331596323308,-0.008679464581697327,0.0362741047252666,0.007001171585743244,0.0064706234873909115,-19.011230468750455,76.00697544642799,2257.4237822651467,1951.4880010077331,305.9357812574135,12174.650390625,-0.0021759994314084485,12120.100167410714,12117.53334263393,47.4093766499472
0.0255943964028715,2176.2504534040177,2131.9712960379466,2136.455209691663,77.9875490502336,62.39683030177322,2217.062744140625,1,Train,2020-02-14,-0.0044675544327987815,-0.014952603709676104,0.026002176199980687,0.006492517878546699,0.006500539301214861,-33.03456333705435,55.15314592633922,2261.074773044552,1965.5031235095776,295.5716495349743,12113.4501953125,-0.005026854435148831,12123.571568080357,12106.007161458334,49.794824064252595
0.0015674636371487,2179.6816755022323,2142.3897879464284,2143.783167368841,73.73174688725213,62.42005558775377,2244.7724609375,1,Train,2020-02-15,0.001801904941928223,-0.012038458010747433,0.016900036649893924,0.005640602547107148,0.006538520129337135,-26.559744698660325,36.224504743303896,2262.956497606471,1981.4139648656273,281.54253274084385,12113.4501953125,-0.005026854435148831,12123.571568080357,12106.007161458334,49.794824064252595
0.0124983908868199,2179.745221819197,2153.3314441499256,2152.9640122387195,70.87550919107541,61.723829331968304,2406.984619140625,1,Train,2020-02-16,0.0038627518105509573,-0.002868861901058062,0.01017695295180543,0.003957011907624484,0.006581187477521037,-6.271379743302987,21.959681919644026,2263.0455901578853,1998.4013371579633,264.64425299992195,12113.4501953125,-0.005026854435148831,12123.571568080357,12106.007161458334,49.794824064252595
0.0722621829276091,2210.034981863839,2170.542410714286,2176.056794684347,85.72345544275207,65.27065266430375,2414.545654296875,1,Train,2020-02-17,0.015524191348002647,0.01575256593802865,0.0168929786489318,0.007191458757254302,0.006802428837669043,34.27382114955344,36.7138671875,2265.1798443929215,2015.9239293235962,249.25591506932528,12045.7998046875,-0.00558473346026378,12110.4072265625,12091.40955171131,49.631513113671005
0.0031412893527127,2258.586111886161,2188.566673642113,2197.737600103668,95.28733001003349,65.68611848468649,2433.804931640625,1,Train,2020-02-18,0.03619998152516812,0.0401722397569273,0.031144101643092226,0.00960669921732851,0.008096705955676882,87.22830636160779,68.21707589285734,2274.770003789338,2029.846235049948,244.92376873938974,11992.5,-0.004424762618648104,12095.285853794643,12080.359561011905,44.87467265245043
0.0079763566737602,2298.4449637276784,2205.887765066964,2219.198266607028,105.21205471006743,66.16469385524184,2513.643310546875,1,Train,2020-02-19,0.05445578718113464,0.056149102752639735,0.04035692376084943,0.009671215780863794,0.008702848931744564,122.19451032366078,89.15994698660643,2291.8343357742074,2038.8868120355032,252.94752373870415,12125.900390625,0.011123651500938081,12108.77162388393,12078.26674107143,53.2735275813938
0.0328039350517836,2349.200962611608,2226.114769345238,2245.9659978742866,121.20675262582746,73.73897157195714,2502.301513671875,0,Train,2020-02-20,0.06297003526632072,0.07777249724793678,0.06479777829467892,0.009836307868731511,0.009827802418038385,169.51928710937545,142.95954241071513,2318.934514875618,2042.072497191904,276.86201768371393,12080.849609375,-0.003715252459506435,12104.9072265625,12077.02622767857,54.40614192994814
-0.0045120947858479,2390.4450334821427,2246.672200520833,2269.2692265831583,129.81518246747413,73.57624524405136,2517.46923828125,1,Train,2020-02-21,0.05838117966902123,0.09666258678025552,0.0935164132667261,0.009154376600886556,0.010292999956594408,210.69981166294565,204.42843191964266,2352.3072745053623,2042.032375675999,310.27489882936334,12080.849609375,-0.003715252459506435,12104.9072265625,12077.02622767857,54.40614192994814
0.0060615095848772,2433.3602469308034,2267.80365280878,2291.8328640102577,136.21251874461998,73.63275921616165,2514.399658203125,0,Train,2020-02-22,0.05869850500327667,0.1010505566199782,0.11839492811423735,0.007538365850816086,0.01071233419789536,223.32526506696422,257.59908621651766,2391.574518320953,2039.0047471645375,352.5697711564153,12080.849609375,-0.003715252459506435,12104.9072265625,12077.02622767857,54.40614192994814
-0.0012193118515405,2471.87841796875,2286.969552176339,2312.066208936882,141.3986559196706,71.15972949884906,2509.9775390625,0,Train,2020-02-23,0.0522209284389028,0.09443620721835888,0.13840216093339697,0.0030047534874366798,0.01093623559053168,213.29230608258922,300.520612444197,2435.1536107640936,2033.07841351046,402.07519725363363,12080.849609375,-0.003715252459506435,12104.9072265625,12077.02622767857,54.40614192994814
-0.0017587176828465,2486.5916922433034,2300.956031436012,2330.0581480392107,148.40762686868268,76.5515663306104,2448.335693359375,0,Train,2020-02-24,0.04022123806005484,0.08185827004118629,0.14260364120952196,0.005409570242226632,0.010617933544150249,188.146728515625,310.3412388392858,2475.4168027663654,2029.3646599847505,446.052142781615,11829.400390625,-0.02081386879900149,12051.79296875,12060.314360119048,54.517397732587014
-0.0245587240299165,2491.4188406808034,2312.0071847098216,2340.8106521592254,150.4126629120967,84.94658668064717,2468.614990234375,1,Train,2020-02-25,0.023859432167197214,0.06053883015231354,0.14301958340166432,0.007306431911053027,0.009546435388671174,142.21787806919565,311.7371651785711,2510.6128544536305,2028.9647752896728,481.6480791639576,11797.900390625,-0.002662856861702312,11997.97154017857,12038.869140625,41.77267342139232
0.0082828906714074,2496.391706194197,2323.532610212053,2352.429228347876,152.79368773834017,83.0497118018542,2422.383544921875,0,Train,2020-02-26,0.009916866479861453,0.04432089892388058,0.14526765844254474,0.008370607324747755,0.008933303853483218,105.94667271205435,316.646484375,2541.5889416185814,2031.8493047541867,509.7396368643947,11678.5,-0.010120477938589723,11935.83579799107,12017.89295014881,31.576115625859842
-0.0187276855627093,2483.354596819197,2334.6377883184523,2358.7887116727843,151.00461632761218,75.51303210537789,2446.90625,1,Train,2020-02-27,-0.0013018202522770972,0.020545396001866667,0.12367207632381128,0.009160287325673604,0.009295390574631218,49.99434988839357,273.3196149553578,2565.621164477728,2038.8204301093263,526.8007343684019,11633.2998046875,-0.003870376787472707,11876.9072265625,11997.773902529761,27.285426439457353
0.0101233783269096,2475.440987723214,2347.3788248697915,2366.7993969752583,148.5138150840833,73.96757577748764,2390.088623046875,0,Train,2020-02-28,-0.0064131541018703775,0.0014412398799903414,0.09601355232630748,0.008905452287613984,0.009732932987065021,3.5625697544642208,216.85487583705344,2585.188661356926,2047.7601284031189,537.428532953807,11201.75,-0.03709607866493836,11763.942940848214,11953.59533110119,20.16904633795751
-0.023220189556966,2457.2437569754466,2356.761893136161,2368.9165993454053,144.44430262488697,66.01869858499393,2386.292236328125,0,Train,2020-02-29,-0.015681813523740762,-0.011802474591789625,0.06908966529710758,0.007863895096484079,0.010536297668962342,-29.347935267856883,158.79879324776812,2599.6362490497477,2058.108414733734,541.5278343160135,11201.75,-0.03709607866493836,11763.942940848214,11953.59533110119,20.16904633795751
-0.0015883874272035,2438.942696707589,2363.5221121651784,2370.4962027074707,142.22411866152854,63.70886913565766,2400.273193359375,1,Train,2020-03-01,-0.017883833492201573,-0.021062754730904465,0.03820096089021496,0.005240523710803297,0.01117688201243253,-52.47614397321422,89.74173409598143,2609.073518113004,2071.9412733211484,537.1322447918556,11201.75,-0.03709607866493836,11763.942940848214,11953.59533110119,20.16904633795751
0.0058588620531923,2423.2706473214284,2373.2991071428573,2373.203201857644,137.01876237896505,49.08794844470161,2401.52392578125,1,Train,2020-03-02,-0.0210751703072386,-0.02929069932868955,0.013732009470834416,0.004116023477648063,0.01167681936736581,-73.12105887276857,32.82561383928578,2613.0472511013345,2091.6929449087106,521.3543061926239,11132.75,-0.006159751824491688,11622.06431361607,11910.592959449405,20.140227244706594
0.0005210791943748,2416.583251953125,2388.8627348400296,2375.777813123426,118.74846577984994,48.19952808374319,2349.664794921875,0,Train,2020-03-03,-0.01654720045860225,-0.026887559654829807,-0.006894579213595375,0.003362207926974001,0.011036363192729793,-66.77134486607201,-16.77699497767844,2612.692704357067,2116.1297007768612,496.563003580206,11303.2998046875,0.015319647408546855,11510.985770089286,11879.22154017857,24.842089577942673
-0.0215942595044121,2399.5903669084823,2398.14234561012,2373.40390237783,106.52780174696596,39.32826910357436,2342.56201171875,0,Train,2020-03-04,-0.01613499564882348,-0.030641255917999266,-0.029244177438010888,0.0019680666918432763,0.010811862183925425,-75.85062081473188,-72.28805106026766,2607.144456363457,2144.5012049088646,462.64325145459225,11251.0,-0.004626950146523701,11428.357142857143,11857.464378720239,19.507738977558688
-0.0030228921242194,2388.187290736608,2406.914283389137,2370.600094136096,92.44917601740644,23.39195275816583,2351.89794921875,1,Train,2020-03-05,-0.014477688088039287,-0.028103221767399433,-0.03957400879833195,0.00199226528602981,0.009492462912146445,-69.05646623883877,-98.40440150669565,2597.8055426584083,2175.0338023471727,422.7717403112356,11269.0,0.0015998577904186018,11352.79994419643,11823.62388392857,20.777001903273387
0.0039853534093425,2374.614676339286,2413.5002325148807,2368.8998991436097,82.3649861570736,26.461065136869426,2380.6640625,1,Train,2020-03-06,-0.01736690659422535,-0.026375371776935164,-0.04688258852116567,0.0016971497671525184,0.008382598872284892,-64.32802036830344,-116.80416434151766,2584.0900185781393,2208.242626511146,375.84739206699305,10989.4501953125,-0.024806975302821943,11254.3642578125,11771.25720796131,18.210878679577746
0.0122310210316758,2373.268310546875,2421.290771484375,2369.969368539645,69.60452703288016,29.46341005745147,2326.83935546875,0,Train,2020-03-07,-0.010969395745457744,-0.020634235317389615,-0.049320543463520106,0.00249452281431234,0.006508153569700195,-50.00233677455344,-123.12339564732201,2564.495634325115,2247.1893196369383,317.3063146881768,10989.4501953125,-0.024806975302821943,11254.3642578125,11771.25720796131,18.210878679577746
-0.0226091147756173,2364.7750418526784,2425.1987188430057,2366.0484582604727,60.96615724922222,25.56738276591348,2352.74658203125,1,Train,2020-03-08,-0.009803355446510231,-0.021438620026259958,-0.04774974750621641,0.0022678126735464215,0.004089958799271727,-51.80821010044656,-118.57955496651857,2544.7363971430914,2282.4225628178465,262.3138343252449,10989.4501953125,-0.024806975302821943,11254.3642578125,11771.25720796131,18.210878679577746
0.0111340847410073,2357.985525948661,2422.6159551711307,2364.839196785089,62.894722061346,30.603947287580013,2370.21142578125,1,Train,2020-03-09,-0.007002883691538786,-0.017338309710512534,-0.04744829804348638,0.002132478896634479,0.0031513814557601787,-41.60484095982156,-117.45546177455344,2531.205313954268,2305.8935874129197,225.31172654134843,10451.4501953125,-0.048956043335951605,11085.528599330357,11690.947684151786,14.38401408745672
0.0074231725096893,2353.5123116629466,2420.5048014322915,2365.3275812392853,63.91495514962208,39.18365580988474,2399.290283203125,1,Train,2020-03-10,-0.00832438489829923,-0.014519371746160692,-0.042214552389454485,0.00223144275174025,0.0027575758933395533,-34.674979073661234,-103.7314453125,2523.835999142166,2318.769637018548,205.0663621236181,10451.4501953125,-0.048956043335951605,11085.528599330357,11690.947684151786,14.38401408745672
0.0122684656337315,2360.601667131697,2418.8612467447915,2368.4150995996342,63.99955681232266,40.63026308147976,2418.720458984375,1,Train,2020-03-11,-0.0017648083420703786,-0.005901171818406881,-0.03212089799471196,0.002909694448005677,0.002936687612799744,-14.013009207588766,-78.34102957589221,2522.8329352041965,2320.912771408527,201.9201637956694,10458.400390625,0.0006649981756232659,10979.33579799107,11612.85486421131,15.005261736881067
0.0080983013673985,2371.4814453125,2414.341110956101,2372.988314089156,60.21053955395757,49.466237493721074,2435.82861328125,1,Train,2020-03-12,0.005723495422394365,-0.0007529132826803453,-0.021371612810221485,0.0036659119775453736,0.0036950557077828957,-1.786865234375,-51.78920200892844,2523.471260391167,2318.378087404592,205.09317298657515,9590.150390625,-0.08301938801064712,10758.964425223214,11496.600120907739,6.679764243614926
0.007073225115092,2383.471540178572,2411.175734747024,2378.7010685611644,57.01773848565959,48.350185146939474,2367.04052734375,0,Train,2020-03-13,0.012729582236371106,0.007906248161028362,-0.013701870915389103,0.0036245884793778367,0.004315748072566035,18.69649832589357,-33.11171177455299,2522.123826650563,2314.7366504699735,207.38717618058945,9955.2001953125,0.03806507612689369,10566.37876674107,11394.090587797618,17.264956442306627
-0.0282401173721483,2381.525320870536,2404.01246279762,2377.641019359581,52.245811274152686,46.6855784658271,2401.166748046875,1,Train,2020-03-14,0.00886369523082764,0.009983010778831902,-0.007528387464407427,0.003638465084061442,0.00412211710315552,23.539794921875,-18.06504603794656,2515.6561126213023,2312.169054789412,203.48705783189052,9955.2001953125,0.03806507612689369,10566.37876674107,11394.090587797618,17.264956442306627
0.0144172523912891,2392.143519810268,2398.6204194568454,2379.7797219675167,45.71909028932711,51.96740347691079,2386.203369140625,0,Train,2020-03-15,0.00871272872010409,0.016414279184299385,0.0016565824167165122,0.003396203239826082,0.004189426725258224,38.63120814732156,3.9562290736603245,2505.3440084347562,2313.036341732655,192.30766670210141,9955.2001953125,0.03806507612689369,10566.37876674107,11394.090587797618,17.264956442306627
-0.0062317116953336,2396.9230608258927,2392.726411365328,2380.3636898923446,37.966401877397054,48.14385374997585,2373.51708984375,0,Train,2020-03-16,0.005643667407210895,0.015386498366041002,0.009394528177092631,0.0027537144893761837,0.004009240172107847,36.32139369419565,22.308384486606883,2492.5548913495,2316.3758808324196,176.17901051708031,9197.400390625,-0.07612100106679087,10273.007393973214,11251.052501860118,14.935649543840583
-0.005316512188751,2397.395298549108,2389.163620721726,2379.741271706109,35.94370334229188,46.41344380178209,2385.57763671875,1,Train,2020-03-17,0.0066637870861565585,0.01092728483616412,0.010166144255586929,0.0022908156223356607,0.003974267432108659,25.913853236607792,24.126988002232792,2476.249402097661,2322.7817293197504,153.4676727779106,8967.0498046875,-0.02504518409052825,9944.15736607143,11098.309616815477,14.184131301866643
0.005081297677024,2395.436349051339,2385.2094610305057,2380.2718503436213,30.992734960689607,55.1209934307408,2381.736328125,0,Train,2020-03-18,0.001376518262304005,0.005019908428137043,0.012965845230944018,0.0026217872525149386,0.003516769244960316,11.964808872767208,30.66130719866078,2460.9256901247472,2329.3136165158776,131.61207360886965,8468.7998046875,-0.05556454027271507,9584.064453125,10924.754836309523,12.943332178060544
-0.0016102215809808,2390.152901785714,2383.273879278274,2380.4049846873827,29.80139806684991,55.6385096101136,2346.5380859375,0,Train,2020-03-19,-0.002824520799531105,0.003622712233865677,0.01364188858797677,0.002793531149507975,0.003318942332993205,8.627580915178442,32.16737583705344,2444.7147402164455,2336.9957578304293,107.71898238601625,8263.4501953125,-0.024247781753128472,9271.49302455357,10744.64295014881,12.48176671308525
-0.0147783958164712,2377.3971121651784,2378.4944428943454,2377.326175710121,27.00296575228145,49.281989628521046,2355.694580078125,1,Train,2020-03-20,-0.0083416307673716,-0.006164516268764353,0.010148576824463351,0.003100577960631146,0.0032737831480442914,-14.746407645089675,23.884800502231883,2430.953555209705,2342.772278356144,88.18127685356103,8745.4501953125,0.058329146858465686,9026.785853794643,10590.021530877977,22.956575928098985
0.0039021289257987,2375.7762625558034,2376.8566313244046,2375.359667016303,27.30593429814822,46.46959206399504,2376.554443359375,1,Train,2020-03-21,-0.008207309078916536,-0.008822476872829998,0.006428274467222828,0.0030976901704705194,0.0032756946675580705,-21.14679827008922,15.174595424106428,2420.540036789912,2346.869153360758,73.67088342915395,8745.4501953125,0.058329146858465686,9026.785853794643,10590.021530877977,22.956575928098985
0.0088550797109523,2372.2602190290177,2376.3929268973216,2375.4682830474912,27.220237118700982,57.7517600419654,2433.72900390625,1,Train,2020-03-22,-0.007485999219266959,-0.010484328360576112,0.0003283912332761041,0.0022655464336209514,0.0031405913234403915,-25.13507952009013,0.7787737165176623,2413.208088773311,2349.100058548118,64.10803022519303,8745.4501953125,0.058329146858465686,9026.785853794643,10590.021530877977,22.956575928098985
0.0240577533187313,2379.049595424108,2377.986060732887,2380.764712216469,29.56576161090953,61.50524371953766,2431.76416015625,0,Train,2020-03-23,0.000695080872469056,-0.0068408219795617065,-0.0018552538513352257,0.0024813904387783023,0.0030782360744851674,-16.38675362723143,-4.421944754464221,2406.6508233576515,2351.903958310875,54.74686504677629,7610.25,-0.12980466070471242,8743.942940848214,10374.990559895834,18.591730460650666
-0.0008073387574566,2387.37060546875,2379.426071893601,2385.40102566554,31.44613792202,59.14773527153665,2413.226806640625,0,Train,2020-03-24,0.004880233503332443,-0.001164066246508999,0.0024544289103243244,0.0030171504746916975,0.0030738888069868566,-2.7822963169642208,5.845284598214221,2404.6405390325226,2352.692266492031,51.948272540491416,7801.0498046875,0.02507142402516349,8436.20717075893,10171.19056919643,18.884651837836316
-0.0076230063010854,2391.320486886161,2382.452834356399,2387.93064211782,31.49727032262836,52.13818894452485,2430.46875,1,Train,2020-03-25,0.008034644641532918,0.005856562477398519,-0.00034405666603676277,0.003129297512429835,0.003027441395403744,13.923374720982338,-0.8230329241073377,2405.0752906555226,2352.570834483987,52.50445617153582,8317.849609375,0.06624746894667499,8310.557059151786,10003.973865327382,25.927592975693443
0.0071447670446596,2398.2822614397323,2386.638869512649,2391.7977428343816,31.770922620379352,51.814647354071376,2393.8857421875,0,Train,2020-03-26,0.008084180360349302,0.009473113793854182,0.0005670605936642925,0.0031910330990312656,0.00289999133570196,22.505998883928896,1.3592006138396755,2407.5613428283004,2352.4515408212537,55.10980200704671,8641.4501953125,0.038904356430389475,8264.04282924107,9853.666713169643,29.465690381486624
-0.0150518322082932,2405.046212332589,2388.6382882254466,2391.9875609573924,30.781053364635024,43.88912365171441,2436.00732421875,1,Train,2020-03-27,0.007403796806138896,0.013820572060594172,0.0031913442844038187,0.0019611532609666526,0.0027028755478075575,32.78599330357156,7.650913783481428,2411.1094393277685,2352.0812345003574,59.02820482741117,8660.25,0.0021755381634551707,8291.392857142857,9709.940522693452,31.02391871547951
0.0175954855693154,2416.519461495536,2391.273681640625,2395.9893576175155,32.39124183497477,60.894690724194106,2456.33154296875,1,Train,2020-03-28,0.010537681899002838,0.015749930620823527,0.008801366169694402,0.0019611801346660586,0.0028769743594532567,37.46986607142799,21.08311244419656,2416.433346706577,2351.9317690858343,64.50157762074286,8660.25,0.0021755381634551707,8291.392857142857,9709.940522693452,31.02391871547951
0.0083432502636329,2427.916190011161,2397.4399762834823,2401.475010831264,31.8324574149788,59.11171330292802,2420.50732421875,0,Train,2020-03-29,0.012356313953487241,0.01698336422905311,0.015799528221492887,0.0011169300256915371,0.002901198674924812,40.54558454241078,37.76328822544656,2422.989354274213,2352.368827924448,70.62052634976499,8660.25,0.0021755381634551707,8291.392857142857,9709.940522693452,31.02391871547951
-0.0145844394876363,2426.0273786272323,2400.666678292411,2403.2052211392165,30.481196030968707,55.3007822019812,2436.677490234375,1,Train,2020-03-30,0.008723810040345947,0.014513693137913508,0.0204552559659521,0.0019221505389872301,0.002927251176510258,34.70689174107156,48.630266462053896,2426.735043723404,2355.8746451716856,70.86039855171839,8281.099609375,-0.04378053643081892,8293.91420200893,9550.311941964286,31.848249322792483
0.006680486298815,2426.729282924108,2403.8317289806546,2406.248154693322,30.61123481479088,59.6558305981274,2445.7451171875,1,Train,2020-03-31,0.004225011050501992,0.011861415122712993,0.021446893451780857,0.002101880202437195,0.002925730990703626,28.447021484375455,50.95302036830435,2430.3183173059037,2358.904133168426,71.4141841374776,8597.75,0.03823772271336057,8272.814174107143,9426.311941964286,35.20487146690057
0.0037213078010798,2431.374755859375,2406.0438639322915,2409.838787647338,31.91731266650065,59.28323032277312,2498.988525390625,1,Train,2020-04-01,0.0014244996851386915,0.01094720899406365,0.02491907774542268,0.0020900062182121325,0.0028952674013982198,26.32854352678578,59.11453683035734,2435.144482965515,2360.0672985635024,75.07718440201279,8253.7998046875,-0.04000467509668226,8364.74986049107,9289.219075520834,38.407283803797334
0.0217698106924373,2441.1632952008927,2409.86615280878,2417.943309260364,37.77929542166633,65.6977766562966,2511.04931640625,1,Train,2020-04-02,0.006238971871053156,0.0101980696195616,0.026108619129359578,0.0021780424348416356,0.0028315631652290046,24.643833705356883,62.11369977678487,2442.101442989021,2358.879514042229,83.2219289467921,8253.7998046875,-0.04000467509668226,8364.74986049107,9289.219075520834,38.407283803797334
0.0048262690656972,2457.900948660714,2413.448091052828,2426.407491728172,43.497155412561575,73.47946133389827,2487.3759765625,0,Train,2020-04-03,0.012845135201502877,0.012349997406383206,0.029543106139616748,0.0027298870081155354,0.0024057220160921097,29.98475864955344,70.53034319196422,2452.144760447567,2356.4737593627005,95.67100108486648,8083.7998046875,-0.020596574186770744,8405.14271763393,9135.90955171131,33.197155558673174
-0.0094276682218374,2465.239327566964,2419.178350539434,2431.950081258565,44.97897704303004,68.04611576585589,2486.75,0,Train,2020-04-04,0.013928157979751443,0.016163028202064167,0.03091130657148189,0.0026308876836944545,0.0022401643538450637,39.21194893973188,73.91884068080344,2462.5754715783187,2353.352629007619,109.22284257069987,8083.7998046875,-0.020596574186770744,8405.14271763393,9135.90955171131,33.197155558673174
-0.0002516614168498,2469.584821428572,2423.2537434895835,2436.931892053241,47.09293584050533,65.98830351355085,2499.346435546875,1,Train,2020-04-05,0.011642615749447582,0.01765979370093773,0.02973067896771897,0.002517715732289873,0.0019263967912838374,42.85553850446422,71.30255998883968,2472.429373985609,2350.7649026605973,121.66447132501162,8083.7998046875,-0.020596574186770744,8405.14271763393,9135.90955171131,33.197155558673174
0.0050654209497837,2480.8475516183034,2428.641508556548,2442.605941461753,49.07273754638797,60.93496606433333,2467.052001953125,0,Train,2020-04-06,0.0093358534118686,0.020347663658061732,0.03151762277873105,0.002165626053773075,0.001978122241794564,49.47279575892844,75.80133928571422,2483.551720036874,2347.987781916251,135.56393812062288,8083.7998046875,-0.020596574186770744,8405.14271763393,9135.90955171131,33.197155558673174
-0.0129211513595888,2485.186767578125,2433.095551990328,2444.8283105973323,48.05347402080713,55.340743570851615,2514.08642578125,1,Train,2020-04-07,0.008091482148651075,0.01803380890732642,0.028415788565630873,0.0018916678816445925,0.0019993110991470904,44.02347237723234,68.66730608258922,2493.9934958005715,2346.521048005233,147.47244779533867,8792.2001953125,0.08763210467115035,8472.90708705357,9018.82384672619,46.329244050309946
0.0190650313778908,2494.9498116629466,2439.215018136161,2451.12450288678,49.848716879633535,64.05271934019866,2535.527587890625,1,Train,2020-04-08,0.01027095324456262,0.015073375118073828,0.02760952866807065,0.0017762980725533777,0.0019849176814636864,37.04886300223234,67.03362165178578,2504.902113493624,2346.092121299903,158.80999219372097,8748.75,-0.004941902407507137,8488.235630580357,8898.811941964286,47.953081645065296
0.0085284109128078,2500.169677734375,2446.538411458333,2458.7975106144017,52.22256643130896,64.46849129545686,2555.89599609375,1,Train,2020-04-09,0.007788518122956667,0.014169151764216181,0.030561196365844756,0.0018645318647062953,0.0020009042574973272,34.93035016741078,74.14229910714266,2514.2995598112516,2348.9719315391953,165.32762827205624,9111.900390625,0.04150883161880259,8552.757114955357,8809.404808407739,56.186869801919826
0.0080332031488838,2506.576346261161,2456.507835751488,2467.624645657979,52.161176784555046,73.35476904754195,2519.402099609375,0,Train,2020-04-10,0.008606829459292697,0.01497884361436519,0.03290316060341136,0.0010912662720601494,0.0020036530373701506,36.991524832588766,79.84706333705299,2522.902658483239,2353.448841237743,169.45381724549588,9111.900390625,0.04150883161880259,8552.757114955357,8809.404808407739,56.186869801919826
-0.0142783182649645,2511.1515066964284,2464.3034319196427,2472.331686926287,48.44168941407688,62.22014251258022,2566.169677734375,1,Train,2020-04-11,0.0064937959704620685,0.012215162136164803,0.03281137580490179,0.001146161930978402,0.0019528782873292174,30.303955078125,79.77675083705344,2529.8671786219775,2360.373449865746,169.49372875623158,9111.900390625,0.04150883161880259,8552.757114955357,8809.404808407739,56.186869801919826
0.0185629670358102,2522.497174944197,2473.3327287946427,2480.862413363386,48.93705153850172,64.93738474829392,2598.55419921875,1,Train,2020-04-12,0.008930392768403905,0.015013120081285525,0.033317672727260605,0.0012619136661392125,0.0019381960618747016,37.31040736607201,81.33387974330435,2537.7729164014877,2366.8124700382446,170.96044636324314,9111.900390625,0.04150883161880259,8552.757114955357,8809.404808407739,56.186869801919826
0.0126197896286293,2536.669712611608,2481.181547619048,2491.561666622965,55.0976309835884,74.44207006851877,2599.08984375,1,Train,2020-04-13,0.012005764913298744,0.016721739553090975,0.03204716772407523,0.0015135059658613482,0.0017949618565158225,41.719900948661234,78.76876395089357,2547.414537567871,2372.1007595861474,175.31377798172343,8993.849609375,-0.01295567073707915,8654.578543526786,8739.99525669643,57.14676120652603
0.0002061317525765,2555.5322614397323,2489.149437313988,2501.336955452696,59.51555860568028,73.2957701102734,2617.001953125,1,Train,2020-04-14,0.017673467580492375,0.0221435305765032,0.03662643738605342,0.002046719484992779,0.0019179511372761561,55.36258370535734,90.29293387276812,2559.31900651125,2376.6174680981253,182.70153841312458,8993.849609375,-0.01295567073707915,8654.578543526786,8739.99525669643,57.14676120652603
0.0068916853405713,2570.234479631697,2498.8530157180057,2511.8519552410867,63.026465140868375,73.95655315899407,2617.984130859375,1,Train,2020-04-15,0.018924621665257657,0.025396447016461154,0.04075570003904638,0.0021500748330695253,0.001917035166914699,63.658133370536234,100.649658203125,2572.550984382531,2380.5807120460404,191.97027233649078,8925.2998046875,-0.007621853562688519,8701.371372767857,8666.990466889882,51.914698072680466
0.0003753064582936,2582.013985770089,2507.7823195684523,2521.500334842749,66.06365837121444,69.49655194483111,2599.045654296875,0,Train,2020-04-16,0.017875513289350442,0.028219117358985857,0.04077898058903018,0.0019263849465223114,0.0019239048132944,70.86247907366078,101.16643415178578,2586.1492378492817,2384.67923592304,201.47000192624182,8992.7998046875,0.007562771164790316,8806.942801339286,8638.545200892857,69.04940735129287
-0.0072339921160191,2588.17822265625,2517.5518391927085,2528.54990933858,63.498185520124586,64.09978163769382,2557.459228515625,0,Train,2020-04-17,0.01277462300480825,0.026038105558435776,0.04144213884515913,0.0019583356643256937,0.001781980787501323,65.68104771205299,102.991455078125,2599.1701424250973,2388.824207463296,210.3459349618015,9266.75,0.03046328187687486,8975.93568638393,8605.76185825893,69.74271334203786
-0.0160006522826935,2593.6149553571427,2523.3352632068454,2531.178029263765,61.18867347284219,60.61990805927832,2615.974609375,1,Train,2020-04-18,0.009096631420490553,0.02244882038147078,0.03954594326225469,0.0018953300225563847,0.0018243644647227665,56.94524274553487,98.6651436941961,2611.562658727522,2393.00156769547,218.561091032052,9266.75,0.03046328187687486,8975.93568638393,8605.76185825893,69.74271334203786
0.022880279070309,2600.7299455915177,2530.9373139880954,2538.886809273877,62.353833267227685,66.65905007937616,2715.315673828125,1,Train,2020-04-19,0.007248589637614433,0.017686211531652507,0.040221377273989445,0.0020266596461953235,0.0017648437044522518,45.197684151785325,100.56026785714266,2622.539503243851,2399.494979875569,223.04452336828217,9266.75,0.03046328187687486,8975.93568638393,8605.76185825893,69.74271334203786
0.0379747815965458,2617.41015625,2544.975806826637,2554.925796960627,69.07312881810526,72.75297025017181,2763.155029296875,1,Train,2020-04-20,0.01129440520666658,0.018354619779695325,0.04421720892489889,0.002127771168108779,0.001898450877662593,47.17567661830299,110.83380998883922,2634.3135517439405,2406.7890187080684,227.52453303587208,9261.849609375,-0.0005288143766692954,9043.02845982143,8608.830868675595,64.74952287310042
0.0176183402651319,2640.848039899553,2560.5223563058034,2573.8557271730133,79.44179977209028,80.20592583442252,2726.080810546875,0,Train,2020-04-21,0.018211294026065694,0.02278610977853268,0.05164823104351357,0.002519746482203461,0.0022357689568468166,58.834054129463766,129.69653320312455,2648.7209951107684,2413.3289037452582,235.39209136551017,8981.4501953125,-0.030274667144095657,9076.27134486607,8609.5166015625,55.38502561970484
-0.0134173502235356,2656.430733816964,2573.8716750372023,2587.694371116092,82.67813727014143,72.07445118234062,2709.375,0,Train,2020-04-22,0.021417367197184234,0.026370869889580817,0.05309562294186909,0.002530568104788565,0.002268970371804683,68.25251116071422,133.9335588727672,2664.162378125939,2419.414264591695,244.7481135342441,9187.2998046875,0.02291941778872575,9087.042689732143,8643.730887276786,57.880642145758124
-0.0061281420867064,2669.486572265625,2583.8900785900296,2598.756246469174,85.8368848512964,68.28259705261775,2788.07958984375,1,Train,2020-04-23,0.01989616181906917,0.029253230805046382,0.052358751710437135,0.002530547481869356,0.002162212994240658,75.87161690848234,132.8168596540172,2680.6473335437017,2424.087871534424,256.5594620092779,9313.900390625,0.01377995587701486,9132.764229910714,8693.75232514881,66.70440574223622
0.0290489835640137,2696.4914202008927,2597.081996372768,2615.9674595032266,94.8926855188257,71.74894619752942,2837.705810546875,1,Train,2020-04-24,0.02107026964847858,0.03682099895519708,0.05515843446317792,0.0029647270027750037,0.00250480579361359,95.761474609375,140.95915876116032,2700.559545614428,2427.30086872709,273.25867688733797,9154.400390625,-0.017124941572334906,9165.492885044643,8713.226143973214,59.485388431490406
0.0177994275643709,2736.5266462053573,2613.7643694196427,2636.125491416285,104.90770026184926,79.10000098207358,2836.2763671875,0,Train,2020-04-25,0.03015170370104281,0.045509294625041496,0.06469922020402175,0.003994002057690747,0.003399821909698529,119.11648995535734,166.29216657366032,2726.659583452975,2427.8950133662215,298.76457008675334,9154.400390625,-0.017124941572334906,9165.492885044643,8713.226143973214,59.485388431490406
-0.0005037320479318,2767.9983258928573,2630.4084821428573,2654.3210255773047,111.28205029135808,76.92582891893852,2822.072021484375,0,Train,2020-04-26,0.036902884116635226,0.04814752082370499,0.07203072529729071,0.0035274214191023277,0.003643340759918514,127.15028599330435,185.98434012276812,2756.3991693343073,2426.870504912345,329.5286644219623,9154.400390625,-0.017124941572334906,9165.492885044643,8713.226143973214,59.485388431490406
-0.0050080964843388,2783.2492327008927,2645.7763671875,2669.571116114311,114.5146141089212,73.11957098708224,2909.5634765625,1,Train,2020-04-27,0.032174332857152654,0.04774018658551871,0.07537000672405059,0.0036501452471612143,0.0036458516585189237,126.81849888392844,195.07101004464266,2784.1788921131892,2428.8970286457397,355.2818634674495,9282.2998046875,0.013971358975458648,9206.850027901786,8792.847563244048,68.91876161782659
0.0310025592586065,2804.164725167411,2666.848342168899,2691.3886034277825,120.53808247030008,77.21776523676908,2894.034912109375,0,Train,2020-04-28,0.024716762417002158,0.050450957236875205,0.08118004153830749,0.0036817612193700356,0.003647212195033724,134.67815290178578,210.54976981026812,2812.1322646913322,2431.8651474180424,380.26711727328984,9380.900390625,0.010622430648890235,9223.1572265625,8868.078543526786,74.50316843920932
-0.0053370770489156,2828.158168247768,2684.9411272321427,2709.810995126109,124.8983175781377,74.38809832380142,2883.651611328125,0,Train,2020-04-29,0.021734060238459696,0.048828914143945745,0.08744784249582027,0.003487148648938679,0.0036704709845351373,131.66674804687545,227.42822265625045,2840.490734306585,2436.3055268541293,404.18520745245587,9553.349609375,0.018383013524196468,9264.800083705357,8926.911876860118,68.02944791860878
-0.0035878284459539,2853.0548270089284,2701.518461681548,2725.6146875081104,127.15783048276832,73.00674615692321,2918.51416015625,1,Train,2020-04-30,0.02508061207306822,0.04258251275029856,0.09002970749396799,0.0030054465456386997,0.00364225384246909,116.5281808035711,235.64467075892844,2869.3103920203716,2442.13371721512,427.1766748052514,9859.900390625,0.03208830345213909,9390.29296875,8984.933314732143,73.40297483345853
0.0120897228677594,2871.688337053572,2718.785993303572,2743.151003203396,130.9583878794466,76.92334598150632,2961.566650390625,1,Train,2020-05-01,0.02407975939506546,0.03746028680391911,0.08741142756657783,0.0031924758065800638,0.003383623611940371,103.69001116071468,230.84029715401903,2896.6183865857515,2450.8794056854545,445.73898090029707,9859.900390625,0.03208830345213909,9390.29296875,8984.933314732143,73.40297483345853
0.0147515097997914,2889.382742745536,2739.8414481026784,2763.006971129508,132.83081754583336,83.9723791650042,2930.2841796875,0,Train,2020-05-02,0.02164821444046061,0.03813295223354829,0.08769361307375334,0.002036896484205632,0.0030463056713113494,106.13351004464312,232.95200892857156,2922.802364026927,2461.3839850244126,461.4183790025145,9859.900390625,0.03208830345213909,9390.29296875,8984.933314732143,73.40297483345853
-0.0105628116453158,2902.812430245536,2757.1802339099704,2778.213990089325,132.79189896786258,77.69121039187192,2956.46484375,1,Train,2020-05-03,0.017440114632767845,0.03517899793573487,0.08740476929310215,0.0015482235123225416,0.002841246097156929,98.647705078125,233.32585797991078,2947.2080697954925,2473.59255101924,473.61551877625243,9859.900390625,0.03208830345213909,9390.29296875,8984.933314732143,73.40297483345853
0.0089345136707157,2922.011404854911,2774.223597935268,2794.418613149386,134.37371470339266,74.3897663168094,2945.903564453125,0,Train,2020-05-04,0.01752386119065119,0.033185285625411565,0.08363460123200261,0.0014455837373229192,0.0028337700853331904,93.85323660714266,225.51998465401812,2971.7100329744353,2485.7385021818145,485.9715307926208,9293.5,-0.05744483901313502,9405.464425223214,9015.088076636905,53.52319429613792
-0.0035722661540189,2927.2028459821427,2790.7385370163693,2808.1899723588167,133.07901330458105,69.99054603333991,2918.82763671875,0,Train,2020-05-05,0.013089336582895683,0.025988991964430275,0.06967818129642156,0.002400425314958417,0.003247104304954076,74.14801897321422,190.67619977678532,2992.958477887362,2500.1868939039327,492.7715839834291,9205.599609375,-0.009458265521601117,9389.992885044643,9059.111886160714,54.15676832120483
-0.0091910434751116,2930.7446637834823,2805.111188616072,2818.2479418460834,129.63118010891588,71.55575044081262,2861.09619140625,0,Train,2020-05-06,0.009622472760179024,0.020565019528025585,0.05879567786159301,0.002755638664009652,0.003631349696066679,59.056326729910325,162.746337890625,3010.719107045456,2517.2993325471775,493.41977449827846,9270.900390625,0.007093593467121684,9406.6357421875,9091.166666666666,56.792993692926245
-0.0197789840640949,2927.5224609375,2816.6879534040177,2822.143237260644,122.75752334974752,65.54154966843694,2784.837890625,0,Train,2020-05-07,0.001886048792770767,0.013199953619063676,0.051836259053452904,0.0030658888659231146,0.004212629934794585,38.13971819196422,144.27322823660734,3023.4091527459095,2538.5437106748486,484.8654420710609,9199.0498046875,-0.007750119504051356,9394.742885044643,9136.17857142857,54.04705002245805
-0.0266535256697428,2908.425851004464,2825.535202752976,2818.751842111949,112.55902821981088,49.66626417962517,2809.899658203125,1,Train,2020-05-08,-0.006414654523669738,0.001933786937261317,0.03718081355967029,0.004624820239835798,0.005345502700414781,5.6134207589284415,104.26112583705344,3028.5783015365173,2564.855651448974,463.7226500875431,9251.5,0.0057016970693835045,9376.257114955357,9191.78334263393,49.67227591949941
0.0089993631810649,2886.7591378348216,2837.556175595238,2817.9470981202376,94.5346125544144,46.98482857357671,2867.2724609375,1,Train,2020-05-09,-0.015008310513095702,-0.01206438378766006,0.020720541815863358,0.005309238204510155,0.005638165064513006,-35.25226702008922,58.60096958705344,3026.7007030671734,2595.3361691426485,431.36453392452495,9251.5,0.0057016970693835045,9376.257114955357,9191.78334263393,49.67227591949941
0.0204180966273592,2877.7574637276784,2849.5227399553573,2822.431222012716,79.84777850006532,52.99741338523561,2864.229248046875,0,Train,2020-05-10,-0.016999014652780864,-0.01689168289868692,0.008658311254623685,0.0049464501078436765,0.0054611221014367025,-49.44538225446422,24.70263671875,3021.144046970303,2626.9275559872867,394.21649098301623,9251.5,0.0057016970693835045,9376.257114955357,9191.78334263393,49.67227591949941
-0.0010613616013421,2864.5809500558034,2856.6138625372023,2826.231042561276,73.70961097468552,54.16667068833218,2853.8466796875,0,Train,2020-05-11,-0.015075131082856519,-0.022575734606052,-0.0024749855010592903,0.003620747077147179,0.005734172492899285,-66.1637137276789,-7.107386997768572,3013.0033407678584,2657.4415532053563,355.5617875625021,9239.2001953125,-0.0013294930214019507,9331.378627232143,9213.069056919643,49.514804802706536
-0.0036249082947724,2851.4299665178573,2860.9325125558034,2828.741555027296,70.54912235223868,43.50282871901391,2826.546875,0,Train,2020-05-12,-0.012238350908438611,-0.025992112933362455,-0.013135253999480567,0.003022025570501281,0.005763402106748889,-76.09249441964266,-37.95277622767844,3001.5971303198353,2688.347686923468,313.2494433963675,9196.5498046875,-0.004616242718351149,9236.6142578125,9234.392857142857,55.130451958293385
-0.0095659675349095,2838.247000558036,2865.7166108630954,2828.542038661178,64.05479072635627,42.34045465553368,2876.8046875,1,Train,2020-05-13,-0.013729601492706411,-0.024129496174774778,-0.022242370542019052,0.002092153319487632,0.005543328997024707,-70.17885044642844,-64.5654296875,2986.6688964346963,2720.1519636378484,266.51693279684787,9383.5498046875,0.02033371253039773,9249.478515625,9247.328543526786,54.723331603450745
0.0177806400256497,2840.491071428572,2873.689453125,2832.9295521919803,53.106346121619815,49.28740688266619,2843.50830078125,0,Train,2020-05-14,-0.008409564626463806,-0.0160276850949721,-0.0278987047384186,0.0026595924906716055,0.0049793393671265255,-46.268066406249545,-81.52033342633877,2971.9242683758757,2749.296556819437,222.62771155643895,9142.75,-0.025661909373274727,9240.5,9254.419038318452,46.09540283354989
-0.0115740866466973,2848.87255859375,2876.3289155505954,2833.8912566091867,49.9205524978084,42.16823918450003,2876.088623046875,1,Train,2020-05-15,-0.0008968861077203183,-0.010037296574851973,-0.02675943264263636,0.0035877353404211347,0.004684518628177021,-28.88490513392844,-78.33028738839266,2961.3355082757644,2771.1199081583873,190.2156001173771,9136.849609375,-0.0006453627874545287,9221.349888392857,9264.492838541666,49.5694227888715
0.0114577904543742,2858.328125,2878.156668526786,2837.7273808307946,49.13216382081403,40.875234036520126,2869.554931640625,0,Train,2020-05-16,0.0070751856473436625,-0.0021828061991691072,-0.024709262351772177,0.003642915725085481,0.004425221443860576,-6.2528250558034415,-72.41653878348234,2954.0590897267807,2787.429306618086,166.62978310869494,9136.849609375,-0.0006453627874545287,9221.349888392857,9264.492838541666,49.5694227888715
-0.0022717281219687,2858.6541922433034,2879.7413620721727,2840.6207945407787,48.242452438286485,43.15550925551405,2855.9501953125,0,Train,2020-05-17,0.006394359411098893,0.0025335448565366736,-0.023524420260858547,0.0035944241157243265,0.0041565624817233495,7.224225725446104,-68.86826869419656,2947.319906975982,2801.7089853231255,145.61092165285663,9136.849609375,-0.0006453627874545287,9221.349888392857,9264.492838541666,49.5694227888715
-0.0047410614719777,2857.471470424108,2881.3546084449404,2842.014376429117,46.76125387332838,38.34099257938562,2810.34716796875,0,Train,2020-05-18,0.0030183560877157234,0.006773360409538798,-0.017519573539328426,0.003217746024666073,0.0035326197743748033,19.224469866072013,-50.95438058035643,2942.677579556952,2811.681987267825,130.99559228912676,8823.25,-0.034322509703259896,9167.66420200893,9256.419038318452,39.678489040776455
-0.0159677250039579,2851.257254464286,2876.6300223214284,2839.1355392963565,48.73902832628886,35.458499135480494,2782.55517578125,0,Train,2020-05-19,-0.0024737784559686338,0.003790254137394422,-0.012298179957321853,0.002787955047414542,0.003398393184296173,10.766183035713766,-35.50188337053578,2940.9437946408334,2815.7256808055945,125.21811383523891,8879.099609375,0.00632982284022332,9114.464146205357,9237.959495907739,38.496095096774084
-0.0098891668987598,2844.972726004464,2871.321463448661,2833.991869885892,52.66175436852895,35.40410839261415,2750.602294921875,0,Train,2020-05-20,-0.004785981555923247,-0.001368903841458935,-0.011392460322471654,0.002210176520913599,0.003280797993104045,-3.8998325892857792,-32.78473772321422,2941.326100651318,2814.535164694664,126.79093595665381,9066.5498046875,0.021111396826158035,9089.7998046875,9228.659505208334,38.916230527142936
-0.0114832874249847,2826.9438127790177,2864.9857817150296,2826.4109994346177,58.75514209108356,37.47346383636397,2736.50439453125,0,Train,2020-05-21,-0.010683451422372148,-0.010979954311922224,-0.01313879339875268,0.0033275634395849756,0.0034504071232639914,-31.384312220982338,-37.63713727678578,2943.05068854373,2808.336124374797,134.71456416893307,9106.25,0.004378754451001221,9076.899832589286,9234.602353050595,30.466799497026514
-0.0051253866895452,2811.657540457589,2856.318650018601,2818.2376717161296,63.682027051705695,43.62151134617962,2749.48291015625,1,Train,2020-05-22,-0.013888509689784834,-0.01644013183309656,-0.013948238788006329,0.0033079695149654184,0.003361793910432329,-46.99665178571422,-39.77242606026812,2944.589301820781,2799.0249908689507,145.56431095183052,9039.25,-0.0073575840768702605,9027.714146205357,9227.55236235119,41.108597563224606
0.0047427351664177,2793.5710100446427,2846.2194242931546,2811.98723884705,62.96938285888928,41.76424974790251,2647.9833984375,0,Train,2020-05-23,-0.0180675601878304,-0.02236258910748845,-0.015740698573665113,0.002766581715411227,0.0032537481757636552,-63.90046037946513,-44.67599051339312,2945.4516406871126,2787.2385099825306,158.213130704582,9039.25,-0.0073575840768702605,9027.714146205357,9227.55236235119,41.108597563224606
-0.0369158547390213,2761.917933872768,2832.7765299479165,2797.077798809818,73.39569565860126,23.317458223865188,2667.450439453125,1,Train,2020-05-24,-0.0230021829978736,-0.03133330759672315,-0.027661814658085482,0.0036707631913081447,0.004048756579460512,-89.33932059151766,-78.5731375558039,2945.698795950954,2770.9820076204755,174.71678833047827,9039.25,-0.0073575840768702605,9027.714146205357,9227.55236235119,41.108597563224606
0.0073516476829544,2734.9893973214284,2819.013939267113,2785.2934934137547,76.09037163271634,26.97665118457961,2638.7197265625,0,Train,2020-05-25,-0.027267952100483495,-0.03865883411736548,-0.03997481773229483,0.0034590246970907235,0.004429442268916447,-109.98332868303578,-113.88316127232156,2945.9280686142165,2751.5313900911406,194.39667852307593,9039.25,-0.0073575840768702605,9027.714146205357,9227.55236235119,41.108597563224606
-0.0107708516213389,2710.47119140625,2804.3861374627977,2771.968605518186,79.90822703604324,25.86608850744209,2680.966552734375,1,Train,2020-05-26,-0.02974680734429036,-0.0412008971831207,-0.051728467526362065,0.003060074274461962,0.0046754970946439964,-116.47262137276766,-147.85693359375,2945.1636294380924,2730.2684820295417,214.89514740855066,9029.0498046875,-0.0011284338094974533,9011.471261160714,9213.988048735118,43.47104119101395
0.0160103499233359,2695.9585309709823,2793.059419177828,2763.6956916287486,79.73325736924836,34.198083832462274,2590.564453125,0,Train,2020-05-27,-0.023881738878930858,-0.04114975164001555,-0.05691337613125114,0.002351972364846595,0.0046918026731563,-115.69900948660688,-162.6956612723211,2942.3840344338237,2709.891684037159,232.49235039666473,9314.9501953125,0.03166450477176164,9036.91420200893,9221.633277529761,51.40049490963397
-0.0337199654793052,2673.0959821428573,2780.176955450149,2747.956488128408,89.4533230825154,21.42088261705972,2617.32763671875,1,Train,2020-05-28,-0.022630221250286242,-0.043125815477251805,-0.06452399969329714,0.0022906997948840793,0.004670008260545982,-120.47502790178532,-184.37548828125045,2942.5727436689804,2686.1699879158405,256.4027557531399,9490.099609375,0.018803043536468778,9132.178431919643,9231.528506324405,58.6831280995564
0.0103310240212188,2656.070731026786,2772.2002766927085,2736.081138000257,96.22887846709224,27.118912815183123,2690.8564453125,1,Train,2020-05-29,-0.020070480937759094,-0.03832380446495132,-0.06845630050809748,0.002135673603395492,0.004194015519108298,-105.84720284598234,-195.1865234375,2944.427394504752,2661.2464963992657,283.18089810548645,9580.2998046875,0.009504662651105722,9232.349888392857,9241.023716517857,59.59327091129677
0.0280930853142751,2647.6955217633927,2766.5315522693454,2731.9698023013702,97.39627646621923,32.69508065704369,2738.071044921875,1,Train,2020-05-30,-0.017901985009467936,-0.0319174456923047,-0.06934238857120134,0.002813764574664674,0.0035090749291838324,-87.29387555803578,-197.27720424107156,2944.226424971267,2638.441271736322,305.785153234945,9580.2998046875,0.009504662651105722,9232.349888392857,9241.023716517857,59.59327091129677
0.0175463093512935,2660.565185546875,2760.379103887649,2732.5244607214163,94.759447588617,38.5841262466021,2729.657470703125,0,Train,2020-05-31,-0.004687746597837106,-0.018412298945513883,-0.058854592892875646,0.005038826460342679,0.004240742654901513,-49.906005859375,-166.37862723214266,2940.5338120143283,2621.7323082423686,318.8015037719597,9580.2998046875,0.009504662651105722,9232.349888392857,9241.023716517857,59.59327091129677
-0.0030728107783595,2669.451904296875,2753.970924014137,2732.263825265208,91.89223696659953,38.93509825890281,2692.37841796875,0,Train,2020-06-01,0.005037958181526303,-0.00983198605230795,-0.05057715390814299,0.005524564303608395,0.004658482995659499,-26.506626674107338,-142.20563616071422,2935.2686176121647,2608.7996964224344,326.4689211897303,9826.150390625,0.025662097319460564,9340.8642578125,9254.014229910714,65.0712517897577
-0.0136570442022428,2677.117431640625,2746.281959170387,2728.637879147348,89.85004472352915,39.51140330998579,2691.3935546875,0,Train,2020-06-02,0.011112270891947995,0.0015044164237394408,-0.04168627823860349,0.005362883701003733,0.005058601682746573,4.021449497767662,-116.45357840401766,2929.3436080825168,2598.61174906034,330.73185902217665,9979.099609375,0.015565527970742954,9465.557059151786,9259.690383184523,69.01654586695055
-0.0003657967522979,2678.607003348214,2739.846086774553,2725.25203146918,88.64566020018762,41.48912407255117,2730.776611328125,1,Train,2020-06-03,0.006781197431037889,0.008484816333455214,-0.030164158573580457,0.005163317240196362,0.005205772087394283,22.53627232142844,-83.3109305245539,2921.328018829699,2590.4389315051217,330.8890873245773,10061.5498046875,0.008262288035990828,9611.599888392857,9296.264183407739,67.357910906298
0.0146329608956792,2698.6373116629466,2732.892368861608,2725.754266001812,82.90664040644614,48.17439613396244,2748.677001953125,1,Train,2020-06-04,0.010933108522799495,0.01924004836690063,-0.01329149052427192,0.004772192679541039,0.006030338101533757,50.941789899553896,-36.35208565848188,2909.628704842074,2587.114720799667,322.5139840424072,10029.099609375,-0.003225168681009971,9754.464146205357,9335.478469122023,75.40192620074087
0.0065550549066311,2717.4015066964284,2728.376592726934,2727.8381510882946,79.07441235981172,51.11309256177609,2737.041748046875,0,Train,2020-06-05,0.015047556218374725,0.021362499012731684,0.002556867349172265,0.0037100714429908845,0.006577380692438824,56.83632114955344,6.9303152901784415,2894.4636809486856,2588.187082862699,306.27659808598673,10142.150390625,0.011272276241460544,9872.63560267857,9376.966564360118,77.14386967078076
-0.0042330378934964,2723.999407087053,2721.7553129650296,2728.674841720893,71.5509701391526,48.859548492296206,2744.381103515625,1,Train,2020-06-06,0.01694627232815371,0.02043397099695854,0.010401078426815147,0.0025020690808913453,0.006587084008641035,54.54750279017799,28.04087611607065,2877.5106556707046,2591.6746296250535,285.8360260456511,10142.150390625,0.011272276241460544,9872.63560267857,9376.966564360118,77.14386967078076
0.0026814919699296,2724.9008440290177,2715.794654482887,2730.102683702232,63.36872542276343,60.68026739822308,2783.674072265625,1,Train,2020-06-07,0.00973214601775707,0.017848829425128887,0.019380097920999928,0.0028279457231105572,0.005997325133106968,47.78341238839266,51.804861886160325,2858.660528317658,2597.267694338592,261.3928339790664,10142.150390625,0.011272276241460544,9872.63560267857,9376.966564360118,77.14386967078076
0.0143176065086823,2732.617501395089,2712.3529343377977,2734.9728099352674,57.02069483033994,62.334960195596594,2786.269287109375,1,Train,2020-06-08,0.005599465026115746,0.02016365147233712,0.028819552685147132,0.00283692560380085,0.0054986305425929905,54.010498046875,76.54677036830344,2839.240048734849,2604.824198614481,234.4158501203683,10167.4501953125,0.002494520758722585,9969.399972098214,9423.080868675595,92.98686778782343
0.0009322983856503,2746.0304827008927,2711.206368582589,2739.6361260420044,55.16354923641996,66.57937546464322,2717.8427734375,0,Train,2020-06-09,0.008087768138466345,0.017561889785308482,0.03713982976109276,0.0028837523649827587,0.0049951093318870475,47.393171037946104,98.3349609375,2819.9145743481763,2614.2554486707963,205.65912567737996,10046.650390625,-0.011881032349997822,10036.021484375,9460.94517299107,85.84850443829032
-0.0245584710668308,2749.8089425223216,2708.124825613839,2737.654912168868,52.73249416606071,53.91335257818285,2730.1044921875,1,Train,2020-06-10,0.00914091921835758,0.011925891608594474,0.033543157469040796,0.002751239239264534,0.0046546941192420555,32.40743582589312,89.24375697544656,2803.7594783796026,2622.6970576137005,181.06242076590206,10116.150390625,0.006917728526201428,10077.45005580357,9502.70470610119,84.74345936293642
0.0045115629461123,2749.7129255022323,2707.1487397693454,2736.96851035238,52.09274495947332,67.75234749075042,2801.21728515625,1,Train,2020-06-11,0.0062560618522040645,0.00943961968136997,0.030066479593120032,0.0025133730124677254,0.0037272697112694596,25.71351841517935,80.26102120535734,2790.106661224235,2630.1554132735328,159.95124795070205,9902.0,-0.021169158460066062,10066.435825892857,9536.297572544643,73.61344391702745
0.0260476451257625,2757.218680245536,2710.2303059895835,2742.809308061823,55.70493750790774,71.02229466468691,2812.80810546875,1,Train,2020-06-12,0.004074316587206583,0.011860187972466907,0.029920707869666385,0.001689998559216978,0.002837776209929922,32.31783621651812,80.10124860491078,2781.6840294052913,2634.942812112566,146.7412172927252,9972.900390625,0.00716020911179549,10053.77162388393,9564.361886160714,77.64157642258746
0.0041377798052011,2768.0424455915177,2713.2457914806546,2749.172835098816,59.51944348682896,66.2415900509962,2793.564697265625,0,Train,2020-06-13,0.006630825431992005,0.012963740508264543,0.03338878832598824,0.0018301659330512315,0.002298462142845718,35.42494419642844,89.43544224330344,2782.9767599202464,2634.2625327694855,148.71422715076096,9972.900390625,0.00716020911179549,10053.77162388393,9564.361886160714,77.64157642258746
-0.0068413512339186,2775.068673270089,2720.1782342819943,2753.208458932162,60.01416320892101,57.98564072872809,2743.217529296875,0,Train,2020-06-14,0.009221234526955557,0.010574606054859048,0.02832220590622625,0.0016124989230054732,0.0022513516067882585,29.03819056919656,76.43136160714266,2789.966236379079,2631.2809839055194,158.68525247355956,9972.900390625,0.00716020911179549,10053.77162388393,9564.361886160714,77.64157642258746
-0.0180225530548945,2769.289167131697,2723.7861909412204,2752.3001926016814,58.95388880483413,51.74118092582096,2744.96240234375,1,Train,2020-06-15,0.004377776406580214,0.007084210218440523,0.019094587350232617,0.0023849990726520767,0.002626630164119597,19.480224609375455,51.88766043526857,2797.1311797441444,2629.997838112998,167.13334163114632,9813.7001953125,-0.015963279394844432,10023.000279017857,9596.31189546131,71.34694680014454
0.0006360680581252,2763.38818359375,2728.8453659784227,2751.633120760051,55.761029571970965,57.430088505344266,2827.084228515625,1,Train,2020-06-16,-0.0016814272502143623,0.004973340294794459,0.014459906417093604,0.0023933593205946652,0.0029155100131517627,13.675258091517662,39.38877650669701,2802.9178567625404,2630.954126356879,171.9637304056614,9914.0,0.010220386061458031,9990.40736607143,9633.319056919643,68.12829325523596
0.0299172863357823,2778.994105747768,2735.803350539434,2758.492312374194,58.53531293214855,65.59679549384563,2844.359130859375,1,Train,2020-06-17,0.0014145352565466673,0.007897605532069418,0.019851460590679215,0.0030013310448219793,0.0030012985416965547,21.775425502232338,54.093261718750455,2809.872185672318,2634.589609807593,175.282575864725,9881.150390625,-0.0033134566648174157,9949.507393973214,9683.695265997023,62.94912009520175
0.0061105014733926,2795.316196986608,2747.8888113839284,2766.2983867819376,52.98606027989796,63.75466684326857,2832.856689453125,0,Train,2020-06-18,0.009398451474053937,0.00985308279449515,0.022944556111314185,0.0033084571283930287,0.0028277888828692446,27.27375139509013,62.69869559151857,2816.828247206465,2641.5580948694274,175.27015233703787,10091.650390625,0.021303187551898528,9955.935965401786,9741.435779389882,65.68318600292204
-0.004043948347259,2799.836111886161,2758.152099609375,2772.3491415702274,46.96367472002054,60.35447873247727,2899.001953125,1,Train,2020-06-19,0.01318957955628619,0.00892498223724525,0.01959396646331002,0.003314308397261697,0.00252818301737184,24.76743861607156,53.80562918526812,2820.993932687099,2652.60646840107,168.38746428602917,10244.400390625,0.015136275444292302,9974.257393973214,9797.523902529761,63.604719569109335
0.0233493151694321,2812.149518694197,2768.063790457589,2783.863033529752,53.55307511590839,67.56621067198093,2922.0947265625,1,Train,2020-06-20,0.011930724458124597,0.015477022793864759,0.02267087549533242,0.003359826868443384,0.0025992710387970487,42.8603515625,62.340576171875455,2826.9533117114197,2661.805522691481,165.1477890199385,10244.400390625,0.015136275444292302,9974.257393973214,9797.523902529761,63.604719569109335
0.0079657667745296,2830.5109514508927,2776.8268229166665,2796.4295510781835,62.67854341181284,68.63792574582172,2928.09130859375,1,Train,2020-06-21,0.012590616582920156,0.024290024925072373,0.0293841677795883,0.003731816356666437,0.0027642934870060532,67.12276785714266,80.79802594866032,2835.6507081601458,2669.2140309581573,166.43667720198846,10244.400390625,0.015136275444292302,9974.257393973214,9797.523902529761,63.604719569109335
0.0020521518268177,2856.9214913504466,2786.276053292411,2808.3988017614165,69.76852652696061,66.28314184619332,2969.2197265625,1,Train,2020-06-22,0.02038882891107119,0.02804158002404611,0.03616064689364151,0.003717950455006743,0.0032812476944707072,77.92738560267844,99.70281110491078,2849.1113741249546,2673.7337709643307,175.37760316062395,10311.2001953125,0.006520616350433883,10032.714564732143,9854.90248325893,61.44384432890818
0.0140461528122572,2888.958251953125,2799.458972749256,2823.018885834242,76.92691039926163,68.97867471301456,2973.60498046875,1,Train,2020-06-23,0.027313175472474027,0.033499628796006986,0.04368278620661403,0.0031491261302016957,0.003908416797804504,93.64205496651721,120.91580636160734,2867.877446484657,2676.0028234651204,191.87462301953656,10471.0,0.015497691991291696,10103.871651785714,9923.0810546875,63.39516597434811
0.0014769044766271,2909.8897879464284,2812.8976120721727,2836.7085308010155,81.61223888958493,80.5973540757841,2905.84912109375,0,Train,2020-06-24,0.028043995538984623,0.03930718501452857,0.04858298317982479,0.0031456963125311614,0.003961557777490735,110.05367606026766,134.82111467633922,2890.249312453672,2674.7562051244536,215.49310732921822,10305.2998046875,-0.015824677233549855,10174.100167410714,9983.85486421131,58.31126919579965
-0.022785763347867,2918.674072265625,2821.234398251488,2842.9940390094457,81.74586623120592,68.56029743917658,2778.303466796875,0,Train,2020-06-25,0.021615078013917932,0.03788011727800722,0.05394341151041804,0.0034281075773096798,0.0037996808244081712,106.52455357142799,149.384905133928,2911.706455437943,2673.426318697102,238.28013674084104,10288.900390625,-0.001591357298992957,10227.65736607143,10030.233444940477,54.688650540278125
-0.04389273117142,2910.8807547433034,2822.6451822916665,2837.113077899212,80.67974513221968,47.83781006824185,2881.14599609375,1,Train,2020-06-26,0.007588376459008117,0.028394097274633046,0.05337381553023124,0.004573536315281479,0.00421951145101309,80.36980329241078,147.49257114955344,2927.5446916826586,2676.276217218011,251.26847446464762,10383.0,0.00914574014738645,10299.350167410714,10072.752511160714,56.59678449979946
0.0370163052833976,2908.329903738839,2829.5072893415177,2841.116070462352,79.14858305003465,55.50112100925422,2859.843017578125,0,Train,2020-06-27,-0.0005360629856329124,0.017994338501788,0.046540508208911646,0.005193338398184804,0.004407343305818293,51.40841238839266,129.3357979910711,2939.788939530814,2682.374875340838,257.41406418997576,10383.0,0.00914574014738645,10299.350167410714,10072.752511160714,56.59678449979946
-0.0073939253840338,2899.4368024553573,2835.0054757254466,2842.818520200149,76.91843788948898,55.31769525012418,2829.9931640625,0,Train,2020-06-28,-0.006591099017553059,0.0036271034706534255,0.03724823888653206,0.005887456691023899,0.004746536818325538,10.478550502232338,104.12060546874955,2948.341137924613,2690.5046070530657,257.83653087154744,10383.0,0.00914574014738645,10299.350167410714,10072.752511160714,56.59678449979946
-0.0104375846269014,2885.422781808036,2837.2111467633927,2841.6525787330897,76.0318904654337,57.19903670681739,2814.5537109375,0,Train,2020-06-29,-0.008745797262146082,-0.008408224338853576,0.03056845704594391,0.005966075544530006,0.0050282314562838885,-24.467006138392662,85.586669921875,2953.665629707878,2699.1193451805157,254.54628452736233,10312.400390625,-0.006799538608783573,10330.88588169643,10107.614443824405,58.39096323650029
-0.0054556503249062,2863.32763671875,2838.558024088541,2839.189045297127,75.33165272282284,55.64512807025604,2791.50537109375,0,Train,2020-06-30,-0.015473577107685044,-0.018962869500503077,0.0181989320568976,0.00499522775601707,0.00563783024627565,-55.346435546875,51.17811802455299,2955.0125615665497,2709.1242827414867,245.88827882506303,10302.099609375,-0.0009988732845714887,10339.128627232143,10130.27869233631,56.099296959384574
-0.0081889856122421,2837.313406808036,2842.0657668340773,2834.854165824093,71.02131687408972,46.80798495494236,2783.181396484375,0,Train,2020-07-01,-0.021426021631067438,-0.025273226261635418,0.0024032605680808228,0.004091823881223342,0.006346740707628053,-73.56734793526766,6.802455357143117,2953.1206199139237,2719.7762725246926,233.3443473892312,10430.0498046875,0.012419817334717198,10356.107142857143,10151.752511160714,68.35865590612937
-0.0029818945346014,2819.789446149553,2844.593238467262,2830.156641338664,67.7046677458813,44.42174811226671,2775.39453125,0,Train,2020-07-02,-0.02274652299562019,-0.030443746246071268,-0.012997222819497778,0.002924306679434041,0.006523097895132136,-88.54045758928623,-37.13204520089357,2950.5186884801037,2728.6352805489137,221.88340793119005,10551.7001953125,0.011663452514898642,10367.6357421875,10175.093005952382,69.4371694696363
-0.0027978288602428,2819.373883928572,2843.3635835193454,2825.17826769424,68.75815419620987,44.72479459724295,2803.32080078125,1,Train,2020-07-03,-0.015350584483076135,-0.027613265603507853,-0.02408631830436092,0.003367896106277751,0.006519867340386779,-80.06291852678532,-69.58436802455299,2948.3930365891233,2735.8940762736006,212.4989603155227,10607.349609375,0.005273976044848361,10410.785714285714,10202.628720238095,78.64439301648036
0.0100620899900212,2808.2559988839284,2842.9118071056546,2823.191225247604,68.99970160783964,40.55327153625581,2796.2490234375,0,Train,2020-07-04,-0.010241169641106662,-0.026743665923284143,-0.03492702351941146,0.002988829424297945,0.006519019664487413,-77.16678292410734,-101.6337890625,2946.622927766248,2740.9829176578596,205.6400101083882,10607.349609375,0.005273976044848361,10410.785714285714,10202.628720238095,78.64439301648036
-0.0025226429104293,2799.171142578125,2843.0396321614585,2820.741934173958,68.9061359551428,37.169175593694206,2788.328369140625,0,Train,2020-07-05,-0.007312001113977673,-0.022406270703322462,-0.04094425301648552,0.0029704669949527046,0.006275376117573711,-64.156494140625,-119.5029296875,2944.3576921455956,2746.236350823154,198.12134132244137,10607.349609375,0.005273976044848361,10410.785714285714,10202.628720238095,78.64439301648036
-0.0028325997543444,2793.2190290178573,2845.187767392113,2817.795246443655,66.29218556588948,35.80590853303248,2717.080810546875,0,Train,2020-07-06,-0.009276830951654436,-0.015540890789285222,-0.04042134860169566,0.0031671660239616702,0.005562450074007223,-44.09437779017844,-117.6617257254461,2941.4573980082478,2752.1197295029124,189.3376685053354,10763.650390625,0.014735139974255018,10478.607142857143,10232.223958333334,79.47412567702526
-0.025552068896286,2779.294328962053,2843.8600725446427,2808.639388634857,68.63757268775936,25.8694273632522,2718.29052734375,1,Train,2020-07-07,-0.010313044798403559,-0.014361042893750953,-0.04436758519413597,0.002889528141399404,0.0042145815334815075,-40.4951171875,-129.03557477678623,2941.4272311731206,2752.1799186594685,189.2473125136521,10799.650390625,0.003344590235981215,10538.128627232143,10262.32872953869,81.79300796123226
0.0004452266536125,2768.835065569197,2838.679420107887,2800.425855790211,73.87319780385296,25.41609150439882,2729.701904296875,1,Train,2020-07-08,-0.010837521346046541,-0.01792554674903679,-0.04504382946907537,0.001950595965978886,0.0030800983364944927,-50.538818359375,-130.60173688616032,2943.8053444584834,2747.1536922323644,196.65165222611904,10705.75,-0.00869476207364206,10594.32142857143,10293.714425223214,73.122954617325
0.0041979975423289,2761.195138113839,2833.219552176339,2793.9964056544527,77.57667613369213,30.974622774897966,2770.830078125,1,Train,2020-07-09,-0.011464869231997965,-0.016758038009637488,-0.04305353256286215,0.0015506545734825686,0.0024582071145694577,-47.06086077008922,-124.22764369419656,2947.0327631342034,2740.0621761794127,206.97058695479063,10813.4501953125,0.010060032721901813,10667.371512276786,10326.919177827382,72.17911465783217
0.0150669103330969,2760.543073381697,2830.2659040178573,2791.890375879048,78.76291120056337,49.007543203368215,2784.9267578125,1,Train,2020-07-10,-0.0067467685537856426,-0.013799824029641306,-0.03589689214009739,0.0015236163253343155,0.0026354599651271463,-38.62806919642799,-102.78456333705299,2950.164665731447,2731.7696290509193,218.39503668052748,10768.0498046875,-0.004198511095439339,10715.6572265625,10368.159644717261,68.1080972280499
0.0050875294731314,2757.915352957589,2824.83375186012,2791.25731969118,77.71204653371576,33.28155224488411,2804.125732421875,1,Train,2020-07-11,-0.003943793094574599,-0.012639064711184367,-0.02798353317611435,0.0016328100882359445,0.002629130987196036,-35.30367606026812,-79.39805385044656,2952.653160911266,2722.0215740217695,230.63158688949625,10768.0498046875,-0.004198511095439339,10715.6572265625,10368.159644717261,68.1080972280499
0.0068938885216698,2759.040597098214,2819.2161807105654,2792.42717539397,74.52840706071106,40.24761081036731,2815.404052734375,1,Train,2020-07-12,-0.0007802929194988817,-0.007287364872723856,-0.021543753606955263,0.0019406438242151555,0.0028560196577213175,-20.253731863838766,-60.748849051338766,2952.471425518775,2712.4152199890373,240.05620552973778,10768.0498046875,-0.004198511095439339,10715.6572265625,10368.159644717261,68.1080972280499
0.0040220451537167,2762.9085518973216,2813.850120907738,2794.5159824249163,70.23023617869714,47.26885821024449,2794.906982421875,0,Train,2020-07-13,0.0008568888268520869,-0.002140435790333739,-0.020027614057547605,0.002337831750666591,0.003112648400257329,-5.926513671875455,-56.465332031250455,2946.9092212878095,2705.3724542144228,241.53676707338673,10802.7001953125,0.003217889149241815,10751.514369419643,10407.673921130952,64.59560336996475
-0.0072803299024141,2774.0265764508927,2805.549514043899,2794.551527879185,60.58793116133937,46.39040323528383,2763.57958984375,0,Train,2020-07-14,0.005841812177457051,0.004647059586603053,-0.012188854024219764,0.0025999740198620505,0.003350625347768293,12.831438337053442,-34.22942243303578,2935.476308810648,2703.219045542031,232.25726326861695,10607.349609375,-0.01808349601540049,10751.514369419643,10445.466750372023,62.95292457294576
-0.0112087424644733,2780.4964425223216,2795.5483049665177,2791.7358971486906,47.34779559130463,45.020807577789,2731.2685546875,0,Train,2020-07-15,0.0077765602458599314,0.0072280593384046465,-0.0066715106381824985,0.0022284837077869843,0.002922520393235205,19.953369140624545,-18.67470005580344,2919.7964012193834,2705.081190158965,214.71521106041837,10618.2001953125,0.0010229309240368245,10730.735770089286,10479.000093005952,64.18902371801292
-0.0116917331691818,2780.7202497209823,2787.2349446614585,2786.238866015856,42.04196716016292,41.47325585405388,2747.6025390625,1,Train,2020-07-16,0.006446720001437978,0.008268889303994387,-0.004474686434192687,0.001713413285809097,0.0026034949055906073,22.804896763393117,-12.498779296875,2903.4958876536557,2708.3656532224604,195.13023443119528,10739.9501953125,0.011466161662100571,10722.20717075893,10519.895321800595,65.02247718374738
0.0059803655510064,2777.402029854911,2785.772995721726,2782.7264726564595,42.893247220214896,45.5598027896527,2764.65380859375,1,Train,2020-07-17,0.0012168064403825785,0.006655006372870309,-0.0006808559595229413,0.0018611090039944366,0.002592347132213385,18.36143275669656,-1.8922991071422075,2884.838240679985,2713.930512807738,170.90772787224705,10901.7001953125,0.01506059125586967,10750.20005580357,10558.46912202381,73.03384596592883
0.0062058719515771,2774.5058942522323,2780.2257486979165,2781.083503196213,37.081270923789006,43.599959913879495,2758.56787109375,0,Train,2020-07-18,-0.0021544887375057886,0.004197512200303066,0.0020480919046255153,0.0018762030416019848,0.002457221877016045,11.59734235491078,5.6708286830353245,2864.977254613792,2721.298408053619,143.67884656017304,10901.7001953125,0.01506059125586967,10750.20005580357,10558.46912202381,73.03384596592883
-0.0022013380051716,2767.997628348214,2775.403122674851,2779.0366275505344,32.51319352810358,43.742712629064506,2738.8759765625,0,Train,2020-07-19,-0.004575297128161182,-0.0021733562878809565,0.0024636035825493785,0.002239891105661183,0.0024019877770817704,-6.0289481026784415,6.802490234375,2845.1964266875425,2729.3367206338858,115.85970605365674,10901.7001953125,0.01506059125586967,10750.20005580357,10558.46912202381,73.03384596592883
-0.0071384484455124,2757.0650460379466,2771.064208984375,2775.3856592788948,30.90385513171924,42.096958829134,2757.224609375,1,Train,2020-07-20,-0.00732230465678263,-0.008427055012923956,-0.0012599069282008823,0.0027271948328173824,0.002525846493044191,-23.431396484375,-3.4780273437504547,2828.975572039622,2734.9313162137264,94.04425582589556,11022.2001953125,0.011053321760931656,10780.021484375,10595.50720796131,75.91402278265528
0.0066993295678647,2751.6818498883927,2768.334251767113,2773.734654742177,29.363801680550267,57.72083854930182,2758.11962890625,1,Train,2020-07-21,-0.008226345603057794,-0.010442762027393249,-0.0022602227666311814,0.0019818181640072134,0.002267931404048643,-29.038399832589675,-6.2335030691965585,2818.679280787581,2736.664451773803,82.01482901377767,11162.25,0.012706156865764484,10836.33579799107,10636.033389136905,76.121964492638
0.0003246088578372,2750.90185546875,2766.744454520089,2772.315106938911,28.94738172185441,57.66959710403836,2800.84375,1,Train,2020-07-22,-0.006176223817672133,-0.00954135343076179,-0.00294984482577898,0.0013660668086931324,0.002091447783384071,-26.50017438616078,-8.13874162946422,2811.765134231853,2736.689839261451,75.07529497040196,11132.599609375,-0.0026563094918139463,10883.464285714286,10667.538132440477,72.18014946332063
0.0154903074710694,2760.8411690848216,2767.585518973214,2774.908619944464,29.6957504404277,62.225007908159625,2840.867919921875,1,Train,2020-07-23,0.0013696169599992647,-0.004925102230173395,-0.0007482632065691774,0.0023540266680008733,0.002241094811017386,-13.66472516741078,-2.0673828125,2802.632014356199,2739.9696876527305,62.66232670346835,11215.4501953125,0.007442159858846331,10970.33579799107,10710.878627232143,72.74626767534711
0.0142900402501477,2774.164794921875,2770.703299386161,2780.9049199424107,33.72087621318086,62.08113468964908,2860.2060546875,1,Train,2020-07-24,0.008170619373891075,0.002228024515086302,4.982593611591035e-05,0.0032208229779350666,0.002583456021134359,6.167166573660779,0.13821847098233775,2795.7424679294118,2743.4501136833123,52.29235424609942,11194.150390625,-0.0018991484351116306,11052.61439732143,10753.985770089286,67.91207791025758
0.0068071220875896,2787.815115792411,2773.4121210007443,2788.114114010146,38.42830965293236,62.75462170135528,2827.466796875,0,Train,2020-07-25,0.013418603157461906,0.011153189801834218,0.0026321462448806177,0.0037018051264982033,0.0028208137383421207,30.75006975446422,7.318673270089221,2792.8612974847933,2745.1956814493583,47.66561603543505,11194.150390625,-0.0018991484351116306,11052.61439732143,10753.985770089286,67.91207791025758
-0.0114464682566645,2797.6578194754466,2774.898681640625,2791.691630634224,39.930362140444416,53.78120019142314,2841.452392578125,1,Train,2020-07-26,0.013335301864840332,0.01670831589375732,0.006091072899607086,0.0035623840544186493,0.0029116222209735858,45.975969587053896,16.93756975446422,2794.093024817871,2744.4078331620403,49.68519165583075,11194.150390625,-0.0018991484351116306,11052.61439732143,10753.985770089286,67.91207791025758
0.004946334195182,2812.311593191964,2777.428397042411,2796.215336265487,42.42836768380917,54.18308105361545,2835.9208984375,0,Train,2020-07-27,0.013750732595236181,0.022323492785150556,0.01256914301991685,0.0028231495295834193,0.003125283222406987,61.40973772321422,34.90956333705344,2802.12328561163,2739.679298791272,62.44398682035808,11131.7998046875,-0.005569925698846956,11108.59291294643,10789.642903645834,63.52340744970088
-0.0019467136437243,2823.5539202008927,2783.087448846726,2799.8249328265792,41.89889437447268,56.91895832389488,2814.7392578125,0,Train,2020-07-28,0.012819646541848861,0.022715088364485547,0.017678112001949575,0.001875929990752144,0.003123495941747553,62.712751116071104,49.048025948660325,2812.7017791873623,2734.5726906787095,78.12908850865279,11300.5498046875,0.0151592736988444,11165.57142857143,10836.69763764881,72.82593786562913
-0.0074690519882519,2831.642438616072,2787.680245535714,2801.180780552572,39.6677284203747,58.93643044297061,2825.35302734375,1,Train,2020-07-29,0.012147525299215367,0.020718900261228246,0.02299308699402225,0.000873762355982325,0.0031406251729700664,57.47764369419701,63.64481026785779,2823.522789095518,2730.7964108207766,92.72637827474136,11202.849609375,-0.008645614328603224,11191.378487723214,10879.590494791666,65.05910797600785
0.0037707824985175,2835.1437639508927,2792.235060918899,2803.378257533588,38.13964524633557,67.78232445163053,2827.60107421875,1,Train,2020-07-30,0.008118649019618118,0.016976968053001196,0.028319505201790385,0.0014102909213525355,0.0031210224619294094,47.32864815848188,78.0787179129461,2833.240940457333,2728.538328515881,104.70261194145223,11102.150390625,-0.008988714680747911,11182.79282924107,10911.595284598214,62.39059685243441
0.0007956693741431,2833.2485002790177,2794.938441685268,2805.580331777693,38.55629571141169,65.9703863999688,2863.08447265625,1,Train,2020-07-31,0.003433467308262106,0.01272159895889069,0.02964247134672693,0.002103850602001541,0.0030906122933607436,35.590680803571104,81.566650390625,2840.753970641355,2728.5586130640027,112.1953575773523,11073.4501953125,-0.002585102372305803,11174.34291294643,10936.440522693452,60.08566235905435
0.0125489407827106,2833.6597028459823,2798.6602376302085,2810.8079809484707,41.221668717237776,68.30307124347863,2878.3291015625,1,Train,2020-08-01,0.0007124007616217121,0.007590947498740119,0.030083896745611183,0.002157309312423441,0.003033355278525587,21.348109654018117,82.75784737723234,2847.1728170846377,2729.601677195497,117.5711398891408,11073.4501953125,-0.002585102372305803,11174.34291294643,10936.440522693452,60.08566235905435
0.0053245473725427,2840.925746372768,2802.1937313988096,2816.9462646406555,44.7434791568278,71.53593141404102,2878.41943359375,1,Train,2020-08-02,0.002039396553851658,0.006152468365342667,0.029007310592406688,0.0020981414096212323,0.0028300086881423146,17.371826171875455,80.08457728794656,2854.2245364446244,2730.3516772830544,123.87285916156998,11073.4501953125,-0.002585102372305803,11174.34291294643,10936.440522693452,60.08566235905435
3.138349648801331e-05,2846.2067522321427,2805.1944638206846,2822.534734545482,47.68979520298351,76.99640280973811,2893.30517578125,1,Train,2020-08-03,0.00457363762897911,0.005143415502413706,0.025968881676438516,0.0016149298469148676,0.0022857368470577343,14.564313616070649,72.04195731026766,2861.6475435567527,2730.14668774905,131.50085580770246,10891.599609375,-0.016422215545293994,11128.078543526786,10949.976236979166,60.696127269333154
0.0051714986404587,2854.4045061383927,2809.8800920758927,2828.9684110214607,51.3239414229118,76.68399685950097,2944.572998046875,1,Train,2020-08-04,0.007320851996298394,0.0067935680837079016,0.0238858703250322,0.0013913633201483653,0.0019358553827688344,19.2607421875,66.58939034598188,2869.8516303544266,2729.3334073129836,140.51822304144298,11095.25,0.018697932161379383,11113.949916294643,10965.766694568452,65.67642382975338
0.0177194658533668,2872.9521833147323,2818.498825799851,2839.477918932862,57.93161817371924,80.5302751075957,2946.866455078125,1,Train,2020-08-05,0.011273239711687255,0.014013484179663305,0.02691335706430431,0.0023256099603308337,0.0019999886309194272,39.703683035714675,75.29436383928578,2881.0467700924182,2727.3614609343676,153.6853091580506,11101.650390625,0.0005768586219327965,11109.642857142857,10980.147646949405,62.86088901636236
0.0007788759296412,2890.3112444196427,2828.76539248512,2849.2405131278856,60.73595537699848,77.55899452883168,2934.634033203125,0,Train,2020-08-06,0.01549588488359488,0.01999235882726591,0.027735067272239622,0.002714219602619429,0.002147182506457601,56.651541573660325,77.99965122767844,2894.586234237193,2725.1129182460663,169.47331599112658,11200.150390625,0.008872554668374333,11095.300083705357,11003.690522693452,61.11172113093312
-0.004150992948432,2905.601667131697,2837.671654110863,2857.003560407453,61.94034807935735,69.77055681616953,2945.0673828125,1,Train,2020-08-07,0.017936196808547855,0.022765790637613748,0.029058324809666303,0.002372653579770885,0.0021762694886246175,64.6759207589289,82.04774693080435,2909.4990113585445,2723.309718412661,186.1892929458836,11214.0498046875,0.0012410024488720417,11096.900111607143,11022.766694568452,57.75869967709933
0.0035552472612698,2917.3135114397323,2846.2627766927085,2865.009362444275,63.79044444573538,68.59110815396102,2984.103271484375,1,Train,2020-08-08,0.015441025570365419,0.02498299153841299,0.030254904946802164,0.001815762156541082,0.0021384130775589545,71.10675920758968,85.67107282366032,2924.280993827794,2723.4593242525634,200.82166957523077,11214.0498046875,0.0012410024488720417,11096.900111607143,11022.766694568452,57.75869967709933
0.0132546674142974,2932.4241071428573,2857.0025576636904,2875.8360814479206,67.18326457782818,83.3940403383214,2965.709716796875,0,Train,2020-08-09,0.0145703556336787,0.02733305697797328,0.03431231404519686,0.001696295763705348,0.002199563899459436,78.01960100446468,97.28034319196468,2938.9391655019986,2726.337058688849,212.60210681314948,11214.0498046875,0.0012410024488720417,11096.900111607143,11022.766694568452,57.75869967709933
-0.0061638465609639,2944.8941476004466,2867.8041643415177,2884.006411934189,65.45418597292515,76.00226836146646,2943.943115234375,0,Train,2020-08-10,0.01352301002344114,0.02504112832212524,0.03940552595737157,0.0012476980865503576,0.002150354417593242,71.94196428571422,111.6456473214289,2952.662281992646,2731.935171969407,220.72711002323922,11270.150390625,0.005002705259437024,11120.900111607143,11046.676246279761,54.68154161652797
-0.0073394241652244,2952.1281389508927,2876.6955217633927,2889.455203143297,62.287290084398656,71.16666140441015,2969.217529296875,1,Train,2020-08-11,0.011933797096075116,0.021387625519777798,0.041807573430898026,0.0013657122341471444,0.002151234135159509,61.81689453125,118.46843610491032,2964.318730490015,2740.401351820253,223.917378669762,11322.5,0.004644978776729314,11156.47865513393,11071.428617931548,58.08016926728408
0.008585225010534,2955.6487862723216,2886.747802734375,2896.706323702713,59.14904657946899,79.79175906804791,2933.420166015625,0,Train,2020-08-12,0.00791995914673227,0.01722435656158927,0.040382273294551796,0.0017091707264906466,0.0022160027015415626,50.047119140624545,114.72303989955344,2974.4302128755203,2749.770631153497,224.65958172202318,11308.400390625,-0.0012452735151247118,11216.02162388393,11104.811988467261,54.20075681677955
-0.0120561605635296,2953.7278878348216,2893.060965401786,2900.043945731159,56.53937608565368,68.9960046176492,3034.3369140625,1,Train,2020-08-13,0.0029996800535505574,0.012482160814152099,0.03777699407056612,0.0022147360109596808,0.0023867385406830055,36.41437639508922,107.5211356026789,2982.5153058025885,2759.641847517724,222.87345828486468,11300.4501953125,-0.0007030344733010008,11245.3359375,11137.300083705357,54.862749758093265
0.0344024184520239,2967.9711565290177,2902.2737746465773,2912.2523973976445,63.00254268631329,76.98086082325096,3040.812744140625,1,Train,2020-08-14,0.005366642920776155,0.012122069689569859,0.039786459889059156,0.0021437752579535614,0.0021924939498168187,35.547049386160325,113.566650390625,2992.306786848091,2767.865970545882,224.440816302209,11178.400390625,-0.010800437378868932,11256.300223214286,11158.178664434523,52.02136627229712
0.0021341829406329,2981.6490652901784,2910.874093191964,2923.9397016470066,69.0132181701465,75.09519610431963,3001.192626953125,0,Train,2020-08-15,0.008796809397184413,0.012480896034813505,0.037834560076121626,0.002198667428155106,0.00201142830245195,36.75491768973188,108.6968819754461,3003.2079993226052,2775.3638826528413,227.84411666976393,11178.400390625,-0.010800437378868932,11256.300223214286,11158.178664434523,52.02136627229712
-0.0130294498613386,2984.090401785714,2919.146751767113,2930.962694856654,68.927487850618,66.2310218420158,3004.88037109375,1,Train,2020-08-16,0.010279387642965876,0.010826854841802458,0.03244604107849347,0.0021357620297244996,0.0021339163691191394,31.96226283482156,93.77915736607156,3013.2543976574566,2782.4953651773653,230.75903248009126,11178.400390625,-0.010800437378868932,11256.300223214286,11158.178664434523,52.02136627229712
0.0012287595629505,2989.686209542411,2926.929036458333,2937.6824836054807,68.94271847181456,66.54896728698458,3009.287353515625,1,Train,2020-08-17,0.007316463627223602,0.011516058142015284,0.028938771395226714,0.0019950541421716113,0.0021329438911340533,34.03742327008922,84.08454241071377,3022.9446601055306,2789.4183316634435,233.5263284420871,11247.099609375,0.0061457110453491115,11263.007254464286,11174.626255580357,47.461158739156126
0.0014666082764123,2999.0211007254466,2935.1845819382443,2944.1920172336754,67.87162336115783,65.60568641788916,3005.464599609375,0,Train,2020-08-18,0.005826317938451675,0.015334253733110925,0.02800781916832462,0.0020271344315194477,0.0021283232734973403,45.293212890625,81.70758928571422,3032.802713985713,2796.2981439941977,236.50456999151538,11385.349609375,0.012292057935075373,11287.47865513393,11191.91908482143,58.347060484029456
-0.0012703186692304,3004.1992536272323,2944.2667410714284,2949.7622519951024,63.5732459564334,59.39229432091029,2991.029296875,0,Train,2020-08-19,0.006738687215871453,0.012206350799103705,0.02447638672371566,0.0019901692829749893,0.0019958774098928957,36.228097098214675,71.775146484375,3041.5244600026676,2804.481946944877,237.04251305779053,11408.400390625,0.002024600213507588,11307.22865513393,11203.640531994048,65.07802493259123
-0.0048030187200511,3012.429129464286,2952.1560872395835,2953.5138015296384,58.12501178465882,56.566007081041406,2987.02587890625,0,Train,2020-08-20,0.007607126075400483,0.010323167985267778,0.0229329064064554,0.0014943258460572149,0.0018213563003698012,30.780064174107338,67.53498186383922,3048.9961245670033,2814.928345299068,234.0677792679353,11312.2001953125,-0.008432399987605033,11305.757254464286,11212.192940848214,61.02210552511893
-0.0013384750102356,3005.67041015625,2959.7477446056546,2956.560354018421,51.0205804106288,57.98485609570054,2934.22998046875,0,Train,2020-08-21,0.0022171599356852756,0.007231687202781112,0.018136838472189387,0.002154190428068918,0.002161659266531228,21.58000837053578,53.54227120535734,3052.343144145148,2828.78239645195,223.5607476931982,11371.599609375,0.005250916093857194,11314.785714285714,11219.628627232143,74.98439491935173
-0.017675072322049,2990.444301060268,2963.13562593006,2954.53032005936,46.43723081434588,48.53719653171571,2945.607177734375,1,Train,2020-08-22,-0.004578575322644385,0.00025356892487171656,0.011772547181368775,0.002995974780358867,0.00288690485859533,0.7580915178573377,34.79551478794656,3051.4473279859913,2844.6300680798568,206.8172599061345,11371.599609375,0.005250916093857194,11314.785714285714,11219.628627232143,74.98439491935173
0.0038774047506009,2982.5035226004466,2966.3393438430057,2953.719125302543,42.44283688513218,44.384623383727366,2930.81201171875,0,Train,2020-08-23,-0.009934045110352896,-0.0055076565219912554,0.009742141408536575,0.0032005902402625595,0.0029349347644021446,-16.517578125,28.775634765625,3047.3995433438818,2862.307529758797,185.09201358508471,11371.599609375,0.005250916093857194,11314.785714285714,11219.628627232143,74.98439491935173
-0.0050227899115199,2971.9223284040177,2968.834228515625,2951.636660431289,38.359780582444,44.855509719901846,2885.525146484375,0,Train,2020-08-24,-0.01122813786840915,-0.010743936236667362,0.0013312703077683619,0.0033054275448099043,0.003051863655477511,-32.276925223214675,3.951171875,3040.4571749838196,2881.001680345422,159.4554946383978,11466.4501953125,0.008341006471886514,11338.5,11232.595284598214,71.78916884400333
-0.0154519856794966,2954.242013113839,2968.46375093006,2945.6265227997515,39.15503693149393,41.946699048601175,2871.98779296875,0,Train,2020-08-25,-0.012105989713165122,-0.01931567975535886,-0.009191910776955248,0.003268219690769125,0.0034689656447912964,-58.18711635044656,-27.40705217633922,3033.158699468907,2896.4291388402453,136.7295606286616,11472.25,0.0005058064691958464,11380.478515625,11248.807198660714,71.76926395205294
-0.0046914696037628,2935.173897879464,2965.0073125930057,2938.932092815115,44.24267987352604,36.14798191616574,2866.99658203125,0,Train,2020-08-26,-0.01586909264727898,-0.02345450520408887,-0.01639243364643972,0.0031132436227438534,0.003856732971416308,-70.49651227678578,-48.91650390625,3027.6120581049913,2906.462045550143,121.15001255484822,11549.599609375,0.0067423225064831005,11423.692801339286,11260.666713169643,71.04991940892032
-0.0017378942033526,2917.454938616072,2961.20398530506,2932.3925009256727,49.05177661107557,39.62626158638649,2891.28173828125,1,Train,2020-08-27,-0.018327326144218503,-0.02440753115459049,-0.02416015122115245,0.0017307559412099054,0.0041328028855273985,-72.9893624441961,-72.23127092633877,3025.8604335327304,2909.398997270841,116.4614362618895,11559.25,0.0008355606212675504,11448.535714285714,11277.638160342261,70.90096130763382
0.0084705912808566,2903.777204241072,2959.13959030878,2928.6551588670886,51.095595596638006,20.62775323771733,2887.13525390625,0,Train,2020-08-28,-0.01708215124175838,-0.02639605209610385,-0.03175832822961322,0.0013992348203378546,0.0038994827206240675,-78.72631835937455,-95.24389648437455,3027.897464596287,2906.0083354874187,121.88912910886847,11647.599609375,0.007643195654994939,11482.70703125,11303.61193266369,71.99462352129764
-0.0014341336301127,2897.049386160714,2956.3809175037204,2924.8806220524666,53.40504631394947,18.1420376730528,2879.7880859375,0,Train,2020-08-29,-0.012988842584861215,-0.025193438444776506,-0.03566669798521083,0.0017024053874958463,0.003473670590637351,-74.87294224330344,-107.14986746651812,3032.108056235086,2898.260271750405,133.84778448468114,11647.599609375,0.007643195654994939,11482.70703125,11303.61193266369,71.99462352129764
-0.002544795211381,2887.646658761161,2951.413527715774,2920.7813005874696,55.50753921117055,20.94454916323004,2870.593994140625,0,Train,2020-08-30,-0.010217220310882014,-0.02254228125423119,-0.0414225415239281,0.0016065034734704506,0.00338431668628859,-66.59535435267844,-124.782470703125,3037.31070259731,2887.332876504253,149.97782609305705,11647.599609375,0.007643195654994939,11482.70703125,11303.61193266369,71.99462352129764
-0.0031926279026471,2879.0440848214284,2946.884207589286,2916.2188181832107,58.10264392163397,18.68687271216064,2889.7041015625,1,Train,2020-08-31,-0.008517567871088705,-0.019123164422587435,-0.042129145267208123,0.001681535053068981,0.0031606702920391047,-56.12981305803578,-126.62632533482156,3042.3651033434135,2874.9700703452027,167.3950329982108,11387.5,-0.022330747801946216,11493.464146205357,11318.566685267857,53.04935595183337
0.0066571961973311,2879.6410784040177,2944.301397414434,2913.808389399509,59.43028270094859,23.904725474129705,2899.2138671875,1,Train,2020-09-01,-0.006008978597277781,-0.012961249105013395,-0.03705242816827081,0.002306133437258337,0.002827058330245831,-37.81386021205435,-110.80322265625045,3045.736998494634,2863.997404407152,181.73959408748215,11470.25,0.007266739846322645,11507.557059151786,11346.12146577381,57.133400362923915
0.0032909132875778,2883.530517578125,2940.9678896949404,2912.481614652963,59.92407030744889,27.37566840610812,2896.058837890625,0,Train,2020-09-02,-0.0014254310410685145,-0.006972534474537495,-0.0331845391874096,0.0025906028193103275,0.0027812110684584824,-20.246686662947013,-98.97300502232156,3047.6720702495472,2855.0425956265685,192.6294746229787,11535.0,0.005645038251127943,11517.349888392857,11367.061941964286,59.84470081707504
-0.0010882361362101,2887.6822684151784,2939.1887788318454,2910.988634947296,60.70884157218728,28.757130577905823,2882.267578125,0,Train,2020-09-03,0.003000365169568253,-0.003233330363742737,-0.02834531009902863,0.0024406555820079014,0.002593092171652477,-9.36711774553578,-84.24005998883922,3047.363613112208,2847.322163952524,200.0414491596839,11527.4501953125,-0.0006545127600779965,11525.235630580357,11387.338123139882,66.20850342511412
-0.0047620785825159,2886.39453125,2931.9473818824404,2908.3776297816325,57.79140503890837,27.550774832843288,2869.107177734375,0,Train,2020-09-04,0.002345241181836988,-0.00043361520959006583,-0.022966121787810656,0.0019912785311397654,0.002677274880302923,-1.2521275111607792,-67.84748186383922,3044.770703745097,2840.3896199156165,204.3810838294803,11333.849609375,-0.016794744948559814,11494.41420200893,11393.704752604166,53.60961893229526
-0.0045659884219306,2883.819091796875,2923.770926339286,2904.807588686427,53.61446220701927,33.1886712304766,2882.492919921875,1,Train,2020-09-05,0.00010007670006983993,0.0016585390271099953,-0.01749634190999405,0.0018871187161234163,0.002647941694034882,4.7750069754465585,-51.35480608258922,3041.0133577413076,2834.119834920523,206.8935228207847,11333.849609375,-0.016794744948559814,11494.41420200893,11393.704752604166,53.60961893229526
0.004665473040317,2884.205496651786,2918.1185593377977,2902.778982435104,51.24891751818131,33.874396496874894,2880.689697265625,0,Train,2020-09-06,-0.0012040008007185854,0.0015850649867441557,-0.011396728540410073,0.0015070707535925687,0.00274551947089971,4.564418247768117,-33.249441964286234,3035.305587923845,2829.2795334489224,206.0260544749226,11333.849609375,-0.016794744948559814,11494.41420200893,11393.704752604166,53.60961893229526
-0.0006255774797527,2885.6477399553573,2912.204717726934,2900.7708656015147,47.78487977278252,36.28318111056918,2855.13525390625,0,Train,2020-09-07,-0.00025872807288029875,0.0007342465648709773,-0.006243407469152862,0.0008613765945204582,0.0028258892835608834,2.1172223772323377,-18.129464285714675,3026.609010758045,2826.638774537714,199.97023622033066,11355.0498046875,0.0018705202595032944,11465.242745535714,11400.419038318452,48.60318143469794
-0.0088709462125099,2880.7093331473216,2904.86414155506,2896.6221736292177,43.7996660933916,40.67631315998808,2901.963134765625,1,Train,2020-09-08,-0.0010783473409963218,-0.0024147169320272166,-0.005640239718193829,0.001159675256280633,0.002599583563022099,-6.972935267856883,-16.340053013392662,3015.3882527108017,2825.510540536966,189.8777121738358,11317.349609375,-0.0033201259317187093,11418.064174107143,11402.66662016369,45.85850437798499
0.0164012828447646,2881.1020856584823,2899.935500372024,2897.107715550709,37.246514666056015,57.63656425202983,2961.004150390625,1,Train,2020-09-09,-0.0010760020383103752,-0.0018335835708591652,-0.0022664037107248403,0.0010151186349596486,0.002266421021277093,-5.292445591517662,-6.5445731026784415,2999.7705907176023,2827.995498149585,171.7750925680175,11278.0,-0.003476927967516641,11402.421316964286,11400.547572544643,48.3595445828575
0.020345198365095,2890.379987444197,2898.505731491816,2902.916482354338,34.01060741083339,68.77809606574614,2951.13427734375,0,Train,2020-09-10,0.0016399255610155539,0.0022750718538429027,0.003937384176412095,0.0015520926581336857,0.0021323832147701737,6.560895647322013,11.335902622768572,2982.813784170493,2833.423262425489,149.39052174500375,11449.25,0.015184429863450921,11399.421316964286,11407.254696800595,53.36367297487546
-0.0033332857860307,2900.218087332589,2896.796607607887,2907.2999182624662,30.005859824232967,62.68618716829913,2960.148193359375,1,Train,2020-09-11,0.006772205012420818,0.005551820319111167,0.007145685301855664,0.0019445778055272361,0.0020527800059079323,16.01259068080344,20.57700892857156,2967.4819406789256,2839.732484544289,127.7494561346366,11464.4501953125,0.0013276149365679668,11389.3427734375,11415.064220610118,49.906942084170154
0.0030543903355486,2913.223946707589,2898.030808221726,2912.1043069076395,32.083648650876995,65.16276621958306,2983.449951171875,1,Train,2020-09-12,0.01114915754252599,0.009556331623713277,0.010297594892251682,0.0022551038848012965,0.0022766991781404404,27.576206752231883,29.69342912946422,2952.473722203098,2847.8127454308305,104.66097677226753,11464.4501953125,0.0013276149365679668,11389.3427734375,11415.064220610118,49.906942084170154
0.0078718213719075,2927.6463797433034,2899.8328450520835,2918.5902745680246,35.743485553240625,70.1897921007609,2995.077392578125,1,Train,2020-09-13,0.012893250181980065,0.01629357257807773,0.013839511280463013,0.002506573170302627,0.0023204854016055584,46.93704659598188,39.964111328125,2940.2662977761674,2855.5925749916905,84.67372278447692,11464.4501953125,0.0013276149365679668,11389.3427734375,11415.064220610118,49.906942084170154
0.0038973140480143,2943.987479073661,2902.8931012834823,2925.54364893258,40.90665087961524,74.0174623122679,3005.173095703125,1,Train,2020-09-14,0.015091758765399366,0.021826853594743678,0.019953248663729717,0.0026819771822828796,0.002323298235764856,62.88539341517844,57.59294782366078,2937.043723141294,2857.7896962225454,79.25402691874842,11440.0498046875,-0.0021283524468515003,11376.857003348214,11427.523716517857,48.527250751940485
0.0033707653598593,2965.421456473214,2908.590622674851,2932.7826895480835,46.33839465184544,73.08110872635456,3014.457763671875,1,Train,2020-09-15,0.01791743810997315,0.0259624925978581,0.028296630987866056,0.002241054990127827,0.002731122359513627,75.04146902901721,81.60236467633922,2946.1959014178888,2851.662273805326,94.53362761256267,11521.7998046875,0.007145947910690342,11403.70703125,11440.604678199405,48.73361015638693
0.0030895617899766,2981.492117745536,2915.374906994048,2940.20769628661,50.91486226554749,73.05686270870353,3021.262939453125,1,Train,2020-09-16,0.0183921590991305,0.02802342029653926,0.03373082160986374,0.0013926556808661504,0.002858490183343565,81.27403041294656,97.28662109375,2961.7448433743793,2842.517049761781,119.22779361259836,11604.5498046875,0.0071820376506051,11439.349888392857,11451.042782738095,51.934731234729476
0.0022575124001606,2990.100516183036,2922.720924014137,2947.5763547562933,54.582521833912736,74.68900203352231,3121.904296875,1,Train,2020-09-17,0.01566346237446803,0.026388829311364548,0.03619734133913877,0.0014636995732438924,0.002847519761695696,76.87656947544656,104.45277622767844,2977.88936502312,2835.0048593072374,142.88450571588237,11516.099609375,-0.007622027291120936,11467.742745535714,11456.171316964286,44.3841855033781
0.0333110223898922,3014.4962332589284,2933.702950613839,2963.4243494943576,69.1873992670277,85.19798039201623,3130.512939453125,1,Train,2020-09-18,0.016549005767321434,0.029665417967329688,0.0464423461861172,0.0017513143957659757,0.003082541260019857,86.849853515625,133.78690011160688,2998.331186662491,2826.307722377688,172.02346428480269,11504.9501953125,-0.0009681588767627147,11500.16420200893,11465.349888392857,56.37034879101672
0.0027574972707338,3038.834054129464,2945.2923642113096,2978.614221308791,80.46208455501574,88.9157845613025,3202.714111328125,1,Train,2020-09-19,0.019232630548521312,0.032217044308098464,0.05474709461221039,0.0019098358706691604,0.0031180198911154883,94.84657505580344,157.73196847098188,3021.8539517533536,2817.903696823655,203.95025492969853,11504.9501953125,-0.0009681588767627147,11500.16420200893,11465.349888392857,56.37034879101672
0.0230636874120739,3070.1575055803573,2960.669793991816,2998.986938583276,96.56404976892888,90.56757602712864,3209.475341796875,1,Train,2020-09-20,0.026774012767810662,0.0353191108395452,0.06219857559113806,0.002404918103898182,0.00338427769993406,104.73604910714312,179.77751813616032,3049.508937653533,2809.3600529993687,240.14888465416425,11504.9501953125,-0.0009681588767627147,11500.16420200893,11465.349888392857,56.37034879101672
0.0021110939764605,3100.7857840401784,2976.8070010230654,3018.12224796633,108.35457225911227,91.13581631643189,3208.5283203125,0,Train,2020-09-21,0.028624866015494632,0.040011397509528424,0.06915607401512935,0.0025951729433219216,0.0034738925929515226,119.29366629464266,200.56769670758922,3080.357471727345,2800.6259894891737,279.73148223817134,11250.5498046875,-0.02211225483867385,11471.77845982143,11459.585611979166,39.9542753037522
-0.0002950704970503,3129.8365304129466,2991.989106677828,3035.431890906891,117.49078651824952,97.11570134951272,3278.748046875,1,Train,2020-09-22,0.02994651062298681,0.04673288187926494,0.07435493723376951,0.002691577726959513,0.003022025893694853,139.73601422991078,216.61258370535734,3113.3948082866964,2792.2192542133034,321.17555407339296,11153.650390625,-0.00861286032635733,11427.378487723214,11444.690383184523,33.060921377051116
0.0218853379345147,3167.59228515625,3010.0621628534227,3057.551541449446,130.92856840735692,97.2850434732521,3256.933837890625,0,Train,2020-09-23,0.03173608500501812,0.05078661243899174,0.08195863649146906,0.0028995376086879813,0.0029381053482041416,153.09605189732156,239.94590541294656,3150.60394197926,2783.0011221948475,367.60281978441253,11131.849609375,-0.0019545871070447696,11383.349888392857,11428.48084077381,32.64759577780082
-0.0066532129558312,3201.259556361608,3027.2466866629466,3075.6772047622803,138.67104984590904,90.96571545217724,3298.218017578125,1,Train,2020-09-24,0.03240268090706899,0.053449941437711646,0.08738898487737412,0.0014116878586961973,0.002911131835258819,162.42550223214357,257.272077287947,3189.7917354983247,2775.299831186944,414.4919043113805,10805.5498046875,-0.029312272096516434,11281.02845982143,11393.049897693452,29.243298701677404
0.0126757808854471,3226.447230747768,3047.0538504464284,3095.908187745539,146.41736971629268,94.20252904798475,3309.801025390625,1,Train,2020-09-25,0.030867650561313686,0.050906093541890574,0.08802316234165009,0.001470949952508283,0.0026839104803434606,156.28972516741078,261.0257742745539,3228.121796772255,2771.2325838081033,456.88921296415174,11050.25,0.022645788482354545,11201.8427734375,11368.811802455357,39.81352565621437
0.0035118987740554,3252.059814453125,3068.0392717633927,3115.35299116782,151.1429516450814,94.24021924605748,3353.338134765625,1,Train,2020-09-26,0.026666162085537515,0.04878570818776251,0.09074909006037557,0.0014973744321022686,0.0025249422322058948,151.27403041294656,270.5676967075892,3265.790204134237,2770.3496082262545,495.44059590798224,11050.25,0.022645788482354545,11201.8427734375,11368.811802455357,39.81352565621437
0.0131539959777073,3273.577532087053,3090.460472470238,3136.9880042221657,157.05013755558144,94.52078785934005,3336.346923828125,0,Train,2020-09-27,0.022590475546330868,0.04592604127319766,0.09480517941446509,0.0018667638379550914,0.002412351373453621,143.74100167410643,283.4770159040172,3301.7268073011433,2773.205984272518,528.5208230286253,11050.25,0.022645788482354545,11201.8427734375,11368.811802455357,39.81352565621437
-0.005066954257116,3291.7020438058034,3112.1584356398807,3155.111542368162,158.09244909799276,90.55255260830918,3413.101318359375,1,Train,2020-09-28,0.020224974528069817,0.039181102704141546,0.09195759062110076,0.0022725598790844033,0.002415869691555049,124.10975864955344,277.205810546875,3334.583971700521,2781.4480909389886,553.1358807615325,11227.5498046875,0.016044868187371275,11160.621372767857,11348.80943080357,47.25500415831571
0.0230055195948213,3320.9267578125,3138.728248232887,3178.5651583673634,159.6159606964921,91.84453395548068,3348.6513671875,0,Train,2020-09-29,0.02117640735059978,0.037381286754173626,0.09282925577976231,0.0022514422766141315,0.0024165585812392382,119.66720145089221,282.0927036830358,3367.089828017594,2792.9247018373176,574.1651261802763,11222.400390625,-0.0004586409458945395,11120.257114955357,11340.947544642857,48.26413957617858
-0.0188831051762785,3330.912946428572,3159.9991164434523,3194.027540987376,156.21357952730702,80.79566862828646,3458.441650390625,1,Train,2020-09-30,0.01751460406223071,0.032377940257399596,0.0849322682547271,0.0024580168307467864,0.002694213591239609,104.4657156808039,260.7554408482147,3395.388228155608,2808.679597597741,586.7086305578669,11247.5498046875,0.002241001317642377,11119.828543526786,11330.3427734375,43.070624003156354
0.032786417923027,3359.699776785714,3183.6866164434523,3218.065187296762,162.1325919344828,83.85919200093787,3463.21875,1,Train,2020-10-01,0.020657317118925267,0.033099010619117575,0.083499477480248,0.0020838182432896717,0.0022674805820028414,107.63996233258922,258.9139927455358,3423.73352943786,2826.2824652608006,597.4510641770594,11416.9501953125,0.015061092732783665,11157.442801339286,11324.721354166666,48.52447777312632
0.0013812867448075,3383.271309988839,3208.0715913318454,3240.351874815238,163.90698636899768,81.04443408167344,3472.187744140625,1,Train,2020-10-02,0.01877323913563389,0.033508837602465924,0.08097380713441127,0.0020441783785045352,0.0022957437185453997,109.69377790178623,253.43477957589266,3451.017680810903,2846.003050215883,605.0146305950202,11416.9501953125,0.015061092732783665,11157.442801339286,11324.721354166666,48.52447777312632
0.0025897856266299,3406.469412667411,3232.454427083333,3261.427862935728,163.26609541767343,81.05685168073157,3439.647216796875,0,Train,2020-10-03,0.022683410660687242,0.0348656613916718,0.07541283915564834,0.00198423699808285,0.0023269877077889277,114.76736886160734,238.87712751116078,3477.1425962772187,2867.7604380419775,609.3821582352411,11416.9501953125,0.015061092732783665,11157.442801339286,11324.721354166666,48.52447777312632
-0.009371764933697,3418.7992815290177,3254.1781063988096,3277.62962237765,158.76581783257922,73.20966998234064,3402.013916015625,0,Train,2020-10-04,0.017590710084174566,0.029471449042431264,0.0679544164843211,0.002292217758632171,0.0025365790894574395,97.87252371651766,217.53972516740987,3499.920932654629,2892.4632819101034,607.4576507445254,11416.9501953125,0.015061092732783665,11157.442801339286,11324.721354166666,48.52447777312632
-0.0109410350565821,3428.1802804129466,3273.5560360863096,3288.9372854356475,150.16130620189267,67.78512562197582,3417.56298828125,1,Train,2020-10-05,0.013273830653639074,0.029201403803922554,0.06252482536911796,0.0026470274923298303,0.002766756122423099,97.26733398437455,201.73304966517844,3519.5227338667455,2919.1373630919597,600.3853707747858,11503.349609375,0.0075676439490797165,11210.514229910714,11323.573707217261,51.8933912556807
0.004570549283301,3428.8176618303573,3293.193650018601,3300.630531148884,139.9247304261988,68.80169771860278,3466.193359375,1,Train,2020-10-06,0.00656053128786116,0.020572637329746568,0.05435258189030456,0.002991527742351734,0.003257695474401494,69.11788504464312,176.75784737723234,3533.825533377603,2949.567117989585,584.258415388018,11662.400390625,0.013826475474619793,11332.921456473214,11339.218982514882,54.01968760487203
0.0142295463932933,3445.609375,3314.704868861608,3315.681697351258,129.2471325675039,67.54108278333915,3502.7451171875,1,Train,2020-10-07,0.007841961830234112,0.018425381620182923,0.05255163234312299,0.0029099055558771377,0.002862638523243968,62.33806501116078,172.031842912947,3544.7979567256393,2984.145580523245,560.6523762023944,11738.849609375,0.006555187284725372,11431.29282924107,11357.495163690477,53.85343481162798
0.0105452160404262,3451.938441685268,3337.632591610863,3332.6874627909165,116.68506860651026,72.38550153788142,3564.626708984375,1,Train,2020-10-08,0.006930254341658948,0.013347845968842309,0.048678888838372014,0.002546531432376651,0.0027381063718738465,45.46902901785734,160.23639787946468,3552.44887086368,3020.238887227837,532.209983635843,11834.599609375,0.008156676606839941,11518.014229910714,11382.12611607143,59.10052815565189
0.0176665985467312,3466.42529296875,3358.71461123512,3353.772848808504,115.75021691263936,73.38400678884298,3518.4296875,0,Train,2020-10-09,0.010968104707649307,0.013930625204306324,0.0438126299575754,0.0021616526269874433,0.0026585213651473824,47.62601143973234,145.49853515625,3558.357523400722,3057.0893585747235,501.2681648259986,11914.2001953125,0.0067260903253916204,11616.8427734375,11412.421363467261,61.25333648408423
-0.0129598483251945,3473.0312848772323,3377.186837332589,3368.7416523259126,108.21956177413983,67.26336242267232,3450.419189453125,0,Train,2020-10-10,0.00795850802943443,0.01308303554528445,0.04266648235314596,0.0016113292625846059,0.002659114951357852,44.85100446428578,142.11833844866032,3562.345992652252,3093.3882672528835,468.9577253993684,11914.2001953125,0.0067260903253916204,11616.8427734375,11412.421363467261,61.25333648408423
-0.0193297874584498,3474.570138113839,3388.9823172433034,3376.166882973841,101.54553560265596,57.72045718066744,3446.497802734375,0,Train,2020-10-11,0.0065562282789499715,0.013343513944412688,0.03419066254724212,0.0017713454202190494,0.0028252992199859213,45.75247628348188,114.870361328125,3563.7764391841624,3129.336256128338,434.4401830558245,11914.2001953125,0.0067260903253916204,11616.8427734375,11412.421363467261,61.25333648408423
-0.0011364957425278,3480.924979073661,3400.2691010974704,3382.560602952072,93.44516348339442,58.94581017461042,3482.05810546875,1,Train,2020-10-12,0.004182893003441324,0.010249450889557421,0.028863682553777803,0.0017682288600949095,0.002870743183947409,35.31560407366078,97.65366908482156,3563.6106678652745,3164.610872313298,398.9997955519766,11930.9501953125,0.0014058853909966196,11714.471400669643,11435.359468005952,71.52213345063375
0.0103178080386885,3490.1385672433034,3413.294328962053,3391.605830453588,83.96490278960793,56.00185635595796,3481.336669921875,0,Train,2020-10-13,0.004925749572300742,0.011066282381149817,0.02456183938266343,0.0015336233664540605,0.0025183420072087074,38.200125558035325,83.66915457589266,3564.407730981708,3196.0684374055686,368.3392935761394,11934.5,0.0002975290843887368,11788.40708705357,11457.74279203869,76.2496996151134
-0.0002071865330857,3492.3018973214284,3422.94140625,3399.763179496159,79.2384906611095,62.98967716955112,3487.737060546875,1,Train,2020-10-14,0.0051032958043020216,0.007464924862268463,0.02149954113700936,0.0012648278978581496,0.0026366333960087937,25.87660435267844,73.50261579241078,3564.869057173658,3224.711345309601,340.1577118640571,11971.0498046875,0.0030625333853533387,11855.221400669643,11483.028506324405,77.9342573443795
0.0018384865446361,3490.157889229911,3433.9320359002977,3407.760805046224,70.59676315733914,53.59590765247411,3489.584716796875,1,Train,2020-10-15,0.002652430090207547,0.00493131300810723,0.018078865096761598,0.001590660063928758,0.002364344752289089,17.12660435267844,61.97760881696422,3563.3570014066618,3252.594466924811,310.7625344818507,11680.349609375,-0.02428360085835335,11857.785574776786,11490.57849702381,79.82612980665182
0.000529757896861,3479.437604631697,3443.0447358630954,3415.199342478101,64.27017900038851,53.25977176919023,3458.6220703125,0,Train,2020-10-16,-0.0030660566637784603,0.0014008830803169392,0.014763089727646284,0.0019302949767890354,0.0024905867553907976,4.8674665178577925,50.619942801339675,3559.188783880133,3279.500463469197,279.6883204109363,11762.4501953125,0.007028949362235082,11861.15708705357,11498.097563244048,77.31039632472609
-0.00887287428081,3470.893659319197,3450.1314522879466,3419.1468631903194,56.58941270215791,48.40930808838138,3406.5205078125,0,Train,2020-10-17,-0.0061301223753454925,-0.0028817971702260747,0.007338116880761358,0.002110331157932586,0.0023343103633932907,-10.031319754463766,25.284284319197013,3552.6313391363237,3305.7895209362205,246.84181820010326,11762.4501953125,0.007028949362235082,11861.15708705357,11498.097563244048,77.31039632472609
-0.0150642543304225,3464.6224190848216,3452.66394624256,3417.999012701426,53.12509610454013,46.285985189597135,3418.013671875,1,Train,2020-10-18,-0.00731642262485821,-0.0073109269637496865,0.0036744506351511497,0.0021862792658708767,0.002377106087524143,-25.516148158481883,12.683977399553442,3543.6922736870233,3332.0206239134227,211.67164977360062,11762.4501953125,0.007028949362235082,11861.15708705357,11498.097563244048,77.31039632472609
0.0033738719717499,3460.5532575334823,3456.552839006697,3418.0003453535696,46.79685636192256,51.90550930176976,3403.276123046875,0,Train,2020-10-19,-0.005427413635202605,-0.009091035288872673,-0.0016939743219559489,0.0019569122429648196,0.002380833613171454,-31.748639787946104,-5.872035435267662,3535.5352097286204,3354.1403378439236,181.39487188469684,11873.0498046875,0.009402769621849272,11866.649972098214,11515.095191592261,76.08714870722997
-0.0043117290458468,3449.298688616072,3456.0849725632443,3416.6617796893247,47.29941450212688,48.2951940080231,3362.397216796875,0,Train,2020-10-20,-0.006221732159711557,-0.011706977710069788,-0.006833395473429871,0.0013968611042362146,0.0026021148681341644,-40.859200613838766,-23.732596261160325,3523.902759025693,3377.6113627656023,146.29139626009055,11896.7998046875,0.002000328507897331,11864.16420200893,11533.754696800595,76.85139030700523
-0.0120116337235082,3432.3073381696427,3456.7395368303573,3411.728637608193,45.80999384381769,37.38089513785621,3401.248046875,1,Train,2020-10-21,-0.009327158058312968,-0.013545369055998124,-0.012163461454008484,0.0014473693952772074,0.002628749626512517,-47.13026646205435,-42.26279994419656,3514.561332353936,3394.213545575751,120.34778677818485,11937.650390625,0.0034337457642519276,11865.121372767857,11566.47377232143,77.13724167964013
0.0115545034013369,3419.9517647879466,3454.016031901041,3410.7758566324483,47.3770788067429,37.72900454673718,3455.33154296875,1,Train,2020-10-22,-0.011732659411366697,-0.014676881383119844,-0.017516382758108295,0.0012327460868654277,0.0026938476716512148,-50.941894531250455,-60.97321428571422,3509.0574580746606,3403.385465334937,105.67199273972346,11896.4501953125,-0.0034512817819539743,11859.68568638393,11601.845191592261,70.96998479594103
0.0159010737671545,3415.058454241072,3453.640450613839,3414.826373572112,47.33171779409544,36.53227004953607,3435.140380859375,0,Train,2020-10-23,-0.009926723507014623,-0.014305733453298441,-0.02151207224460827,0.0013451227110039814,0.0023049678346000325,-49.563964843749545,-75.08011300223143,3507.9000270536826,3405.401800513282,102.49822654040054,11930.349609375,0.0028495402835257977,11853.871372767857,11639.86900111607,69.57277659403033
-0.0058434803891573,3411.703927176339,3451.876290457589,3416.6731015073174,47.29625946539261,39.03398326327016,3509.054931640625,1,Train,2020-10-24,-0.006002787327399006,-0.014116046401193239,-0.02307875221409328,0.0014905168953113803,0.0021423025581652957,-48.84933035714312,-80.59797014508922,3508.732992272008,3403.85929985969,104.87369241231772,11930.349609375,0.0028495402835257977,11853.871372767857,11639.86900111607,69.57277659403033
0.0215171849142183,3426.3517020089284,3455.181419735863,3425.0714497012546,48.80018877157377,57.60190012686082,3547.590087890625,1,Train,2020-10-25,0.0018713530661094158,-0.006652652808200377,-0.01828174806013172,0.002975245632426178,0.0025812610594564025,-22.94698660714357,-63.80618722098234,3508.8539219354575,3403.5555123558383,105.29840957961915,11930.349609375,0.0028495402835257977,11853.871372767857,11639.86900111607,69.57277659403033
0.0109816338018917,3444.862618582589,3462.1136183965773,3436.20950771847,51.152997975394335,62.0268120934415,3322.195068359375,0,Train,2020-10-26,0.008727277948787249,0.003657970914586528,-0.009936946707445715,0.003990552308752613,0.0030211595932513307,12.555280412946558,-34.57498604910779,3508.3723834194816,3405.6415465470373,102.73083687244434,11767.75,-0.013629073304543216,11866.357142857143,11685.688058035714,54.81334339924363
-0.0635346852221216,3433.279610770089,3457.572288876488,3425.8445586858247,58.94570759955519,36.8989105751243,3292.673828125,0,Train,2020-10-27,0.006324019919162982,0.0038970859528977275,-0.010836992498492681,0.0040027588576283255,0.0029285168903089537,13.327845982142662,-37.61404854910779,3508.620556085047,3404.16039745848,104.46015862656714,11889.400390625,0.010337608346965288,11884.492885044643,11725.64760044643,56.60570742994258
-0.0088860646731842,3423.319126674108,3449.30945405506,3413.7381286348405,68.98381881459858,35.23564676809876,3294.79296875,1,Train,2020-10-28,-0.0008850741542505425,0.0024188963508888772,-0.01192144118885663,0.0037049980700095625,0.0029142695580751605,8.26067243303578,-41.303292410713766,3509.2314402788093,3400.6875817636014,108.54385851520783,11729.599609375,-0.013440608945763599,11864.0,11749.554734002977,45.63809140535243
0.0006435926349275,3408.111258370536,3439.4069707961307,3402.924932281673,75.54339039021721,34.7987441973369,3261.60302734375,0,Train,2020-10-29,-0.010668454531047478,-0.0010530423748630335,-0.01515422398103039,0.0038387520636107932,0.0030108307589915484,-3.5926688058034415,-52.44199916294656,3509.8713555220306,3394.2162630605585,115.65509246147212,11670.7998046875,-0.005012942184360991,11831.714285714286,11770.90708705357,39.710845880243205
-0.0100734527847562,3380.4357561383927,3424.977271670387,3390.0774863782253,79.27729673564053,32.88359872734051,3293.84423828125,1,Train,2020-10-30,-0.015391654808984079,-0.013400826845537894,-0.0199643286053921,0.004819667440619966,0.0034577896215730653,-45.91594587053578,-68.86293247767935,3512.5336180517415,3382.2944476569646,130.23917039477692,11642.400390625,-0.002433373422367602,11789.535714285714,11789.709495907739,37.92122912198914
0.0098850812521342,3360.2505929129466,3414.2827264694943,3381.3290092785,81.16602575509432,37.65252090324865,3282.103759765625,0,Train,2020-10-31,-0.018423211926033578,-0.024561799711030785,-0.020993675145397073,0.005100568177377308,0.0036133395158171127,-84.61202566964266,-72.0567452566961,3516.177618423227,3367.2184927653893,148.95912565783783,11642.400390625,-0.002433373422367602,11789.535714285714,11789.709495907739,37.92122912198914
-0.0035643696745512,3327.8289969308034,3406.2677060081846,3372.308532050057,85.60807742455478,40.0766975276789,3259.254638671875,0,Train,2020-11-01,-0.023556232573849867,-0.030714251617750765,-0.026936861743386387,0.004879063743392958,0.00410453393219497,-105.45061383928578,-92.12276785714312,3521.828541291661,3346.2579716826694,175.57056960899172,11642.400390625,-0.002433373422367602,11789.535714285714,11789.709495907739,37.92122912198914
-0.0069617302700331,3286.6382184709823,3397.351364862351,3362.030905379313,90.80190409996904,37.56290013667331,3190.30078125,0,Train,2020-11-02,-0.027747173569882877,-0.03992642904312471,-0.037604110585752304,0.003515335782286047,0.004785170151293504,-136.68090820312545,-128.42023577008968,3529.6143688323336,3318.1221092647656,211.492259567568,11669.150390625,0.002297636149117599,11757.06431361607,11801.719029017857,39.104031361629154
-0.0211563271564363,3267.7961774553573,3383.4581589471727,3346.4190759130115,99.13147417723272,34.62192203806816,3159.91064453125,0,Train,2020-11-03,-0.027514143038195882,-0.041170921451157416,-0.0421806091011202,0.0032452521656753893,0.00481452322888226,-140.31508091517844,-143.90774972098188,3534.272970768926,3291.012935341566,243.26003542735998,11813.5,0.01237019016319918,11740.371512276786,11816.488095238095,44.05674369189124
-0.0095257904512824,3248.830008370536,3368.1521577380954,3329.463763969215,107.70666753007606,35.15440662912303,3154.58154296875,0,Train,2020-11-04,-0.023738896629943107,-0.03893159262940571,-0.0518107039432959,0.0027825340334737157,0.004835389441986916,-131.60574776785688,-177.52169363839266,3536.8309642177423,3264.3221538068115,272.5088104109309,11908.5,0.008041647267956087,11760.47865513393,11828.207124255952,60.09738396215977
-0.0016864722335496,3228.7998046875,3352.2876092819943,3313.5653802419,113.58719586067517,30.98040485439745,3145.234619140625,0,Train,2020-11-05,-0.017598046982606474,-0.039119340832105665,-0.06272029912879074,0.0025384293212417893,0.004871391852196769,-131.45078822544656,-216.06281389508922,3539.0638190221716,3237.0255190079615,302.0383000142101,12120.2998046875,0.017785598915690537,11793.464285714286,11846.371419270834,64.20659142296205
-0.0029629678931452,3212.175746372768,3335.8899855840773,3298.262583778148,117.56167380202072,24.31769332645861,3151.692138671875,1,Train,2020-11-06,-0.017020777325806424,-0.03475336342843949,-0.06440019149728593,0.0026976748936552433,0.0048163745477165605,-115.65325055803532,-221.1038643973211,3539.9381251612112,3210.2794215742806,329.65870358693064,12263.5498046875,0.011819014571289532,11869.742885044643,11866.797619047618,65.11106408386301
0.0020531121881821,3191.8683035714284,3321.274274553572,3284.937997859396,120.58080816209808,25.978286597709484,3090.188720703125,0,Train,2020-11-07,-0.017532990231051482,-0.028834909290272548,-0.06761006337365427,0.0026727950533383827,0.004739612314680664,-94.7699148995539,-231.45082310267935,3539.705705306253,3183.236429877899,356.4692754283542,12263.5498046875,0.011819014571289532,11869.742885044643,11866.797619047618,65.11106408386301
-0.0195144117073146,3164.4518694196427,3306.2108561197915,3267.233518117916,128.8726504695425,13.739064713898756,3068.60400390625,0,Train,2020-11-08,-0.019929366687410743,-0.03162507770487366,-0.07149396556595689,0.0025455755148393526,0.004052550311364693,-103.34430803571468,-243.65938895089312,3538.8892874090566,3154.4427089637115,384.44657844534504,12263.5498046875,0.011819014571289532,11869.742885044643,11866.797619047618,65.11106408386301
-0.0069849186401675,3137.216064453125,3289.5723005022323,3249.176289553219,136.07106143393,7.280820900689662,3139.63525390625,1,Train,2020-11-09,-0.023336108556416546,-0.03435511972920713,-0.07194921283258082,0.0013987572515255407,0.002570534384957618,-111.61394391741078,-243.21969168526766,3538.287929019735,3123.835804936738,414.4521240829972,12461.0498046875,0.016104635537461442,11982.6357421875,11892.838076636905,69.24651739139125
0.0231477407673257,3129.9781319754466,3277.0179734002977,3239.2180135853123,137.21322825572685,27.53154534795884,3146.6796875,1,Train,2020-11-10,-0.019389951498541502,-0.03060631773099909,-0.06852835958817005,0.0021565853658041595,0.0026873807858823744,-98.82167271205344,-230.2724609375,3535.797710846549,3096.0931024905053,439.70460835604354,12631.099609375,0.01364650710436388,12123.878487723214,11926.178524925595,71.7375545664379
0.0022437108211808,3128.087995256697,3266.7457101004466,3230.805438486648,138.56982833147566,30.979511033303467,3153.949951171875,1,Train,2020-11-11,-0.011491365855286206,-0.026177817702230044,-0.060021413918300515,0.0030145066048945547,0.002983224754285703,-84.0877511160711,-199.74100167410643,3530.678591382604,3072.025845001325,458.65274638127903,12749.150390625,0.009346041508720315,12278.16420200893,11964.971400669643,75.50094186708722
0.0023104555893489,3127.9977678571427,3254.96961030506,3223.8185760034867,137.0678197201197,31.893636614153703,3168.760986328125,1,Train,2020-11-12,-0.0029383684153706513,-0.020010391920875947,-0.048268303375247346,0.003589524737634012,0.003410560484866497,-63.87053571428578,-158.64045061383968,3522.218117184622,3051.780250560914,470.43786662370803,12690.7998046875,-0.004576821525331454,12403.492745535714,11999.245210193452,72.41429930866066
0.0046960273262253,3131.3586774553573,3241.3233933221727,3218.813340578454,130.21677365973102,37.472517553517065,3163.432861328125,0,Train,2020-11-13,0.0004410719250103057,-0.010457795956414606,-0.0417521450515449,0.004135604840749546,0.0038490944186480784,-33.093191964285325,-136.4375,3510.313919618883,3035.649923154554,474.6639964643291,12719.9501953125,0.002296970330761372,12519.41420200893,12048.75,80.46258117446081
-0.0016814537363305,3133.035923549108,3228.384940011161,3213.7787515556965,123.31151570465973,31.025021473467035,3166.096923828125,1,Train,2020-11-14,0.001581774010166459,-0.001332436407992743,-0.035641780124871736,0.004202282426692458,0.004160904246387922,-4.1801409040172075,-115.79408482142799,3491.965285991936,3024.66697893552,467.298307056416,12719.9501953125,0.0,12605.078543526786,12094.345238095239,78.81350362268022
0.0008421428924783,3143.879952566964,3212.0536063058034,3209.444039944099,105.73972507857228,32.662981054806934,3146.770263671875,0,Train,2020-11-15,0.0050774284026109395,0.004441507258309052,-0.026300748655042394,0.003812183357734437,0.004491551144910975,13.901820591517662,-84.91985212053578,3464.7824364342473,3021.7515618916455,443.03087454260185,12719.9501953125,0.0,12605.078543526786,12094.345238095239,78.81350362268022
-0.0061042541088357,3155.046561104911,3192.9669480096727,3203.7464239193514,73.36370441908142,33.01053286782806,3150.29248046875,1,Train,2020-11-16,0.007564730230394057,0.008618224899393123,-0.017785199123170115,0.0021256734311864674,0.004227957240501373,26.958565848213766,-57.12918526785734,3435.0047899129363,3023.7059034464387,411.2988864664976,12719.9501953125,0.0,12605.078543526786,12094.345238095239,78.81350362268022
0.001119311707479,3156.569022042411,3184.781110491072,3198.886974514752,67.58649974628594,42.46859655605375,3184.47607421875,1,Train,2020-11-17,0.00751127630437276,0.00913403918598088,-0.01105912843882717,0.0016522396545809385,0.004234620420164105,28.571254185268117,-35.29928152901766,3402.3981342416655,3029.6375486545394,372.7605855871261,12874.2001953125,0.012126619808373373,12692.31431361607,12142.019066220239,89.86210316313156
0.0108509270050105,3161.968505859375,3179.628836495536,3197.5768926696605,62.9128321624302,54.55922919936637,3209.086181640625,1,Train,2020-11-18,0.005753576334122323,0.009775254628094032,-0.000784768946643255,0.001447559886122453,0.004254652011553794,30.609828404017662,-2.4833635602676623,3367.864547867874,3039.556859777216,328.3076880906583,12938.25,0.004975051165572175,12760.485770089286,12191.61193266369,93.97966700846406
0.0077281495757233,3169.845110212053,3175.547560918899,3198.623191667021,57.62623266449721,59.440179762205794,3211.885498046875,1,Train,2020-11-19,0.004690437627633548,0.011748727930718239,0.010400637089883036,0.0012976484518397325,0.00421993974482221,36.809186662945194,32.62904575892799,3335.1177880344385,3051.2445550180164,283.8732330164221,12771.7001953125,-0.01287266861341374,12780.571568080357,12231.328590029761,85.75769063555389
0.0008723095136131,3176.0057547433034,3173.1800595238096,3199.828855883371,54.86932197284902,61.811805142121365,3180.7275390625,0,Train,2020-11-20,0.0061575503545669985,0.010218520637249151,0.01470541352913779,0.0012459283776063467,0.004148388752113197,32.12580217633922,46.02762276785688,3302.182839309689,3065.7550199258017,236.42781938388725,12859.0498046875,0.00683930941371913,12796.271484375,12277.166666666666,86.28405416624729
-0.0097008311794807,3178.476422991072,3167.7935500372023,3198.0923725360194,47.48719096448495,54.73140224617184,3139.003173828125,0,Train,2020-11-21,0.005220772155417386,0.007426154078041813,0.016108379243417126,0.001200176134197558,0.003844302185303872,23.429861886161234,50.388427734375,3273.398586969024,3079.6040148724933,193.79457209653083,12859.0498046875,0.00683930941371913,12796.271484375,12277.166666666666,86.28405416624729
-0.0131178683876435,3174.605887276786,3160.9792364211307,3192.720627198938,39.92968542127156,58.50253871864874,3123.379150390625,0,Train,2020-11-22,0.0015018958022254836,0.005714072814002602,0.01490030456497804,0.0015434500576673043,0.003041640344160051,18.036865234375,46.60811941964312,3252.777692500879,3089.021676221219,163.7560162796599,12859.0498046875,0.00683930941371913,12796.271484375,12277.166666666666,86.28405416624729
-0.0049773837655748,3171.2642996651784,3154.5089750744046,3186.4168565800005,33.73733645310384,59.74308978395397,3128.662109375,1,Train,2020-11-23,-0.0014928987679080352,0.0029398755201317517,0.012743868180009832,0.0014474199798516767,0.0017475813239091335,9.295793805803442,39.905622209821104,3234.1122764398656,3098.0339045032156,136.07837193665,12926.4501953125,0.005241475198302092,12829.935825892857,12324.600027901786,85.60868660471412
0.0016914241691452,3168.174246651786,3151.573800223214,3181.1664250159097,33.14381104868829,47.45224301926151,3109.74169921875,0,Train,2020-11-24,-0.0032412310076509465,-0.0005271120519056982,0.011215422982725709,0.001587510436010263,0.0015966926796569627,-1.6708635602672075,35.13832310267799,3217.8968125967244,3106.1837921744805,111.71302042224397,13055.150390625,0.0099563448098976,12877.821568080357,12385.904808407739,85.91247921720907
-0.0060474444010925,3157.497907366072,3149.1848028273807,3174.6732681252583,34.30073792089022,41.87193917787849,3112.09033203125,1,Train,2020-11-25,-0.0053890090670086765,-0.005827397305433135,0.004331575952188915,0.0020495192015294412,0.0019293064750391096,-18.50784737723143,13.617954799107792,3204.6541852119817,3112.2962298270804,92.35795538490129,12858.400390625,-0.015070680468092346,12897.600167410714,12432.047665550595,73.33691500628336
0.0007552501267515,3143.641357421875,3147.1614118303573,3168.98391029853,35.207748482529134,40.58502781270763,3112.947509765625,1,Train,2020-11-26,-0.008710387918856144,-0.01095967404924647,-0.003614908199339406,0.0021885839332639167,0.0023555862439007084,-34.83506556919701,-11.40520368303578,3194.0648477191844,3116.0321284247884,78.03271929439597,12987.0,0.010001213639976747,12913.714425223214,12491.923874627977,73.08759356575516
0.0002754347216571,3129.5073590959823,3145.623930431548,3163.889692068266,35.992324736339064,36.60581204593391,3162.755126953125,1,Train,2020-11-27,-0.012204785641657057,-0.014206024238016313,-0.0085731256809074,0.0020006456010169087,0.002674339530152807,-45.09852818080344,-27.06166294642844,3188.444370725743,3115.416510970685,73.02785975505776,12968.9501953125,-0.001389836350773832,12918.100167410714,12553.740559895834,68.30534508051551
0.0160001468162405,3126.939871651786,3146.1507393973216,3163.786549785071,36.16612742617021,49.86596986446347,3187.275146484375,1,Train,2020-11-28,-0.009677927463704106,-0.013976894962073105,-0.011078109773287936,0.0016830431181200163,0.0026764855964251997,-44.32442801339266,-35.02863420758922,3187.696932414652,3112.4127495049916,75.28418290966056,12968.9501953125,-0.001389836350773832,12918.100167410714,12553.740559895834,68.30534508051551
0.0077527404263104,3133.835867745536,3150.773902529762,3165.921876757735,34.83561281054039,53.85500084436188,3231.2119140625,1,Train,2020-11-29,-0.0031191502342304833,-0.010838538613379578,-0.011359937540957099,0.002403589438426559,0.0025653989281561604,-34.33837890625,-36.00924246651721,3187.800008743856,3111.9716535050284,75.8283552388275,12968.9501953125,-0.001389836350773832,12918.100167410714,12553.740559895834,68.30534508051551
0.0137850563753769,3149.240548270089,3158.517136346726,3171.857334694532,33.711770042842346,64.10675145789301,3290.00634765625,1,Train,2020-11-30,0.006305525729713324,-0.0026151590082512666,-0.008427316743126467,0.0035265924516280985,0.002739822006035265,-8.257359095982792,-26.76520647321422,3187.5944521352185,3114.10345174313,73.49100039208861,12968.9501953125,-0.001389836350773832,12918.100167410714,12553.740559895834,68.30534508051551
0.0181957838598798,3172.289725167411,3165.677664620536,3182.598154054688,43.92369493016901,69.70201913092815,3287.793701171875,0,Train,2020-12-01,0.014502950289117411,0.009113115806896888,-0.001946435021166315,0.004722815591421225,0.0033892734083115837,28.64836774553578,-6.186697823661234,3189.3547738324296,3116.76330303699,72.59147079543982,13109.0498046875,0.010802694687318537,12966.29296875,12623.581008184523,67.60599657392079
-0.0006725356277659,3197.7257254464284,3172.3973795572915,3192.161385610796,51.082764622349785,66.01344831631167,3193.8232421875,0,Train,2020-12-02,0.020387110364798566,0.02179843615071486,0.00728274280039054,0.005224886393014936,0.003954667033881569,68.2183663504461,23.119838169642662,3195.966251495612,3117.1246211327357,78.84163036287646,13113.75,0.0003585458429504751,13002.6787109375,12692.37146577381,64.65432513565113
-0.0285816165870994,3209.40185546875,3174.2961077008927,3192.3124634814053,51.10382973165087,48.05298186495417,3237.263671875,1,Train,2020-12-03,0.01910343343943932,0.026371464499381103,0.012025978348004118,0.004459843798729563,0.004004436458801618,82.46198381696422,38.13755580357156,3204.5441269385014,3116.351063491186,88.19306344731558,13133.900390625,0.0015365849299400214,13032.314453125,12755.24767485119,68.37372108599469
0.0136013881775582,3227.161307198661,3177.5581403459823,3196.3989369717324,52.888016997099136,52.93322896449672,3275.555908203125,1,Train,2020-12-04,0.01729715340812832,0.029779938513583515,0.0186186288867205,0.003049370729201746,0.0041875965003701585,93.325439453125,58.987060546875,3216.437871863597,3113.8698569310463,102.5680149325508,13258.5498046875,0.009490662358873525,13061.371512276786,12819.53576078869,70.6946935528656
0.0118285812369267,3243.275704520089,3182.897333054316,3203.595025265496,56.89825976295151,60.78251421458485,3252.84228515625,0,Train,2020-12-05,0.014244492174919632,0.02985962958645838,0.027166382898911046,0.0020010483006763276,0.004308581760966196,94.03515625,85.77779715401721,3231.079549007472,3109.167754982483,121.91179402498892,13258.5498046875,0.009490662358873525,13061.371512276786,12819.53576078869,70.6946935528656
-0.0069342803735977,3252.642438616072,3187.0280645461307,3208.072048891928,58.73668362259322,63.52903628265948,3284.4970703125,1,Train,2020-12-06,0.01347309719835832,0.025329563315475756,0.034673510366204585,0.001838915588608857,0.004252307691209525,80.35271344866123,109.00108119419701,3245.7215448986176,3104.285346842454,141.43619805616345,13258.5498046875,0.009490662358873525,13061.371512276786,12819.53576078869,70.6946935528656
0.0097314232850147,3260.2546037946427,3193.5864839099704,3215.01977811198,61.63448971877339,68.44500393250293,3259.976806640625,0,Train,2020-12-07,0.010254614952826202,0.01955417184489283,0.041778858362048865,0.0021646973001561327,0.004176644531524983,62.52887834821422,130.74724469866032,3259.851997106699,3100.523452809596,159.32854429710278,13355.75,0.007331133249439903,13132.421456473214,12878.366722470239,72.73150692392723
-0.007465454572484,3255.964669363839,3198.809547061012,3219.1067807054933,62.424603528539485,64.39887285816549,3272.756591796875,1,Train,2020-12-08,0.003912391668110526,0.01450825293683522,0.04126232131348817,0.0029252971783149924,0.0041962168127809615,46.56281389508922,129.02479771205344,3270.8665068687146,3098.9085593980267,171.95794747068794,13392.9501953125,0.002785331809333158,13190.414341517857,12932.147693452382,70.24075524842173
0.0039202073862052,3253.816510881697,3203.013381231399,3223.984036259255,64.35379663973954,68.1188506773922,3224.484619140625,0,Train,2020-12-09,0.00036095952376635765,0.008259644048030035,0.0382855542535081,0.0026288512138461177,0.0039886844234394364,26.655203683036234,119.98064313616123,3280.029918466924,3098.1422878667818,181.88763060014207,13529.099609375,0.010165752285866914,13270.43568638393,12983.00720796131,71.82594366371964
-0.0147496372865746,3258.196707589286,3203.7466401599704,3224.029543793925,64.513977923292,61.33527488042201,3234.644287109375,1,Train,2020-12-10,-0.0006312072078548114,0.004600596566120219,0.03459759826191977,0.0026034031122928987,0.0035333740812883074,14.921003069196558,108.95615931919656,3288.9514870348576,3097.4398145834466,191.51167245141096,13478.2998046875,-0.0037548548058806697,13323.18568638393,13023.350074404761,78.54258678065429
0.0031507881626855,3257.822509765625,3204.830392020089,3224.994520458966,64.84783174828057,62.047403646389725,3237.1279296875,1,Train,2020-12-11,0.0005705959954869222,0.0015925731915853447,0.02696247569055199,0.0022327810942769036,0.0030159565159671078,5.180071149552987,85.53278459821422,3296.8453887693267,3097.4805215264323,199.36486724289443,13513.849609375,0.002637558535026452,13380.3427734375,13059.764322916666,77.60541078649575
0.0007678255652476,3252.332798549108,3207.5161249069943,3226.09755766156,64.96750444792075,58.12372296390245,3212.337158203125,0,Train,2020-12-12,-0.00045599139583540893,-0.0024298118423986548,0.017076847044177335,0.001804171293737042,0.0031050704329242907,-7.92180524553487,54.60707310267935,3303.0623108657483,3099.036290557243,204.0260203085054,13513.849609375,0.002637558535026452,13380.3427734375,13059.764322916666,77.60541078649575
-0.0076582612806309,3246.5463518415177,3211.008219401041,3224.846612256247,63.04310484789568,52.73589914160345,3258.75830078125,1,Train,2020-12-13,-0.0035757066848146613,-0.0028926350494342667,0.011573650806449898,0.001579842757865512,0.0033392094634669424,-9.418317522321558,37.14449637276766,3307.7503524930235,3101.876454147601,205.87389834542228,13513.849609375,0.002637558535026452,13380.3427734375,13059.764322916666,77.60541078649575
0.0144508936303844,3242.869384765625,3217.45484561012,3227.929493031248,60.50501596329291,52.99088341200871,3279.033203125,1,Train,2020-12-14,-0.004589913954850755,-0.0033643956502961148,0.004867459687225795,0.001095780747670627,0.0033978654028062934,-10.947126116072013,15.70807756696422,3311.307905967606,3105.7884144844033,205.51949148320273,13558.150390625,0.0032781762806703973,13440.949916294643,13101.066731770834,77.16056899133278
0.0062216649632742,3245.591727120536,3224.6153738839284,3232.5752848579523,58.33015805400962,48.69982226912342,3307.887939453125,1,Train,2020-12-15,-0.0020726880814839754,-0.0038686984243122557,0.0007140998211219163,0.001211279540647886,0.00305647313118113,-12.60498046875,2.3160226004465585,3314.037502415145,3111.8682000123104,202.16930240283455,13567.849609375,0.0007153791977927426,13485.13560267857,13141.442894345239,74.5569492362613
0.0087997694871237,3250.6104910714284,3234.0509091331846,3239.4218898211498,54.73430824595653,52.23951910717454,3315.293701171875,1,Train,2020-12-16,0.001251834654264261,-0.0022137543320969177,-0.0006247067063135381,0.0014184394765765242,0.00244553215192364,-7.2120186941965585,-2.0319475446435717,3315.1765958816413,3121.4260199107694,193.75057597087198,13682.7001953125,0.008464907059269056,13531.8427734375,13187.288132440477,92.84306868327366
0.0022388188035096,3263.5832170758927,3243.7272600446427,3246.31932721667,49.838053617830106,66.77473494837874,3338.05224609375,1,Train,2020-12-17,0.006387501268961815,0.003459184291288997,0.0010209672819343485,0.0020787687642052134,0.0024734969100762253,11.25041852678487,3.32861328125,3314.2654189975287,3135.7447825928734,178.5206364046553,13740.7001953125,0.004238929390550483,13581.52134486607,13228.550037202382,92.276233494341
0.0068647145541977,3278.355782645089,3254.446533203125,3254.658683478223,44.19136370402212,64.76185367946792,3347.490478515625,1,Train,2020-12-18,0.01009494054682647,0.009797929047133058,0.00687695216472517,0.0026178297915597252,0.0023492773173040596,31.80943080357156,22.39111328125,3311.9528625229964,3153.198930166736,158.75393235626052,13760.5498046875,0.0014445849987885229,13614.585658482143,13267.70717075893,94.3126008597956
0.0028274669555936,3294.121861049108,3263.243454706101,3263.097937572532,43.40638888062054,61.50850627366,3336.78759765625,0,Train,2020-12-19,0.013385599442687246,0.015804668706133285,0.012387099897187781,0.0026981528086364105,0.0023263616833916344,51.25247628348279,40.30535016741078,3309.6928209117045,3171.4875711083846,138.20524980331993,13760.5498046875,0.0014445849987885229,13614.585658482143,13267.70717075893,94.3126008597956
-0.0031972849297307,3311.900495256697,3270.3630952380954,3269.7969975801425,42.5766215862123,63.96681176162832,3372.0556640625,1,Train,2020-12-20,0.014804978138138525,0.020430409525042048,0.016482672007592347,0.0024508689957484626,0.0025585760024874663,66.30876813616123,53.703787667411234,3310.4519009488554,3186.9944857698943,123.45741517896113,13760.5498046875,0.0014445849987885229,13614.585658482143,13267.70717075893,94.3126008597956
0.0105694670020417,3328.0858328683034,3277.0699404761904,3279.093239987629,46.9677125515854,64.39491120783356,3376.2099609375,1,Train,2020-12-21,0.01516920478444539,0.023834089630141664,0.02156757247887442,0.0017844921961794233,0.002723918916126763,77.475341796875,70.26332310267844,3316.9365746580534,3196.089422830786,120.84715182726723,13328.400390625,-0.0314049525779333,13593.171456473214,13294.216703869048,59.25335442594721
0.001231977549859,3341.9682268415177,3281.174874441964,3287.922032801254,51.68503329435685,70.48057341527439,3447.91796875,1,Train,2020-12-22,0.014524771034782447,0.02401808213606893,0.027560349399789796,0.0012562129697804515,0.00268590355791061,78.385009765625,89.63542829240987,3328.854384836567,3198.5958627917817,130.25852204478542,13466.2998046875,0.010346283876607965,13586.378627232143,13323.133370535714,63.36987654906224
0.021239202727957,3361.972516741072,3288.7998395647323,3302.467117887504,63.23185985297233,75.5566305161687,3508.427490234375,1,Train,2020-12-23,0.015118818200029915,0.025505692377450817,0.03555352438879611,0.0006941449365136245,0.0027901493374376182,83.61673409598279,115.42616489955435,3344.8903150407464,3197.8169987148344,147.07331632591195,13601.099609375,0.010010159185716239,13592.514229910714,13355.259533110118,66.30032736123945
0.017549582685203,3389.563058035714,3303.7809942336307,3321.190788100856,75.65314864536043,89.99982115760555,3486.932861328125,0,Train,2020-12-24,0.01847224748840892,0.028973183449931827,0.04523576372185323,0.0013601877632117248,0.003177381307195237,95.44119698660643,146.69367327008922,3366.998865942598,3191.948622896687,175.05024304591097,13749.25,0.01089253037474136,13618.42857142857,13388.31189546131,66.84404283577496
-0.0061265706548246,3410.831717354911,3315.6700032552085,3336.2582493033347,83.85097226620412,84.44070277598915,3438.61572265625,0,Train,2020-12-25,0.02060566882722159,0.029871435521659828,0.05091213070751044,0.0013275641718480894,0.003180430156759567,98.93122209821377,165.239990234375,3391.39806738259,3184.305022740178,207.09304464241177,13749.25,0.01089253037474136,13618.42857142857,13388.31189546131,66.84404283577496
-0.0138566300509358,3423.849609375,3323.4347563244046,3345.5634741536,87.42428183925972,74.44654955460925,3480.204833984375,1,Train,2020-12-26,0.018404996568475385,0.02877443110418909,0.0532943331043243,0.0014798399214273842,0.002840338827824521,95.76377650669656,173.23911830357156,3414.9282923459236,3177.895514852737,237.0327774931866,13749.25,0.01089253037474136,13618.42857142857,13388.31189546131,66.84404283577496
0.0120947249365794,3444.3377859933034,3334.261544363839,3357.803597774579,92.193290222722,81.22750833635973,3504.001953125,1,Train,2020-12-27,0.016159819722997515,0.030631517777335304,0.05538531022333282,0.0014873840029735817,0.002418786901993311,102.36955915178578,180.75456891741078,3439.8582036037833,3171.373921814744,268.4842817890394,13749.25,0.01089253037474136,13618.42857142857,13388.31189546131,66.84404283577496
0.0068378501484294,3463.187255859375,3344.714157831101,3371.09435735189,98.4969438704574,80.18212913453206,3536.559814453125,1,Train,2020-12-28,0.015349786457675485,0.030105760417225458,0.056379321058667164,0.0014555459742865641,0.001873892894899377,101.21473911830299,184.83147321428578,3465.2321021312837,3166.722281936797,298.50982019448657,13873.2001953125,0.009015051389166695,13645.642857142857,13436.635695684523,67.44196151417856
0.0092916219122221,3486.0943777901784,3357.8847772507443,3386.13667163382,104.88434744529675,80.76370519218038,3485.985107421875,0,Train,2020-12-29,0.018179761238561243,0.028478986259192096,0.0582772966024796,0.00131339815058979,0.0015674438797145843,96.53131975446422,191.97251674107065,3491.8720642759454,3163.3101064829834,328.56195779296195,13932.599609375,0.004281594241144937,13673.057059151786,13481.664248511905,67.9220279681724
-0.014300537721591,3491.532540457589,3368.0385160900296,3395.213802160007,106.53927603260928,70.22563312021381,3520.3037109375,1,Train,2020-12-30,0.013702127200243552,0.023660159688341897,0.054238358144564236,0.0021491966394727897,0.0015650564192637893,80.70082310267844,179.6320452008922,3515.4952054114756,3163.020548634283,352.47465677719265,13981.9501953125,0.003542094606974411,13704.68568638393,13529.90234375,65.95950300075921
0.0098447361242475,3493.2291434151784,3382.1251395089284,3406.58561204887,106.1654894109567,71.94081328173787,3583.748291015625,1,Train,2020-12-31,0.008674635627910599,0.020263604408969016,0.049621109202146574,0.0024411090658314908,0.001984029271606771,69.37953404017844,165.143310546875,3535.611778872412,3166.444638538303,369.1671403341088,13981.75,-1.4318125132972703e-05,13798.02134486607,13571.459495907739,68.39894788309654
0.0180224734249503,3507.0599190848216,3398.7491396949404,3422.691310136757,109.20622949504092,74.18864514206192,3629.807861328125,1,Train,2021-01-01,0.006014048681015183,0.01821021542851664,0.04939953974347966,0.002283135713044062,0.0019973475853644032,62.72213309151812,165.0916922433039,3554.7170325820653,3172.8120968822204,381.9049356998448,14018.5,0.0026284263414808606,13876.90708705357,13614.54282924107,68.42664529094704
0.0128523452464477,3534.3730817522323,3417.44818405878,3441.52008751779,113.67585255154638,75.92464721538693,3604.02392578125,0,Train,2021-01-02,0.01226983875940868,0.020555003421318885,0.05127958784692166,0.0026913562457768925,0.0021479151214354253,71.18582589285734,172.40056501116032,3575.1990217926163,3181.1127806627405,394.0862411298758,14018.5,0.0026284263414808606,13876.90708705357,13614.54282924107,68.42664529094704
-0.0071033885351278,3552.0615234375,3436.099934895833,3456.2931637235592,110.4260656600387,73.87841684307521,3541.643310546875,0,Train,2021-01-03,0.01684183247274862,0.018922937390219996,0.04794082972333169,0.0026292548968459254,0.002145499618475738,65.96714564732156,162.49846540178578,3594.4475636537177,3192.783452668826,401.6641109848915,14018.5,0.0026284263414808606,13876.90708705357,13614.54282924107,68.42664529094704
-0.0173086018625285,3557.438860212053,3449.5706496465773,3464.0522679802243,104.82294720686644,64.45292522391047,3461.938720703125,0,Train,2021-01-04,0.014365007239562022,0.018876043396641506,0.04298281328603215,0.002784317389499313,0.002341441978807014,65.90631975446377,146.6071428571422,3610.073786654252,3208.341942977444,401.73184367680824,14132.900390625,0.00816067272711063,13952.878627232143,13662.1142578125,69.96423328150144
-0.0225049737805026,3546.778703962053,3458.2804361979165,3463.86012731867,97.271240796306,56.4726353761334,3468.225830078125,1,Train,2021-01-05,0.003509992273840634,0.015329529884352544,0.03590376582267374,0.003475791035612003,0.003133213015573209,53.549560546874545,122.92909458705299,3619.241188370906,3228.7913625498527,390.4498258210533,14199.5,0.004712380865514287,14017.20005580357,13706.921409970239,71.10637736888339
0.0018160660491768,3544.2416643415177,3465.915573846726,3464.257009387711,90.9644687881248,51.70134146236701,3411.997802734375,0,Train,2021-01-06,-0.002201498775959987,0.010601970343979472,0.029005249936426614,0.0036760847113369004,0.003353734668357502,37.181745256696104,99.90387834821422,3624.88577778612,3251.212617861201,373.67315992491876,14146.25,-0.0037501320469031096,14056.20717075893,13744.564267113095,66.15438648555013
-0.0162123316354181,3528.769391741072,3470.520531063988,3459.506172419225,85.22486459400466,41.862989970474246,3410.685302734375,0,Train,2021-01-07,-0.008059019310671212,-0.0015854834454493982,0.018936930358223858,0.004423187571376311,0.003739286363336215,-5.6036900111603245,65.58213588169701,3625.5317562972336,3275.608000259685,349.9237560375486,14137.349609375,-0.0006291696120880319,14085.45717075893,13780.01185825893,64.31276230614452
-0.0003846719944977,3504.0461077008927,3473.979248046875,3455.0679115387843,80.9465075655232,43.33914300144004,3301.5322265625,0,Train,2021-01-08,-0.012048283760535794,-0.013517619393636049,0.005149524931133298,0.005252643855421039,0.004433518196277013,-48.01541573660734,17.95172991071422,3621.0566789269647,3301.075502295133,319.98117663183166,14347.25,0.014847223590326086,14137.642857142857,13818.971400669643,68.61712643870501
-0.0320032681069596,3457.149588448661,3471.7907598586307,3441.1101219954853,85.05431472031799,39.17519294002973,3338.444580078125,1,Train,2021-01-09,-0.024572837899031308,-0.028191425265257863,-0.00984752443533643,0.005989898173776677,0.005984452765837006,-100.28927176339221,-34.38295200892844,3612.1821213080525,3324.474969233241,287.70715207481135,14347.25,0.014847223590326086,14137.642857142857,13818.971400669643,68.61712643870501
0.0111803705015043,3419.2096819196427,3471.8696637834823,3431.7768909120887,84.92347972317613,38.72259745586926,3380.242431640625,1,Train,2021-01-10,-0.03104756861637059,-0.035967573026167377,-0.021189409127386982,0.005384887525992085,0.006526196976341355,-127.56902204241032,-74.01946149553578,3603.1680407053514,3342.601434741078,260.56660596427355,14347.25,0.014847223590326086,14137.642857142857,13818.971400669643,68.61712643870501
0.0125201573846469,3396.152413504464,3472.2595098586307,3427.0919400692283,84.45989335670107,40.42872566157136,3438.50634765625,1,Train,2021-01-11,-0.030791174225507145,-0.041783056817759845,-0.03162406920304317,0.004433659372334059,0.006482290977356499,-148.08925083705344,-110.90750558035734,3596.3173637662767,3354.8705303464467,241.44683341983,14484.75,0.009583718134137165,14209.5,13866.89760044643,95.1328560233451
0.0172366086734632,3392.804931640625,3475.226004464286,3428.12961348623,81.97512730458544,42.70675839746875,3488.76318359375,1,Train,2021-01-12,-0.018612054573232784,-0.03853027642403206,-0.04005467075406266,0.004759091881976391,0.006066592640041451,-135.964460100447,-141.56815011160734,3592.4144887130847,3361.8566468895947,230.55784182348998,14563.4501953125,0.005433314024232416,14287.350027901786,13916.878580729166,94.8970408639552
0.0146158915692438,3395.738839285714,3477.1710146949404,3433.641756223277,81.7791269137563,50.20673176322083,3460.174072265625,0,Train,2021-01-13,-0.0068644057596231045,-0.030909201844447787,-0.04400900241178951,0.005094363640261848,0.006038710865594309,-108.30726841517844,-156.32268415178578,3591.7646977015424,3363.1240160261355,228.640681675407,14564.849609375,9.609083312889233e-05,14349.057059151786,13964.816638764882,94.27162305957253
-0.0081946265262623,3402.621163504464,3474.8732328869046,3436.0537849544,81.53452181080725,45.48694243928039,3451.398681640625,0,Train,2021-01-14,0.001904729002820238,-0.015772654190721713,-0.04351942585412705,0.0059542673167389286,0.006100602482759651,-54.52842494419656,-154.81769670758877,3592.415404300244,3361.6522540423907,230.76315025785334,14595.599609375,0.002111247340323086,14405.64271763393,14013.757114955357,93.5790602158583
-0.0025361124734554,3408.437360491072,3473.181129092262,3437.4487755622376,81.64038747339636,39.1783685547789,3418.9189453125,0,Train,2021-01-15,0.004607523617011333,-0.003150529634240673,-0.03900478575571742,0.006401183684281024,0.005963661325927119,-10.772321428570649,-138.34134347098097,3593.3339104716106,3359.192522982631,234.1413874889795,14433.7001953125,-0.011092344158201595,14446.70703125,14049.519019717261,77.77502477700693
-0.0094106011284346,3425.206891741072,3472.243187313988,3435.7642455395344,82.16878974775645,32.36493717490623,3386.75634765625,0,Train,2021-01-16,0.008677950175213223,0.008555116113480477,-0.03358539960693141,0.005580017910800705,0.005641423101967992,29.054478236607792,-119.03477260044565,3593.7799116963915,3356.833432332627,236.9464793637644,14433.7001953125,-0.011092344158201595,14446.70703125,14049.519019717261,77.77502477700693
-0.0094072419296007,3432.108572823661,3467.793259393601,3431.3089820956,84.22083266055854,32.02331259988979,3402.227294921875,1,Train,2021-01-17,0.008666086496924796,0.011584409353009972,-0.027392217565602728,0.0036610427695592854,0.00539809085550956,39.30364118303578,-96.66081891741123,3593.70138193678,3353.804093788666,239.89728814811406,14433.7001953125,-0.011092344158201595,14446.70703125,14049.519019717261,77.77502477700693
0.0045680721249201,3435.249267578125,3462.946847098214,3428.6651923525333,84.9580947647889,37.4939445995464,3411.09326171875,1,Train,2021-01-18,0.00786633411481863,0.011635296517891636,-0.01963354305514753,0.0017829770157702218,0.0053666587818497905,39.51042829241078,-68.79684012276766,3592.208443760312,3350.2125209439278,241.99592281638434,14281.2998046875,-0.010558650142566628,14467.27134486607,14075.26185825893,65.82122896116705
0.0026059301828857,3431.333112444197,3456.9722493489585,3427.0677441130983,83.92790670915002,44.77495708581983,3342.877685546875,0,Train,2021-01-19,0.0017885695366013366,0.008438185610460724,-0.0074675611638918005,0.0018213641491257862,0.00537584204539805,28.711948939732792,-25.816476004463766,3590.0618874904744,3346.339134412428,243.72275307804648,14521.150390625,0.016794730817062842,14492.1142578125,14111.480933779761,70.858792569215
-0.0199981562912481,3410.4923270089284,3450.157610212053,3419.41410242526,87.20047838439184,38.573215406460456,3377.980712890625,1,Train,2021-01-20,-0.006298240675104316,0.0006029057601810717,-0.0025495233465238076,0.0034542556599299686,0.005441059876164985,2.0549665178564283,-8.71735491071422,3587.948132177472,3340.1792080848054,247.76892409266657,14644.7001953125,0.008508265623863087,14514.964285714286,14174.161876860118,73.4117286773424
0.0105008410853677,3398.750418526786,3443.380324590774,3415.647430649384,87.00658999784476,46.77476850201522,3454.02197265625,1,Train,2021-01-21,-0.010624803677513395,-0.007724051145079347,0.0007649848139885673,0.003694505913686772,0.005425293709764356,-26.456473214286234,2.5980050223215585,3584.078448915263,3333.21794129121,250.86050762405284,14590.349609375,-0.0037112802046228577,14518.807059151786,14227.688058035714,69.94660231875923
0.0225108626214016,3399.125174386161,3437.202880859375,3419.1360253772805,80.93566448242024,53.59886722264776,3449.77001953125,0,Train,2021-01-22,-0.009386421254535038,-0.009610243306016342,0.0018628370545545891,0.0036083248946546316,0.005319534295848975,-32.9833984375,6.320242745535779,3574.681897246083,3329.0897022237837,245.59219502229917,14371.900390625,-0.014972171647596122,14491.242885044643,14264.392857142857,57.77235772357723
-0.0012310150771073,3403.532470703125,3428.62965029762,3421.9209339367326,68.01815355097712,64.9076640235387,3423.623046875,0,Train,2021-01-23,-0.002040718945674147,-0.009232749767052684,0.0022951209696238095,0.002913414284620043,0.004281741012458069,-31.716796875,7.793631417410779,3559.464621359569,3329.45407283686,230.01054852270863,14371.900390625,-0.014972171647596122,14491.242885044643,14264.392857142857,57.77235772357723
-0.0075793379002704,3408.799142020089,3420.039132254464,3422.075671476575,54.88240221138624,58.75562957085016,3432.399169921875,1,Train,2021-01-24,0.0029565935287649836,-0.006567118284839579,0.0018156527626078667,0.0028398016813404826,0.0032441978678899707,-22.533970424107792,6.177978515625,3539.85793601335,3334.196786363883,205.661149649467,14371.900390625,-0.014972171647596122,14491.242885044643,14264.392857142857,57.77235772357723
0.0025634022574083,3413.1094098772323,3414.8370303199404,3423.014171335238,47.45442900696207,55.75174301769833,3364.998046875,0,Train,2021-01-25,0.004114068995295872,0.0007673621921322482,0.0013707305993990726,0.0028812131138168566,0.0026570163322041673,2.6170828683038962,4.6720493861603245,3519.62222055789,3341.0655724108597,178.5566481470305,14238.900390625,-0.009254169343308138,14440.285853794643,14287.709542410714,51.22826800390162
-0.019636737952133,3406.524379185268,3410.220807756697,3417.739978202489,47.35837410405254,42.053785859438925,3244.6708984375,0,Train,2021-01-26,0.0008790597733081551,0.002287299654633701,-0.0054544187099622166,0.002906606807091626,0.0027052866943105608,7.773960658482338,-18.682512555803896,3495.2864920743755,3351.6295723787493,143.65691969562613,14238.900390625,-0.009254169343308138,14440.285853794643,14287.709542410714,51.22826800390162
-0.0357584601124049,3392.4948381696427,3399.5753348214284,3402.0064254965814,57.67089987261788,27.085138236067976,3224.224853515625,0,Train,2021-01-27,-0.004783005149662345,-0.0019506007800126346,-0.011542098337940176,0.002389331634996953,0.002941593251434199,-6.630336216518117,-39.61373465401812,3469.849974121974,3363.438634974008,106.41133914796592,13967.5,-0.019060488041877988,14373.685825892857,14292.200009300595,45.09481289326716
-0.0063014233374857,3370.529715401786,3390.633765811012,3385.844464407404,69.07718242797445,27.50567450763521,3077.524169921875,0,Train,2021-01-28,-0.012475338280169002,-0.009696618318003392,-0.018839841634539334,0.0031209264030019955,0.0033287430837737053,-33.00275530133922,-64.71955217633922,3448.473862117315,3371.463107748757,77.01075436855808,13817.5498046875,-0.010735650281904374,14307.435825892857,14286.721447172618,41.85472698193975
-0.0454995201199416,3316.744315011161,3374.7689499627977,3357.815346726901,96.89766703300332,21.77833408154224,3185.2763671875,1,Train,2021-01-29,-0.026355327066697742,-0.027005060484254773,-0.03339483334260507,0.006299071225963562,0.005186878472037015,-92.05482700892844,-114.58879743303623,3454.2915683538054,3351.604874168516,102.68669418528953,13634.599609375,-0.013240422354072856,14180.785714285714,14270.180943080357,31.596202596768507
0.035012624212261,3278.9595075334823,3369.232956659226,3342.129984950592,104.32722251220385,34.16329578197575,3215.538818359375,1,Train,2021-01-30,-0.03346661853652699,-0.03930430766606319,-0.038567106113621796,0.00651681992436036,0.005358246011874311,-134.14990234375,-131.5328194754461,3470.8348335950045,3321.0365914887,149.79824210630431,13634.599609375,-0.013240422354072856,14180.785714285714,14270.180943080357,31.596202596768507
0.0095007301355756,3249.233189174108,3363.380301339286,3330.621697078663,109.46187146611356,38.36460352944027,3208.255859375,0,Train,2021-01-31,-0.03598737779210437,-0.04617351074081533,-0.043991823741352354,0.0058614121415836475,0.005363191733312691,-157.29119001116032,-149.517229352678,3488.1564362717677,3289.023066378903,199.13336989286472,13634.599609375,-0.013240422354072856,14180.785714285714,14270.180943080357,31.596202596768507
-0.002264926469801,3217.212716238839,3355.1904645647323,3319.497530014694,114.45714158571396,36.669976353467845,3206.672607421875,0,Train,2021-02-01,-0.030008824714601645,-0.051667616398017424,-0.05351743428518274,0.004699955786468943,0.0053932544036934815,-175.28212193080344,-181.91245814732156,3505.3824570424044,3254.237824068087,251.14463297431757,14281.2001953125,0.047423511101338356,14128.857142857143,14284.440476190477,45.837854546659926
-0.0004934930449822,3194.594796316964,3344.1507626488096,3309.240718869892,117.16769762357558,35.8098519105274,3188.533203125,0,Train,2021-02-02,-0.02572911041526693,-0.05219800267028629,-0.06138847687943372,0.003847894569454373,0.005326935059487425,-175.93491908482156,-208.93767438616078,3519.790116725515,3219.715760088102,300.0743566374131,14647.849609375,0.02567357148195737,14137.07142857143,14314.409505208334,51.5439669257899
-0.0056567684068811,3186.575125558036,3329.8540969122023,3298.2673083476293,116.95665269532928,38.48544313180938,3152.841796875,0,Train,2021-02-03,-0.019283954080254406,-0.039246072983074365,-0.06519129089265174,0.004226193605065499,0.00536082700416718,-130.169189453125,-222.22401646205344,3528.8224036523334,3189.07886936664,339.7435342856934,14789.9501953125,0.009701122671723184,14196.79282924107,14345.697591145834,53.91628934290447
-0.011193675579423,3176.3775460379466,3315.2192266555057,3285.046807304663,119.0439966160052,33.21870033181577,3256.9296875,1,Train,2021-02-04,-0.012692716895832734,-0.031284912564443546,-0.06935958840176792,0.004694405164571811,0.0053660322300126285,-102.58196149553578,-236.73186383928578,3533.8723113959427,3160.8229801777175,373.04933121822523,14895.650390625,0.0071467580293813615,14290.6142578125,14378.847609747023,55.08758706381987
0.0330139909741644,3202.006905691964,3305.9587983630954,3282.490705504239,115.42994040668412,35.8988055146432,3286.46875,1,Train,2021-02-05,0.0023202032957498897,-0.014534593466388745,-0.060036990999670414,0.006649691123466019,0.006272197739602268,-47.22628348214357,-204.5174734933039,3529.6765818649983,3142.6987111037515,386.9778707612468,14924.25,0.0019199973566108586,14427.29282924107,14415.895228794643,58.71143290700196
0.0090696039934083,3216.462960379464,3299.6516462053573,3282.8523459129447,112.53130819843464,38.72441727488011,3275.928466796875,0,Train,2021-02-06,0.009379297096030248,-0.00023304516222710792,-0.05188862067219924,0.00681621054106784,0.006543788694159958,-0.749755859375,-176.03187779017844,3520.4159584974122,3130.394773226917,390.02118527049515,14924.25,0.0019199973566108586,14427.29282924107,14415.895228794643,58.71143290700196
-0.0032071758488879,3225.0900530133927,3294.374128069197,3282.2229023569384,110.82792305466022,39.577394466633066,3256.205322265625,0,Train,2021-02-07,0.015335868066504776,0.009545891933332662,-0.04315038722957998,0.006430267184118502,0.006624448947263994,30.49525669642844,-145.43966238839312,3507.62164656341,3122.1731637044463,385.44848285896387,14924.25,0.0019199973566108586,14427.29282924107,14415.895228794643,58.71143290700196
-0.0060206273522617,3231.9399762834823,3287.420700799851,3279.8576678031827,108.274135771643,37.75542267366774,3295.878173828125,1,Train,2021-02-08,0.009348221747526031,0.014236240771980047,-0.025568548755436127,0.005165154554938584,0.0066800296388669165,45.36485072544656,-84.80433872767844,3492.860708260484,3116.994788391302,375.8659198691821,15115.7998046875,0.01283480273296811,14612.757114955357,14462.488095238095,64.61624089101926
0.0121837684163284,3244.6836286272323,3281.9342680431546,3281.314077441814,104.54909761338016,45.00397578459542,3251.4560546875,0,Train,2021-02-09,0.008773820372064423,0.021504396627689104,-0.010453279105002822,0.003966922334456141,0.006988343219182706,68.30608258928578,-34.27587890625,3479.5236083980585,3113.7510184155576,365.7725899825009,15109.2998046875,-0.0004300136336804483,14823.42857142857,14498.776181175595,61.21844245515435
-0.0134780828652502,3253.672607421875,3277.580857049851,3278.599711736876,103.78513902648936,50.55088293499772,3307.54833984375,1,Train,2021-02-10,0.008862560095578065,0.016135412337202837,0.0013662972120802586,0.003372379445334139,0.00717746892104956,51.66570172991078,4.4394182477672075,3466.6383011385888,3112.1285445645362,354.5097565740525,15106.5,-0.00018530340410816137,14941.328543526786,14528.383324032739,59.23377782290582
0.017251435729966,3275.773542131697,3274.2269345238096,3281.231405201137,101.4910823433728,56.39484010323391,3322.793212890625,1,Train,2021-02-11,0.013562617551647893,0.01843969058025019,0.01820234813734034,0.002243210080955951,0.0075436592916791655,59.31058175223279,58.56082589285779,3452.8115412699435,3113.6201412077353,339.19140006220823,15173.2998046875,0.004421924647502795,15016.392857142857,14557.423781622023,61.598460846759664
0.0046091157197101,3285.1826171875,3267.977945963541,3285.009751354726,93.60052792142558,73.58201177431621,3281.130615234375,0,Train,2021-02-12,0.012481644805969028,0.018632832939954325,0.028356591882943594,0.0015995023421505618,0.00646707272678389,60.09256417410734,90.58782087053578,3437.1998145835055,3117.3968825426114,319.8029320408941,15163.2998046875,-0.0006590524229219685,15069.728515625,14585.921409970239,67.16999073270136
-0.0125384262537379,3284.420026506697,3259.9474981398807,3284.6571026165125,83.9617654956932,60.55792405654212,3348.3056640625,1,Train,2021-02-13,0.009450065447483835,0.016237940867813716,0.030705348875629035,0.0021078059890473257,0.005683175868375913,52.480050223214675,97.84490094866123,3418.6456318778414,3123.513153696935,295.1324781809062,15163.2998046875,-0.0006590524229219685,15069.728515625,14585.921409970239,67.16999073270136
0.0204731407266232,3294.759626116072,3256.3609561011904,3290.4433354752387,78.01887995057422,63.52397924747992,3358.664794921875,1,Train,2021-02-14,0.005795908581647469,0.015433245031049703,0.037269524281138944,0.0021036999790977904,0.0050663017038007725,50.075997488839675,118.38208007812545,3397.4478140531437,3132.875993145518,264.5718209076258,15163.2998046875,-0.0006590524229219685,15069.728515625,14585.921409970239,67.16999073270136
0.0030938426472111,3309.3966936383927,3252.8497953869046,3296.645286334024,71.04809710552512,65.22563071169675,3392.546875,1,Train,2021-02-15,0.007370694196483507,0.01712651914928598,0.03353827493486339,0.0021143049777609495,0.004047031970528892,55.72408621651766,107.38978794642844,3376.946757653668,3143.664280990306,233.2824766633621,15314.7001953125,0.00998465984153385,15129.5927734375,14620.164295014882,73.15538855862715
0.0100879611830728,3323.2065080915177,3254.161644345238,3305.363612576385,73.43655284850774,67.66086106501342,3354.186767578125,0,Train,2021-02-16,0.011809233067572533,0.014479928282512988,0.03318662425991703,0.002126061191053495,0.003119584262685571,47.43296595982065,106.74354771205344,3360.324712010302,3153.3574936258588,206.96721838444319,15313.4501953125,-8.162092525865194e-05,15185.192801339286,14662.057152157739,82.78246854721355
-0.0113071709353684,3337.88232421875,3259.376685732887,3309.8020812129066,76.55140988745015,65.15716818919603,3354.41259765625,1,Train,2021-02-17,0.01308826834008281,0.016041637002318865,0.03497337108462095,0.002132746319517498,0.0027331818298248077,52.69970703125,112.79227120535734,3351.9518644898567,3158.4656020280004,193.4862624618563,15208.900390625,-0.006827318687430917,15198.492885044643,14706.228608630952,84.65467260872462
6.732781856633174e-05,3344.577218191964,3265.576102120536,3313.857582707756,78.80084146996917,69.72366034656409,3352.286865234375,0,Train,2021-02-18,0.010630494863670625,0.018315925247006426,0.034851279025920334,0.001679843401579318,0.002045000305445031,60.15719168526721,112.63724190848188,3357.7700884620317,3155.430668373906,202.33942008812573,15118.9501953125,-0.005914312869584326,15199.871512276786,14734.695265997023,88.76702014949012
-0.000633712270029,3348.790597098214,3278.66003999256,3317.3511538465395,68.09981700732244,61.65664000783112,3375.990234375,1,Train,2021-02-19,0.007698615462025327,0.01639906309214889,0.03208539888217943,0.001802384163106217,0.0017062541632754753,54.03097098214221,104.10696847098188,3369.032293505907,3151.151572286504,217.8807212194033,14981.75,-0.009074717063029758,15182.050083705357,14750.74525669643,74.92971431867893
0.0070708057196553,3362.341971261161,3287.741652715774,3322.681979349127,67.73934175862315,61.10166494698039,3383.589599609375,1,Train,2021-02-20,0.0073278937561513935,0.015998468157215617,0.03339898537775521,0.0012721037646588815,0.0016831108839862568,52.94527762276812,108.66936383928578,3383.686239758007,3147.8085042431094,235.87773551489772,14981.75,-0.009074717063029758,15182.050083705357,14750.74525669643,74.92971431867893
0.0022510033225204,3367.3825334821427,3295.744070870536,3328.219035736422,68.70266932574471,63.4492850511584,3400.598388671875,1,Train,2021-02-21,0.00681859434015597,0.013293192969820788,0.02796560573318252,0.0014563498265889314,0.0017385212569047336,44.176025390625,91.60899135044565,3397.154831081105,3149.356894644342,247.79793643676294,14981.75,-0.009074717063029758,15182.050083705357,14750.74525669643,74.92971431867893
0.0050268475421675,3373.373046875,3304.9032389322915,3334.7989769123724,69.27469910049871,68.1610882515507,3411.09326171875,1,Train,2021-02-22,0.007340694816238003,0.010632706371563438,0.026844909389847293,0.001400217603413999,0.0017556282082400092,35.49072265625,88.1904296875,3407.9805892065215,3156.408961574729,251.57162763179258,14675.7001953125,-0.020428174591586412,15110.964425223214,14754.8095703125,51.03576116224322
0.0030861842085898,3376.022530691964,3314.637555803572,3341.73482098568,69.14363573669766,65.63908623284797,3451.30810546875,1,Train,2021-02-23,0.004068759081537365,0.009401879654313605,0.027890009026249718,0.001407768733608625,0.001835235420702113,31.4453125,91.60250418526721,3415.6542853136143,3167.6800059810294,247.97427933258496,14707.7998046875,0.0021872625461001327,15045.892996651786,14770.804780505952,46.67258930633918
0.011789429565387,3389.8970075334823,3327.1506463913693,3351.6960286659587,68.95841227937753,77.44097766490519,3397.52197265625,0,Train,2021-02-24,0.006686045861281409,0.012275001748657477,0.0288753633689387,0.0013321281452464931,0.0018659835556396808,41.10641043526812,95.13738141741032,3421.1961790672626,3183.4900583769336,237.70612069032904,14982.0,0.01864318245786234,14998.36439732143,14806.190476190477,53.077431749523186
-0.0155842744747342,3396.055489676339,3338.802083333333,3355.862023574167,57.802649326541534,62.4326972123489,3333.1064453125,0,Train,2021-02-25,0.006723965148874189,0.010026796412541339,0.026185677952881736,0.0013389090447924212,0.0015158409713883362,33.71351841517844,86.65879603794656,3428.058838862279,3196.0322569803557,232.02658188192345,15097.349609375,0.007699213013950157,14967.492885044643,14859.992838541666,55.80988454569531
-0.0189595616635228,3393.3154296875,3342.429547991072,3353.793334641288,54.71560471182327,51.25461015698738,3334.46337890625,1,Train,2021-02-26,0.005122270019919384,0.007701202921706951,0.021096769468065713,0.0017436440090848485,0.0017604724286537467,25.932896205357338,70.10892159598234,3433.124360598857,3208.65198217458,224.47237842427694,14529.150390625,-0.03763569324758598,14870.3857421875,14893.878580729166,34.28349870574699
0.000407107788489,3387.3830217633927,3344.7150065104165,3352.036065938102,53.24382930640088,57.193370209408606,3344.189208984375,1,Train,2021-02-27,-0.0007416112538235486,0.004153105717546124,0.014829970842734408,0.0019161552934621395,0.001964209915677893,14.009974888392662,49.50069754464266,3435.391289282106,3222.614350366332,212.77693891577383,14529.150390625,-0.03763569324758598,14870.3857421875,14893.878580729166,34.28349870574699
0.0029167602018513,3381.75439453125,3347.9655180431546,3351.322715305945,50.86497482145453,49.34296204447486,3339.39453125,0,Train,2021-02-28,-0.004211089950845404,0.0016978156357596585,0.011115657948356006,0.002153703263755299,0.0021944627230011814,5.731863839285779,37.17717633928578,3434.9043024520056,3238.0827790212093,196.82152343079633,14529.150390625,-0.03763569324758598,14870.3857421875,14893.878580729166,34.28349870574699
-0.0014337339889423,3373.010986328125,3351.9269089471727,3350.238334937223,46.4052241571127,46.86860031023991,3313.021728515625,0,Train,2021-03-01,-0.005983659279575115,-0.0049812785367315815,0.007232578009176871,0.002379040018963195,0.0023574035055559405,-16.886021205357338,24.22038922991078,3432.450594976129,3253.369222267175,179.0813727089544,14761.5498046875,0.015995389118723446,14819.328543526786,14947.542875744048,41.68956088836115
-0.0078974803628558,3359.000767299108,3352.743268694197,3346.855007080714,45.5121157657143,36.75396911245269,3191.880615234375,0,Train,2021-03-02,-0.008378814643024812,-0.010911106278997496,-0.0009937133077513316,0.002798282708139875,0.002628821762287385,-37.05472237723143,-3.3412039620529868,3427.415073321332,3268.9375599096948,158.47751341163712,14919.099609375,0.010672985341787733,14810.378487723214,14977.919038318452,45.82998323283756
-0.03656514300482,3321.939697265625,3349.9063430059523,3332.766426003774,53.32716760327695,28.809316166739336,3141.0810546875,0,Train,2021-03-03,-0.017687475282756604,-0.021034216800896788,-0.01349500265107273,0.004027168672415569,0.003910302593650498,-71.375732421875,-45.44283621651766,3423.269585844254,3277.699662900167,145.569922944087,15245.599609375,0.021884698711632122,14891.792689732143,15006.383324032739,51.44213219347069
-0.0159152445440522,3285.3052804129466,3341.9793294270835,3315.34048315684,69.77461869164419,25.39653042215864,3217.891357421875,1,Train,2021-03-04,-0.026002199895190703,-0.03013469120398049,-0.02610673804477004,0.004435166379173571,0.004767751504443448,-102.0777413504461,-88.06776646205344,3423.2525670833415,3277.728947983623,145.52361909971842,15080.75,-0.010812930524138231,14945.0712890625,15020.230933779761,48.44921434271719
0.0244534608935829,3268.8459821428573,3336.9840029761904,3306.4814717263885,74.79159277169208,36.777929044053714,3282.89501953125,1,Train,2021-03-05,-0.026839763192058386,-0.03338752588626204,-0.03174639611399144,0.0040885823373658595,0.004806580062258671,-112.90841238839266,-107.17654854910688,3425.712380411391,3273.7117302191896,152.00065019220165,14938.099609375,-0.009459104528952489,14938.7998046875,15022.25232514881,42.90182277334697
0.0202007012944822,3261.479073660714,3337.0680222284227,3304.337248799557,74.72667393590868,41.5294741724467,3268.3291015625,0,Train,2021-03-06,-0.018200397693756254,-0.033065979660156675,-0.03788254734211116,0.004018922698664339,0.004511673045283263,-111.53191266741078,-128.41793387276812,3430.313508767114,3265.7825466179297,164.53096214918423,14938.099609375,-0.009459104528952489,14938.7998046875,15022.25232514881,42.90182277334697
-0.0044369125062152,3250.641915457589,3333.259614490328,3301.063780868916,76.14974957651117,39.64399200311312,3210.1103515625,0,Train,2021-03-07,-0.010551033160303591,-0.03225925188717571,-0.04281837404035138,0.00380550141121216,0.004393041226738288,-108.35885184151857,-145.41357421875,3436.8393674728127,3253.381210094152,183.45815737866087,14938.099609375,-0.009459104528952489,14938.7998046875,15022.25232514881,42.90182277334697
-0.0178130011363197,3232.1727469308034,3326.185593377976,3292.795287295605,80.45033489972543,34.06493713909458,3208.391845703125,0,Train,2021-03-08,-0.01121901595009167,-0.027022450289724165,-0.04748827101273534,0.003565469696073858,0.004284156725852057,-89.76695033482156,-161.14268275669656,3445.0154101169883,3236.1017913339056,208.9136187830827,14956.2001953125,0.0012117060677612201,14918.63560267857,15023.773763020834,43.309044086446306
-0.000535341677129,3217.2256208147323,3317.416306268601,3285.1222471508345,82.85582860541312,32.790544868140955,3221.8720703125,1,Train,2021-03-09,-0.013568522699828778,-0.020722475930656015,-0.050232701721484196,0.003527551576866707,0.004154495938266928,-68.07965959821422,-170.15740094866032,3452.6731118810044,3216.3784192294875,236.29469265151693,15098.400390625,0.00950777560179139,14999.95703125,15022.945219494048,47.959220481092416
0.0042015518233624,3221.5101143973216,3311.1156063988096,3279.372231074622,84.92488612929692,29.5944379063112,3242.771484375,1,Train,2021-03-10,-0.008961861016354655,-0.01448091100165727,-0.04738495509699492,0.003755205790654951,0.0038196663358470665,-47.33586774553578,-160.24428013392844,3456.6964315510804,3200.0483891799468,256.64804237113367,15174.7998046875,0.005060099883821945,15058.992745535714,15026.064267113095,51.03665243376771
0.0064867299527733,3236.0373186383927,3305.799362909226,3276.044890465565,85.57087819553159,35.38167900200459,3208.75341796875,0,Train,2021-03-11,0.0011956575375677847,-0.00780068013552071,-0.040608722664980834,0.0037557107489987105,0.004166822675384945,-25.44175502232156,-136.97366768973234,3457.049153858378,3188.420339026668,268.62881483170986,15174.7998046875,0.005060099883821945,15058.992745535714,15026.064267113095,51.03665243376771
-0.0104904297358487,3234.7318987165177,3298.9644368489585,3269.927483874946,87.3851506151977,37.53742320840824,3204.86328125,0,Train,2021-03-12,0.005441420641599803,-0.004894423057001607,-0.03699578451793917,0.0035701005034294393,0.004187727833276526,-15.910016741071558,-124.26886858259013,3454.806790344116,3177.901695286465,276.9050950576511,15030.9501953125,-0.009479506235763657,15074.971400669643,15022.46665736607,50.910980624596995
-0.0012123514063017,3223.5845075334823,3290.815534319197,3264.012556363587,87.82108177998164,37.077181198250734,3148.183349609375,0,Train,2021-03-13,0.0006439194857374986,-0.0026571102690833293,-0.029607758928646866,0.003640257557251059,0.0041605657802546445,-8.588239397321104,-98.35518973214266,3451.344143421416,3166.9845396142987,284.3596038071173,15030.9501953125,-0.009479506235763657,15074.971400669643,15022.46665736607,50.910980624596995
-0.017685600497291,3206.420828683036,3279.605712890625,3253.4826284768405,90.37391742064992,32.12907206691426,3178.62646484375,1,Train,2021-03-14,-0.009152085417796885,-0.003358419149030789,-0.024011300319705886,0.0038641437235076956,0.004149463785884227,-10.804792131696558,-78.88445172991078,3446.6800593984804,3154.953401818037,291.7266575804433,15030.9501953125,-0.009479506235763657,15074.971400669643,15022.46665736607,50.910980624596995
0.0096700578885129,3201.9231305803573,3269.035621279762,3246.6775226920145,88.47604658114972,35.99682555074398,3105.52587890625,0,Train,2021-03-15,-0.010142654527003692,-0.006080062803288322,-0.020472928956606684,0.0034960556265175237,0.0041876850372731655,-19.58698381696422,-66.9228515625,3439.8455378484346,3144.377983356924,295.4675544915108,14929.5,-0.006749419963093084,15029.81431361607,15010.857142857143,55.084542494669755
-0.0229975389514959,3187.2279924665177,3254.484793526786,3233.845555075127,89.06992215734992,33.287200742840895,3116.83447265625,1,Train,2021-03-16,-0.011278288185713747,-0.01508305416960154,-0.022766076224078446,0.0034905897526488505,0.004192908949292976,-48.809326171875,-74.25108119419656,3429.273174360786,3134.6834453378747,294.58972902291134,14910.4501953125,-0.001275984104457617,15005.485770089286,14998.816685267857,54.0811710813764
0.0036414424451625,3172.222621372768,3238.557477678572,3223.208183946138,81.7159556578721,42.656024449576336,3111.089599609375,0,Train,2021-03-17,-0.010665539284284709,-0.019324407493725215,-0.02412424872512664,0.003468768889534854,0.003651754328420925,-62.509277343749545,-78.4192940848211,3415.5787800812764,3125.9945527870273,289.5842272942491,14721.2998046875,-0.012685759862868795,14974.514369419643,14970.559523809523,44.563532000702175
-0.0018431755350739,3153.410923549108,3224.917840866816,3213.0155853700685,77.6599845216497,46.78121821372743,3086.888427734375,0,Train,2021-03-18,-0.01515095929940602,-0.02176880544635318,-0.024368073598939333,0.0020667026241012656,0.0030194057256653704,-70.17358398437455,-78.76182338169565,3400.5611954685987,3117.0216867858658,283.53950868273296,14557.849609375,-0.011102973071742905,14917.607142857143,14934.578543526786,38.970883586251624
-0.0077790018898968,3136.001639229911,3213.1931733630954,3201.54948013046,79.08286296231121,34.150555953983016,3083.858154296875,0,Train,2021-03-19,-0.01607238432822755,-0.021961929894912746,-0.02524659167803478,0.0015531762289589797,0.003049561549654125,-70.419189453125,-81.22398158482156,3384.520723236161,3107.9240207649545,276.5967024712063,14744.0,0.012786942826028547,14866.978515625,14912.4404296875,55.205320639006665
-0.0009816595281754,3118.7151925223216,3201.259591238839,3190.850268691043,78.77577377025717,21.6713472506868,3089.51220703125,1,Train,2021-03-20,-0.01686748858353815,-0.02598686310216136,-0.0319089241457281,0.001534047465950402,0.003115576458024213,-83.20793805803578,-102.794921875,3367.0619527810823,3099.078871019141,267.9830817619413,14744.0,0.012786942826028547,14866.978515625,14912.4404296875,55.205320639006665
0.0018334347597981,3110.3336007254466,3189.1321149553573,3181.6377176310616,75.19390387833224,23.8867814206871,3055.04248046875,0,Train,2021-03-21,-0.013660548487977708,-0.02412578953335698,-0.038844953112542546,0.0016759477725826345,0.003118079836744877,-76.8943917410711,-125.7037179129461,3347.514153163603,3092.3589320763517,255.15522108725145,14744.0,0.012786942826028547,14866.978515625,14912.4404296875,55.205320639006665
-0.0111570125808379,3092.6787458147323,3175.5915411086307,3170.1290597072148,72.33028756795365,25.66712945084987,3122.71533203125,1,Train,2021-03-22,-0.013814690934223162,-0.02507512399101841,-0.043914969570785556,0.0011133464830977212,0.0031177352369853983,-79.54387555803578,-142.05315290178532,3328.5527257623785,3084.68815732914,243.86456843323867,14736.400390625,-0.000515437423697751,14804.350027901786,14894.22377232143,49.31620187086616
0.0221511982223292,3095.1343819754466,3166.5293317522323,3165.8187208275817,65.88537419721101,38.86140546552292,3120.181884765625,0,Train,2021-03-23,-0.0075610657245696045,-0.018480478119252575,-0.039846985632872145,0.0024536095365244965,0.0032529040817935967,-58.276541573661234,-128.45012555803578,3314.204404089937,3076.355947472563,237.8484566173738,14814.75,0.00531673999743143,14773.464285714286,14886.271391369048,47.035101310555476
-0.000811296258624,3095.6125837053573,3163.115106491816,3161.669917549222,66.3619820806347,36.392184023705376,2951.135986328125,0,Train,2021-03-24,-0.004732938298533496,-0.012879156381586432,-0.03455823514694123,0.0029219300910621583,0.0031528193478988953,-40.38905552455344,-110.80824497767844,3304.746270119033,3066.844811772709,237.90145834632403,14549.400390625,-0.017911176994211853,14719.164341517857,14880.257114955357,29.50667082143724
-0.054178219309224,3072.7620675223216,3154.070103236608,3142.530469256395,80.87331064642038,22.05446872939829,2979.2275390625,1,Train,2021-03-25,-0.006439944116201413,-0.014734633386909057,-0.04033858958838432,0.00316587727782949,0.002568511671559959,-45.953125,-129.16106305803578,3298.393448837944,3053.5892415917438,244.80420724620035,14324.900390625,-0.015430189146808937,14635.514369419643,14862.02380952381,28.50562748826958
0.0095188947119062,3057.381940569197,3142.7051595052085,3127.6847483296774,87.91877398857223,27.75335212504756,3005.23779296875,1,Train,2021-03-26,-0.012197351309235938,-0.0170244311233686,-0.04073949281451805,0.003121884485746834,0.002405074015694535,-52.951660156249545,-129.84605189732065,3292.1469281412424,3039.426048979293,252.7208791619496,14507.2998046875,0.012733031929623273,14604.942940848214,14839.419038318452,38.02002117153889
0.008730536209542,3046.150460379464,3129.483386811756,3116.5532069332294,86.65078639721659,31.4469738499686,2974.7041015625,0,Train,2021-03-27,-0.01597813744079324,-0.01504465521943854,-0.03974253261542737,0.0030111669017924554,0.0024016887129034996,-46.52828543526812,-126.0721609933039,3286.038420073698,3025.0854115390257,260.95300853467234,14507.2998046875,0.012733031929623273,14604.942940848214,14839.419038318452,38.02002117153889
-0.0101601582003556,3029.7493024553573,3115.501243954613,3103.6578337177084,86.81594427474789,33.0533742714633,2885.125244140625,0,Train,2021-03-28,-0.013998078641229483,-0.02112511815346696,-0.03921519398891771,0.0030833771653720954,0.002404214547377323,-65.38507952008922,-123.66162109375045,3282.150496036951,3008.7309911282273,273.41950490872387,14507.2998046875,0.012733031929623273,14604.942940848214,14839.419038318452,38.02002117153889
-0.0301135354520883,3005.475411551339,3100.0257626488096,3083.791234665246,97.42512014354662,24.298279783317085,2939.136474609375,1,Train,2021-03-29,-0.01697744345549257,-0.029117717323052905,-0.04162186206976093,0.0034343583994932325,0.00249427399429533,-90.13717215401812,-130.52622767857156,3280.6510101524054,2989.055456086434,291.59555406597156,14507.2998046875,0.012733031929623273,14604.942940848214,14839.419038318452,38.02002117153889
0.0187205843415085,2979.249860491072,3087.204078311012,3070.6408019328937,100.13064675077624,34.925395715246935,2970.423095703125,1,Train,2021-03-30,-0.02196234255613827,-0.030432622173916624,-0.04471884203009069,0.0030493678739604746,0.0027376058292495997,-93.51220703124955,-139.46533203124955,3278.161010174303,2967.319430673911,310.8415795003921,14845.099609375,0.02328481586755049,14645.97865513393,14827.407133556548,47.376855122126905
0.0106448344144713,2957.8557477678573,3075.230317615328,3061.5301013665508,98.23809555223004,37.198770298464325,3074.20947265625,1,Train,2021-03-31,-0.023729209089754177,-0.032552750927419494,-0.04902298998474819,0.0018233015396128607,0.0028097089178976764,-99.52619280133968,-152.47785295758922,3271.1956515506968,2946.4666322104645,324.7290193402323,14690.7001953125,-0.010400699094332388,14638.36439732143,14835.09998139881,40.42911213357083
0.0349399306459936,2975.437674386161,3067.2035551525296,3062.682771483796,90.44126842639498,47.24736555348432,3064.2822265625,0,Train,2021-04-01,-0.009994338017117133,-0.023213819183604767,-0.0379092304970996,0.004968879074813169,0.00402901012325494,-70.71278599330344,-117.24107142857156,3257.3084543862856,2934.4244069418405,322.88404744444506,14867.349609375,0.012024574166918489,14657.07142857143,14840.13806733631,43.10695367239852
-0.0032292028835537,2987.5883440290177,3060.323974609375,3062.828176490951,84.43066089741993,48.27599946229132,3055.9482421875,0,Train,2021-04-02,0.0027988533786726943,-0.013915659091718213,-0.0347468073026892,0.0059323625633371894,0.004557616027239599,-42.160958426339675,-107.5460379464289,3240.627880577829,2927.5053643998504,313.12251617797847,14867.349609375,0.012024574166918489,14657.07142857143,14840.13806733631,43.10695367239852
-0.0027197182761945,2994.832693917411,3053.2327822730654,3062.20272791791,77.6666854828435,47.88860639045683,3117.70068359375,1,Train,2021-04-03,0.012501267574478003,-0.0035411095339605847,-0.03255571783059363,0.006300994237653425,0.0047697216925752725,-10.642717633928442,-100.77988978794656,3223.7031628222976,2923.271268678819,300.43189414347853,14867.349609375,0.012024574166918489,14657.07142857143,14840.13806733631,43.10695367239852
0.0202072929618881,3015.2607770647323,3051.781226748512,3067.2479966157134,76.0718520409381,51.96562990726503,3133.321044921875,1,Train,2021-04-04,0.013383947854591627,0.012087242849689872,-0.018713225818995705,0.006990860775874519,0.005430524583218183,36.010916573660325,-57.50129045758922,3203.577979074977,2924.7302170745766,278.8477620004005,14867.349609375,0.012024574166918489,14657.07142857143,14840.13806733631,43.10695367239852
0.0050102183991953,3050.7173200334823,3049.623825799851,3073.254637370819,72.86968471976424,55.60586271948919,3124.941650390625,0,Train,2021-04-05,0.021130413140965087,0.03139489555422137,-0.0021798455885672086,0.007502400197437477,0.006471704352142164,92.861572265625,-6.6646205357146755,3184.182764770677,2930.4743641355735,253.70840063510332,14637.7998046875,-0.015439860548026041,14631.79282924107,14826.742838541666,41.5117389184913
-0.0026742853385006,3077.260916573661,3050.548386346726,3077.953456736256,73.73249050670636,50.17423293753408,3062.779052734375,0,Train,2021-04-06,0.027523481636775315,0.03422126534998138,0.010213039900307752,0.006035744913912997,0.006962546143196217,101.8232421875,31.11045619419656,3167.9131438089853,2937.2478146173544,230.66532919163092,14683.5,0.003122067245233451,14650.949916294643,14799.97619047619,44.557757287174745
-0.0198924026784562,3090.4546247209823,3047.974318731399,3076.5739654633576,72.23095070073155,45.8911133324479,3100.531982421875,1,Train,2021-04-07,0.0249377593567377,0.034431209673699836,0.02003641760604702,0.003160734720007632,0.00707418398912885,102.86628069196468,60.705322265625,3156.3041654190647,2942.561163124462,213.74300229460277,14819.0498046875,0.009231436965811968,14721.542689732143,14787.51427641369,48.07707479672391
0.0123263640757222,3094.2149832589284,3047.4715750558034,3078.751967005041,71.80517611553341,63.168965345077225,3121.435302734375,1,Train,2021-04-08,0.014258175590312838,0.03318458808846514,0.029525968293244054,0.003704835431757317,0.006759232912955186,99.38228934151766,88.73957170758922,3148.5738363261657,2946.1128266202636,202.46100970590214,14873.7998046875,0.0036945688638336804,14773.899832589286,14784.452380952382,53.40068205277852
0.0067418496022646,3102.379708426339,3049.1166643415177,3082.632270253162,73.13678225857461,62.696230602536005,3060.228515625,0,Train,2021-04-09,0.00816271110369371,0.028892668927433363,0.04132914448302483,0.003841987051327809,0.006585219781660779,87.11893136160688,123.12984793526721,3145.572415464136,2947.480699072695,198.09171639144097,14834.849609375,-0.0026187118170183377,14772.435546875,14778.673781622023,56.54012271952971
-0.019608539397167,3102.991176060268,3047.9914434523807,3080.595565286965,72.75633715847546,54.61923820570726,2932.4423828125,0,Train,2021-04-10,0.004056539526257508,0.0171349392759248,0.0490677844590417,0.004205268421694604,0.006450887211307173,52.27385602678578,145.13542829241078,3144.2593941260166,2948.0594779442963,196.19991618172025,14834.849609375,-0.0026187118170183377,14772.435546875,14778.673781622023,56.54012271952971
-0.0417570557754253,3076.525704520089,3040.5119280133927,3067.127094152923,76.2635225273856,46.94856072699786,2924.198974609375,0,Train,2021-04-11,-0.005716887428490303,-0.00023891768475392539,0.03397417159974059,0.006517746172509613,0.006750851632175625,-0.7352120535715585,101.08803013392844,3142.0957504461994,2948.6078174946488,193.48793295155065,14834.849609375,-0.0026187118170183377,14772.435546875,14778.673781622023,56.54012271952971
-0.002811106622739,3046.651123046875,3034.2812848772323,3054.133628739873,80.25734369791861,53.19672334159715,2920.328125,0,Train,2021-04-12,-0.01796317363348543,-0.014173805149480856,0.01976938326724298,0.006700754652826882,0.006940137657390816,-43.80350167410734,59.06277901785734,3136.8065759921133,2949.0486660558786,187.75790993623468,14310.7998046875,-0.03532558930400764,14718.1640625,14741.168991815477,41.17932926657098
-0.0013237298976523,3017.4206194196427,3024.643798828125,3041.969492036248,81.25240378432072,48.323713709910805,2861.762939453125,0,Train,2021-04-13,-0.027576796640869206,-0.024818690444838865,0.007542299624319071,0.006213781921566202,0.007036905196972037,-76.79436383928578,22.587925502231883,3130.130653001505,2947.9053926179145,182.22526038359047,14504.7998046875,0.013556195506029933,14666.37123325893,14709.264229910714,45.616940901639495
-0.0200543168575877,2988.704031808036,3012.338134765625,3025.587078165055,85.51657563664101,40.76476154114307,2813.399169921875,0,Train,2021-04-14,-0.028545730199173724,-0.036641445374836046,-0.008807445597640351,0.005769851639352983,0.0072679859352484215,-113.67567661830344,-26.55674525669656,3127.1209382846646,2942.509303763326,184.6116345213386,14504.7998046875,0.013556195506029933,14666.37123325893,14709.264229910714,45.616940901639495
-0.0168999915627156,2947.68505859375,3005.77923874628,3006.297268324766,95.18122227499552,25.52770076820201,2834.8037109375,1,Train,2021-04-15,-0.032483556684413384,-0.05005045411173337,-0.03377312632774565,0.005952471157289793,0.008049066095413943,-155.30611746651812,-103.03226143973234,3128.7522322096165,2929.90832164083,198.84391056878667,14581.4501953125,0.005284484560774683,14658.3212890625,14687.859468005952,45.581941549711225
0.0076080711348966,2906.737688337053,2998.9019135974704,2990.7069449259234,102.15764538285582,28.921619633662843,2925.474853515625,1,Train,2021-04-16,-0.03668130666644609,-0.05518823260068351,-0.05541396484067873,0.004685690532695172,0.008649055566619442,-169.78801618303623,-170.5232282366078,3135.428478853391,2909.290797792814,226.13768106057705,14617.849609375,0.002496282165007191,14648.942661830357,14673.018973214286,51.419314601372086
0.0319849809100676,2887.487165178572,2995.1036783854165,2984.7767547977146,103.38571506329964,39.59015821851553,2935.493408203125,1,Train,2021-04-17,-0.0338664737465596,-0.052242265832238566,-0.06567559928524591,0.0026679104910969694,0.00863721068866947,-159.163957868303,-202.96745954241032,3143.2685064731036,2887.224556445424,256.0439500276798,14617.849609375,0.002496282165007191,14648.942661830357,14673.018973214286,51.419314601372086
0.0034245909430601,2887.923025948661,2993.236502511161,2980.296450561843,104.12400057119264,34.15448296830009,3013.6865234375,1,Train,2021-04-18,-0.0202742258610219,-0.042916652931167754,-0.06667020825197933,0.004774293869504339,0.008254890883716086,-129.49759347098188,-206.29195731026766,3149.500877061724,2869.2369472965347,280.26392976518946,14617.849609375,0.002496282165007191,14648.942661830357,14673.018973214286,51.419314601372086
0.026637128537188,2900.706961495536,2999.358468191964,2983.331911732357,101.18776144590896,40.61722007790023,2999.38671875,0,Train,2021-04-19,-0.0020747406502192867,-0.029443219996349246,-0.06500582323402981,0.006923602908331748,0.007435255770541768,-87.9970703125,-201.67274693080344,3153.3161156802653,2857.56741877844,295.7486969018255,14359.4501953125,-0.017676978554819645,14583.285574776786,14646.78087797619,50.70646858362425
-0.0047449542533007,2912.001046316964,3002.227527436756,2984.791439643052,100.24462880767288,40.24349478417888,3019.060546875,1,Train,2021-04-20,0.008489693541850363,-0.012105775063299906,-0.061550329635740586,0.007881315008790484,0.006918024251166201,-35.68401227678578,-190.9901297433039,3155.4845450434996,2850.8135192701166,304.671025773383,14296.400390625,-0.004390823034999047,14500.79994419643,14626.547572544643,45.46627876756242
0.006559283603549,2934.4721330915177,3004.5435965401784,2987.906813027774,100.034717239402,46.362570866197714,3022.202392578125,1,Train,2021-04-21,0.016118541500103056,0.009541433637354269,-0.046173373822251396,0.00887858276117612,0.0072818442846305,27.734444754464675,-142.05357142857156,3156.083744751347,2846.117765432805,309.96597931854194,14296.400390625,-0.004390823034999047,14500.79994419643,14626.547572544643,45.46627876756242
0.0010406699880123,2964.301164899553,3002.067068917411,2991.024592986897,98.8606582204064,43.08460696854558,2997.0185546875,0,Train,2021-04-22,0.021923691102954335,0.026602369232082923,-0.027029664645345397,0.00846181768322475,0.008091292732314948,76.81399972098097,-82.34995814732201,3155.694787713346,2844.178004557859,311.51678315548725,14406.150390625,0.007676757575422188,14439.557198660714,14619.323800223214,39.53810546151283
-0.0083329422121003,2987.474714006697,2998.864036923363,2991.569498596042,97.82839793166268,39.09816191618344,2975.7060546875,0,Train,2021-04-23,0.02591814580052798,0.03447172489139816,-0.00992433909287238,0.005689420070034537,0.008479396704045693,99.55168805803623,-29.94590541294565,3155.4123814733716,2843.7246128067623,311.6877686666094,14341.349609375,-0.004498133053794207,14443.921456473214,14600.149972098214,41.30210990120339
-0.007111233918344,2994.6505998883927,2995.0429803757443,2990.1273673316296,97.05127112824762,42.03712835761574,3019.42431640625,1,Train,2021-04-24,0.020507424868088986,0.03238646290021019,0.0019896811517865487,0.003499031987918075,0.008556643785311693,93.94363839285688,5.946568080356883,3154.2174507697882,2842.8585257927116,311.35892497707664,14341.349609375,-0.004498133053794207,14443.921456473214,14600.149972098214,41.30210990120339
0.0146917272456674,3006.640729631697,2990.363153366816,2992.790726338413,93.13125295586518,59.73691488815111,2946.5146484375,0,Train,2021-04-25,0.014283152209191519,0.03249987957058975,0.020000668275623967,0.002801387330253775,0.008533066703884627,94.63968331473279,58.95567103794701,3150.1401102630325,2842.528207259289,307.61190300374346,14341.349609375,-0.004498133053794207,14443.921456473214,14600.149972098214,41.30210990120339
-0.0241468771290574,2997.044747488839,2981.4676106770835,2988.5838101656027,87.54787087491516,52.18213374267986,2929.436767578125,0,Train,2021-04-26,0.003203385600980546,0.021323294807165327,0.031068183246851788,0.004423011722853938,0.008229253507538085,62.57261439732156,90.30705915178623,3141.3531382334636,2843.2935623803755,298.05957585308806,14485.0,0.010016518287169873,14441.09291294643,14588.178524925595,40.32148818187571
-0.0057959599381022,2987.0518973214284,2972.1578543526784,2983.2068062940134,81.72970685046819,50.86826056055157,2969.921630859375,1,Train,2021-04-27,-0.0025374254236028015,0.007674905873690685,0.03448144578564705,0.005379311307481026,0.007897968898284317,22.750732421875455,99.56473214285643,3128.8425360629917,2845.463891810892,283.37864425209955,14653.0498046875,0.011601643402658013,14451.32142857143,14580.478515625,50.39843239712606
0.0138200160963775,2980.032052176339,2967.7360723586307,2981.9990630726825,79.04970065110543,60.67804519208613,2994.604736328125,1,Train,2021-04-28,-0.008849969067843078,-0.002491288644373535,0.0318945572302507,0.005457287548824292,0.007504518975455068,-7.4426618303577925,92.10902622767844,3113.868389706326,2849.019745059299,264.84864464702696,14864.5498046875,0.014433855260107098,14486.56431361607,14595.485630580357,54.353100951931914
0.0083110292245682,2976.089529854911,2962.691917782738,2983.145033368632,73.32460754462791,68.76716235856699,2974.203369140625,0,Train,2021-04-29,-0.006991960213969528,-0.006198075339464815,0.025987653823711154,0.004265699717557322,0.00643922151611504,-18.561070033481883,75.382568359375,3094.6925669616235,2855.566549946859,239.12601701476433,14894.900390625,0.0020418099664161193,14563.057198660714,14622.628487723214,51.92089962334331
-0.0068127078475522,2972.8302176339284,2955.6808733258927,2982.332154802449,63.80860562888239,64.46745575623731,2836.07861328125,0,Train,2021-04-30,-0.004761109005254616,-0.011245278381468049,0.020889130995986216,0.0028332204059108427,0.004942199953350349,-33.81051199776857,60.82917131696422,3071.9476031485915,2865.295417917256,206.65218523133535,14631.099609375,-0.017710812045177438,14610.871372767857,14628.523716517857,44.44215344554059
-0.0464409250868695,2952.8834402901784,2945.0070684523807,2969.036378300522,64.1921809192906,41.554016493987405,2809.574462890625,0,Train,2021-05-01,-0.009110174458135112,-0.014734950899769728,0.006274146205390574,0.0032359218081243818,0.00495339746012561,-44.16130719866078,18.41130719866078,3052.5298057390473,2872.34898890381,180.18081683523724,14631.099609375,-0.017710812045177438,14610.871372767857,14628.523716517857,44.44215344554059
-0.0093453511008146,2922.9048897879466,2939.156215122768,2954.5398405359856,70.6675169257914,38.4628117808327,2767.722412109375,0,Train,2021-05-02,-0.017870645198485358,-0.021475022777811215,-0.01396493568257573,0.003281594471398813,0.005868154130584971,-64.14700753348188,-41.39627511160643,3038.6606238543727,2873.843547462592,164.81707639178057,14631.099609375,-0.017710812045177438,14610.871372767857,14628.523716517857,44.44215344554059
-0.0148962240844795,2897.363141741072,2931.704950241816,2937.556437951748,79.96181602057126,25.85594795939936,2738.49951171875,0,Train,2021-05-03,-0.025385599031256034,-0.027740946737433103,-0.030163124676215403,0.00369165981276907,0.0062948012139124356,-82.66891043526721,-90.111572265625,3031.377663973471,2869.1207595756364,162.25690439783466,14634.150390625,0.00020851346320172048,14643.442801339286,14618.478515625,45.32714700310408
-0.0105584650623807,2870.0863909040177,2923.0464448474704,2919.4603537487483,90.4163662506744,25.12000022351613,2734.709716796875,0,Train,2021-05-04,-0.028039389654345603,-0.035618262786624166,-0.041595573449876744,0.003988605095893891,0.006646199461263105,-106.00313895089312,-124.564208984375,3030.7778971234084,2857.858762335297,172.91913478811148,14496.5,-0.00940610742344028,14665.607142857143,14609.230887276786,55.27227095508462
-0.0013838946859977,2836.484688895089,2916.996291387649,2902.664841298578,98.60242119853694,22.035117542684404,2797.629638671875,1,Train,2021-05-05,-0.029566545663115007,-0.04586388012678255,-0.05659340640857058,0.004245124497643011,0.006710443654522169,-136.34552873883922,-170.1560407366078,3037.7064134230927,2839.810209065747,197.8962043573456,14617.849609375,0.0083709591539336,14684.585658482143,14597.349934895834,53.34773492965486
0.0230078978725014,2808.345389229911,2916.245361328125,2893.116186514332,99.48691916875494,30.237710363058085,2807.447265625,1,Train,2021-05-06,-0.030723712616040566,-0.04894810580334452,-0.06296180876746527,0.0035005338267315696,0.005917194138084391,-144.53805106026766,-188.69935825892844,3048.0905976699214,2819.586794908204,228.50380276171745,14724.7998046875,0.0073164109749706,14694.835658482143,14601.49279203869,54.17016571572078
0.0035092661363802,2784.5230887276784,2914.942673456101,2885.32810279712,100.77737544075934,32.85412211737959,2890.138671875,1,Train,2021-05-07,-0.029812099889226173,-0.04734392882359839,-0.06780223965153176,0.001560647765340319,0.004976540762907866,-138.38180106026812,-202.52880859375,3059.7756128847864,2797.60537204825,262.1702408365363,14823.150390625,0.006679247748155426,14688.921456473214,14608.142810639882,55.7645987803273
0.0294543043648554,2792.245954241072,2913.2599981398807,2885.765427258745,100.88767030008393,43.03421558705661,2901.553955078125,1,Train,2021-05-08,-0.015596324149822816,-0.03628029430816648,-0.06301479133357835,0.004845879063597721,0.00501985375579098,-105.1171875,-187.7860979352672,3067.6301580781937,2780.183119684083,287.4470383941107,14823.150390625,0.006679247748155426,14688.921456473214,14608.142810639882,55.7645987803273
0.0039497354622499,2805.3858816964284,2911.6438337053573,2887.2007479695976,100.78548892465244,39.87184914583579,2895.80078125,0,Train,2021-05-09,-0.0010538260517499731,-0.02254305285465985,-0.057358371260693986,0.006641356041726879,0.005118965572478218,-64.70050920758922,-170.70364815848234,3072.126842822013,2766.1543269603535,305.9725158616593,14823.150390625,0.006679247748155426,14688.921456473214,14608.142810639882,55.7645987803273
-0.0019827905726365,2823.682791573661,2906.030226934524,2887.9825691769065,98.06396461963766,45.07382013007216,2891.91943359375,0,Train,2021-05-10,0.014063342841188486,-0.004513296818258294,-0.05017017964079151,0.007909679283211268,0.005960942880236874,-12.801897321428442,-149.14742606026766,3073.5652001836143,2755.8841441244213,317.681056059193,14942.349609375,0.008041422748121585,14695.699916294643,14614.014229910714,67.75505250464187
-0.0013403365595386,2845.599923270089,2900.9127371651784,2888.340465942074,95.72474610327234,46.25979949520886,2845.482177734375,0,Train,2021-05-11,0.01910790449816191,0.013265652502377545,-0.03633178186320374,0.00846666430605371,0.006771807714245247,37.25453404017844,-107.28351702008922,3071.746289204056,2748.8158341218373,322.93045508221894,14850.75,-0.006130201191218876,14727.078543526786,14612.91662016369,66.59676960986684
-0.0160575897516163,2861.424560546875,2892.647100539434,2884.444257923192,92.45091848783863,37.73981380634783,2912.101318359375,1,Train,2021-05-12,0.019975390628457657,0.027617466032337612,-0.021033982137383833,0.007332002894960379,0.00718692065894734,76.90147181919656,-61.48032924107156,3065.9096760335965,2744.3647868570292,321.54488917656727,14696.5,-0.0103866808073666,14735.985630580357,14606.328543526786,58.46721140603588
0.023412250178999,2877.777657645089,2887.4041922433034,2886.958536144663,87.73827261954219,42.49191056430091,2977.533203125,1,Train,2021-05-13,0.019157557723146645,0.03063186581902122,-0.006759761596267677,0.005507830118822095,0.0075410896733497995,85.53170340401721,-19.585484095982792,3056.0219563623323,2743.2828008921324,312.7391554701999,14696.5,-0.0103866808073666,14735.985630580357,14606.328543526786,58.46721140603588
0.0224689588762276,2902.0756487165177,2886.476318359375,2895.1925967792386,86.61695557015777,50.28007183835467,3015.340087890625,1,Train,2021-05-14,0.01984668504683129,0.03446576374784516,0.011145747359341263,0.001900323608371824,0.008076985517813867,96.68976702008922,31.9892578125,3044.898713868964,2745.1485482683133,299.7501656006507,14677.7998046875,-0.0012724250884564858,14761.88560267857,14623.804734002977,60.08270436846464
0.0126973847767493,2919.9615652901784,2888.3636532738096,2906.1150959711827,89.05589885089178,68.13862981834566,3012.50927734375,0,Train,2021-05-15,0.020457294436627027,0.03409688014667567,0.02942969398773898,0.0013002067939770763,0.008193320614684974,96.27877371651766,83.47687639508922,3031.727127455856,2749.652218247269,282.0749092085871,14677.7998046875,-0.0012724250884564858,14761.88560267857,14623.804734002977,60.08270436846464
-0.0009388030750638,2935.812325613839,2888.0343656994046,2915.7872942777794,88.55846202406791,71.56726653219467,3006.116455078125,0,Train,2021-05-16,0.020166487780796993,0.031702419446258734,0.04538862522849496,0.001163871211872686,0.00787267468347288,90.21240234375,127.46693638392844,3021.4166584025734,2753.8394451130516,267.57721328952175,14677.7998046875,-0.0012724250884564858,14761.88560267857,14623.804734002977,60.08270436846464
-0.0021220921421566,2951.571707589286,2890.8725469680057,2923.99903616872,91.43475803902447,77.40096823328292,3049.6767578125,1,Train,2021-05-17,0.01705539926040811,0.03150428925695037,0.05999182392771485,0.0012416114832706107,0.007515485642738151,90.14714704241078,167.04861886160734,3014.950380336609,2756.7577042058015,258.19267613080774,14923.150390625,0.01671576048197254,14805.5,14643.72619047619,62.37606447185205
0.0144905572972031,2974.108468191964,2896.5982607886904,2935.4242835908817,97.5318968465932,84.6254444376831,3063.7861328125,1,Train,2021-05-18,0.018543703980707926,0.03347402822833212,0.06513126598846553,0.001218337215613289,0.007000568562615819,96.330810546875,181.8625139508922,3013.7685844288803,2757.3471417150936,256.42144271378675,15108.099609375,0.012393443335275034,14860.257114955357,14668.804734002977,62.73185856811777
0.0046265149130495,3005.294747488839,2901.067998976934,2947.0935426110286,103.0546787521836,85.79506978181928,3073.009765625,1,Train,2021-05-19,0.023667187874644613,0.035567335681952805,0.07125895481855249,0.0019198700376848845,0.005953508870733823,103.21909877232156,199.90886579241078,3020.141525075048,2753.8947228323177,266.24680224273015,15030.150390625,-0.005159432408138875,14889.828543526786,14688.43810453869,55.00757448241037
0.0030105341602395,3028.281668526786,2904.8015718005954,2958.540471975936,107.91836156360168,83.91623573163537,3081.59375,1,Train,2021-05-20,0.025989529829228974,0.03709641405017705,0.07245816618059298,0.001835698715353236,0.004410111273920094,108.32010323660734,204.598876953125,3032.4103010282806,2747.171091968371,285.2392090599096,14906.0498046875,-0.00825677606093067,14884.642857142857,14714.46665736607,50.319055882985836
0.0027933475744272,3043.1474609375,2909.9153994605654,2969.727133614487,113.75788855060864,83.867212288063,3063.14697265625,0,Train,2021-05-21,0.023213340563703833,0.036560625618743625,0.0694221053535855,0.0019543895335053666,0.0019073160920314595,107.33513532366078,197.54753766741078,3050.4056816610473,2738.202113400337,312.2035682607102,15175.2998046875,0.01806313567497475,14931.007114955357,14756.319010416666,65.52462300078284
-0.0059861158998488,3049.9770159040177,2920.7281784784227,2978.2198462546467,117.1302583000473,75.40558330429396,3125.4736328125,1,Train,2021-05-22,0.014867848969727149,0.033339968689124255,0.06589460996347452,0.0026177798755563707,0.001987552338727011,98.40530831473188,188.55245535714266,3071.32531294032,2729.9896947326706,341.33561820764953,15175.2998046875,0.01806313567497475,14931.007114955357,14756.319010416666,65.52462300078284
0.020347264010712,3066.1147809709823,2935.77099609375,2991.606554123542,122.31179157633132,78.6046703106492,3106.342041015625,0,Train,2021-05-23,0.01249326072848489,0.030935762351314233,0.06544533516185935,0.002625427561586971,0.0019567253027535747,92.00631277901812,188.33712332589312,3095.0758612637005,2723.1143103322815,371.96155093141897,15175.2998046875,0.01806313567497475,14931.007114955357,14756.319010416666,65.52462300078284
-0.0061211816334086,3080.432721819197,2951.8957403273807,3002.0370529319134,121.36669375290325,76.00671657049594,3098.259765625,0,Train,2021-05-24,0.012252203141746687,0.025001865255692923,0.06145845067187006,0.002676236378394877,0.0020076028835723215,75.13797433035779,178.35707310267935,3119.5701138187187,2719.6546908687815,399.91542294993724,15197.7001953125,0.001476108604989923,15002.607142857143,14794.01185825893,65.90107126777065
-0.0026018626680217,3087.373151506697,2969.0271809895835,3010.784572267649,114.9605917531604,75.2260034049747,3105.931396484375,1,Train,2021-05-25,0.012261120463425978,0.019513205655224963,0.05733348966183449,0.002931418947825291,0.0022149924407872655,59.091482979911234,167.41158621651857,3141.4191194500395,2722.894531498621,418.52458795141865,15208.4501953125,0.0007073438653115716,15078.414341517857,14835.30236235119,71.63785821600312
0.0024761096356384,3093.3939034598216,2986.7044038318454,3019.4342835600783,105.2603142128028,85.17513709994381,3087.803466796875,0,Train,2021-05-26,0.008896967151438506,0.016511340040959555,0.053675630581404565,0.0020999481756604982,0.0024484148957524842,50.24644252232156,157.58157784598234,3158.9682719821794,2733.850230389473,425.1180415927065,15301.4501953125,0.006115021504864648,15132.45717075893,14874.180943080357,71.1405451669271
-0.0058365518658973,3095.5072893415177,3000.5222051711307,3025.649663854332,97.99409787450809,77.30613025424347,3091.91259765625,1,Train,2021-05-27,0.00489365257534935,0.014928070998595722,0.04876574110740206,0.0017859337105862968,0.0027755097207526826,45.5302734375,143.93558175223188,3170.1076430493285,2753.809279383707,416.29836366562176,15337.849609375,0.002378821196545866,15165.278599330357,14906.790457589286,69.823773383042
0.0013307617869986,3096.981410435268,3014.0681733630954,3031.673566927234,89.24062348034089,71.96192812020094,3063.420654296875,0,Train,2021-05-28,0.003112114557283885,0.010067016947914453,0.04131421014311609,0.0018404095220495315,0.0028800536117333706,30.86662946428578,122.8729422433039,3177.5026640025517,2776.887804049904,400.61485995264775,15435.650390625,0.006376433707514062,15223.20717075893,14933.98572358631,69.81303970947614
-0.0092149899000937,3097.0205078125,3022.3196963355654,3034.55966577902,85.12493270474843,59.57441222799136,2999.541748046875,0,Train,2021-05-29,0.0011723706924688937,0.005384888258006537,0.030521385764342934,0.002072678547941297,0.0030938938007944766,16.587785993302987,91.72576032366078,3181.6088415445015,2801.9450891195606,379.66375242494087,15435.650390625,0.006376433707514062,15223.20717075893,14933.98572358631,69.81303970947614
-0.0208521497563192,3079.030238560268,3026.9857817150296,3031.3762187124607,80.74723977276356,47.92278216959859,2972.830322265625,0,Train,2021-05-30,-0.005322891933733587,-0.0027022690607895195,0.016758206662516484,0.003229014714485598,0.0040620038394202865,-8.342912946428896,50.74857003348234,3180.623887483836,2828.464787878887,352.159099604949,15435.650390625,0.006376433707514062,15223.20717075893,14933.98572358631,69.81303970947614
-0.0089051688640916,3059.957135881697,3030.653855096726,3026.0538644900207,76.10620672802085,44.99389750451262,2938.904296875,0,Train,2021-05-31,-0.011954955373260523,-0.010809088212376361,0.005523779297575748,0.0035452352653976113,0.004751452484049363,-33.436767578124545,16.809674944197013,3176.035879013773,2854.48851761011,321.54736140366276,15582.7998046875,0.009533088035724946,15319.8857421875,14966.742838541666,70.34920197565248
-0.0114120288455513,3037.192068917411,3032.8912295386904,3018.1311765250184,72.42537988937859,32.843067559269016,2942.556884765625,1,Train,2021-06-01,-0.019318063520782913,-0.018838663577016468,-0.004191817485817206,0.003956163739598336,0.005206413902707066,-58.31522042410688,-12.784946986606883,3167.723467934202,2880.377679526736,287.345788407466,15574.849609375,-0.0005101904286871628,15376.964285714286,15011.683314732143,74.29864460989933
0.0012428400252804,3013.852852957589,3037.5138346354165,3011.2607863650733,62.2487414147127,30.59490638519045,2860.687255859375,0,Train,2021-06-02,-0.021168153786354282,-0.026841800598988885,-0.017045000512617037,0.0038937442325685835,0.005060267211698001,-83.1285574776789,-52.26192801339312,3157.2050834799466,2904.5035835122408,252.7014999677058,15576.2001953125,8.67158252806366e-05,15431.035714285714,15056.54282924107,82.89581219859026
-0.0278226155389247,2981.4076799665177,3035.0655459449404,2997.572283591828,68.15848421492261,22.42639994977816,2932.465576171875,1,Train,2021-06-03,-0.025670116418982425,-0.037330339774741206,-0.032146471225055206,0.0041386078562037154,0.005363479452391355,-115.61282784598234,-99.02504185267935,3148.494313356282,2921.147556760906,227.34675659537606,15690.349609375,0.0073284506253876724,15499.878487723214,15113.392810639882,85.3408238015285
0.0250912853774842,2958.6295340401784,3032.9194684709823,2991.653492008196,70.72186511878475,33.363836964627225,2859.911376953125,0,Train,2021-06-04,-0.02586683130159606,-0.03910344984997227,-0.041700050868062166,0.0032854235356407587,0.005330459918801253,-120.40070452008968,-128.74361746651857,3143.293646338901,2930.2150206532865,213.0786256856145,15670.25,-0.001281017305247989,15552.564174107143,15163.507114955357,80.94095645463707
-0.0247417053445736,2929.5567801339284,3025.5181012834823,2979.676936094098,80.1573528335136,29.769994327988087,2858.723876953125,0,Train,2021-06-05,-0.0279695383073989,-0.0426150922895836,-0.052963550210223365,0.001804076165157413,0.005562879905559778,-130.40035574776857,-163.83712332589312,3144.2577150626803,2928.6253973815155,215.63231768116475,15670.25,-0.001281017305247989,15552.564174107143,15163.507114955357,80.94095645463707
-0.0004152226567472,2909.43994140625,3018.1949869791665,2968.6812034449185,88.04229664479595,19.768129736669536,2861.463623046875,1,Train,2021-06-06,-0.024138845232020034,-0.04206257774033284,-0.06010883856611693,0.0016352864209269555,0.00512443751278586,-127.75212751116078,-186.06734793526766,3150.459496517005,2918.210439308888,232.24905720811694,15670.25,-0.001281017305247989,15552.564174107143,15163.507114955357,80.94095645463707
0.0009583808061484,2893.5304129464284,3011.3067568824404,2958.93415068146,94.4593424404978,21.175938442580744,2855.6650390625,0,Train,2021-06-07,-0.02200313366197404,-0.039923130252721095,-0.06569332215017898,0.0017891447852346424,0.004528192666834438,-120.32244001116078,-203.45099748883968,3160.024265361349,2900.5878649399906,259.4364004213585,15751.650390625,0.0051945814919991395,15611.67857142857,15212.404761904761,79.15292327293318
-0.002026439874221,2881.639090401786,3002.0681036086307,2949.546049625191,99.85264839747848,21.29039900609632,2876.2578125,1,Train,2021-06-08,-0.016356634579361873,-0.033463585082685654,-0.0695447178562093,0.0023147783610866462,0.0041028542543972875,-99.76858956473188,-215.38141741071422,3169.6814614813084,2878.5651031113257,291.11635836998266,15740.099609375,-0.0007333060957773752,15655.171316964286,15256.069010416666,84.21931601659875
0.0072112005980438,2872.167794363839,2993.13818359375,2942.88348261381,102.4098455127545,23.62612315844068,2894.568115234375,1,Train,2021-06-09,-0.012810763512236534,-0.029223577565749115,-0.06718428471594229,0.0027966946386571924,0.0036426158902814875,-86.46173967633922,-206.8624441964289,3176.904487711541,2855.730689464798,321.173798246743,15635.349609375,-0.006654976944212576,15662.678431919643,15289.069010416666,85.82019180129562
0.006366015819166,2877.007917131697,2984.6409621465773,2938.4911764884064,102.8532594768771,27.819688357166328,2938.4013671875,1,Train,2021-06-10,-0.005710151080771553,-0.017937478924654582,-0.05978816389442165,0.0037047427726226274,0.0037761870614137923,-52.54886300223143,-182.94921875,3179.5675363792257,2836.4536864165325,343.11384996269317,15737.75,0.0065492869160790335,15685.949916294643,15331.307105654761,83.04055054102956
0.0151432787925862,2877.855887276786,2977.8222772507443,2938.4830120065058,100.83098061407138,33.85197839472565,2961.50634765625,1,Train,2021-06-11,-0.0013128650071416725,-0.01085571613971803,-0.05246167447599703,0.003991306773461418,0.0037554273251226415,-31.58405412946422,-159.336181640625,3179.1697450140277,2819.639364919008,359.5303800950196,15799.349609375,0.003914130633349666,15717.828404017857,15383.823753720239,83.7872195270692
0.0078631124824397,2892.369454520089,2972.982247488839,2940.576042520119,98.95243688115455,39.15662744490918,2949.086669921875,0,Train,2021-06-12,0.0070335933004654905,-0.00040122558281907583,-0.0403083376543365,0.004282441848490204,0.00446783615128182,-1.1609584263392208,-121.4833984375,3173.6729194036657,2807.7616578842803,365.91126151938533,15799.349609375,0.003914130633349666,15717.828404017857,15383.823753720239,83.7872195270692
-0.0041937028918421,2905.278424944197,2964.582868303572,2941.3497359202784,92.64651378736636,43.97161175900915,2849.591796875,0,Train,2021-06-13,0.00982635732218795,0.008203433462972365,-0.025534667913371556,0.004195274658862111,0.005099203091996303,23.639334542411234,-76.12925502232065,3163.596929407209,2800.3222181932383,363.2747112139705,15799.349609375,0.003914130633349666,15717.828404017857,15383.823753720239,83.7872195270692
-0.0337375208608266,2903.582449776786,2952.356666201637,2933.00810509798,89.90431953603705,37.45695655177314,2834.934814453125,0,Train,2021-06-14,0.008939489504578457,0.010937611470539066,-0.018605602232403484,0.003525063001345968,0.005144600722295601,31.41465541294656,-55.04708426339266,3150.507048824441,2795.033028603015,355.47402022142614,15811.849609375,0.0007911718082738162,15735.185546875,15437.826125372023,83.81902352571561
-0.0051435375543783,2900.6209891183034,2939.8173828125,2924.092351402993,86.84872022237609,38.98612982565944,2747.586181640625,0,Train,2021-06-15,0.0028528632762729877,0.008207510256053707,-0.009877190710842698,0.003006905394614315,0.0050738913875837234,23.61307198660643,-28.935791015625,3134.1050206403124,2792.157765352991,341.94725528732124,15869.25,0.003630213545097627,15763.61411830357,15482.878487723214,83.14647736692142
-0.0308115136782607,2882.239327566964,2922.7533249627977,2908.0463359700507,87.77760243218073,32.45686488842337,2765.94189453125,1,Train,2021-06-16,-0.007930082424948748,0.001523161847526211,-0.009349089304843572,0.0038302439217933085,0.004995876713893212,4.3834402901784415,-27.20061383928578,3115.0769210247745,2789.8590687910737,325.2178522337008,15767.5498046875,-0.006408632752808119,15765.885463169643,15514.28087797619,73.30762507614483
0.0066806686586495,2863.8641531808034,2907.426583426339,2895.127750384705,85.59010925356654,40.37484045991197,2776.443603515625,1,Train,2021-06-17,-0.013679066216644054,-0.009855345863488796,-0.010252617229419836,0.004559107015814819,0.004605148574937754,-28.50530133928578,-29.666259765625,3092.8836036568227,2788.7406604335793,304.1429432232435,15691.400390625,-0.0048295020472909345,15758.928431919643,15545.768973214286,64.20595950763436
0.0037967930581399,2840.727329799108,2892.404250372024,2884.338282487516,79.02395438166651,31.89575752905728,2740.737060546875,0,Train,2021-06-18,-0.020648564408754955,-0.022218557295873964,-0.014197392289321598,0.00530840828424992,0.004641541883912874,-64.55109514508922,-40.91176060267799,3067.3031428043887,2788.691803484674,278.6113393197147,15683.349609375,-0.000513069646403852,15765.785574776786,15582.783249627977,56.60597677196828
-0.0128605324176357,2809.188860212053,2877.0383649553573,2871.283625947457,75.39685479281854,34.87832350495715,2746.399169921875,1,Train,2021-06-19,-0.025345038719104762,-0.032509353943777075,-0.021927317155833292,0.005326140416114488,0.004798079923925311,-94.39358956473279,-62.978934151786234,3044.1548931549555,2784.8559152992852,259.2989778556703,15683.349609375,-0.000513069646403852,15765.785574776786,15582.783249627977,56.60597677196828
0.0020659075460052,2780.233503069197,2864.983956473214,2859.930493581496,75.06722008379482,35.907476405356164,2723.248779296875,0,Train,2021-06-20,-0.02920203111544961,-0.04150403879056963,-0.03363717335855709,0.004139931898596761,0.005091520722570892,-120.38748604910643,-96.7744140625,3024.32141971264,2776.7170254603516,247.60439425228833,15683.349609375,-0.000513069646403852,15765.785574776786,15582.783249627977,56.60597677196828
-0.0084293612081373,2762.184500558036,2853.09912109375,2847.5048831919844,76.87442256850528,33.50408283623666,2734.52685546875,1,Train,2021-06-21,-0.02764884486348307,-0.041653316523951656,-0.04019359941897782,0.003309268772613492,0.005133355467523228,-120.05482700892844,-115.67138671875,3007.711409332186,2765.8262790048675,241.88513032731862,15746.5,0.004026588209654625,15767.035574776786,15609.98325892857,60.51454700768805
0.0041414050224184,2747.840506417411,2843.3668619791665,2837.234153398963,78.39047667685081,35.72883925982853,2755.576416015625,1,Train,2021-06-22,-0.021838458305010966,-0.04051297148104205,-0.04996904799862756,0.0022313674967594814,0.0051546128611557,-116.02364676339266,-144.52894810267844,2994.0731526722625,2752.8633010107737,241.20985166148876,15772.75,0.0016670371193598932,15763.235630580357,15637.36658296131,61.6833790180173
0.0076976975028708,2748.9819684709823,2834.4630301339284,2829.8107227277505,77.17026493491052,35.797938146699465,2772.197021484375,1,Train,2021-06-23,-0.011240615064783244,-0.03229643351043254,-0.053797410647902666,0.0038152167744962937,0.005253658151921814,-91.74536132812545,-156.29645647321468,2983.4469508352117,2740.24693169827,243.2000191369416,15686.9501953125,-0.005439749231269109,15745.392857142857,15660.152297247023,49.790882953326225
0.0060316256780794,2749.875558035714,2830.2492094494046,2824.573113523807,78.0773525552532,35.541590369675504,2737.17529296875,0,Train,2021-06-24,-0.004456234737337361,-0.02111403153288227,-0.05293698195237673,0.004665733524406229,0.005170005597400321,-59.313302176338766,-153.70689174107156,2973.864802893306,2728.95368203973,244.911120853576,15790.4501953125,0.006597840798329813,15734.1357421875,15683.438011532739,56.70608721046168
-0.0126332032839687,2744.265799386161,2820.9496721540177,2816.627857109711,76.91551165785084,25.719127113840727,2743.796142578125,1,Train,2021-06-25,-0.0013009150359715171,-0.012936936283707956,-0.05390403996892734,0.004726885794254879,0.005085197944202734,-35.967703683036234,-156.35518973214266,2967.703673238909,2716.585713619351,251.11795961955795,15860.349609375,0.0044266891189239654,15747.392857142857,15708.31896391369,56.143273130272185
0.002418862111748,2744.702811104911,2815.4203752790177,2810.006792152294,78.1385102732248,22.641735189572373,2725.896728515625,0,Train,2021-06-26,-0.001556633479284586,-0.00632893619147934,-0.04771863153298739,0.004150783687799371,0.004608257222256603,-17.481689453125,-137.53651646205344,2962.457132498313,2705.358541329813,257.0985911685002,15860.349609375,0.0044266891189239654,15747.392857142857,15708.31896391369,56.143273130272185
-0.0065235947323992,2741.7738909040177,2809.0952729724704,2802.3604227307787,79.81593842209777,22.334147605120947,2822.88037109375,1,Train,2021-06-27,-0.0029461940952280052,-0.0022077757057678005,-0.04263130363260559,0.0028031232802170434,0.004056237885128483,-6.066615513393117,-122.09026227678578,2957.9300303975256,2694.709991226359,263.2200391711667,15860.349609375,0.0044266891189239654,15747.392857142857,15708.31896391369,56.143273130272185
0.0355786195286045,2756.0069754464284,2807.2579752604165,2804.225872581958,78.98999191168569,46.66820146829355,2832.7431640625,1,Train,2021-06-28,0.004278439815448509,0.0025554940177920926,-0.029823472835272313,0.003131090436316109,0.00468807852153106,7.025006975446104,-84.72035435267935,2952.520966318175,2687.5558438101734,264.9651225080015,15814.7001953125,-0.0028782098242977616,15765.007114955357,15726.368954613095,54.05967576162432
0.0034938756419664,2770.037876674108,2806.166457403274,2806.818353625644,78.44412273415418,49.72331962208487,2798.908203125,0,Train,2021-06-29,0.009230531431924982,0.007332084020847729,-0.01393675736525235,0.0028622934470323674,0.005212806027143691,20.16231863839357,-39.150983537945194,2946.8260385962767,2683.037779763099,263.7882588331777,15748.4501953125,-0.0041891404314852165,15774.307198660714,15734.257068452382,56.423981087764176
-0.0119442388447869,2776.2281319754466,2802.4831426711307,2806.099249034676,76.78690938915246,57.49121395333257,2847.90283203125,1,Train,2021-06-30,0.012566404978081147,0.011646952199905414,-0.0014406599623121297,0.0028666933542476525,0.0053272717381336165,31.96233258928578,-4.005371093750455,2939.4817554391784,2680.3040844045727,259.17767103460574,15721.5,-0.0017112919035373597,15770.735770089286,15741.240420386905,48.9904946333627
0.0175049073962294,2787.0432477678573,2800.260986328125,2809.8995747616373,74.63383868101891,60.98121517178756,2803.154541015625,0,Train,2021-07-01,0.011261318493724692,0.015426237220160788,0.008999669357640405,0.0029569945487014086,0.005481254214963151,42.34043666294656,24.85874720982156,2931.225081455216,2679.4794944376413,251.7455870175745,15680.0,-0.002639697229908089,15757.485770089286,15746.183268229166,42.395692298502716
-0.0157127169200883,2796.468854631697,2793.8206612723216,2809.286389875636,67.62350620780198,53.27794981927653,2831.64697265625,1,Train,2021-07-02,0.009541738826085666,0.019948750664353865,0.01769693259150884,0.0024041859489586873,0.005345846337576715,54.69496372767935,48.628348214286234,2919.593645620127,2681.520870283892,238.07277533623528,15722.2001953125,0.002691338986766656,15762.521484375,15747.699962797618,44.496323128260656
0.0101644169894041,2809.018973214286,2787.6368815104165,2811.319170128419,56.55443858645428,61.3575070807705,2833.975830078125,1,Train,2021-07-03,0.011811292040869281,0.019235073873232977,0.02183972300724002,0.0021894246350004456,0.004686908140744806,53.01199776785734,60.03700474330344,2904.272890621853,2687.2156801091737,217.05721051267938,15722.2001953125,0.002691338986766656,15762.521484375,15747.699962797618,44.496323128260656
0.000822439182696,2824.458844866072,2782.1554129464284,2813.378866487483,44.39503238137148,61.03296781710163,2830.185791015625,0,Train,2021-07-04,0.01342483548763762,0.01964629027286291,0.02712242254468933,0.0011650431693584647,0.003838223632873623,54.42096819196422,74.58328683035779,2888.9370469141713,2694.6391633257836,194.29788358838778,15722.2001953125,0.002691338986766656,15762.521484375,15747.699962797618,44.496323128260656
-0.0013373575816261,2825.5024762834823,2781.231317429316,2814.906768717314,43.10434800571125,64.16287169883066,2849.047119140625,1,Train,2021-07-05,0.01038224388006248,0.0177486654430572,0.029602335500990007,0.0017811477625208389,0.0031692324137297485,49.27434430803578,81.23667689732156,2872.437252749004,2703.6271062074693,168.81014654153478,15834.349609375,0.007133188273225066,15768.79282924107,15755.514229910714,47.99238253600881
0.0066643427385137,2827.831612723214,2781.9033319382443,2818.010436937615,44.08238312274301,64.86854692542889,2879.21533203125,1,Train,2021-07-06,0.006697227640082959,0.014634995344268154,0.030286995474325673,0.001898220185875511,0.0025137161966863855,40.78836495535688,83.12880161830344,2859.8645317416713,2710.7590557304266,149.10547601124472,15818.25,-0.0010167521731027085,15762.778599330357,15758.685639880952,53.23508701964718
0.0105888781859546,2839.3040597098216,2788.17138671875,2823.574518309764,48.131086559413895,65.68115202473189,2858.29443359375,0,Train,2021-07-07,0.005255950133857823,0.015317604917064687,0.03557192266268405,0.0019077805963038626,0.0025194453949381004,42.835205078124545,97.5301688058039,2853.8436142308597,2714.32396389414,139.51965033671968,15879.650390625,0.0038816171589777237,15772.057198660714,15765.33091517857,62.242316163302014
-0.0072661805474412,2840.78857421875,2792.569126674108,2826.730874244671,50.174185990855854,60.80192554266157,2890.751708984375,1,Train,2021-07-08,0.005410045846207856,0.011309856326143342,0.030762476121305227,0.0021215008506101332,0.0025079585472182787,31.76960100446422,84.78159877232156,2853.8571503491166,2714.316552217848,139.54059813126878,15727.900390625,-0.0095562557277451,15769.121512276786,15769.738095238095,52.44100807961903
0.0113554695447579,2853.3024553571427,2798.0123697916665,2832.550950130099,54.36292806706692,69.39274305476343,2872.531494140625,0,Train,2021-07-09,0.009007199197904159,0.010212083827491059,0.030059003663519546,0.0022070772239234154,0.0022192199808986324,28.84361049107065,83.26457868303487,2861.945322455217,2710.6397396262564,151.30558282896072,15689.7998046875,-0.0024224839292732447,15764.59291294643,15767.454752604166,46.80561928435221
-0.0063029331737908,2859.1431012834823,2804.2882952008927,2836.1855450401467,55.02366116979274,65.79330744744449,2894.77978515625,1,Train,2021-07-10,0.006987290250163758,0.011906068135622005,0.02986605039876067,0.0021010688645833396,0.002101348146705839,33.640625,82.91496930803578,2872.502085814413,2707.973936088489,164.52814972592387,15689.7998046875,-0.0024224839292732447,15764.59291294643,15767.454752604166,46.80561928435221
0.0077451861053592,2867.8293805803573,2811.3540387834823,2841.5122941416103,56.71913491911637,70.49990190796419,2895.146240234375,1,Train,2021-07-11,0.009518767643256876,0.014144324463020386,0.028986321929952652,0.0016876958311876293,0.001760310730565486,39.99776785714312,80.7861328125,2883.5638144154887,2707.4766954896454,176.08711892584324,15689.7998046875,-0.0024224839292732447,15764.59291294643,15767.454752604166,46.80561928435221
0.0001265916944714,2877.109444754464,2819.5396321614585,2846.38810742277,55.764109818188366,61.46005217403424,2890.843505859375,0,Train,2021-07-12,0.008343661343235276,0.013315018134586909,0.028836577238900762,0.001513830584981727,0.0016667367209295932,37.80538504464266,80.64059012276721,2894.1715413174957,2709.795862421344,184.37567889615184,15692.599609375,0.00017844744498685117,15766.392857142857,15762.371419270834,45.36192932528317
-0.0014861889583345,2883.0803571428573,2826.98328218006,2850.4295072806435,54.26150690961002,59.3790519700506,2896.199462890625,1,Train,2021-07-13,0.00837217831056769,0.014887339138125677,0.026365569130999855,0.0013337765387744112,0.0015790855566025555,42.29178292410734,74.06138392857156,2904.0954555899107,2713.281787016116,190.81366857379453,15812.349609375,0.007630985495128417,15779.27134486607,15762.395228794643,56.98215759647915
0.0018527315713887,2885.506661551339,2833.679617745536,2854.590412336096,53.68263344353009,67.29587864131184,2923.5751953125,1,Train,2021-07-14,0.0061639932593913205,0.011286643003349361,0.021613986975321575,0.0013693806611487951,0.001663324008872617,32.20420619419656,61.04781668526721,2912.5419884431903,2718.398364514399,194.14362392879138,15853.9501953125,0.0026308921169333477,15782.07142857143,15761.666666666666,53.79739443051931
0.0094522952485296,2894.8324846540177,2840.888102213541,2860.861756243042,55.15723011396416,64.57273910361533,2984.5068359375,1,Train,2021-07-15,0.006160015890902537,0.012482545331331751,0.024537231502174572,0.0011447053442022097,0.0016378155349559137,35.689383370535325,69.33000837053532,2920.173063970537,2725.823957513838,194.3491064566988,15924.2001953125,0.004431072328003882,15797.20717075893,15769.126209077382,53.81675958086454
0.0208414822791951,2908.22607421875,2852.665794735863,2872.102218033447,58.2251662461179,82.87510876213423,2968.02587890625,0,Train,2021-07-16,0.008721823175546817,0.01408615655866452,0.028429720190487506,0.0012015035052075783,0.0017090271309971932,40.39669363839266,80.39446149553578,2928.128568141055,2734.220779654703,193.90778848635182,15923.400390625,-5.0225736783704455e-05,15803.45717075893,15780.173828125,56.86584858851294
-0.0055221709773946,2921.868129185268,2863.3434012276784,2880.8225508400656,57.82063241539922,75.84807877396905,2936.02734375,0,Train,2021-07-17,0.01260141524482905,0.015556823711523338,0.029078981235945767,0.0013571831526179733,0.001725195247743814,44.758684430803896,82.56406947544656,2935.6134410171226,2744.745330606762,190.8681104103607,15923.400390625,-5.0225736783704455e-05,15803.45717075893,15780.173828125,56.86584858851294
-0.0107810836097028,2927.7606375558034,2873.3496210007443,2885.8411683773325,50.57334535218136,67.38655355228033,2945.77783203125,1,Train,2021-07-18,0.011374804268068361,0.015497410712903115,0.03061546506007473,0.0014191638805308585,0.0015516681058529741,44.680280412946104,86.97206333705344,2943.21493223969,2754.319205595132,188.89572664455773,15923.400390625,-5.0225736783704455e-05,15803.45717075893,15780.173828125,56.86584858851294
0.0033209800658042,2934.993722098214,2879.201881045387,2891.289955982234,51.54257360129122,69.30145185368785,2960.701416015625,1,Train,2021-07-19,0.009204115222251064,0.017150215317911943,0.02863042667898541,0.0014238277660124307,0.0014183225352550578,49.487060546875,81.69126674107156,2951.3246789168547,2762.7050434603775,188.61963545647723,15752.400390625,-0.010738912280361723,15806.95717075893,15783.461960565477,50.22034878843576
0.0050660928404382,2944.973423549108,2885.2951311383927,2897.600088712542,53.30891954211005,68.89237358431953,2944.541748046875,0,Train,2021-07-20,0.00790771292278758,0.01732084297136205,0.03001959651026076,0.0013912944590582206,0.0013169050316762952,50.14093889509013,85.83032226562545,2959.5233055071594,2771.3809460274388,188.14235947972065,15632.099609375,-0.0076369809214345,15798.714285714286,15778.014322916666,45.48346545575823
-0.0054580539197015,2951.879464285714,2892.2300618489585,2901.8675122883906,50.92853806820055,61.60358302262026,2935.019775390625,0,Train,2021-07-21,0.008237977661331719,0.015010315206905211,0.029307909415569044,0.0010756230999843471,0.001280618007816705,43.65339006696422,84.05008370535688,2967.7239109342813,2779.663962252103,188.0599486821784,15632.099609375,-0.0076369809214345,15798.714285714286,15778.014322916666,45.48346545575823
-0.0032337706410737,2953.514404296875,2896.378487723214,2904.881354388593,50.68479944471986,64.20347770909055,3036.0078125,1,Train,2021-07-22,0.0063102970405743974,0.010830836202190719,0.026556153323159748,0.0014838301946677088,0.001276428629668245,31.646275111606883,76.40495954241078,2974.647403962314,2788.4450241905884,186.20237977172565,15824.0498046875,0.012279233123449584,15817.492885044643,15780.45717075893,56.31713511175445
0.0344079579824754,2960.8716866629466,2907.46673874628,2916.8019414896307,54.59060654872167,71.44797603469345,3053.90771484375,1,Train,2021-07-23,0.0053984402666287234,0.011309342943685907,0.026982019189080386,0.0012665537270509291,0.001188973299681736,33.11104910714312,77.79132952008922,2982.103548772006,2796.1741507257625,185.92939804624348,15856.0498046875,0.002022238326785386,15823.735770089286,15788.509533110118,55.922805016118296
0.0058958683406715,2973.1405203683034,2918.050583612351,2929.266102703641,60.39314356880498,76.80669527810272,3051.252197265625,0,Train,2021-07-24,0.0072025488641467295,0.012997233344273829,0.03037035401257726,0.0011222860225211118,0.0012385311755251517,38.14679827008922,87.63385881696422,2991.5178295758237,2801.6280374721678,189.88979210365596,15856.0498046875,0.002022238326785386,15823.735770089286,15788.509533110118,55.922805016118296
-0.0008695474212326,2989.6012137276784,2928.3970772879466,2940.3557476638216,63.785849896930856,74.54768158806104,3072.08154296875,1,Train,2021-07-25,0.012218260855035412,0.015153885539920475,0.03273720658312551,0.001573387291541487,0.0014395767404018186,44.62779017857065,94.76872907366078,3002.192734012574,2807.3630067798367,194.82972723273724,15856.0498046875,0.002022238326785386,15823.735770089286,15788.509533110118,55.922805016118296
0.0068264910130311,3007.644601004464,2939.915922619048,2952.3308199642697,66.92761093718646,76.08325889306298,3066.26806640625,0,Train,2021-07-26,0.015797008209509134,0.01889140034118708,0.03418528142191324,0.0019162162884125951,0.0016565743983695236,55.76513671875,99.41852678571422,3014.419105095833,2813.1179345247033,201.30117057112966,15824.4501953125,-0.0019929055322251976,15819.521484375,15790.128580729166,49.52833041903541
-0.0018923575045739,3022.725551060268,2950.2597772507443,2962.688751458995,68.93726314836246,75.74587318024,3061.186279296875,0,Train,2021-07-27,0.01667766133227433,0.023433488816815062,0.034518129298026556,0.0019974751107429507,0.0016922366850542813,69.21114676339312,100.857421875,3028.335662594033,2817.543526161547,210.79213643248568,15746.4501953125,-0.004929081202650898,15794.128627232143,15784.704799107143,46.76956307399209
-0.0016573199078875,3039.389055524553,2958.9250604538693,2971.6430721715296,70.96741184324524,74.23349843149573,3006.29736328125,0,Train,2021-07-28,0.016653673261924684,0.02651832877975857,0.03812757659790833,0.001989859870390744,0.001610586499054097,78.51736886160643,111.62841796874955,3042.9931400070227,2822.7460968791374,220.24704312788526,15709.400390625,-0.002352898858342667,15763.557198660714,15779.690522693452,42.16846145414622
-0.0179306030432857,3049.5715680803573,2965.9728190104165,2974.7934622724133,67.75027452836736,61.24175191238846,3035.092041015625,1,Train,2021-07-29,0.013940133439267033,0.02570717636399711,0.03903853187809614,0.0013011586450536667,0.001608143006553402,76.4310477120539,114.57784598214312,3057.8182220209897,2827.5479261374926,230.27029588349706,15778.4501953125,0.004395444954646832,15767.278599330357,15781.119094122023,52.516791413065356
0.0095781202771461,3049.440743582589,2972.846168154762,2980.2751512490686,67.05562762840064,57.53233826505053,3029.003662109375,0,Train,2021-07-30,0.008838113838337103,0.020015890273304304,0.03547309432340606,0.002092261444768775,0.001870234788409045,59.83952985491078,104.46732003348143,3069.6929497670826,2834.70296262131,234.98998714577283,15763.0498046875,-0.000976039499086867,15785.985770089286,15783.09765625,53.73134031367773
-0.0020059948179406,3045.8830217633927,2980.2972237723216,2984.705015872733,63.97417112059238,59.369830021420825,3094.7880859375,1,Train,2021-07-31,0.0021366024948454854,0.012713743088581086,0.031845323840289375,0.0029229577434905277,0.0021863206899979427,38.23842075892844,94.00355747767844,3078.6616228281723,2843.5396536785242,235.12196914964807,15763.0498046875,-0.000976039499086867,15785.985770089286,15783.09765625,53.73134031367773
0.0217181724310999,3052.1024344308034,2989.8214285714284,2994.7125676968026,65.47667394005437,72.10043216363218,3103.48583984375,1,Train,2021-08-01,0.0008299088229102303,0.009718673718237758,0.03337990496694343,0.0028058323648865557,0.0021854800542636405,29.376883370535325,98.58803013392844,3087.1384692190654,2852.562106255265,234.57636296380042,15763.0498046875,-0.000976039499086867,15785.985770089286,15783.09765625,53.73134031367773
0.0028104521746648,3056.5887625558034,2999.742361886161,3004.601046982889,66.19410110943603,72.0184199224209,3108.61279296875,1,Train,2021-08-02,0.0023440425882210736,0.0056589356337870544,0.032327329929225934,0.0024850657736458556,0.002219434472759094,17.199707031250455,95.71707589285688,3094.450131681078,2862.6012843345475,231.84884734653042,15885.150390625,0.007746000136419795,15794.714425223214,15792.866722470239,58.74553790034703
0.0016519982334632,3062.638009207589,3010.112327938988,3014.056660254331,65.33327262552179,71.23145189495382,3110.535888671875,1,Train,2021-08-03,0.005500863731298544,0.004284680925018325,0.030102004337218213,0.002181063187557126,0.002227578931883262,13.066441127231883,89.49748883928578,3100.4135263205512,2874.351024460699,226.0625018598521,16130.75,0.015460955882416139,15833.957310267857,15812.321475074405,62.97791173290918
0.0006186346873031,3069.6879534040177,3020.318824404762,3022.8274992013803,63.36002564461843,74.84241294895685,3104.5390625,0,Train,2021-08-04,0.005761772204901039,0.006639646913630948,0.026788435631011964,0.0015294993352407739,0.0022282926763728707,20.24720982142844,80.08673967633922,3106.0210203384954,2886.229077317754,219.7919430207412,16258.7998046875,0.007938242467802281,15896.007254464286,15832.533389136905,65.41520347803842
-0.0019279077260334,3083.722481863839,3028.9361514136904,3030.2558231376183,61.83209154971783,75.64052286133568,3182.225341796875,1,Train,2021-08-05,0.008877124603882791,0.012423149487382323,0.025294837306897078,0.0018273190738624203,0.0021746503619437195,37.83946010044656,76.077880859375,3113.2593806960767,2896.5403577246825,216.71902297139422,16294.599609375,0.0022018725316477195,15974.31431361607,15855.216703869048,64.48343464012603
0.0250234504166027,3104.741524832589,3038.351318359375,3044.0712339248234,69.32755944859977,73.79321085011763,3148.806884765625,0,Train,2021-08-06,0.013747467215655007,0.017246829532313157,0.027133119559449526,0.002513639403784595,0.0023806992443480375,52.63909040178578,82.0159737723211,3123.7564899326726,2904.3305880528187,219.42590187985388,16238.2001953125,-0.003461233501561467,16049.857142857143,15872.290504092261,61.796441983337765
-0.0105015998057447,3121.856270926339,3046.959937686012,3053.5926567285323,71.35289056404805,64.70001837941928,3136.675048828125,0,Train,2021-08-07,0.01699466470670785,0.02135305513456176,0.027132826332940008,0.002089111294469555,0.002441045313618886,65.26750837053578,82.46721540178623,3135.641705500009,2911.854935822536,223.78676967747288,16238.2001953125,-0.003461233501561467,16049.857142857143,15872.290504092261,61.796441983337765
-0.0038528358141604,3127.8401227678573,3056.51459030878,3061.145601464859,69.15574505606521,62.85473486824606,3099.549072265625,0,Train,2021-08-08,0.014306618433884699,0.021289526664347136,0.025665426418166826,0.0021044241824018264,0.0023995503216848787,65.20211356026812,78.2685546875,3146.3124611098456,2920.4688202796633,225.84364083018227,16238.2001953125,-0.003461233501561467,16049.857142857143,15872.290504092261,61.796441983337765
-0.0118360926728353,3127.277727399553,3063.8370303199404,3064.63682608311,64.85125203363744,53.9401567699589,3095.199951171875,0,Train,2021-08-09,0.007258640497675328,0.01876079095651173,0.025525002897914373,0.0024370294100753143,0.0024167999525632053,57.589773995535325,77.83698381696377,3154.806477856629,2930.205233917925,224.6012439387041,16258.25,0.0012347307242392969,16118.399972098214,15897.545247395834,71.3736331751599
-0.0014031463907654,3125.3616071428573,3070.241722470238,3067.4152920002707,60.662572464700006,54.16772467308482,3067.68701171875,0,Train,2021-08-10,0.001122837155945744,0.013502876968958244,0.026093774715435725,0.0028315233764874682,0.002485840077285186,41.63912527901812,79.47858537946468,3160.7738747096014,2941.5860513506664,219.18782335893502,16280.099609375,0.0013439090538649445,16192.264229910714,15925.654761904761,79.86454665255243
-0.0088889053654541,3119.240339006697,3076.105782645089,3067.4399937928592,53.42418258675912,50.87960506799456,3014.7666015625,0,Train,2021-08-11,-0.0027494320117456006,0.004669894114579964,0.02199726451462114,0.003386065596118533,0.002564781578735353,14.498814174107792,67.13790457589357,3162.852933202218,2956.0795863290323,206.7733468731858,16282.25,0.00013208706805212245,16248.992745535714,15953.733351934523,75.59495560130529
-0.0172509157401296,3106.415701729911,3079.903250558036,3062.6515035901,45.07619292963595,51.1520982202756,3008.998291015625,0,Train,2021-08-12,-0.006670985914317806,-0.004945957743226481,0.0163014860829509,0.003955630983684559,0.0029733843218374507,-15.440569196428442,49.82693917410734,3160.995114029216,2972.4918070087297,188.50330702048632,16364.400390625,0.005045395484346349,16282.371372767857,15980.021484375,76.88977049078709
-0.0019133522787088,3081.6689801897323,3078.6170828683034,3057.773938810601,46.7457101840112,46.21314656058186,3050.79443359375,1,Train,2021-08-13,-0.013980022936631586,-0.014761349930273227,0.006213914581131741,0.004298240420147419,0.003871919328165405,-46.171142578125,19.030970982143117,3155.6070540766364,2988.732712943453,166.8743411331834,16529.099609375,0.010064482340847336,16320.985630580357,16012.171456473214,82.67261591572037
0.0138903842860003,3067.6672014508927,3078.4688313802085,3057.139438336342,46.83284841222837,52.8654081621515,3081.237548828125,1,Train,2021-08-14,-0.016533877467174385,-0.01906147491359156,-0.0006582923032564247,0.003301502546740505,0.004099548167294173,-59.610525948660325,-2.020751953125,3150.0096290002957,3002.136736792115,147.87289220818093,16529.099609375,0.010064482340847336,16320.985630580357,16012.171456473214,82.67261591572037
0.0099787500918289,3059.74755859375,3079.896705264137,3059.330175653777,46.41681760495735,48.035568794201744,3026.073974609375,0,Train,2021-08-15,-0.015023148096429018,-0.020994066222337238,-0.007774669546657287,0.002679071311078874,0.004153135689447999,-65.61404854910734,-23.97492327008922,3145.822574682371,3011.534086868968,134.28848781340275,16529.099609375,0.010064482340847336,16320.985630580357,16012.171456473214,82.67261591572037
-0.0179030578929982,3049.2511160714284,3077.7058686755954,3056.306884649741,47.86722973013924,40.10996723066357,2966.698486328125,0,Train,2021-08-16,-0.010519580242621673,-0.022437906454350398,-0.017872794987065066,0.0023416747142831528,0.004242217861912983,-69.98922293526857,-55.49040876116078,3143.440821835422,3016.5683962170333,126.87242561838866,16563.05078125,0.002054024277023725,16359.33579799107,16042.59291294643,89.47600986854218
-0.0196212943832327,3030.8937639508927,3072.9644601004466,3048.160666620503,53.64007326376355,34.07645632730211,2931.7236328125,0,Train,2021-08-17,-0.011987427281097363,-0.024311600581004456,-0.029137314175087137,0.00206759570674731,0.004464363141608762,-75.52193777901812,-90.96250697544656,3144.262666738595,3014.897022156495,129.36564458209978,16614.599609375,0.0031122785775283823,16413.10714285714,16075.507161458334,93.15409182751846
-0.0117891500187177,3011.4704241071427,3066.79957217262,3037.575481728866,61.8697309830769,31.321709370321926,2970.086181640625,1,Train,2021-08-18,-0.015778142987977528,-0.022779395364607824,-0.037204490668704016,0.0018767370750144938,0.0046130940875629975,-70.19855608258968,-116.36969866071468,3148.0709328562384,3007.2786416415297,140.7922912147087,16568.849609375,-0.00275360231817956,16457.478515625,16114.385695684523,88.5373070084972
0.0130853223676212,3005.0875069754466,3065.0752301897323,3031.440090811754,64.10452183936518,36.84488874556595,2992.609375,1,Train,2021-08-19,-0.014483428033595702,-0.0203997664563641,-0.03907239173340449,0.0021644485720519768,0.004286657472479004,-62.579694475446104,-122.19022042410643,3152.1143581375177,2998.7998926995365,153.3144654379812,16568.849609375,-0.00275360231817956,16457.478515625,16114.385695684523,88.5373070084972
0.007583346738758,3002.7462332589284,3063.05224609375,3027.9100257379578,65.74730457695509,29.202662557900027,2984.5068359375,0,Train,2021-08-20,-0.009286874725451533,-0.01862942097125786,-0.03923237989604067,0.002072994749783809,0.0035195683231607176,-57.00132533482156,-122.6153738839289,3155.6752705892927,2990.9253013973143,164.74996919197838,16450.5,-0.007142898400624986,16481.821428571428,16153.357142857143,80.45997900532309
-0.0027075164337142,2993.2765764508927,3060.933349609375,3023.9642812106435,67.5906622246852,30.91975029670553,2955.803466796875,0,Train,2021-08-21,-0.006041516300676952,-0.01835681532606992,-0.04038283327533421,0.0020448317572028694,0.002689368334607066,-55.97453962053578,-125.96376255580435,3159.8172480031685,2980.9007381854476,178.9165098177209,16450.5,-0.007142898400624986,16481.821428571428,16153.357142857143,80.45997900532309
-0.0096174579984196,2975.357421875,3054.3150344122023,3017.7678435366643,70.83652217278998,29.773780857372188,2978.280517578125,1,Train,2021-08-22,-0.009893251038925355,-0.018323420878829766,-0.042189549770150436,0.00219004180043115,0.0023917454624078375,-55.53634207589266,-131.05827985491078,3165.2593589472667,2967.335493173269,197.92386577399793,16450.5,-0.007142898400624986,16481.821428571428,16153.357142857143,80.45997900532309
0.0076043793282398,2968.52978515625,3048.3528762090773,3014.1780866313425,71.75417868490615,35.97962750535167,2984.32373046875,1,Train,2021-08-23,-0.01139505154438003,-0.014259027286852355,-0.036713610631378235,0.0022783009872706433,0.0022225736003331623,-42.94063895089266,-113.13919503348234,3169.8035592831816,2953.3804704322197,216.4230888509619,16496.44921875,0.0027931806783987323,16512.421316964286,16185.376162574405,79.04593003400299
0.0020290945916467,2971.047677176339,3042.434349423363,3011.464054252925,71.66104554277955,37.2311478018632,2982.126220703125,0,Train,2021-08-24,-0.007426276425451461,-0.011327400523310494,-0.031496090654441256,0.002626751610706019,0.002406001731478925,-34.03982979910734,-96.61952427455344,3172.070020504174,2941.2499815884603,230.82003891571367,16624.599609375,0.007768362083601765,16549.592633928572,16221.97377232143,76.41337366967379
-0.0007363510007943,2978.248046875,3036.319603329613,3008.79697847567,71.03526138186476,39.53644183428826,2992.792724609375,1,Train,2021-08-25,0.00097152193506167,-0.008158593660890223,-0.026636024756305998,0.0027465430392269743,0.002876138175512511,-24.49818638392844,-81.49951171875,3171.1468374958813,2931.6257210978683,239.52111639801296,16634.650390625,0.0006045728309951315,16564.671316964286,16260.554734002977,73.00613423587458
0.0035768116829524,2981.4918387276784,3030.9983491443454,3007.342046306007,69.84491072556251,47.00299617137381,2981.759521484375,0,Train,2021-08-26,0.004366489309369115,-0.003937069436191987,-0.02222161270569578,0.002904741524286884,0.003090383992120249,-11.78473772321422,-67.75927734375,3166.1032347267465,2924.3443552565122,241.7588794702342,16636.900390625,0.00013525983096518424,16575.221261160714,16302.957124255952,71.84994851003245
-0.0036865911341855,2979.9418596540177,3021.4523577008927,3005.016362231313,61.32187412434129,46.33751940060979,2986.108642578125,1,Train,2021-08-27,0.0029936182263259337,0.0015408023739644783,-0.016810851275254612,0.0029114846911178884,0.0027809358933981966,4.584437779017662,-50.951904296875,3156.706003254686,2919.550145601341,237.15585765334527,16705.19921875,0.004105261588480014,16588.1640625,16350.37611607143,79.36368559825024
0.0014585754023466,2980.170689174108,3013.7048223586307,3003.2974786264776,54.3032858931022,40.32852350585684,3031.796630859375,1,Train,2021-08-28,0.0006455615075866561,0.00392143749948759,-0.01039350567167363,0.0027820541540556007,0.00278001653055307,11.640904017857792,-31.29973493303487,3144.075918186646,2917.413287310006,226.66263087663992,16705.19921875,0.004105261588480014,16588.1640625,16350.37611607143,79.36368559825024
0.0153001761656617,2991.02685546875,3008.7106119791665,3005.88831064765,46.72193768939224,42.93014701775161,3034.817626953125,1,Train,2021-08-29,0.0031980690395383427,0.006724623925052242,-0.00467894910682598,0.001942065728015537,0.0031618828668899413,19.97917829241078,-14.060651506696558,3128.902810786499,2918.961307517072,209.9415032694269,16705.19921875,0.004105261588480014,16588.1640625,16350.37611607143,79.36368559825024
0.0009964375786293,2999.103585379464,3005.6281622023807,3008.518248493602,42.361071848757256,51.469434579101815,3031.56689453125,0,Train,2021-08-30,0.006430234758899367,0.007002619720122949,-0.0012131054696256083,0.0015042216668748358,0.003312309523860837,20.85553850446422,-3.6426478794642208,3111.5071364659916,2923.7311796612403,187.77595680475133,16931.05078125,0.013519836521704187,16639.907087053572,16405.261858258928,83.60643262987013
-0.0010711458879782,3005.852608816964,3002.5980166480654,3010.61357995157,37.64711356495906,63.43627527825678,2940.42138671875,0,Train,2021-08-31,0.008617600238855383,0.00817066468968819,0.004201426779273154,0.0015016207162255703,0.003113976664697735,24.36077008928578,12.576032366071558,3092.787194775818,2931.1123483324404,161.67484644337765,17132.19921875,0.011880446175423387,16737.29268973214,16470.459449404763,86.09677435368758
-0.0300654780130105,2999.894775390625,2996.5377487909227,3004.23247147586,36.88102184661457,51.46149554487126,3039.669921875,1,Train,2021-09-01,0.0029648412904288435,0.006695739942699452,0.008246859128663075,0.0019787381346148465,0.002670703290071343,19.952915736607338,24.537353515625,3074.2043956259663,2939.043054848364,135.16134077760216,17076.25,-0.00326573477436376,16820.12137276786,16527.17847842262,82.16925321828639
0.0337531673536772,3006.5915178571427,2997.723621186756,3007.454057875781,37.88321301742543,59.70621348867906,3008.952392578125,0,Train,2021-09-02,0.0024967235257167264,0.008865542090932044,0.012821745259628425,0.0020302840444820953,0.002692264400512566,26.42082868303487,38.06173270089266,3060.508157689979,2945.2315465510924,115.27661113888644,17234.150390625,0.009246783727399066,16907.200055803572,16579.721354166668,83.20042586059328
-0.0101055476700993,3010.4762137276784,2997.721435546875,3007.5902701214486,37.8825313286776,52.228732305082055,3047.681640625,1,Train,2021-09-03,0.0015382008077016174,0.006502568916546991,0.013270920172109735,0.001884741842528134,0.002700736938257153,19.44935825892844,39.42853655133922,3049.16301338442,2950.8575920843296,98.30542130009053,17323.599609375,0.005190230833697296,17005.62137276786,16630.426106770832,82.17647449668888
0.0128713395872943,3019.2723563058034,2997.573207310268,3011.234940167226,37.66997555302953,57.95110679563919,3052.8544921875,1,Train,2021-09-04,0.006459420201715416,0.006724933084892859,0.013774644954052562,0.001843318551509479,0.0026092129426719068,20.16877092633922,41.02430943080344,3039.52668794659,2956.4463972933654,83.08029065322444,17323.599609375,0.005190230833697296,17005.62137276786,16630.426106770832,82.17647449668888
0.0016973070590926,3022.2806222098216,2996.221633184524,3015.0185358054327,34.9274088463583,62.983762498865005,3089.66064453125,1,Train,2021-09-05,0.005218236085446248,0.005465342294119768,0.013680662463107396,0.0016823776164469402,0.001786769717364536,16.428013392857338,40.78878348214312,3032.5393384871063,2960.736697366688,71.80264112041823,17323.599609375,0.005190230833697296,17005.62137276786,16630.426106770832,82.17647449668888
0.0120563074453563,3030.115339006697,2999.2495698474704,3021.8041820532344,40.028507290548,64.35055371678816,3121.9658203125,1,Train,2021-09-06,0.006523594237172414,0.010073874545195372,0.016837066532064737,0.001669847939415646,0.0015268513946733546,30.220563616072013,50.17347935267935,3032.3454030154626,2960.8527903439126,71.49261267154998,17377.80078125,0.0031287476677577253,17111.464285714286,16682.00711495536,82.46410016156095
0.0104558977499455,3043.029471261161,3006.6432524181546,3030.9097855313494,47.380025130334445,66.61015850568617,3163.494873046875,1,Train,2021-09-07,0.007868490202859624,0.01211935615051174,0.02109234290351103,0.001971912569923091,0.0016845487755815117,36.43795340401812,62.85878208705299,3039.098969840561,2957.2551282342156,81.84384160634545,17362.099609375,-0.0009035189246697772,17205.307198660714,16735.52613467262,80.66037735849056
0.0133022124919413,3074.8971121651784,3017.679978143601,3042.9629753054883,55.37545553289191,69.98937682770764,3174.35693359375,1,Train,2021-09-08,0.01740953158641001,0.021398906307162457,0.028040623086710514,0.003242738099351202,0.002888821769999601,64.4208984375,83.87025669642844,3055.07541698386,2948.2596416098895,106.81577537397061,17353.5,-0.0004953092983268625,17265.657087053572,16787.68089657738,83.19586453304953
0.0034335635057987,3094.138113839286,3027.407156808036,3054.9078806044213,63.88440432253302,70.00230768858361,3158.5322265625,0,Train,2021-09-09,0.021128824374578414,0.024795960317102184,0.03168764457590334,0.003328276361299327,0.003049641632405767,74.86575753348234,95.03452845982156,3073.7975186547483,2938.6767279970372,135.12079065771104,17369.25,0.0009075978909154347,17299.521484375,16839.54520089286,92.56428075052119
-0.0049851693940839,3115.506661551339,3035.3082449776784,3064.328275691519,69.38885700625663,69.27099496494517,3149.168701171875,0,Train,2021-09-10,0.023817446059811287,0.030846255194315164,0.03648018283156351,0.0032093775921892493,0.0031000132646989936,93.22603934151766,109.654052734375,3095.327102727982,2929.370152433849,165.9569502941331,17369.25,0.0009075978909154347,17299.521484375,16839.54520089286,92.56428075052119
-0.0029645179212927,3130.004813058036,3043.149286179316,3072.0410416442783,72.59082909959562,67.58385777350924,3197.6728515625,1,Train,2021-09-11,0.017921803196222497,0.032965568262521616,0.04337153380670444,0.003094787271322359,0.0029859968818470176,99.88947405133877,130.11003766741078,3116.3094727983366,2923.852521481798,192.45695131653883,17369.25,0.0009075978909154347,17299.521484375,16839.54520089286,92.56428075052119
0.0154022076913744,3150.693150111608,3054.66687593006,3083.4621152732075,77.08795532879194,67.77955548298192,3217.7119140625,1,Train,2021-09-12,0.01827812275714713,0.03538042594304103,0.04792857007631324,0.0025066027324889125,0.0030989763283250024,107.66367885044701,144.10163225446513,3138.47146541946,2919.9068653562094,218.5646000632505,17369.25,0.0009075978909154347,17299.521484375,16839.54520089286,92.56428075052119
0.0062667644347069,3168.986188616072,3066.0683710007443,3095.66664243587,82.72544649804802,68.91364359584308,3211.578369140625,0,Train,2021-09-13,0.017165595479132545,0.030599097471798453,0.05265279099884368,0.0020361189854479892,0.0031308983755768956,94.08907645089357,158.50997488839357,3161.2863085170748,2916.885873402568,244.40043511450676,17355.30078125,-0.000803098507419775,17339.385881696428,16890.64285714286,91.00508772976843
-0.0019061821212362,3181.7879813058034,3076.8900204613096,3106.2040721363023,86.28490401889361,68.50518793886408,3194.068115234375,0,Train,2021-09-14,0.016544117769958122,0.028327716553596005,0.05382608980623527,0.002076770062880613,0.0030925585694052517,87.64986746651766,162.515625,3183.444723586449,2915.0814517762738,268.3632718101753,17380.0,0.001423151293159064,17360.221540178572,16939.004743303572,90.0191422215324
-0.0054522268783793,3186.155587332589,3086.982491629464,3114.1917124179454,87.03826857226255,80.72674489103618,3215.230224609375,1,Train,2021-09-15,0.011255439844951365,0.022676544606093474,0.05422228628225323,0.0019405924763977046,0.0026909637487342545,70.64892578125,163.87496512276766,3202.821177266158,2916.1713729570565,286.64980430910146,17519.44921875,0.00802354538262362,17388.200055803572,16986.164248511905,91.22256254583904
0.00662544085208,3191.99462890625,3097.574753534226,3123.377031708076,88.52481473205415,76.2296965563025,3145.04833984375,0,Train,2021-09-16,0.007260505070306511,0.01980502253210581,0.053423474616850264,0.002200954705896161,0.002716759822302169,61.98981584821422,161.879289899553,3219.872933446102,2920.324893702336,299.5480397437659,17629.5,0.006281634763507293,17424.157087053572,17036.94754464286,92.02376168197252
-0.0218279500573405,3190.068359375,3105.350411551339,3125.3471506295004,84.9422603536172,68.18862563633385,3191.53955078125,1,Train,2021-09-17,0.002602429237223536,0.012497316427655836,0.04831990274905218,0.0026033614672507288,0.0029173180319523825,39.37520926339221,147.03888811383922,3233.224035979632,2927.9635581888947,305.26047779073724,17585.150390625,-0.002515647600612625,17456.021484375,17083.164248511905,88.02567145333714
0.0147823517840777,3196.121337890625,3115.132835751488,3131.3646415523867,82.31163582540968,68.83520308092807,3240.2783203125,1,Train,2021-09-18,0.003127829223926515,0.008562722479520612,0.039423831531093745,0.0025883026944815723,0.0029630178163988687,27.135149274552987,121.22422572544656,3245.684352763809,2936.012689646906,309.6716631169029,17585.150390625,-0.002515647600612625,17456.021484375,17083.164248511905,88.02567145333714
0.0152712409656083,3202.207833426339,3125.060535249256,3141.2658850760336,84.30623747434313,72.02645396379077,3260.785888671875,1,Train,2021-09-19,0.0031996308601525136,0.0064177287237585645,0.03492724487755905,0.0020470618303246382,0.0028996310960209986,20.41985212053578,108.06971958705344,3257.1402031856655,2944.867264029737,312.2729391559287,17585.150390625,-0.002515647600612625,17456.021484375,17083.164248511905,88.02567145333714
0.00632895274175,3208.361258370536,3135.820928664434,3152.131339948383,86.60164987173063,70.91212972681397,3239.857421875,0,Train,2021-09-20,0.0057343282133051066,0.006969424571176441,0.029804011644436912,0.0013542473300623536,0.002932576329870582,22.20567103794656,92.85459681919656,3267.5494839844673,2954.7088481862916,312.84063579817575,17396.900390625,-0.010705054879733056,17462.221540178572,17122.595238095237,70.80712614519233
-0.0064182278479496,3212.401123046875,3145.739525204613,3160.106438305348,85.99001505778399,64.81882928290324,3251.656005859375,1,Train,2021-09-21,0.005093606729897893,0.006393022706187024,0.026324659197037192,0.000911856263464903,0.0030277051911921085,20.406494140625,82.39630998883922,3275.2023813627397,2968.3065855736445,306.89579578909525,17562.0,0.00949017386246398,17489.757254464286,17175.52380952381,69.8357670813052
0.0036416985218894,3220.6279645647323,3160.5602213541665,3168.4291262648053,74.94521430826615,61.97692097463642,3296.181884765625,1,Train,2021-09-22,0.005752322177878133,0.009579608255078087,0.022196644078350536,0.001017141300222633,0.0023695458036030225,30.559605189732338,69.93481445312455,3281.8886345040796,2983.0239771030633,298.8646574010163,17546.650390625,-0.0008740239935656202,17517.092912946428,17225.533389136905,72.55470460543197
0.0136932931484805,3232.192487444197,3172.775076729911,3180.043013401244,75.1602346669121,65.16330649694939,3315.611083984375,1,Train,2021-09-23,0.007427850904098143,0.011285913687300253,0.019945274313653005,0.0012838459096585163,0.002217150985750117,36.07114955357201,63.206298828125,3287.6749944806734,2999.4092444981216,288.2657499825518,17822.94921875,0.015746528367181822,17580.37137276786,17282.59765625,75.35309225896629
0.0058944560397435,3256.55859375,3187.37787155878,3192.367383454256,71.43787394523575,69.37741805493062,3312.52099609375,0,Train,2021-09-24,0.013745939255942918,0.016972902182150307,0.02349955838776885,0.0021499838957514316,0.0023048236591566864,54.35076032366078,74.77061244419656,3295.475864024962,3015.3369986982525,280.1388653267095,17853.19921875,0.0016972499684944076,17628.049944196428,17340.62379092262,74.02906297687262
-0.0009319814092645,3273.841657366072,3199.9892694382443,3203.290439148755,68.87422118311675,70.46812087825357,3260.879150390625,0,Train,2021-09-25,0.01652276928190033,0.020409297370955093,0.027520963000709164,0.002254615292954402,0.0023434758118500813,65.48039899553623,87.68607003348279,3302.8002578621004,3033.168708376739,269.6315494853616,17853.19921875,0.0016972499684944076,17628.049944196428,17340.62379092262,74.02906297687262
-0.0155898923400101,3276.7846330915177,3209.8952055431546,3208.5257765343795,61.18472964105409,57.85799142001903,3277.45361328125,1,Train,2021-09-26,0.013796253106998835,0.020042176421472657,0.02656332921660365,0.0023963452505795626,0.0022001313191421434,64.38351004464266,84.79000418526766,3306.9088155585064,3053.727080088815,253.18173546969138,17853.19921875,0.0016972499684944076,17628.049944196428,17340.62379092262,74.02906297687262
0.0050828203457462,3279.1657366071427,3218.8377278645835,3214.791943511368,56.25827441563681,57.49180103016781,3296.696044921875,1,Train,2021-09-27,0.006942034729708446,0.01817588764876832,0.02792961378721004,0.002548371859546391,0.0020836169481133096,58.537772042410325,89.09737723214266,3308.431677915456,3075.817844266465,232.6138336489912,17855.099609375,0.00010644538279747096,17660.278459821428,17398.633277529763,72.73507056536018
0.0058711530081307,3287.285539899553,3227.1582147507443,3222.2377709123225,54.09426001168489,60.33426091369234,3331.716796875,1,Train,2021-09-28,0.00410645472215565,0.017045102564086534,0.028523385807716073,0.0024389456211316865,0.0020329224920848797,55.09305245535597,91.16420200892799,3312.5885505816987,3092.899814373659,219.6887362080397,17748.599609375,-0.0059646824901542495,17683.628348214286,17448.319010416668,66.94438070055863
0.0106229847932355,3298.7227957589284,3235.1687825520835,3232.1904096362023,56.59315427534816,66.0305172048092,3278.43603515625,0,Train,2021-09-29,0.006695027328272429,0.01294747224565529,0.030140130607737348,0.002417175582361688,0.0020342121259441523,42.16420200892844,96.51496233258922,3318.241346591168,3107.7054865561536,210.5358600350146,17711.30078125,-0.0021015082285871234,17728.54268973214,17485.473772321428,65.30115530847203
-0.0159919840031796,3296.187674386161,3240.124930245536,3236.394557410752,55.54900763816653,56.848580530096974,3265.468017578125,0,Train,2021-09-30,0.005190935483678993,0.006825625475749719,0.02737422906678222,0.002885385683868271,0.0022096086860389306,22.346017020088766,87.826416015625,3322.9805372333813,3121.0343971974216,201.94614003595962,17618.150390625,-0.005259376020738893,17736.56417410714,17508.614304315477,59.983204257845976
-0.0039555499753731,3289.024379185268,3245.217110770089,3239.037599244149,52.51390835795416,64.89464952327,3231.476806640625,0,Train,2021-10-01,0.0005289590042025782,0.0037352915935164877,0.023852331388092063,0.002546858238320613,0.0023998685604667215,12.239746093750455,76.62325613839312,3325.3152062452677,3134.6016847982596,190.71352144700813,17532.05078125,-0.004886983449795879,17734.478515625,17530.31910342262,56.701441651189725
-0.0104092922529095,3277.4466378348216,3249.136544363839,3238.350254462011,47.85138934146144,55.097444219876,3185.172119140625,0,Train,2021-10-02,-0.006449816865927938,-0.0005242488213175189,0.01764211013977457,0.0024865774752138004,0.002845559336565266,-1.7190987723211038,56.81867327008922,3326.1616921983787,3146.4305476174704,179.73114458090822,17532.05078125,-0.004886983449795879,17734.478515625,17530.31910342262,56.701441651189725
-0.0143292649988527,3266.63134765625,3248.5412713913693,3233.515878523703,48.59557794048831,42.92247093138106,3196.643310546875,1,Train,2021-10-03,-0.008966821567711558,-0.0062830539034750554,0.010654953362410957,0.002768988183731365,0.003154101759637255,-20.654192243302987,34.43886021205299,3326.1217280008377,3156.235027719029,169.88670028180877,17532.05078125,-0.004886983449795879,17734.478515625,17530.31910342262,56.701441651189725
0.0036014353313329,3255.087018694197,3247.5380045572915,3230.1638268894458,49.47343506507295,41.56612582628392,3184.142333984375,0,Train,2021-10-04,-0.010318366961900693,-0.013228082432641064,-0.00045188041714561145,0.002933220162296905,0.003414729344568333,-43.63577706473143,-1.4715750558029868,3325.198612037505,3164.4880474212014,160.7105646163036,17691.25,0.009080467581137563,17715.66434151786,17552.085751488095,60.708785020603116
-0.003910657320213,3239.007917131697,3246.2315266927085,3225.9800548071667,50.81460746587876,42.508192405143085,3119.90625,0,Train,2021-10-05,-0.011728252188575206,-0.017347239569759032,-0.01064001985435059,0.0027833553946966755,0.003767602075347948,-57.179757254463766,-34.833740234375,3323.0480456297023,3171.923846808914,151.12419882078848,17822.30078125,0.007407660919946268,17711.25027901786,17575.833426339286,60.480397749546476
-0.0201737476678673,3208.749267578125,3242.7000093005954,3216.336981642879,56.84084656206271,34.47363711639902,3102.114501953125,0,Train,2021-10-06,-0.017719195684463895,-0.02440696764522865,-0.020762843192780767,0.002711430689639598,0.004551524474893223,-80.27511160714312,-68.03536551339266,3321.6333381738896,3175.014018131915,146.6193200419748,17646.0,-0.009892144870289554,17681.37890625,17588.604817708332,50.54596074356131
-0.0057026547021645,3183.560477120536,3237.313546316964,3205.953119852901,64.42749370806298,25.59167691228725,3170.330810546875,1,Train,2021-10-07,-0.021973772486842624,-0.028646129468734793,-0.02915536059044299,0.002651492282132709,0.004826804885591441,-93.88616071428578,-95.60525948660688,3322.445619172348,3173.550948908009,148.89467026433886,17790.349609375,0.008180302016037588,17687.343191964286,17608.99767485119,56.368304799959276
0.0219902613365174,3169.9694475446427,3238.5174734933034,3202.714728097808,62.83367696633142,33.72503651192176,3110.16748046875,0,Train,2021-10-08,-0.021314696151836343,-0.02959069751809018,-0.03568783147401766,0.0023910448521840813,0.004197141436344456,-96.66190011160734,-117.31609235491032,3325.7503110338794,3167.6310680118795,158.11924302199986,17895.19921875,0.005893622760496431,17713.614397321428,17634.792875744046,66.30882110406671
-0.0189769881041994,3152.6395438058034,3234.6426130022323,3194.301341949712,68.15897200256164,29.90147152538724,3129.55029296875,1,Train,2021-10-09,-0.017486478092653135,-0.03147303721836936,-0.044284791720280325,0.0022661640186364277,0.003733171815536776,-102.44747488839357,-146.083251953125,3331.792079955447,3156.632470128258,175.15960982718934,17895.19921875,0.005893622760496431,17713.614397321428,17634.792875744046,66.30882110406671
0.0062320799833837,3144.6935686383927,3229.369849795387,3188.4148829514425,71.88243914667527,36.062791706329484,3157.361328125,1,Train,2021-10-10,-0.012208628911393404,-0.02911828279099249,-0.04596040053331629,0.002408617045771044,0.003589798215709047,-94.31434849330435,-151.49410574776812,3338.1989036667205,3143.858877443771,194.34002622294975,17895.19921875,0.005893622760496431,17713.614397321428,17634.792875744046,66.30882110406671
0.0088865915396003,3139.081856863839,3224.444870721726,3185.591832512675,73.1541513010645,37.55214253829016,3174.731689453125,1,Train,2021-10-11,-0.0097438133685257,-0.021711702880066075,-0.04558875369557813,0.002708700178481188,0.0034532435647121173,-69.66741071428578,-149.9425223214289,3344.1380645499107,3130.587789942277,213.55027460763358,17945.94921875,0.0028359561343596074,17760.442801339286,17662.254743303572,63.58297150216822
0.005501543701506,3137.737479073661,3221.3436453683034,3184.6045467799886,73.84527105300221,37.30884488401893,3124.58837890625,0,Train,2021-10-12,-0.004726853331971204,-0.014393632028099845,-0.0426274396502323,0.0032538011898324767,0.0031673637497502054,-45.822998046875,-139.70915876116078,3348.8002687528274,3117.6365371902534,231.16373156257396,17991.94921875,0.0025632525445875576,17826.142578125,17692.571335565477,65.41895534722795
-0.0157945034263706,3138.406354631697,3215.2928059895835,3179.14853151874,76.39906993102177,29.10460921290887,3119.110107421875,0,Train,2021-10-13,-0.0019993089531511465,-0.009956907609123267,-0.039252973285936354,0.00287778927274857,0.0027166070625900345,-31.56309291294565,-128.224993024553,3351.6503687118934,3105.407823949937,246.2425447619562,18161.75,0.00943759784921161,17893.356863839286,17729.797526041668,62.66544976635514
-0.0017532778145621,3140.834298270089,3206.860816592262,3173.69049296448,76.79562448991103,32.21131227072429,3073.18017578125,0,Train,2021-10-14,0.0005582655968074945,-0.003744559240496992,-0.03509974380652381,0.0023276879640091617,0.002865215190806428,-11.80524553571422,-114.25272042410779,3351.08424043076,3094.4015226830793,256.6827177476807,18338.55078125,0.009734787740718787,17967.106863839286,17768.80236235119,66.35225588747016
-0.0147253319244279,3126.955636160714,3195.3164876302085,3164.5531914023672,77.84489377307693,30.002980722797343,3010.442138671875,0,Train,2021-10-15,-0.003436183869700127,-0.005640591711248533,-0.03459463015768438,0.0023533408763914835,0.002851747113226885,-17.73793247767844,-112.05228097098279,3348.1627023294363,3082.6344586638675,265.5282436655689,18338.55078125,0.009734787740718787,17967.106863839286,17768.80236235119,66.35225588747016
-0.0204146953711966,3112.709158761161,3180.9317801339284,3150.543095699595,82.85314171007651,28.3102898420176,2995.4130859375,0,Train,2021-10-16,-0.008187975987434482,-0.008401405030267872,-0.02993069910054169,0.0021419950003227846,0.00286295814782937,-26.37269810267844,-96.04010881696422,3344.1971609957864,3070.1924525644818,274.0047084313046,18338.55078125,0.009734787740718787,17967.106863839286,17768.80236235119,66.35225588747016
-0.004992307455876,3093.546700613839,3168.2905389694943,3136.440367539404,89.98962305962445,30.161621225107368,2982.3974609375,0,Train,2021-10-17,-0.015055744163993356,-0.014083644267419038,-0.028274561502318996,0.0027071512237974173,0.002935182980814431,-44.19077845982156,-90.01377650669656,3339.461072326085,3056.366637634853,283.094434691232,18338.55078125,0.009734787740718787,17967.106863839286,17768.80236235119,66.35225588747016
-0.0043451853305656,3068.551862444197,3154.2402460007443,3122.4364669392307,94.9885991718542,27.673741622733345,2977.060302734375,0,Train,2021-10-18,-0.018677519131107823,-0.022257950148618533,-0.03199323740454363,0.00343965456171884,0.0031386797937754487,-69.8544921875,-101.41758510044565,3333.173992998339,3040.780349217063,292.3936437812763,18477.05078125,0.007552396132719963,18085.82840401786,17809.161923363095,69.18832017913333
-0.0017895529596673,3040.3130929129466,3139.019496372768,3109.2204520115165,96.61538736098304,28.09319061585396,2943.350341796875,0,Train,2021-10-19,-0.023258217249255475,-0.03200461909515817,-0.035629335143483765,0.003823303149079581,0.0034107651870928166,-100.52120535714266,-112.32645089285688,3324.290653986275,3023.8227179445284,300.4679360417467,18418.75,-0.003155307734996393,18175.59988839286,17848.85714285714,71.30910016830312
-0.0113232375261388,3014.421944754464,3120.525855654762,3094.141351082913,95.04275886218744,30.03289504564277,2908.516357421875,0,Train,2021-10-20,-0.025577359424919788,-0.03598825966856989,-0.04142585630062967,0.00343796564529285,0.003326792469485006,-112.53369140625,-130.27162388392844,3314.756091364131,3005.180707603503,309.57538376062803,18266.599609375,-0.008260625212080042,18228.657087053572,17890.271391369046,66.4552221961132
-0.011834807389505,2984.3371233258927,3102.9106329055057,3077.266351659182,98.5288549793582,28.91818860476542,2931.64501953125,1,Train,2021-10-21,-0.02744445682962149,-0.04124125605309026,-0.04929617658729912,0.0022369756534866016,0.0035365081470614367,-128.37203543526812,-154.74473353794656,3305.8848477003,2983.583225681397,322.3016220189029,18178.099609375,-0.004844908296702255,18261.821428571428,17919.609468005954,66.63888624497689
0.007952048146594,2964.1178152901784,3087.0142996651784,3064.0280487384607,97.91811647072596,21.178193636105817,2925.885986328125,0,Train,2021-10-22,-0.025061654932967747,-0.041838348617132204,-0.0553327564658912,0.0018856224175830406,0.003581637226407851,-129.42888532366078,-173.61966378348234,3296.6864368934325,2961.4487542337997,335.2376826596328,18114.900390625,-0.003476668084567369,18279.385881696428,17946.668991815477,67.55833479447347
-0.0019644374283915,2952.0383649553573,3072.462355840774,3051.46967942843,98.08290565900596,24.381667896418463,2922.000244140625,0,Train,2021-10-23,-0.020695039029842377,-0.03797019008048741,-0.05938300163116084,0.0020193930178691263,0.0035803715839206147,-116.51349748883968,-186.36798967633968,3285.5822565252774,2941.093636331865,344.4886201934123,18114.900390625,-0.003476668084567369,18279.385881696428,17946.668991815477,67.55833479447347
-0.0013280565974398,2941.5508161272323,3059.9303617931546,3039.699730765902,99.7603166578354,19.84775710938547,2923.685791015625,1,Train,2021-10-24,-0.014336955052509981,-0.03248424546009154,-0.06344921865270592,0.002499574125003955,0.003542932712843032,-98.76227678571422,-199.28348214285688,3272.6355749424524,2922.6866976579936,349.94887728445883,18114.900390625,-0.003476668084567369,18279.385881696428,17946.668991815477,67.55833479447347
0.0005768469316111,2933.1634347098216,3046.93238467262,3029.1530089704224,98.8348806619167,13.263724648060858,2917.693359375,0,Train,2021-10-25,-0.010443033141490199,-0.026956581239744648,-0.06197472046288166,0.002926682942253979,0.003485181511499344,-81.25851004464266,-193.79220145089266,3258.783374142686,2905.9544502155727,352.82892392711346,18125.400390625,0.000579633328010587,18274.19308035714,17961.071428571428,64.36582525376167
-0.002049615474768,2924.682442801339,3034.244338262649,3019.0203135526563,97.43256930388354,8.091587738942636,2939.229736328125,1,Train,2021-10-26,-0.009266790865176233,-0.01998925659513673,-0.060406130598675944,0.002899262615904497,0.003303367100552615,-59.65468052455344,-188.02671595982156,3247.455472437162,2888.8756694434187,358.5798029937432,18268.400390625,0.007889480889700096,18264.17159598214,17980.842912946428,64.64540503246441
0.0073813023852986,2924.0937848772323,3025.640694754464,3011.766624714063,97.46728845296452,16.66928607740755,3001.9677734375,1,Train,2021-10-27,-0.00593463527955751,-0.013502847358659364,-0.054776259140675965,0.0031590092686815613,0.0032545039731103303,-40.024030412946104,-169.45291573660688,3236.85860122874,2873.52587142751,363.33272980123,18210.94921875,-0.0031448386638428527,18226.157087053572,17997.788132440477,70.11709132789744
0.0213450606919047,2937.4439871651784,3020.871802920387,3010.875820052557,95.97708618932512,32.532732810132586,2996.443359375,0,Train,2021-10-28,0.0014593637724726882,-0.004943830664070559,-0.04272630255451737,0.0035806805397338723,0.0038739130448278178,-14.594377790178896,-131.10787527901857,3224.0624196831905,2863.069506935113,360.9929127480773,17857.25,-0.0194223384240636,18145.942801339286,18002.961960565477,52.07314253619057
-0.0018402642797774,2946.7008928571427,3012.5914481026784,3009.563778172779,89.73598095724223,36.98996993297836,3033.71142578125,1,Train,2021-10-29,0.007528492575321621,0.001750803250338162,-0.03079031573228974,0.0034553836036196393,0.0044161281182259135,5.1500767299103245,-93.6122000558039,3211.042020623339,2855.4960409000983,355.54597972324063,17671.650390625,-0.010393515763905459,18060.950055803572,18001.07384672619,43.40272774327719
0.0124374339630513,2962.1045270647323,3008.95068359375,3011.759018864458,87.09119887842046,54.31801769231536,3015.82666015625,0,Train,2021-10-30,0.012999152894508148,0.009866852972607587,-0.01735570489087368,0.003776145710276303,0.005083075438269483,28.94109235491078,-52.31741768973188,3196.4901343481692,2851.7890230179014,344.70111133026785,17671.650390625,-0.010393515763905459,18060.950055803572,18001.07384672619,43.40272774327719
-0.0058953417497163,2975.50830078125,3003.5352725074404,3012.128804436439,82.63918304653988,53.74836372765255,3055.810302734375,1,Train,2021-10-31,0.01295831130138625,0.0173782483992444,-0.0029583864623187184,0.0035621249155549195,0.005446253153021707,50.82585797991078,-8.828822544642662,3180.701750090709,2851.2200516671032,329.48169842360585,17671.650390625,-0.010393515763905459,18060.950055803572,18001.07384672619,43.40272774327719
0.013257937900202,2994.383231026786,2998.699509393601,3016.099849736252,75.88275106623563,62.265408496158834,3009.365478515625,0,Train,2021-11-01,0.016181601018693925,0.024038027272953677,0.010210598101224377,0.0033137463732667355,0.005720070097378705,70.28944614955344,30.265415736607338,3163.3869780727628,2854.1993988803624,309.18757919240034,17929.650390625,0.014599655057507821,18025.45731026786,18015.907180059523,49.571422261801686
-0.0151988571336351,3007.479248046875,2990.824927920387,3015.48763417074,64.4158687620788,54.745520299416576,3035.44384765625,1,Train,2021-11-02,0.015318406412587526,0.02384224556713499,0.01878054287832942,0.0020858337060439365,0.005502604562547452,70.03526088169656,55.44088309151766,3144.3116420790957,2860.1820242155472,284.12961786354845,17888.94921875,-0.002270048271341696,17993.178571428572,18032.90234375,47.28404624372719
0.0086657367896332,3021.22412109375,2986.579950241816,3017.3018353966954,57.75285863093421,63.83849663846495,2986.002685546875,0,Train,2021-11-03,0.015364037230377381,0.02529039456201776,0.02708547631735736,0.0009614666382237567,0.0051863634436143825,74.52322823660734,79.67330496651766,3123.01079946704,2869.521849109969,253.4889503570712,17829.19921875,-0.0033400508475575075,17950.864118303572,18039.471354166668,40.69086177297132
-0.016287951479501,3018.9433942522323,2980.241501581101,3014.4564581376208,49.1427765359963,61.15389211034967,2939.79150390625,0,Train,2021-11-04,0.008202077466558766,0.019188677059895687,0.029244861887792073,0.0022738549711280548,0.0043088604654125725,56.8388671875,85.77995954241078,3102.462722612143,2879.2687017740172,223.19402083812565,17916.80078125,0.004913376165984751,17900.635602678572,18043.971354166668,37.57331614566548
-0.015475934386898,3010.850272042411,2973.8896600632443,3007.668735025678,44.97309815830233,51.09958768757052,2931.5986328125,0,Train,2021-11-05,0.001120880218117959,0.011877624825271438,0.029462285539122668,0.003394515775935026,0.0038693202904458357,35.34197126116078,86.16782924107156,3082.2265048007625,2889.319030913524,192.90747388723867,17916.80078125,0.004913376165984751,17900.635602678572,18043.971354166668,37.57331614566548
-0.0027868884860928,2996.2627301897323,2970.135207403274,3000.7532711881163,45.05997350327712,50.7660425662868,2893.065673828125,0,Train,2021-11-06,-0.008262012318033918,0.0006276748892632966,0.0246807902283237,0.004339043873964149,0.003953453425744077,1.8794991629465585,72.1689453125,3063.258779372633,2898.558359299242,164.7004200733909,17916.80078125,0.004913376165984751,17900.635602678572,18043.971354166668,37.57331614566548
-0.0131440090580911,2978.725446428572,2965.261521112351,2990.963489609935,47.64974130323965,46.44987359062534,2907.299072265625,1,Train,2021-11-07,-0.01332186217874487,-0.009560764762375773,0.014053530703485029,0.004925315702476044,0.004200447685541138,-28.753801618302987,41.28145926339357,3047.6948764421463,2905.1396206281665,142.55525581397978,17916.80078125,0.004913376165984751,17900.635602678572,18043.971354166668,37.57331614566548
0.0049198324691559,2957.509556361608,2961.685407366072,2983.3576334877253,49.09551995237429,48.0494904032138,2959.78369140625,1,Train,2021-11-08,-0.017716163495775317,-0.02108898981948948,0.0036680558690791454,0.0047359684838117885,0.004627687871806872,-63.71456473214221,10.80866350446513,3037.2699891379693,2907.28415427721,129.9858348607595,18068.55078125,0.008469704042186388,17880.29296875,18064.092819940477,38.05697422638027
0.0180527072846772,2950.426443917411,2960.862711588541,2981.2145478439547,48.96959123205736,54.51076081314155,2972.84619140625,1,Train,2021-11-09,-0.015297819450372119,-0.022695672421440882,-0.003942495290297443,0.003890788079779591,0.004600694605074585,-68.51695033482156,-11.678083147321558,3031.587700272869,2906.566893058605,125.0208072142641,18044.25,-0.001344921435271762,17907.007254464286,18076.18331473214,38.828919526086665
0.0044133292706243,2941.4839215959823,2962.2672758556546,2980.4537881678,48.86507402282698,53.66927126220288,2973.969482421875,1,Train,2021-11-10,-0.012502503336533244,-0.023038791098493827,-0.011434812390318072,0.0022149412483231496,0.00470136275154967,-69.36635044642844,-34.02437918526766,3030.1761574986795,2903.693115659803,126.48304183887649,18017.19921875,-0.0014991358050348014,17956.37137276786,18081.992838541668,41.96054975981061
0.000377850364029,2939.764892578125,2965.3840913318454,2979.864305827261,47.32847149349154,46.469017965731176,2994.711181640625,1,Train,2021-11-11,-0.005999866930375242,-0.01885610265159543,-0.01824026326447603,0.002254737113395398,0.004552329673860965,-56.49783761160734,-54.61833844866078,3030.114088471829,2901.3198924154485,128.79419605638031,17873.599609375,-0.007970140510272006,17948.364118303572,18078.54761904762,40.52112415731977
0.006974415622402,2947.6105608258927,2968.3872419084823,2981.214021810294,47.08080307148151,49.78962256598201,2985.15966796875,0,Train,2021-11-12,-0.0009543986759349421,-0.010445704433748815,-0.019906600273256192,0.003338473422084229,0.004528939592743224,-31.11488560267935,-59.86868722098234,3030.120741734609,2900.870458739722,129.25028299488713,18102.75,0.012820606684330382,17978.907087053572,18083.82384672619,49.6571858712747
-0.0031894607167567,2955.262137276786,2971.2097981770835,2981.572716915608,46.17342017084833,43.677609860064806,3014.468994140625,1,Train,2021-11-13,0.0046841036864575525,-0.000759902560581005,-0.021832866802706574,0.003812632573459503,0.004347686598462127,-2.2474190848220132,-65.96198381696422,3030.022933519125,2902.3393990701607,127.68353444896456,18102.75,0.012820606684330382,17978.907087053572,18083.82384672619,49.6571858712747
0.0098183445550228,2972.60546875,2975.613071986608,2984.563287572428,45.65211233193008,49.82831364543758,3014.60888671875,1,Train,2021-11-14,0.011171157344856297,0.007517226832857826,-0.015349054106299276,0.004353622074829809,0.0044720209807638705,22.17902483258922,-46.33792550223234,3030.1095017201583,2906.197034273146,123.9124674470122,18102.75,0.012820606684330382,17978.907087053572,18083.82384672619,49.6571858712747
4.640703831992887e-05,2987.9354422433034,2979.9427432105654,2987.2947056766384,44.78441199450272,44.2059213512387,2977.622314453125,0,Train,2021-11-15,0.013680532277002166,0.015791866243524355,-0.007610750362409435,0.0035370423594555346,0.004350942573447777,46.451520647321104,-22.914829799107338,3030.3160168795525,2912.3158190579475,118.00019782160507,18109.44921875,0.0003700663573213969,18018.942801339286,18081.333333333332,49.54898238010508
-0.0122691114023362,2990.483816964286,2982.7965029761904,2986.415397383592,42.46895743644953,45.41402190490568,3015.82666015625,1,Train,2021-11-16,0.011918292879411485,0.017252714499111255,-0.0019287071080981155,0.0031360593149585263,0.004167560368402405,50.71892438616078,-5.7789132254465585,3029.79433280944,2919.4765063367654,110.31782647267482,17999.19921875,-0.006087981951756416,18030.714006696428,18065.173735119046,42.24473880550826
0.0128304874388145,2996.623883928572,2986.443975539434,2989.0891485447423,41.82450828393478,47.26181632305333,3025.1904296875,1,Train,2021-11-17,0.008079920268959206,0.016628154259613614,0.006008757041190194,0.002261818603925673,0.0039871973241092885,49.01332310267935,17.8984375,3030.662551408767,2924.5262774137786,106.13627399498819,17898.650390625,-0.005586294529162039,18006.442522321428,18037.630859375,41.22115527152339
0.0031048765683252,3003.941162109375,2987.5498163132443,2992.3710831940834,42.55608576429991,56.15892342296367,3043.82470703125,1,Train,2021-11-18,0.005356782358742818,0.016471982034543364,0.015699562372636366,0.0017755234565281295,0.004066928725203488,48.67902483258922,46.43160574776721,3032.6766055628655,2928.2362501849034,104.44035537796208,17764.80078125,-0.007478195643460861,17966.52120535714,18006.490420386905,47.03470102689781
0.0061597039184322,3010.9573800223216,2989.806070963541,2997.0486853610987,44.27260583177464,67.90212563585064,3074.397705078125,1,Train,2021-11-19,0.00684623770304138,0.012901783191715976,0.02051599565537421,0.0017931093714205694,0.004066585065299957,38.35191127232156,60.53093610491078,3036.0664998201087,2929.731641223418,106.33485859669054,17764.80078125,-0.007478195643460861,17966.52120535714,18006.490420386905,47.03470102689781
0.010044270281482,3023.7056710379466,2991.7435128348216,3004.080414426283,47.090609266669816,72.81564229248241,3077.721923828125,1,Train,2021-11-20,0.009037432843881144,0.011971553430815574,0.027952472844846588,0.0018314209641038433,0.0039551490376729245,35.77022879464312,82.22174944196422,3041.3570192397997,2929.2608588293974,112.09616041040226,17764.80078125,-0.007478195643460861,17966.52120535714,18006.490420386905,47.03470102689781
0.0010812585322026,3032.7418038504466,2994.6909063430057,3010.7750970991774,50.48780501062426,83.24355304889626,3073.367431640625,0,Train,2021-11-21,0.009587618460824787,0.014130819450164367,0.03162732894288789,0.0014323524859595716,0.003517016403385485,42.25798688616078,92.97691127232156,3047.078534378682,2927.3752009728805,119.70333340580146,17764.80078125,-0.007478195643460861,17966.52120535714,18006.490420386905,47.03470102689781
-0.0014148426320736,3041.1358816964284,2995.5269601004466,3016.465309330218,51.68176922759403,80.99984687292641,3066.0166015625,0,Train,2021-11-22,0.010022892344588197,0.01485404892038078,0.03172919859682244,0.0010210782670362676,0.002560414972699997,44.51199776785643,93.52532087053578,3052.9079542133286,2924.911444503189,127.99650971013943,17416.55078125,-0.019603372100156835,17880.714285714286,17966.011904761905,42.59078362031701
-0.0023917836840617,3053.763636997768,2998.224632626488,3020.969972260425,53.872332506210206,73.8490123429724,3047.991455078125,0,Train,2021-11-23,0.009940771103393642,0.01658570264851922,0.033330884079119105,0.0008711816077702827,0.0022790421478153054,49.82247488839312,98.50149972098234,3059.458918659168,2921.6144316477516,137.84448701141628,17503.349609375,0.004983697932798847,17827.821428571428,17933.880952380954,36.25102991606972
-0.0058790113775604,3058.3586077008927,2998.822137741816,3023.426470698398,54.37303264628278,66.50221373448268,3050.894287109375,1,Train,2021-11-24,0.008446747368312746,0.015742908881101414,0.028847803670008165,0.0009870910749832913,0.0016819341551095786,47.401227678571104,85.75313895089266,3066.88768819776,2918.127183454026,148.7605047437337,17415.05078125,-0.0050446817378146935,17729.578683035714,17900.554780505954,35.17119654233343
0.0009523753836033,3062.030587332589,3001.912214006697,3025.9235449175776,55.44149347306325,66.76199839127715,3004.58984375,0,Train,2021-11-25,0.0068706912314964175,0.012674817083465406,0.024798107764221422,0.001179559675865254,0.001459543954408898,38.32491629464266,74.09514508928578,3075.388228083238,2914.7446750975655,160.6435529856726,17536.25,0.006959452503032093,17647.69308035714,17872.5,41.172759438126334
-0.0151773345785923,3056.425606863839,3004.997849237351,3023.984117538707,53.5833122379636,51.93680528364962,2996.302734375,0,Train,2021-11-26,0.0008717013438173105,0.007809370050336328,0.022050542298701625,0.002105493351862297,0.0019357781592009085,23.683803013392662,65.94178989955344,3082.961614104335,2913.18757674388,169.7740373604547,17026.44921875,-0.029071254187753914,17508.72879464286,17813.359468005954,28.613223339013203
-0.0027581499658725,3045.2691824776784,3008.0789969308034,3021.467628160188,50.94714131588843,52.19558938697443,3017.839599609375,1,Train,2021-11-27,-0.00427988568451565,0.0013591305821376576,0.016233368094674683,0.00279714434680802,0.002555879551595481,4.13330078125,48.64529854910643,3088.2884164805314,2914.5151479725932,173.77326850793816,17026.44921875,-0.029071254187753914,17508.72879464286,17813.359468005954,28.613223339013203
0.0071878134967118,3036.7145647321427,3014.020612444197,3021.137807382841,43.61081881004944,50.685116409247634,3088.864501953125,1,Train,2021-11-28,-0.008267723616209866,-0.005582970488962502,0.010910134671131111,0.0029698176590914316,0.00263526110514934,-17.049072265625455,32.77340262276766,3091.036947854025,2919.687117436154,171.3498304178711,17026.44921875,-0.029071254187753914,17508.72879464286,17813.359468005954,28.613223339013203
0.0235350156956464,3038.9284319196427,3022.6665852864585,3027.294779616503,39.1665553950198,61.71694361169602,3087.319580078125,0,Train,2021-11-29,-0.005724718084059721,-0.006353138488182863,0.009289753512589982,0.0027680864273657495,0.0024234693677851996,-19.43017578125,27.971051897321104,3092.609785777722,2926.9644783126787,165.64530746504352,17053.94921875,0.0016151341742889347,17388.057198660714,17758.264229910714,24.081561784029304
-0.0005001585126259,3041.9717145647323,3028.739722842262,3032.7515796584685,38.81468126095911,69.48918318235997,3093.219482421875,1,Train,2021-11-30,-0.001082816564105249,-0.006550840102917066,0.00604094628050067,0.0021480104504895173,0.002422100053158898,-20.058872767856883,18.26604352678578,3092.201431046979,2937.421612340298,154.779818706681,16983.19921875,-0.004148599194972014,17276.399832589286,17716.642764136905,23.523322526751656
0.0019110112156257,3048.432861328125,3034.471784319197,3038.248661727869,39.03533979778386,65.53282315275136,3083.99609375,0,Train,2021-12-01,0.0038588732481072974,-0.002615063006200735,0.005173885049415183,0.0022567722470527383,0.0024240402951283923,-7.992745535714221,15.691057477678442,3090.367598190853,2950.1222420714234,140.24535611942974,17166.900390625,0.01081664117042136,17240.735491071428,17692.60704985119,30.320769028399184
-0.0029818086703157,3053.161690848214,3039.7111467633927,3042.4075191844263,37.875331323327,61.80901467669692,3117.143798828125,1,Train,2021-12-02,0.004683644003942833,0.0025917276593967475,0.003954380737856811,0.002303236062396575,0.0024013104486366827,7.892508370535779,12.02580915178578,3088.111132048011,2962.933821216498,125.17731083151284,17401.650390625,0.013674571102433752,17226.20703125,17667.464192708332,39.51944496491995
0.0107482967132486,3069.2408272879466,3045.5412713913693,3049.2017264247625,39.9673840681556,63.912554028324045,3109.137939453125,0,Train,2021-12-03,0.008964288718613656,0.010711004232520915,0.005068234523021076,0.0030239734004676062,0.0026283019531614053,32.526262555803896,15.477190290178442,3087.2901392513577,2975.1526830142675,112.13745623709019,17196.69921875,-0.01177768586739425,17195.01395089286,17634.499906994046,29.66076874645958
-0.002568331745879,3085.360142299108,3051.444998604911,3054.6504730637043,39.75833248920775,57.20953326713009,3105.25146484375,0,Train,2021-12-04,0.012113529361081232,0.015278974618739172,0.008828766688846024,0.0028014678791411693,0.002725789749004494,46.43171037946513,27.00153459821513,3090.744165649404,2982.974123971132,107.77004167827181,17196.69921875,-0.01177768586739425,17195.01395089286,17634.499906994046,29.66076874645958
-0.001250016784414,3097.8475516183034,3055.7679734002977,3059.2505632255265,40.46601080950674,55.69981893782926,3080.250244140625,0,Train,2021-12-05,0.014635929994809782,0.0183682960581264,0.011697128184769534,0.001965157665448232,0.0027859000040654264,55.875837053571104,35.81696428571422,3097.6322359199485,2987.0772646380874,110.55497128186107,17196.69921875,-0.01177768586739425,17195.01395089286,17634.499906994046,29.66076874645958
-0.0080512708829469,3096.616943359375,3058.893752325149,3061.159625126899,39.65481774590379,51.3128043124355,3112.555419921875,1,Train,2021-12-06,0.008919507334854027,0.015806181150487042,0.013149783984690355,0.0022001065485663545,0.0028053730863533016,48.18408203125,40.19133649553578,3102.3464990314305,2992.976314166114,109.37018486531633,16912.25,-0.01654091957599968,17105.87109375,17590.83565848214,26.104739554502146
0.0104878413183155,3100.222063337053,3065.319138299851,3065.8319701082605,36.64534218784716,58.10509845273376,3095.325927734375,0,Train,2021-12-07,0.004816916130533366,0.015413652224807173,0.018045327873007277,0.002180026687771735,0.0026823024378776826,47.060372488838766,54.952880859374545,3106.7922613505953,2998.8903697877977,107.90189156279757,17176.69921875,0.015636548581649423,17127.335379464286,17555.592726934523,34.535385880901316
-0.0055354812567265,3100.5229840959823,3069.104817708333,3068.5132389833616,35.36068817231932,58.26657775397676,3079.688232421875,0,Train,2021-12-08,0.0008636423946302152,0.010192148015858882,0.021012320388916095,0.0023956243017677066,0.002691621906798521,31.28215680803578,63.808419363839675,3110.469451125694,3004.871362211359,105.59808891433477,17469.75,0.017060948527881648,17186.735491071428,17527.07840401786,42.48017801264416
-0.005052035125731,3099.9075753348216,3071.699951171875,3069.5291474777714,33.948248467769474,54.8144749389312,3026.6884765625,0,Train,2021-12-09,0.0010626538689273435,0.004714987024131867,0.020066001809940337,0.0025858225115087037,0.00270879371816123,14.547433035713766,60.979143415178896,3113.3100733174742,3010.9257595508298,102.38431376664448,17516.849609375,0.002696066593683266,17262.971261160714,17501.96409970238,45.51633285183
-0.0172094549381369,3086.9853864397323,3070.8839401971727,3065.634541030928,34.84586900844342,53.61407106443328,3066.57861328125,1,Train,2021-12-10,-0.004269589928365569,-0.0035063588500010567,0.014797531370682293,0.0031118778169815834,0.002950205626238294,-10.862165178571104,45.013671875,3114.251709764401,3016.3120946440818,97.9396151203191,17511.30078125,-0.00031677089480919296,17312.171316964286,17477.873697916668,51.95574734608245
0.0131794656198163,3080.9054827008927,3070.51160249256,3065.7203657809573,34.8482206809721,60.4163801875636,3030.574462890625,0,Train,2021-12-11,-0.006327158836014757,-0.005073750142772782,0.010652234393845328,0.002546519795076558,0.002788698235568485,-15.711460658482338,32.47262137276766,3114.616570685243,3020.763601608284,93.8529690769592,17511.30078125,-0.00031677089480919296,17312.171316964286,17477.873697916668,51.95574734608245
-0.0117408209379313,3070.2373395647323,3068.26648530506,3062.5252837000176,35.864400527207955,51.80995380908495,3005.152099609375,0,Train,2021-12-12,-0.009571329160316777,-0.009671798716265334,0.005592775766741109,0.001974953382610012,0.002858972941678501,-29.98472377232065,17.075648716518117,3114.3789819732056,3023.9113361071513,90.46764586605423,17511.30078125,-0.00031677089480919296,17312.171316964286,17477.873697916668,51.95574734608245
-0.0083886284902571,3059.509033203125,3065.018136160714,3057.309539691777,38.38028355569517,36.330358765990425,3040.360107421875,1,Train,2021-12-13,-0.008900707258707286,-0.013228075103212222,-0.0031707495867702162,0.0020887861695523913,0.00307997765883556,-41.01395089285734,-9.731794084821558,3114.326648905867,3024.5382087950256,89.7884401108413,17368.25,-0.008169055116863166,17307.399832589286,17453.809430803572,47.274678635790906
0.0117158821402338,3049.195417131697,3063.7963983444943,3055.768682212695,38.753450978793694,43.09137745748783,3037.36328125,0,Train,2021-12-14,-0.010292449978503315,-0.016359248451995212,-0.011721395072039176,0.001715469176457727,0.0032412259287174366,-50.712158203124545,-36.16472516741078,3114.5265323051362,3023.4220063388366,91.10452596629966,17324.900390625,-0.002495911181322197,17325.714285714286,17416.768973214286,48.147836045549504
-0.0009856813226036,3040.9150390625,3063.2902948288693,3054.095463943359,39.03852824252887,41.71170303025473,3044.24609375,1,Train,2021-12-15,-0.009550499606127971,-0.014924057489746012,-0.018378087238690055,0.0013277789954390332,0.0032751905340648955,-46.07034737723234,-56.93251255580344,3115.0981117569236,3020.738872060041,94.35923969688247,17221.400390625,-0.005974060321640162,17369.87862723214,17374.480933779763,43.48394096204669
0.0022660484975531,3035.851876395089,3062.9737141927085,3053.200066653053,39.17081161076586,44.06038549709104,3034.1044921875,0,Train,2021-12-16,-0.007732337623879482,-0.014623495124656327,-0.019623049306952578,0.000902143726678535,0.0032578193931398747,-45.05360630580344,-60.76506696428578,3115.982887795204,3017.7967229748856,98.18616482031848,17248.400390625,0.0015678167505297491,17380.121651785714,17338.728608630954,55.74065972702832
-0.0033314000413177,3036.911307198661,3064.379173642113,3051.464105338003,37.46353137031696,36.67583074067603,2995.0498046875,0,Train,2021-12-17,-0.004028639772977072,-0.010854545978128294,-0.020421361710536656,0.0013916339660543988,0.0028377795681499055,-33.32603236607156,-63.31075613839221,3116.473779653925,3016.4700435882623,100.00373606566245,16985.19921875,-0.01525945397337003,17310.90011160714,17295.230933779763,48.415059813481356
-0.0128718993035874,3026.6929059709823,3064.319510323661,3046.3355325515936,37.57819096038783,33.35259419594924,3028.538818359375,1,Train,2021-12-18,-0.004676925500655349,-0.010725945527863323,-0.02381213701808005,0.0014303203379708686,0.0023231146466540786,-32.81612723214266,-73.830078125,3117.4085482989303,3014.5331090671407,102.87543923178964,16985.19921875,-0.01525945397337003,17310.90011160714,17295.230933779763,48.415059813481356
0.011181454685482,3026.402099609375,3064.8289969308034,3044.7176494432097,36.98434359690762,39.696443245590046,3044.858642578125,1,Train,2021-12-19,-0.0031127265658742465,-0.007475190797631148,-0.023712150746141858,0.0016188295155905967,0.0017808072768144964,-22.793317522322013,-73.50547572544656,3118.446762776756,3012.242261358289,106.20450141846686,16985.19921875,-0.01525945397337003,17310.90011160714,17295.230933779763,48.415059813481356
0.005388679227031,3032.074462890625,3062.7334798177085,3044.7304670009294,36.80063039254888,45.13292103973195,3073.63134765625,1,Train,2021-12-20,-0.0015926854026229176,-0.0029072091979921444,-0.017787879330532497,0.0020384733377677927,0.0019956080800312076,-8.840576171875,-54.91092354910734,3119.0422759465737,3010.65702302106,108.38525292551367,16614.19921875,-0.021842546279377872,17181.950055803572,17240.440383184523,42.52764637947128
0.0094496029062822,3036.8274972098216,3062.0816592261904,3047.3578197877764,36.46305861514985,44.59461566992889,3055.04736328125,0,Train,2021-12-21,0.0033484042001241665,0.0003213664086572088,-0.01430682821610929,0.0020504306299969377,0.002039485852307525,0.9756208147323377,-44.077985491071104,3119.4418181126084,3009.096944443195,110.34487366941357,16770.849609375,0.00942870544420904,17076.171316964286,17209.692708333332,41.89102077051659
-0.0060462632869654,3039.3537946428573,3060.263939267113,3048.056869196274,35.77822238084975,44.42748101916559,3034.152099609375,0,Train,2021-12-22,0.004279568480062279,0.0008042669663770319,-0.010059008964516503,0.001864175266171536,0.0020917779040069075,2.4424874441965585,-30.883544921875,3119.674510739108,3007.483462196161,112.1910485429471,16955.44921875,0.011007170994593363,17017.199776785714,17183.602213541668,40.67266401176497
-0.0068395874718722,3037.911795479911,3057.890415736608,3046.792799233828,35.77843698069842,43.79043362692797,3008.96435546875,0,Train,2021-12-23,0.0019251943383080672,0.0037066494214843537,-0.007059053426164641,0.0017451056961119973,0.0020806501656728095,11.218889508928442,-21.59723772321422,3119.1817851612213,3004.843284593243,114.33850056797837,17072.599609375,0.006909306212627531,16981.156808035714,17167.295014880954,47.306982543852286
-0.0083014111731141,3034.3203473772323,3052.739013671875,3043.353849800639,34.58861894706022,47.38465883627802,3016.22802734375,1,Train,2021-12-24,-0.0008255819057528813,0.0026163898607125535,-0.004878358950328399,0.0018034239664576326,0.0019267817599730353,7.918247767857338,-14.875069754464675,3116.7980106793425,3002.1230795829347,114.67493109640782,17003.75,-0.004032754879180422,16950.063895089286,17141.93787202381,52.190567392865695
0.0024140106085996,3037.345807756697,3048.3147321428573,3040.887865940922,32.91550159018209,41.77876213437424,3033.302490234375,1,Train,2021-12-25,-0.0006606624374232428,0.0017385275099894848,-0.0011737359511705403,0.0011195451481342809,0.00200051357043422,5.271344866072013,-3.5692313058029868,3111.5878875360454,3001.2830283400704,110.30485919597504,17003.75,-0.004032754879180422,16950.063895089286,17141.93787202381,52.190567392865695
0.0056608660670995,3038.026332310268,3044.8885904947915,3040.1982863312355,30.33617757454609,50.4747814322814,3115.185791015625,1,Train,2021-12-26,3.77024871254239e-05,0.0003947656235159247,0.0007162588965838879,0.0010973320455435272,0.001893268555553677,1.1988351004465585,2.1744559151788962,3105.82319027217,3001.1886644990354,104.63452577313456,17003.75,-0.004032754879180422,16950.063895089286,17141.93787202381,52.190567392865695
0.0269947692473371,3048.073067801339,3046.5521879650296,3047.015332211635,33.195485055789625,66.00471869637845,3086.9326171875,0,Train,2021-12-27,0.0045323890854156446,0.0028687917720702227,0.0036753660129029697,0.0014596614992817725,0.0020046284518218174,8.719273158481883,11.161760602678442,3098.387753293431,3003.4092019242034,94.97855136922772,17086.25,0.004851870910828504,16926.899553571428,17144.78552827381,47.62793575603849
-0.0090694988111491,3049.9732491629466,3045.332054501488,3050.64417630035,31.049713169511985,56.91399020970201,3121.412109375,1,Train,2021-12-28,0.004157393397222542,0.003970310692029244,0.007691676663343472,0.0014147760860825924,0.0018027326402406054,12.06145368303578,23.28034319196422,3089.7240263072367,3007.017955417094,82.70607089014266,17233.25,0.008603409174043453,16962.335379464286,17153.323660714286,43.28315819369498
0.0111694994557134,3059.453927176339,3046.5742536272323,3057.077624761682,33.569388522046054,61.410941595590806,3131.883544921875,1,Train,2021-12-29,0.00705313006611652,0.008283100306410107,0.010921161986779726,0.0017041731315476823,0.0017949364067084978,25.133579799106883,33.05182756696422,3080.400393553848,3012.2962233546345,68.10417019921351,17213.599609375,-0.0011402602889762914,17047.964006696428,17164.295107886905,41.25097766087171
0.0033547110025697,3073.4155622209823,3049.059744698661,3063.8781629580626,37.80838896413977,61.78333369441977,3134.666259765625,1,Train,2021-12-30,0.008314267360369776,0.011875419114995456,0.013634592367809173,0.0020369332084527493,0.0019949405573221933,36.069754464285325,41.34109933035734,3076.7211956720826,3014.6184388145243,62.102756857558234,17203.94921875,-0.0005606259494814747,17109.835379464286,17166.05933779762,41.15358064001116
0.0008885115949672,3091.372977120536,3054.2015438988096,3070.3134444860225,41.75062108870643,63.79404690701315,3140.656005859375,1,Train,2021-12-31,0.013573800350200171,0.017559638717713266,0.017961336282956264,0.0021299333372551384,0.0023846002218865137,53.34664481026766,54.54547991071422,3079.977778193131,3012.4086057354402,67.56917245769091,17354.05078125,0.008724831757606522,17166.778459821428,17163.79268973214,49.59295971476946
0.0019108082320054,3109.148402622768,3057.7290387834823,3076.7082227926912,45.783273009286674,71.96526235539793,3086.60205078125,0,Train,2022-01-01,0.016242923289351063,0.02003735916523941,0.02296363394841694,0.002262468181804807,0.0022621006393052146,61.075334821428896,69.79460797991078,3091.0123064474515,3005.265183786924,85.74712266052757,17354.05078125,0.008724831757606522,17166.778459821428,17163.79268973214,49.59295971476946
-0.0172110396609113,3116.762625558036,3060.397019159226,3077.607661700742,45.75421350748287,58.24734939199176,3087.02685546875,1,Train,2022-01-02,0.01410387318587314,0.021898348260404932,0.025955602198670435,0.0018737347341087787,0.002188326253598862,66.78937639508922,78.850830078125,3103.611671013611,2998.391178456255,105.22049255735601,17354.05078125,0.008724831757606522,17166.778459821428,17163.79268973214,49.59295971476946
0.0001376285897927,3112.739920479911,3064.2958170572915,3078.463952043288,44.27578062186974,56.27285755480546,3075.234619140625,0,Train,2022-01-03,0.006911797287973087,0.01741683142545325,0.025844197093580323,0.0026602521177531077,0.0023700283264275856,53.28599330357156,78.41957310267844,3113.5680261669877,2994.7892736377,118.77875252928789,17625.69921875,0.015653315812207858,17245.79268973214,17184.221261160714,57.62480431637723
-0.0038199331849785,3111.068777901786,3065.9565080915177,3078.170376324864,43.98620147265006,50.25118939152268,3151.31640625,1,Train,2022-01-04,0.0006176531417405595,0.012251260826438237,0.024272168798434857,0.002861991547119731,0.0024565138520882216,37.65321568080344,73.72297014508877,3121.8706134889276,2993.502060199689,128.36855328923866,17805.25,0.01018687423526421,17360.29268973214,17226.745070684523,64.2502948442069
0.024740156941468,3115.3408203125,3071.3828473772323,3084.820015408968,47.19433741104339,62.78019202796151,3315.553955078125,1,Train,2022-01-05,-0.00045618015112114385,0.007753138611662713,0.025448919642325096,0.002909706983616184,0.002445534717563871,23.96784319196422,77.31448800223188,3129.870326034316,2993.451242046041,136.4190839882749,17925.25,0.0067395852346920915,17480.149832589286,17262.39034598214,65.8027770811008
0.0521171242920555,3141.5794503348216,3084.302269345238,3105.795828106164,70.68383668423252,77.05911573831052,3293.904296875,0,Train,2022-01-06,0.009264998230390065,0.010430845849846104,0.030677211619776212,0.0036233121936093773,0.0029265903158960786,32.43104771205344,93.50638253348234,3142.7420420835097,2991.046340310464,151.69570177304558,17745.900390625,-0.010005417462796928,17553.385602678572,17275.540364583332,68.4842479139437
-0.00652972580041,3164.3277413504466,3096.673688616072,3122.896597994239,83.10330804811592,77.58704315638694,3298.762451171875,1,Train,2022-01-07,0.01711918547958957,0.015261064606707064,0.03749360497469412,0.0038295431328991894,0.0029976677607427425,47.56511579241078,114.3544921875,3158.6984912060325,2988.853374725888,169.8451164801445,17812.69921875,0.003764183651131514,17638.971261160714,17289.628441220237,84.17450812660394
0.0014748923645062,3186.914376395089,3111.1361955915177,3138.8844028285694,90.62096999842072,77.48215724987735,3273.480712890625,0,Train,2022-01-08,0.02297455084718769,0.023829313662589113,0.04166117622708798,0.004006701772113843,0.0031276671085928897,74.17445591517844,127.46044921875,3177.5249003990434,2986.0781932114483,191.44670718759517,17812.69921875,0.003764183651131514,17638.971261160714,17289.628441220237,84.17450812660394
-0.0076640069284978,3213.611328125,3122.800095331101,3151.1204310160288,95.11036797865545,72.99501564681123,3275.608642578125,1,Train,2022-01-09,0.022928555183444832,0.03296055392654251,0.04561562309611866,0.004348973239086558,0.003239063969154189,102.54255022321422,140.19576590401766,3200.2087112961444,2981.5480688377847,218.6606424583597,17812.69921875,0.003764183651131514,17638.971261160714,17289.628441220237,84.17450812660394
0.0006500510844986,3240.551583426339,3133.788190569197,3162.437541158037,98.9089786164564,68.12751597867157,3185.757080078125,0,Train,2022-01-10,0.024088478914438438,0.040191674149244294,0.04825642438162081,0.0037372977024410304,0.003430792901692881,125.21076311383922,149.17860630580344,3226.0342383060242,2976.0949504495566,249.93928785646767,18003.30078125,0.010700318921871732,17753.16434151786,17313.05701264881,84.47510039063567
-0.0274304937812353,3256.340506417411,3139.127511160714,3164.557499241682,98.5248612063448,59.80240448718787,3210.77392578125,1,Train,2022-01-11,0.021784749077838006,0.036529732224457545,0.04734161408007309,0.0026026140716868544,0.0032555257138880745,114.76105608258922,147.19210379464266,3251.1834006402974,2972.644459292738,278.53894134755956,18055.75,0.002913311252602302,17853.407087053572,17345.795107886905,83.23567516288816
0.0078527160339894,3264.8344377790177,3146.5430617559523,3168.7589925634607,97.73737892226586,59.03337867800217,3214.935302734375,1,Train,2022-01-12,0.01593942279382743,0.03176241674185043,0.047508209642519894,0.0022051175704160568,0.003276911756142689,100.5066964285711,148.07181222098188,3273.6732491188327,2972.846875044114,300.82637407471884,18212.349609375,0.008673115731830494,17937.214285714286,17388.054594494046,83.62590352559374
0.0012960666335648,3250.460344587053,3155.151785714286,3172.9568389426345,95.2736485954274,58.503998264102414,3204.673095703125,0,Train,2022-01-13,0.003057739062507725,0.019939653434882798,0.04424411535349515,0.004591701872195697,0.004075413453879844,63.545968191963766,137.7204241071422,3288.5770967468134,2979.5570271371153,309.0200696096981,18257.80078125,0.0024956237305924223,18001.864397321428,17437.40699404762,87.51606811478361
-0.0031920415389142,3237.7130301339284,3164.4712495349704,3175.8401350117697,89.66578421864945,57.06013628435547,3212.806884765625,1,Train,2022-01-14,-0.005720371148770331,0.007499880834372918,0.04070763498759944,0.005489066667030439,0.004547023135144581,24.10170200892844,126.64425223214266,3298.172583005586,2989.998263116066,308.1743198895201,18255.75,-0.00011232356375068253,18049.078683035714,17485.376023065477,86.7558701699851
0.0025381025831952,3225.433663504464,3173.8321475074404,3179.2007486257567,83.46232181965394,57.24503024217273,3173.555908203125,0,Train,2022-01-15,-0.01206823041886218,-0.004665230450024316,0.03533894027714135,0.00576114130418332,0.004859062884766302,-15.117919921875,110.09284319196422,3303.1160935283315,3003.7954857127406,299.32060781559085,18255.75,-0.00011232356375068253,18049.078683035714,17485.376023065477,86.7558701699851
-0.0122170357479681,3211.15869140625,3180.5108816964284,3178.6875813146085,77.01751739302728,58.9990009616439,3236.0263671875,1,Train,2022-01-16,-0.012091103725123564,-0.013875027787210503,0.02214785338757319,0.005314908370290186,0.005213957009093607,-45.18181501116078,69.57924107142844,3304.7226447987687,3018.4974968027936,286.225147995975,18255.75,-0.00011232356375068253,18049.078683035714,17485.376023065477,86.7558701699851
0.0196846883405767,3205.504080636161,3186.2651948474704,3183.900198212144,76.40458325516613,63.66526021454142,3264.968505859375,1,Train,2022-01-17,-0.009948055679423584,-0.01817254696174353,0.013012665770247178,0.0037781137814529055,0.005239254072059184,-59.33035714285688,41.17633928571422,3303.582191680138,3035.191033068746,268.3911586113918,18308.099609375,0.0028675682661627455,18129.39285714286,17548.371279761905,85.91806871597129
0.0089437277042427,3216.819998604911,3194.743094308036,3191.270044361892,74.68972039813767,66.87044781199745,3254.186279296875,0,Train,2022-01-18,-0.002670544738531233,-0.010349409749964456,0.00938388004124846,0.0034146735831364692,0.005193607992113455,-33.64034598214221,29.90562220982156,3302.463525858532,3052.0463060332095,250.41721982532272,18113.05078125,-0.010653690567923424,18172.300223214286,17619.745163690477,76.90308861587714
-0.0033023983365076,3223.0217633928573,3201.065673828125,3196.989702083254,73.78606586133354,60.34852769472365,3215.691650390625,0,Train,2022-01-19,0.0036943275392633534,-0.004537544434709662,0.002928305357122296,0.0032772322173827972,0.0051872589504803465,-14.691266741071104,9.410435267857338,3301.408023676568,3068.062428332361,233.34559534420714,17938.400390625,-0.00964224043394124,18163.028738839286,17675.342819940477,69.99431071977371
-0.0118292640931936,3223.129813058036,3205.0565359933034,3198.689879202106,72.10442286677534,36.55175180072305,3256.92919921875,1,Train,2022-01-20,0.0054985836793497445,-0.0007142761832296118,-0.005376174370254283,0.0031232761981244053,0.0049210605747903894,-2.3038504464284415,-17.42177036830344,3300.4335523779287,3082.21258322475,218.22096915317888,17757.0,-0.010112406160797005,18120.350167410714,17713.511904761905,60.785871872353326
0.0128238504531725,3230.594970703125,3210.8785807291665,3203.9843628399826,71.06515244431367,45.2701732031655,3295.23388671875,1,Train,2022-01-21,0.00428217062322056,0.006052730856587862,-0.00790627873944627,0.003107590402745989,0.004675431039510953,19.436279296875,-25.74553571428578,3300.6083677248516,3094.1824246858623,206.42594303898932,17617.150390625,-0.007875745304668613,18035.321707589286,17739.442894345237,49.753799320290376
0.0117609825565714,3242.3702566964284,3218.239432198661,3212.279774101689,71.43245083449342,49.58420765854223,3282.513427734375,0,Train,2022-01-22,0.006003215219745561,0.011500898184148012,-0.006880649389949145,0.002987656390643544,0.004438125564015159,36.86617606026766,-22.46418108258922,3301.3687324194893,3105.9828231050637,195.3859093144256,17617.150390625,-0.007875745304668613,18035.321707589286,17739.442894345237,49.753799320290376
-0.00386025982424,3257.935616629464,3227.5685453869046,3218.66465170466,65.964751022677,51.09685062340058,3274.85205078125,0,Train,2022-01-23,0.010798759463679586,0.012781448151399477,0.0022997579573180715,0.0022720279684669887,0.004084704382659596,41.11561802455344,7.475272042411234,3301.4944112072,3120.376713932309,181.11769727489082,17617.150390625,-0.007875745304668613,18035.321707589286,17739.442894345237,49.753799320290376
-0.002333997140238,3263.4821428571427,3236.512602306548,3223.772597075259,58.23693483914694,49.9093446663714,3255.5576171875,0,Train,2022-01-24,0.010179911889994564,0.012553554531910205,0.007959047785698337,0.0015660922672775099,0.0035029521083912137,40.460379464285325,25.76911272321422,3298.793478756886,3138.3189828781583,160.4744958787278,17149.099609375,-0.02656790518738339,17876.93582589286,17746.364304315477,33.79595821423645
-0.0058916962643081,3262.1377301897323,3245.099411737351,3226.6621443581903,45.07468086781464,60.06545469395917,3261.89453125,1,Train,2022-01-25,0.00609661202402112,0.01210249645349748,0.011379575745293469,0.001845146847055553,0.0032738962623052852,39.00791713169656,36.70406668526812,3291.9885717521292,3159.803580870638,132.1849908814911,17277.94921875,0.007513491221694313,17737.25,17755.492838541668,34.08407225842144
0.0019464911415005,3263.2389090401784,3250.365036737351,3229.8650886210817,39.710891508788606,57.79151094063731,3262.8876953125,1,Train,2022-01-26,0.001627807616468635,0.01010462117135913,0.016218512580305156,0.0019506737105488322,0.003197120548980834,32.64393833705344,52.08021763392844,3286.836141721063,3177.1219567722405,109.71418494882255,17277.94921875,0.007513491221694313,17737.25,17755.492838541668,34.08407225842144
0.0003044746091527,3269.981201171875,3247.8571196056546,3232.8671437748467,36.95553908190045,57.37990229415606,3270.974365234375,1,Train,2022-01-27,0.001991449019862701,0.008515666715860792,0.020114502715878002,0.0017932087679440392,0.002976406977253128,27.61094447544656,64.47712053571422,3284.5091320521365,3190.0143124233095,94.49481962882692,17110.150390625,-0.00971173291462768,17566.114397321428,17749.630952380954,34.27878420228005
0.0024783782578519,3271.9876534598216,3246.7652180989585,3236.331436634804,35.84917339406518,60.27259426032933,3249.5517578125,0,Train,2022-01-28,0.003019468852872853,0.004313172046320313,0.017149748782597785,0.0018674150008046984,0.002700100750163644,14.052036830357338,55.16765485491078,3284.8322630246753,3198.1985091572446,86.63375386743064,17101.94921875,-0.0004793161771092791,17421.671316964286,17744.314267113095,31.899573831418692
-0.0065493045893497,3265.4616350446427,3244.421851748512,3237.5332840145948,33.83193649068228,55.46801487230872,3184.622314453125,0,Train,2022-01-29,0.0006811410584455224,0.0006065583020984366,0.013167727296730769,0.002145605938049161,0.0025026480374780247,1.9794921875,42.439871651785325,3286.5914210929755,3201.6243817809086,84.96703931206685,17101.94921875,-0.0004793161771092791,17421.671316964286,17744.314267113095,31.899573831418692
-0.0199810460637449,3251.4771902901784,3240.190499441964,3232.723195872643,35.52996945880596,51.52987522849575,3217.2998046875,1,Train,2022-01-30,-0.005658751455532851,-0.003267961312882317,0.008794984650415616,0.0022207971534888332,0.002479457909262583,-10.660539899553896,28.347377232142662,3287.226041592319,3202.082321967949,85.14371962436962,17101.94921875,-0.0004793161771092791,17421.671316964286,17744.314267113095,31.899573831418692
0.0102610253297765,3243.255440848214,3237.413888113839,3231.3210694012664,34.89642722270157,47.17874703177,3198.8564453125,0,Train,2022-01-31,-0.008781271708414251,-0.006123814023117902,0.0039189283274139175,0.002165992768347607,0.00255018292034977,-19.98346819196422,12.66047014508922,3286.216290440703,3201.783566562645,84.43272387805791,17339.849609375,0.0139107178709299,17336.1640625,17750.785714285714,33.50157802250321
-0.0057325585101297,3235.1552734375,3238.037667410714,3228.369739938651,34.03328673834666,39.71450774958542,3214.083740234375,1,Train,2022-02-01,-0.00928088123342119,-0.01065019203226436,-0.0022252188022103825,0.0022323797653805264,0.002569760701684028,-34.825927734375,-7.2149832589284415,3283.723172719864,3201.308767849332,82.41440487053205,17576.849609375,0.013667938611870323,17310.428292410714,17761.395182291668,39.092106984073034
0.0047602307831564,3228.325160435268,3238.195277622768,3227.071012692808,33.90814760736995,43.84609620860184,3204.153076171875,0,Train,2022-02-02,-0.007120465099385798,-0.013344333062621616,-0.009088717420643766,0.002144392187868017,0.0026125104853620186,-43.66249302455344,-29.610456194196104,3282.9060136471,3199.912408506918,82.9936051401819,17780.0,0.011557838585399605,17333.692522321428,17768.742838541668,40.35688117116827
-0.0030897340782339,3219.934500558036,3237.681838262649,3224.987563918178,34.35662855372418,48.05921803676407,3198.05224609375,0,Train,2022-02-03,-0.007190596212822253,-0.013942020937564803,-0.013343919284014016,0.0014525358658735157,0.002712106990128768,-45.52713448660688,-43.54764229910688,3283.098076176345,3197.942493020084,85.15558315626095,17560.19921875,-0.012362248664229525,17392.421037946428,17757.073753720237,35.563488445035105
-0.0019040382694243,3209.5170549665177,3237.3665597098216,3222.538898661412,34.70331294689356,38.76948668227651,3192.61376953125,0,Train,2022-02-04,-0.007924880354735042,-0.012904945311923322,-0.016130733762781402,0.0007851218062048433,0.0027424662365541598,-41.96013532366078,-52.620675223214675,3284.0487418810626,3195.4001664615707,88.64857541949186,17516.30078125,-0.0024998826581151823,17426.471261160714,17737.59998139881,34.95800456109403
-0.0017005590102984,3201.383056640625,3236.404982793899,3219.8184323768514,35.68376097872365,27.61958209362108,3193.181640625,1,Train,2022-02-05,-0.008345535984055186,-0.012910603241488183,-0.018955355131428986,0.0007225881020898421,0.002518404357455485,-41.87238420758922,-61.85585239955344,3285.0759755346803,3193.395369331391,91.68060620328924,17516.30078125,-0.0024998826581151823,17426.471261160714,17737.59998139881,34.95800456109403
0.0001778702764392,3202.6058175223216,3237.3395414806546,3217.396905853956,34.1807882328272,29.427124037850632,3207.1796875,1,Train,2022-02-06,-0.005381688053813227,-0.010061172699322496,-0.020604211310269238,0.001169249795442761,0.0019642052361513885,-32.54945591517844,-67.37538364955344,3285.3960155080654,3192.785503046622,92.61051246144325,17516.30078125,-0.0024998826581151823,17426.471261160714,17737.59998139881,34.95800456109403
0.0043837302259637,3201.160086495536,3235.965890066964,3216.468067821778,34.8100508240258,34.85719592675146,3174.880126953125,0,Train,2022-02-07,-0.002603808712606792,-0.008414602801679938,-0.02164664860192622,0.0013148060271160895,0.001794644542551009,-27.165073939732338,-70.82756696428578,3286.6820219389015,3189.9335054048483,96.74851653405312,17213.599609375,-0.017281112927623465,17441.24972098214,17712.25232514881,29.793603288501075
-0.0100710168104277,3197.7348981584823,3231.6759672619046,3212.687345924627,36.56408026238565,32.94001398025212,3196.066162109375,1,Train,2022-02-08,-0.0011395570032068925,-0.006894426702066747,-0.02074032539819881,0.0013108402615033962,0.001776007796041167,-22.19960239955344,-67.72673688616032,3288.333824627037,3185.7530161932755,102.58080843376138,17266.75,0.0030876976246183574,17464.79268973214,17686.254743303572,33.5119231536121
0.0066730189201134,3195.160958426339,3228.9083426339284,3211.176329214149,36.97237395411934,36.90251240854497,3233.236328125,1,Train,2022-02-09,-0.00232462548317669,-0.004472977178283988,-0.017320198964340006,0.0013287442946827098,0.0017141172080546259,-14.356096540178442,-56.31623186383922,3289.968164049884,3181.3217913072585,108.64637274262532,17463.80078125,0.01141215233034587,17482.5,17660.564267113095,40.833608079265645
0.0116299738898686,3199.3157087053573,3229.7438034784227,3213.1817836605906,36.85683201887065,44.84285510466135,3243.498291015625,1,Train,2022-02-10,-0.0005761591861522808,-0.0006457671258612852,-0.013548033124201053,0.0015730439257792765,0.0015998547834254289,-2.0673479352676623,-43.93973214285688,3290.766080551075,3177.3959486062913,113.37013194478368,17605.849609375,0.008133901085124018,17486.64285714286,17639.140438988095,47.03562883862106
0.0031738981779212,3205.808000837053,3229.1042364211307,3215.937829783776,36.4760685578653,45.25708390437804,3244.018798828125,1,Train,2022-02-11,0.002524631633228802,0.0009998680753064981,-0.009071364469398158,0.0015376100250209448,0.0017820436936745925,3.2021833147314283,-29.347272600447013,3290.1575351588554,3174.348268412574,115.80926674628154,17374.75,-0.01312629691281364,17428.75,17599.254743303572,45.410302513463
0.0001604772889636,3213.1515764508927,3226.665422712053,3218.490645151444,33.41742136491836,48.97061882782359,3267.994873046875,1,Train,2022-02-12,0.005630582702604858,0.003745982591106367,-0.004700141166179672,0.0013704163951390091,0.0020329694586086766,11.991489955356883,-15.173583984375455,3287.1957257785857,3172.831673774985,114.36405200360059,17374.75,-0.01312629691281364,17428.75,17599.254743303572,45.410302513463
0.0073908555115065,3223.839181082589,3225.9740629650296,3222.9910295055743,32.336950435469014,68.29964139574862,3255.368408203125,0,Train,2022-02-13,0.007665224257332071,0.008163366806654304,0.0012126583704969995,0.0017250787518358459,0.0021453132738041805,26.104282924106883,3.9046805245534415,3283.035636209892,3173.0274671662237,110.0081690436682,17374.75,-0.01312629691281364,17428.75,17599.254743303572,45.410302513463
-0.0038636733943152,3230.7232840401784,3225.0462704613096,3225.934427568988,31.121102431312185,59.16223721491587,3292.0185546875,1,Train,2022-02-14,0.007771919964208784,0.011130057632950718,0.0066072959608816095,0.0016513938310761156,0.0021857754394760415,35.56232561383922,21.20622907366078,3279.107726388411,3173.81393237275,105.29379401566075,16842.80078125,-0.03061622289529342,17326.264508928572,17531.87379092262,44.33744597419761
0.0112583713695879,3247.457345145089,3226.7825055803573,3231.9420754888524,33.80939229420641,70.61527290958047,3386.740966796875,1,Train,2022-02-15,0.010676673004044623,0.015047479155851473,0.014391994862624324,0.0018269658358941168,0.0025222346352199907,48.14163643973188,46.07428850446422,3276.4371113699844,3174.9063910016675,101.5307203683169,17352.44921875,0.03025912638397754,17302.85714285714,17488.859468005954,51.207299502951145
0.0287733530464158,3274.696602957589,3232.7275739397323,3246.0147019714,48.20432269021582,78.26283649849735,3374.49267578125,0,Train,2022-02-16,0.015775421483003926,0.02148868619160882,0.022510040118218555,0.0024854834070712657,0.0032221809010051844,68.88860212053623,72.09078543526766,3277.575134070662,3174.2399084795607,103.33522559110133,17322.19921875,-0.0017432697608654735,17318.37137276786,17441.91183035714,53.59666971223064
-0.0036165420195124,3294.876081194197,3238.042096819197,3257.694517772295,57.038460041098574,77.67348107627004,3367.115478515625,0,Train,2022-02-17,0.019857100566592845,0.025434375814157306,0.029275635134279332,0.0024402963054211985,0.0033138798568758316,81.72450474330435,93.71599469866123,3283.7829147575617,3170.320970566099,113.46194419146286,17304.599609375,-0.001016014719190439,17323.778459821428,17403.414155505954,53.426334000611575
-0.0021861648474068,3312.5356794084823,3242.6202450706846,3267.64187783987,63.32573480312583,77.35268489486437,3403.29248046875,1,Train,2022-02-18,0.020039781080014585,0.027512693203296967,0.03590065621640859,0.0022609979974053712,0.0031303158630278083,88.69649832589312,114.80078125,3295.910542479636,3162.900747280408,133.0097951992284,17276.30078125,-0.0016353356196504576,17296.992745535714,17371.885602678572,48.84357706702114
0.0107442118287768,3335.2890625,3249.941231863839,3279.973750806132,72.40337054512696,81.0020650319814,3410.716796875,1,Train,2022-02-19,0.018503228509073377,0.03236605839205664,0.0438563521202624,0.002107681204668042,0.0030287716949271514,104.56577845982156,140.12810407366078,3314.877692562697,3152.3147844183295,162.5629081443676,17276.30078125,-0.0016353356196504576,17296.992745535714,17371.885602678572,48.84357706702114
0.0021815099492206,3355.677908761161,3260.7076357886904,3291.859482266937,78.73784291429125,81.3778410091349,3410.62255859375,0,Train,2022-02-20,0.01845344895184242,0.03332470672104737,0.04887363870665862,0.0019172404681909604,0.0030443649907858843,108.22056361607156,156.36220005580344,3337.154397134349,3141.2803266379724,195.8740704963766,17276.30078125,-0.0016353356196504576,17296.992745535714,17371.885602678572,48.84357706702114
-2.7630051646743148e-05,3377.8570731026784,3269.9134812127977,3302.656125569375,84.49955710689353,80.5713635830007,3390.9970703125,0,Train,2022-02-21,0.019719453619850613,0.031502298579941135,0.053667927780048696,0.0010742119141238069,0.002950511308407321,103.16047014508922,172.04907226562545,3362.1986997290396,3130.5062040098,231.69249571923956,17206.650390625,-0.004031556958107085,17239.964285714286,17345.67847842262,42.82642198390447
-0.0057542246156202,3391.996861049108,3279.063034784226,3310.6871205460225,86.79217570779774,83.76191010147471,3408.3525390625,1,Train,2022-02-22,0.01700236395900334,0.02947630729095896,0.055660394582368156,0.001301358044068949,0.0025886475967382234,97.12077985491078,178.84528459821513,3386.9584605376845,3122.1136132625384,264.8448472751461,17092.19921875,-0.006651566067580439,17199.59988839286,17320.680803571428,36.1975953556406
0.0051181019594335,3395.084228515625,3288.3139299665177,3319.565794956611,89.8203602149977,83.56521423602828,3383.28857421875,0,Train,2022-02-23,0.011743177034834185,0.02492004829420691,0.053118359140833515,0.002080953360279106,0.002363072290551625,82.54854910714266,171.24504743303578,3408.618729087019,3117.9683175089626,290.65041157805626,17063.25,-0.0016937094155936583,17231.092633928572,17316.592726934523,39.200259426714496
-0.0073536890789601,3396.340785435268,3296.844191778274,3325.358774889533,89.93414346740401,74.6696208527001,3391.374755859375,1,Train,2022-02-24,0.005472023218439981,0.018304777124626748,0.05126328900195287,0.002685649193978971,0.0024661584453422227,61.05172293526812,165.61750139508968,3427.133378479578,3118.1360411632795,308.9973373162984,16247.9501953125,-0.04778103847083648,17073.307059151786,17267.54515438988,29.357263899851205
0.0023900360442923,3399.806396484375,3306.050025576637,3331.360227704973,89.20747932300357,74.48709469282281,3394.7802734375,1,Train,2022-02-25,0.002302341586734702,0.013150394323603543,0.04691333407875109,0.0029043836171528032,0.0025503092948089006,44.12848772321422,152.34905133928578,3443.15277797621,3121.958975651023,321.1938023251869,16658.400390625,0.025261660109649586,16978.478655133928,17246.033249627977,41.27016836117036
0.0010041702328063,3398.5903669084823,3315.677001953125,3337.12568640793,87.24061780097404,74.72855489570277,3345.07763671875,0,Train,2022-02-26,0.001032710282534044,0.006138002099289386,0.037833661854046685,0.0028851042763719816,0.002790428595146217,20.733293805803896,123.89376395089312,3456.2937808026086,3128.4164277632394,327.87735303936915,16658.400390625,0.025261660109649586,16978.478655133928,17246.033249627977,41.27016836117036
-0.0146408994737152,3389.2133440290177,3322.910144624256,3337.848590981641,82.75841535841076,61.65944470007113,3337.36962890625,0,Train,2022-02-27,-0.0020985648545090996,-0.0008206130884299556,0.02863150555896743,0.003074838351766619,0.0033287405997200906,-2.7835170200901302,94.33726283482065,3465.244294423207,3138.2712398959893,326.97305452721776,16658.400390625,0.025261660109649586,16978.478655133928,17246.033249627977,41.27016836117036
-0.0023042836817566,3378.7486397879466,3329.109665643601,3337.8050489747875,78.41795998174136,62.59074466290555,3323.4189453125,0,Train,2022-02-28,-0.006193810541154199,-0.004811541519492923,0.019988602927678567,0.0024762924118355662,0.003767452947201376,-16.33558872767844,66.21296037946422,3470.0340805138558,3151.5828279682873,318.4512525455684,16793.900390625,0.008134034290366632,16905.521623883928,17231.3642578125,42.75269866548523
-0.0041801433898474,3369.0946219308034,3336.182942708333,3336.497221369125,70.06515054934367,55.18258481296662,3346.023681640625,1,Train,2022-03-01,-0.008678817331112976,-0.008022211322640582,0.010135721011678811,0.0018670214342201357,0.004046491907290204,-27.246163504464675,33.80555943080344,3470.94460830886,3168.0656665237298,302.87894178513034,16793.900390625,0.008134034290366632,16905.521623883928,17231.3642578125,42.75269866548523
0.0068016511610755,3360.190499441964,3343.323776971726,3337.3632632119884,62.27993760989039,41.180004526925686,3394.827392578125,1,Train,2022-03-02,-0.008563298217323712,-0.011652397937534364,0.0013447627583749178,0.0017513802749286541,0.0039124025701784805,-39.61589704241078,4.5125906808034415,3468.8599212412983,3186.2378326649514,282.62208857634687,16605.94921875,-0.011191633122935585,16809.75711495536,17196.41662016369,36.81504865181606
0.0145855844372178,3361.8389020647323,3351.0185895647323,3342.5872749725463,57.821179356320144,53.8025995608048,3425.140625,1,Train,2022-03-03,-0.005004733860366595,-0.010813737719494787,-0.0047421103650288066,0.0017729717593606396,0.0037204307601404686,-36.75146484375,-16.018171037946104,3465.119071360682,3205.5817726683363,259.53729869234576,16498.05078125,-0.00649757722841704,16708.52859933036,17145.045247395832,32.79279011434805
0.0089292411414338,3366.66259765625,3359.6682245163693,3350.092124975042,54.4187914691986,59.99347422613656,3441.17236328125,1,Train,2022-03-04,-0.0007218628585621278,-0.006653681572597603,-0.007468834562842752,0.0018735277944662997,0.0035465277564324118,-22.550746372767662,-25.334263392857792,3459.878690974057,3226.173255175497,233.70543579855985,16245.349609375,-0.015317032007332254,16587.55008370536,17071.966657366072,32.57419602142255
0.004680607319955,3373.2900390625,3369.056489490328,3358.372146639243,50.32161681101769,57.01038119817534,3432.233642578125,0,Train,2022-03-05,0.0038984514784834445,-0.0016155687526341334,-0.006419336895996164,0.0022558972088654763,0.0031610700886252215,-5.4586007254465585,-21.794189453125,3453.559860342123,3247.437171605422,206.1226887367011,16245.349609375,-0.015317032007332254,16587.55008370536,17071.966657366072,32.57419602142255
-0.0025975800568739,3385.740897042411,3376.8773832775296,3365.0868280882323,46.44282008629898,53.95989824041466,3414.263427734375,0,Train,2022-03-06,0.007109797843971144,0.004940874917329419,-0.003120973148016626,0.0027183620137230025,0.002904634274450629,16.646275111607338,-10.599888392857338,3445.484335979628,3271.0144572681406,174.46987871148758,16245.349609375,-0.015317032007332254,16587.55008370536,17071.966657366072,32.57419602142255
-0.0052357201505232,3396.7257254464284,3384.4438127790177,3369.557428056063,37.79532251776724,50.62868927581639,3350.563720703125,0,Train,2022-03-07,0.008929652710404357,0.010872962711647283,-0.0009061313141631722,0.00262729745425456,0.002481124129240279,36.53522600446422,-3.0806710379465585,3437.147270397795,3294.2783608801064,142.86890951768873,15863.150390625,-0.02352668473994779,16416.107282366072,16991.154808407737,34.15239928367143
-0.0186569397410321,3400.6035505022323,3387.2316778273807,3367.8307273876144,32.41291746213372,43.94047273203582,3377.330078125,1,Train,2022-03-08,0.008096994662019519,0.011530787038513957,0.000592358412285332,0.00208894201893957,0.002246137820173052,38.7646484375,2.01318359375,3430.7304724828755,3313.2858535494906,117.44461893338485,16013.4501953125,0.009474776509483585,16382.60728236607,16919.590494791668,25.48966681027008
0.0079886131567907,3405.0758928571427,3386.7835402715773,3368.694304727376,32.48501798894788,45.47837399670063,3333.06640625,0,Train,2022-03-09,0.005710713371960052,0.011409903453834191,0.0046803040168807986,0.0011647560770341654,0.00225879009119564,38.41329520089266,15.862548828125,3425.4575616811085,3329.578745517552,95.87881616355662,16345.349609375,0.020726290088294297,16337.8857421875,16878.245256696428,33.89710181510034
-0.0131061136611124,3396.252894810268,3384.810860770089,3365.4554048657965,34.46612268568295,43.06793030660028,3316.98779296875,0,Train,2022-03-10,-0.0001392018886359203,0.006807258042403674,0.00518069169638502,0.0020393977471001006,0.0023783585983509752,22.962855747768117,17.50425502232156,3419.24480619825,3344.1632225405897,75.0815836576603,16594.900390625,0.01526738719047449,16309.45717075893,16846.252418154763,39.13204337300678
-0.0048239702788699,3380.802490234375,3382.423828125,3361.0492583297014,37.36673507996243,39.95415738813169,3298.2607421875,0,Train,2022-03-11,-0.0058228076204098755,-0.0014585897025817252,0.003475078505471574,0.0030529550634456662,0.002645504474622723,-4.938406808035779,11.707868303571558,3414.5432308674494,3353.416140644828,61.12709022262152,16630.44921875,0.0021421537513466316,16312.95717075893,16806.569010416668,40.13168457536305
-0.0056458003315378,3360.386544363839,3377.422316778274,3355.3412114076827,41.26018950745495,37.483172391958206,3276.830078125,0,Train,2022-03-12,-0.013124332584494969,-0.010698297130779744,5.834339508647979e-05,0.003851641415855316,0.0030446076499822585,-36.33918108258922,0.196044921875,3413.9212432686577,3354.508991803886,59.41225146477154,16630.44921875,0.0021421537513466316,16312.95717075893,16806.569010416668,40.13168457536305
-0.0064975651525617,3338.18603515625,3371.04675874256,3348.2038356547114,45.93731505572977,40.44919942491978,3313.716796875,1,Train,2022-03-13,-0.017097330926901466,-0.018354834493060523,-0.007035693142213195,0.003931567998395945,0.0033889391452848,-62.41751534598234,-23.652866908482338,3418.334395931193,3346.128735346709,72.20566058448367,16630.44921875,0.0021421537513466316,16312.95717075893,16806.569010416668,40.13168457536305
0.0112568298845407,3323.822230747768,3366.432198660714,3345.068650311101,46.625122747685616,46.93985460187345,3233.6845703125,0,Test,2022-03-14,-0.016854063392108043,-0.023862511340737247,-0.012724876837466814,0.003220323533847912,0.0034592160243732102,-81.25366210937455,-42.84036690848188,3423.011707655389,3334.6339605923795,88.37774706300934,16871.30078125,0.014482565042708062,16366.278599330357,16771.590494791668,45.13075847173555
-0.0241518003705006,3307.1252092633927,3358.9411272321427,3334.942824856683,54.46012401906411,40.08563718619749,3214.672607421875,0,Test,2022-03-15,-0.01584976442361319,-0.02624294724432019,-0.019614331715601785,0.0026652538956019487,0.003586847670571533,-89.12768554687545,-66.16482979910734,3428.2557989382667,3320.5939673842786,107.66183155398812,16663.0,-0.012346456503312231,16425.942940848214,16737.69763764881,43.93340912315884
-0.0058793498491375,3283.888427734375,3349.7182733444943,3324.0091687262457,61.605088524457386,35.371452125652155,3164.08251953125,0,Test,2022-03-16,-0.016265602590759598,-0.02866599358582511,-0.030082771365348204,0.0015315071652117855,0.0038898034339283185,-96.9140625,-101.85246930803578,3435.0532425397414,3302.5512880127144,132.501954527027,16975.349609375,0.018745100484606647,16584.828543526786,16744.00948660714,48.8497124600639
-0.0157372442138664,3259.747872488839,3339.2798897879466,3309.470382435792,73.1263460588607,24.40382724842721,3177.5478515625,1,Test,2022-03-17,-0.019277312025352766,-0.029948540308196048,-0.04032643905612554,0.0012256704090983313,0.004118481011937272,-100.638671875,-136.97785295758922,3442.3232117992566,3281.2754663536452,161.04774544561133,17287.05078125,0.018361988356508263,16766.771484375,16740.89527529762,65.66230424677235
0.0042556829501541,3239.827880859375,3329.09765625,3297.4774250836745,80.06728151989367,21.468457022348304,3203.7197265625,1,Test,2022-03-18,-0.02034919277187186,-0.029464551484252754,-0.04727856901140759,0.001085078121993874,0.004100984794390222,-98.358154296875,-160.77566964285734,3449.075795052506,3258.646634495486,190.4291605570197,17287.05078125,0.018361988356508263,16766.771484375,16740.89527529762,65.66230424677235
0.0082365006673716,3226.322021484375,3319.999534970238,3288.9539979453857,83.03087330162143,23.26183773560008,3194.4267578125,0,Test,2022-03-19,-0.01752995192035689,-0.029333761704054218,-0.05249629582346205,0.0013014560504638346,0.0038821174615048006,-97.50020926339312,-178.75387137276766,3455.022998486629,3236.410298806898,218.61269967973112,17287.05078125,0.018361988356508263,16766.771484375,16740.89527529762,65.66230424677235
-0.0029006809406424,3214.550118582589,3312.82568359375,3280.36061247876,87.16116755338572,23.24329432137263,3158.298583984375,0,Test,2022-03-20,-0.013865414036374868,-0.027992617401209063,-0.05350095586383885,0.0014652625861907237,0.0033424065492650974,-92.57509068080344,-181.7027762276789,3460.2112538799715,3214.8021912930203,245.40906258695122,17287.05078125,0.018361988356508263,16766.771484375,16740.89527529762,65.66230424677235
-0.0113097518169003,3192.347516741072,3304.2984909784227,3269.264064433816,93.19083338925988,22.330841672006443,3186.224853515625,1,Test,2022-03-21,-0.014655211901475673,-0.027875767708849697,-0.055742674716332874,0.0014779073890701811,0.002774210503000173,-91.54091099330299,-188.454973493303,3466.3412367135365,3190.997497940482,275.3437387730546,17117.599609375,-0.009802202470463706,16877.092912946428,16731.152436755954,57.46373370175288
0.0088421879023292,3185.567557198661,3297.7654389880954,3261.715045259434,96.53241023381152,30.74629102695677,3177.500732421875,0,Test,2022-03-22,-0.012631865019773758,-0.022756457920023565,-0.0520234755309299,0.0020213024186547758,0.002379977572247917,-74.18031529017844,-174.81898716517844,3470.7181015274973,3169.15833890219,301.5597626253075,17315.5,0.011561223252155806,16980.035714285714,16731.67150297619,58.30942179823455
-0.0027380745223062,3180.2572893415177,3289.7405366443454,3254.059198637838,99.28556943543386,25.554831476378865,3205.331787109375,1,Test,2022-03-23,-0.010668002667879595,-0.01838696181047006,-0.04730974971181923,0.0022727297113291187,0.001887237408014873,-59.57059151785734,-157.92874581473234,3472.492722004666,3149.2255571527007,323.2671648519654,17245.650390625,-0.0040339354552280104,17067.92159598214,16730.211960565477,60.58931895761841
0.0087587878119188,3186.1500418526784,3280.7169363839284,3249.6294339534325,97.85809702715572,33.71965878561085,3196.038818359375,0,Test,2022-03-24,-0.0019413534572577662,-0.012451323632355238,-0.041419841176078,0.0029545058466174533,0.0025548504391462302,-40.17197963169656,-137.67218889508968,3470.359514829361,3133.3075087476477,337.05200608171344,17222.75,-0.0013278937068936791,17118.12862723214,16730.978608630954,62.34369365353319
-0.0028992220984338,3188.7916085379466,3269.807326543899,3244.757559808518,93.63143531692246,34.31318098482953,3206.564453125,1,Test,2022-03-25,0.0010120806673838967,-0.008013099530083112,-0.03578140930194862,0.0029998352294126705,0.0029312739628164454,-25.758510044642662,-118.3336007254461,3464.823430466721,3120.393750057833,344.4296804088881,17153.0,-0.004049875890900112,17188.12862723214,16733.873883928572,66.48742963740335
0.0032933375856267,3189.197998046875,3258.635521298363,3241.2854592009257,85.83402732340517,37.84868214165084,3174.22900390625,0,Test,2022-03-26,0.002811316158388033,-0.000986583909702965,-0.028834849834660448,0.002984131200542508,0.0030869953240965572,-3.1495186941970132,-94.6904296875,3455.050473958439,3110.5124166665614,344.5380572918775,17153.0,-0.004049875890900112,17188.12862723214,16733.873883928572,66.48742963740335
-0.0100841413579686,3186.312604631697,3246.349586123512,3235.189417810501,77.83570168373039,36.78552921525814,3160.95361328125,0,Test,2022-03-27,5.102169605430973e-05,0.00023388216374575777,-0.02252789808589517,0.002854965878811713,0.00305329158777081,0.745047433036234,-73.43526785714221,3440.891928789776,3103.6296497537505,337.2622790360256,17153.0,-0.004049875890900112,17188.12862723214,16733.873883928572,66.48742963740335
-0.0041822409815621,3186.69189453125,3234.287214006697,3228.4407083078413,69.71722379095432,29.05078022466614,3159.15185546875,0,Test,2022-03-28,-0.0006584669882706562,0.0020232970493605507,-0.016400867046687195,0.001403149667461008,0.0031698489898520374,6.434605189732338,-53.135986328125,3422.898762437751,3100.231650508678,322.66711192907314,17222.0,0.004022619949862971,17223.364397321428,16741.433407738095,77.85265851527964
-0.00057000450906,3182.824323381697,3225.17236328125,3222.141721686106,66.17787824370518,36.98677901829863,3228.13720703125,1,Test,2022-03-29,-0.0019985195867679995,-0.0010438047258589656,-0.01348213160776357,0.0012326482048484163,0.0031462424546230237,-3.3257184709814283,-43.49769810267799,3400.3792583980266,3100.5259976008565,299.85326079717015,17325.30078125,0.005998187274997013,17228.828683035714,16792.735816592263,77.41756270279957
0.0218366684219628,3190.05810546875,3218.067940848214,3222.686765808392,56.29703469478562,52.00159689331663,3316.846435546875,1,Test,2022-03-30,0.001175496977794399,0.0003971714324046971,-0.0076191106718966894,0.0013070541814187986,0.003150611863002933,1.2664969308034415,-24.49201311383922,3375.505512526874,3104.7802645378583,270.72524798901577,17498.25,0.009982465582194733,17283.20731026786,16832.728655133928,75.81038265750068
0.0274800055965422,3205.98876953125,3217.2955612909227,3231.2467357846176,54.72985396695976,70.39759135903967,3321.208251953125,1,Test,2022-03-31,0.0060554567679151905,0.005264888380921429,0.004273110217055454,0.00214397024287998,0.0032817987722062246,16.790771484375,13.641252790177987,3350.0683226354886,3112.7360823589315,237.33224027655706,17464.75,-0.001914477162001882,17304.528738839286,16864.673874627977,71.55917648140887
0.0013150492466289,3223.8701171875,3217.496535528274,3239.4250554363,55.12059339535545,69.66000522544591,3337.470947265625,1,Test,2022-04-01,0.012896028695103201,0.011787139937622149,0.012023778903160975,0.002778964213904081,0.0034154960212249984,37.55751255580299,38.30255998883922,3326.5317516059486,3122.6210106708368,203.9107409351118,17670.44921875,0.011777965258592316,17365.214285714286,16915.364350818454,73.77138612252477
0.0048966201691618,3242.571044921875,3219.363688151041,3248.3383183298747,58.5505709973438,68.81419843605656,3328.557373046875,0,Test,2022-04-02,0.016461436662580375,0.017535159419246105,0.019593935304919707,0.0030979863011599117,0.003592166347089154,55.879150390625,62.31375558035734,3307.257270212833,3132.333993040515,174.9232771723182,17670.44921875,0.011777965258592316,17365.214285714286,16915.364350818454,73.77138612252477
-0.0026707570970926,3264.617954799108,3221.8268926711307,3255.630959667784,62.07126840178441,68.88772611853427,3347.474853515625,1,Test,2022-04-03,0.018287395709258858,0.025698443617053535,0.024627814734299758,0.0031058611559716008,0.0037748345200454766,81.79363141741078,78.46791294642935,3292.7128211366103,3140.958014521872,151.7548066147383,17670.44921875,0.011777965258592316,17365.214285714286,16915.364350818454,73.77138612252477
0.005683387230136,3291.263846261161,3223.434419177828,3263.9804045630417,64.94083300168147,77.99601990337354,3326.7080078125,0,Test,2022-04-04,0.020904604287363515,0.03172535967884493,0.0321351315177969,0.0031434169663628487,0.0034468186224316483,101.20574079241078,102.47223772321422,3288.1859520288685,3143.8987473293905,144.28720469947802,18053.400390625,0.021671841339984343,17483.87862723214,16989.428617931546,75.37126170712057
-0.006203734639355,3315.200439453125,3227.864106677828,3269.682913949356,68.73664945716497,71.24005489601427,3278.204833984375,0,Test,2022-04-05,0.022398705695282572,0.034064894724457506,0.039509130973811146,0.0019094656261658541,0.003457571594985116,109.211669921875,126.00244140625,3296.9506928658843,3138.2652076642503,158.68548520163404,17957.400390625,-0.005317557796472028,17598.79296875,17070.95484561012,79.1886256792503
-0.01457993118549,3322.352957589286,3230.889450799851,3270.45763395254,69.52068249696818,63.590941920110495,3290.579833984375,1,Test,2022-04-06,0.01768507175711176,0.030548017389640414,0.042695231083051066,0.0019455098719225285,0.0032150789227785356,98.48284040178578,136.04035295758877,3311.236602291944,3130.2398067482345,180.9967955437096,17807.650390625,-0.008339180323571727,17682.45731026786,17163.55008370536,70.2535532049186
0.0037749318992246,3318.6005859375,3236.913132440476,3272.2869248645247,68.92035335276925,62.00587544389034,3331.923583984375,1,Test,2022-04-07,0.00830584874178153,0.023447301527808717,0.04139361311729606,0.0032915810271206707,0.0033998335051862037,76.029541015625,131.90869140625,3324.997046058124,3124.3566334898674,200.64041256825658,17639.55078125,-0.00943974110495216,17727.350167410714,17240.983444940477,59.22242979956749
0.0125642750171295,3320.13134765625,3244.264357793899,3277.7084393299656,70.48694937934646,67.55267214475472,3307.126708984375,0,Test,2022-04-08,0.0014873635224115223,0.017004560296415505,0.043139994647479085,0.0036744268373419156,0.0034185938812239815,55.51339285714221,137.307024274553,3338.4047501248906,3120.3298620402884,218.0748880846022,17784.349609375,0.008208759390795572,17768.221540178572,17309.507254464286,67.67208980164868
-0.0074422099952086,3315.796456473214,3249.188499813988,3280.3828274803664,71.12201419543742,62.52805027972722,3329.93212890625,1,Test,2022-04-09,-0.001973451105215851,0.0074538570464115494,0.039415693021048526,0.004118972247698848,0.0035274809441932153,24.53261021205344,125.73835100446422,3349.788502735343,3119.0707432188983,230.71775951644486,17784.349609375,0.008208759390795572,17768.221540178572,17309.507254464286,67.67208980164868
0.0068958409908879,3315.992850167411,3255.641136532738,3284.887309428174,72.046213079926,69.86929929066702,3330.691162109375,1,Test,2022-04-10,-0.0007857938015015664,0.00023902347045301475,0.03431206050426816,0.003921100846388779,0.00345854325080296,0.7924107142857792,110.00408063616078,3359.6684315904204,3121.555347706455,238.11308388396537,17784.349609375,0.008208759390795572,17768.221540178572,17309.507254464286,67.67208980164868
0.0002279425446951,3313.5951799665177,3263.8503069196427,3289.051296035556,70.19788819413188,72.37498720730474,3348.85009765625,1,Test,2022-04-11,-0.001968647323048356,-0.002636016622725945,0.02783147568528399,0.0030187171099491403,0.003516696877812678,-8.757777622768117,89.72506277901766,3367.3687218669775,3126.657819706683,240.7109021602946,17674.94921875,-0.006151497975913078,17798.25,17360.938151041668,59.996089294443536
0.0054520022010611,3316.7583356584823,3271.594366164434,3294.4875507283464,70.1764718485044,73.97243030445138,3417.598388671875,1,Test,2022-04-12,0.00029008993703172337,-0.0005551286547782475,0.022879156604075135,0.0012418585788783196,0.0033711202294359416,-1.8422502790176623,74.18729073660734,3373.7349457716705,3133.941700433687,239.79324533798354,17530.30078125,-0.008183810641252287,17778.22879464286,17403.788225446428,57.59980476551525
0.02052892455943,3336.671700613839,3283.027587890625,3305.679445086849,73.55719439990382,73.95682644819958,3427.83935546875,1,Test,2022-04-13,0.0062360962103353845,0.00498183692921228,0.022071111172077496,0.0025169414160385135,0.0034594631776347735,16.54035295758922,72.05374581473143,3382.263691771779,3140.4651203096937,241.79857146208542,17475.650390625,-0.0031174816283502382,17695.69308035714,17432.56677827381,56.63955500085632
0.0029965389821169,3356.280203683036,3293.6231863839284,3316.7848914852034,77.71403562861279,67.50931836335724,3439.028564453125,1,Test,2022-04-14,0.012881785914762744,0.012209358367214485,0.01975422222552381,0.0030443434607464416,0.003502061159359079,40.48374720982156,65.016357421875,3392.658238881408,3146.8194327145743,245.83880616683382,17475.650390625,-0.0031174816283502382,17695.69308035714,17432.56677827381,56.63955500085632
0.0032642162668807,3371.580915178572,3305.194126674108,3327.897952664105,80.49777075149996,68.19443103947495,3454.390380859375,1,Test,2022-04-15,0.01652896411857685,0.016763626317334968,0.01700665668792789,0.003175923943461347,0.0034610731440718433,55.588065011161234,56.38047572544701,3403.6655468117183,3154.050416497434,249.61513031428422,17475.650390625,-0.0031174816283502382,17695.69308035714,17432.56677827381,56.63955500085632
0.0044669057317623,3392.618582589286,3316.995361328125,3339.397264318221,83.42807673415054,68.10568929874678,3482.079345703125,1,Test,2022-04-16,0.01676727199896666,0.023848236833675873,0.021149355862233543,0.0030649280903587237,0.0034882227718697092,79.02340262276812,70.265625,3415.8632288197255,3162.483332285187,253.3798965345386,17475.650390625,-0.0031174816283502382,17695.69308035714,17432.56677827381,56.63955500085632
0.0080155864829791,3414.353899274553,3331.6549014136904,3352.368362625939,84.13157089073955,72.46734723335777,3407.59423828125,0,Test,2022-04-17,0.017302993810764056,0.029424984801220022,0.028853521494212275,0.0028865139106415525,0.0034588829587583587,97.59556361607065,95.75331333705299,3429.369082528851,3171.7436790503903,257.6254034784606,17475.650390625,-0.0031174816283502382,17695.69308035714,17432.56677827381,56.63955500085632
-0.0213909851060083,3425.3400530133927,3343.3996930803573,3357.388896776421,75.92546831186368,57.56745278351251,3477.480224609375,1,Test,2022-04-18,0.015944786492532836,0.026573891696699325,0.03168811542091898,0.002024639521195012,0.0031537578037568684,88.66835239955344,105.20870535714266,3440.485318678415,3184.879015863996,255.606302814419,17173.650390625,-0.017281188010147552,17583.72879464286,17456.883463541668,50.483220065538404
0.0205088932077119,3443.715785435268,3358.5581868489585,3368.306290215781,68.73808239908787,66.88974351541036,3661.204345703125,1,Test,2022-04-19,0.015061287203993468,0.026051335539948095,0.038578763998714516,0.001138664370250803,0.0029851427074299515,87.43558175223234,127.9193289620539,3452.272272910175,3198.4578296288873,253.81444328128782,16958.650390625,-0.012519178806467801,17462.44308035714,17456.08826264881,44.231741655950245
0.0528325423085296,3478.5166364397323,3379.18043154762,3394.933386169176,89.48539781048088,82.92843577304579,3659.497802734375,0,Test,2022-04-20,0.01879205819256513,0.031716789230756604,0.04901210395074185,0.0021334121636928673,0.0035679297362315025,106.93572126116032,162.52378627232156,3470.374366907414,3207.6085223224964,262.76584458491743,17136.55078125,0.010490244596548015,17390.5859375,17448.92159598214,45.996559957977134
-0.0004661151926013,3511.6107003348216,3395.4971633184523,3418.9846967660123,107.06401811727429,82.31049108231062,3618.722900390625,0,Test,2022-04-21,0.02518600955999495,0.03507382714820828,0.05975851291837797,0.0025162799153965083,0.0036852991478591203,118.99211774553578,198.0155203683039,3494.350101033479,3212.4068465111645,281.9432545223144,17392.599609375,0.014941678252146096,17334.621651785714,17462.01683407738,47.83542975680848
-0.011142212549843,3537.281319754464,3409.664527529762,3437.142715277341,116.04955158579288,75.14344690367012,3584.443603515625,0,Test,2022-04-22,0.02716993507853327,0.03600312800205918,0.06648750429753614,0.0023759215331487353,0.003626026425066551,122.92742047991123,220.52298409598188,3521.3911782553064,3214.836796772596,306.5543814827106,17171.94921875,-0.012686452605167986,17262.764508928572,17455.181082589286,44.42835586807698
-0.0094727609210696,3555.8603515625,3421.425130208333,3450.533705117185,120.7851881552036,73.91452088849366,3591.508056640625,1,Test,2022-04-23,0.02223468311536636,0.03810433315497663,0.06569080527411097,0.00244845343065802,0.003212565921551971,130.52029854910734,219.18865094866078,3549.3097574885696,3216.0424572156717,333.26730027289796,17171.94921875,-0.012686452605167986,17262.764508928572,17455.181082589286,44.42835586807698
0.0019708646323997,3571.493024553572,3433.9465913318454,3463.34955525568,124.25628522036776,73.1865750873975,3626.119384765625,1,Test,2022-04-24,0.017052665949856216,0.03710446711622395,0.06412242357904763,0.002606681891785457,0.0028914988249638,127.7772391183039,215.21282087053623,3577.481942387303,3215.89319014618,361.5887522411231,17171.94921875,-0.012686452605167986,17262.764508928572,17455.181082589286,44.42835586807698
0.0096369902500996,3602.710902622768,3447.215378534226,3478.1468124838566,129.33449548365382,74.70466460875105,3599.14111328125,0,Test,2022-04-25,0.0184971386083721,0.03570322616313515,0.06855240709296595,0.0022801257497389402,0.002441293792204548,124.19426618303578,231.1299874441961,3609.442699232831,3212.6834796176154,396.75921961521544,16953.94921875,-0.012695122564301942,17180.428571428572,17441.290550595237,36.429402172787185
-0.007439984352892,3620.0910295758927,3460.188383556548,3489.1462943745287,130.302218107538,70.62591239994785,3613.981201171875,1,Test,2022-04-26,0.018063329732611377,0.03089190075389836,0.06704922508942857,0.002361917618476557,0.002007064959160932,108.4803292410711,227.47244698660688,3640.3399598155224,3211.5600262335843,428.77993358193817,17200.80078125,0.014560121616207233,17141.16434151786,17440.24534970238,32.97387953461342
0.0041232303551153,3613.344866071429,3476.177734375,3500.494922265196,127.42423889875718,67.76155760741496,3603.265869140625,0,Test,2022-04-27,0.011718304146229874,0.021503391854127196,0.05828070922558881,0.0037822737949415658,0.002962141542219972,76.06354631696468,198.9909667968759,3664.3287240067484,3217.045690055752,447.28303395099647,17038.400390625,-0.009441443610115341,17121.842912946428,17434.788225446428,32.122008416784325
-0.0029649661785112,3605.3117327008927,3491.0675455729165,3509.837735617508,122.83885999952172,65.85259310279707,3597.102294921875,0,Test,2022-04-28,0.0007219091812864509,0.013907008782463315,0.052541259233275905,0.00425437041198078,0.003640494835512325,49.45138113839266,179.9716796875,3682.553868911772,3227.3385836551925,455.2152852565796,17245.05078125,0.012128508890934642,17162.757254464286,17435.885881696428,39.292381465717526
-0.0017105521608984,3602.223074776786,3503.695103236608,3517.7708773724503,119.23835763199124,64.41542573229303,3613.88671875,1,Test,2022-04-29,-0.0049357749993376165,0.008604258782517027,0.0460279823357963,0.004243681091459228,0.003978110575768395,30.730050223213766,158.50728934151766,3696.053190480082,3242.4819239172393,453.57126656284254,17102.55078125,-0.008263240381694681,17157.90011160714,17425.278738839286,39.67903132807996
0.004666095777098,3606.4292340959823,3518.302722749256,3526.5086811340457,112.5561512361022,64.507517162385,3587.43017578125,0,Test,2022-04-30,-0.0019139141797349657,0.0010320926584777013,0.03677216785921966,0.004098132048244504,0.004061587362080735,3.7183314732142208,127.91259765625,3706.406920313782,3261.1718324763974,445.2350878373845,17102.55078125,-0.008263240381694681,17157.90011160714,17425.278738839286,39.67903132807996
-0.0073208002983283,3605.8466796875,3530.5645345052085,3532.0469988292457,104.76532708422664,59.60406546442897,3500.712158203125,0,Test,2022-05-01,0.0001483774570048002,-0.003934804338348807,0.026835542830443426,0.004020198824459886,0.004187209250227958,-14.244349888392662,94.23597935267844,3712.172406442512,3284.631496319765,427.54091012274694,17102.55078125,-0.008263240381694681,17157.90011160714,17425.278738839286,39.67903132807996
-0.0241727401869891,3587.9313616071427,3538.660772414434,3529.198376954144,94.6257745345729,58.30367767855549,3477.0537109375,0,Test,2022-05-02,-0.003967470329562683,-0.007033235244970348,0.014318918195681984,0.0030582326250998644,0.004816175919141581,-25.413504464286234,50.65004185267844,3711.1214512322517,3312.79975412489,398.3216971073616,17069.099609375,-0.0019559171203674675,17111.68582589286,17404.84300595238,35.63842887373545
-0.0067581812489744,3570.490304129464,3544.7657063802085,3524.4579527708124,85.45917367485029,49.95854867695065,3544.474609375,1,Test,2022-05-03,-0.009965239197470832,-0.009658368305739296,0.004114321463871695,0.002301404649791604,0.0052403807211111285,-34.82142857142844,14.62995256696422,3706.249697877315,3341.0533678313905,365.1963300459247,17069.099609375,-0.0019559171203674675,17111.68582589286,17404.84300595238,35.63842887373545
0.0193902378399906,3560.560791015625,3550.8074311755954,3526.2776488257387,80.35154452141228,35.34179934797257,3487.958740234375,0,Test,2022-05-04,-0.012559016701120473,-0.011565714531364013,-0.0030609701496795427,0.0023205964825774713,0.004943657823117784,-41.66228376116078,-10.932233537947013,3699.0688057680372,3368.662318673927,330.40648709411016,16677.599609375,-0.022936183451936376,17041.064453125,17367.35965401786,32.01192340669567
-0.0159447803607176,3544.0883440290177,3553.6702590215773,3522.794111681069,76.74116007747062,31.065553095484987,3498.95849609375,1,Test,2022-05-05,-0.012219580911516204,-0.017286042792017065,-0.0162717909313993,0.0025121093096398357,0.004655645923298583,-62.340890066964675,-58.622558593750455,3688.970886252323,3396.010981074687,292.95990517763585,16682.650390625,0.00030284821366977077,17002.307477678572,17320.321614583332,33.90122106743803
0.003153637034891,3530.067801339286,3556.5240652901784,3520.627237536767,73.30202707131306,35.85035186993821,3520.910400390625,1,Test,2022-05-06,-0.011321275048255308,-0.021015557531908535,-0.02486766976330801,0.0024588911783467032,0.004385012939877962,-75.77887834821422,-90.02322823660688,3678.0537914438783,3420.67299775813,257.38079368574836,16411.25,-0.0162684216398562,16889.514508928572,17242.123976934523,31.3224049708855
0.0062738395786581,3516.785470145089,3559.6916852678573,3520.6529796143905,70.03216294841015,42.26862195179921,3542.246337890625,1,Test,2022-05-07,-0.01229450174843083,-0.01982922310703994,-0.026722994761173458,0.001691263157280923,0.00419033258433691,-71.14589146205344,-96.55939592633968,3667.7846991961255,3441.1852470929366,226.59945210318892,16411.25,-0.0162684216398562,16889.514508928572,17242.123976934523,31.3224049708855
0.0060597786009075,3510.330636160714,3562.5567801339284,3522.616012184957,67.89637608025568,44.206553747065605,3681.87646484375,1,Test,2022-05-08,-0.009525075165007557,-0.016849133548737627,-0.026344766717030565,0.001161340494485063,0.003920372823120616,-60.15966796875,-94.98109654017844,3657.0197560586153,3460.4492485451806,196.57050751343468,16411.25,-0.0162684216398562,16889.514508928572,17242.123976934523,31.3224049708855
0.0394185253181103,3536.211251395089,3575.6178385416665,3537.094235153938,62.78524480206225,55.25842327197842,3701.789306640625,1,Test,2022-05-09,0.001740320696807185,-0.006838681053270346,-0.018325301351801215,0.0042909182315791815,0.003661307507166285,-24.34953962053578,-66.01182338169656,3646.3750366832865,3480.3435145164904,166.0315221667961,16301.849609375,-0.006666182687180999,16784.29296875,17163.288225446428,33.593058508370305
0.005408340553251,3568.316336495536,3586.2992234002977,3552.06651438,64.31642704572289,59.81145627832672,3661.48876953125,0,Test,2022-05-10,0.014652831907975505,0.006836170578912615,-0.010568042550265222,0.005759926111714653,0.004326951011177972,24.227992466518117,-38.11289760044656,3640.6261778813296,3495.072343324028,145.55383455730134,16240.0498046875,-0.003790968888092272,16640.72140066964,17088.640578497023,35.648679969621924
-0.0108867722528346,3585.032645089286,3586.312767392113,3562.013992121023,64.33301734199127,54.33017389589924,3683.583251953125,1,Test,2022-05-11,0.02128061902746392,0.015570478201338389,-0.0057723016110097225,0.005865118304296538,0.004575503610290897,54.96484375,-20.81403459821422,3639.6088953464105,3503.4318203343937,136.17707501201676,16167.099609375,-0.0044919933245182175,16507.085518973214,17018.523856026786,29.791769636457943
0.0060342892775562,3612.97900390625,3587.459693545387,3573.0657430148503,65.8986403287512,57.17192029048697,3700.65185546875,1,Test,2022-05-12,0.021709040284534575,0.027352687440781676,0.006981081791901378,0.005759512391639258,0.005052597342626604,96.19353376116078,25.047642299107338,3643.794554466445,3506.8159296295385,136.97862483690642,15808.0,-0.022211752141785834,16326.928431919643,16924.411969866072,18.32960800953724
0.0046336956023933,3641.7923409598216,3591.3610723586307,3584.66448051066,70.13132590813645,59.06979529081193,3765.05712890625,1,Test,2022-05-13,0.020591224974310096,0.037449949427809104,0.019969816679768826,0.005173506598664229,0.00545103320915504,131.46170479910734,71.30203683035734,3653.521354381517,3505.6823286541976,147.8390257273195,15782.150390625,-0.0016352232651188903,16199.007114955357,16834.27869233631,19.87740605434604
0.017403764513088,3676.6704450334814,3599.961716424851,3601.0638121829857,79.66716183981724,62.2213362281654,3684.085205078125,0,Test,2022-05-14,0.025561217711565165,0.039720249626766124,0.0326099344549422,0.003945593414340249,0.005937010434961295,140.4591936383922,116.10965401785643,3670.40281630427,3499.3186087794343,171.08420752483562,15782.150390625,-0.0016352232651188903,16199.007114955357,16834.27869233631,19.87740605434604
-0.0215061607449359,3696.9331403459823,3604.370152064732,3608.611211537089,81.7111712347434,57.1810726833772,3668.377685546875,0,Test,2022-05-15,0.0232368182458198,0.03604411484906689,0.04312668914545359,0.0017786702008598437,0.006015656277171701,128.61680385044656,152.84479631696468,3688.5727313726993,3490.5709174833273,198.001813889372,15782.150390625,-0.0016352232651188903,16199.007114955357,16834.27869233631,19.87740605434604
-0.0042636146171642,3695.004743303572,3606.382452101935,3614.04452735616,82.78683739889648,63.92630691823695,3638.2998046875,0,Test,2022-05-16,0.014611597082365702,0.030675340813123064,0.046723448739910856,0.00349451895432308,0.0057419454810649015,109.97209821428623,164.93694196428623,3702.3415811020495,3484.2934391267463,218.04814197530322,15842.2998046875,0.0038112305721171857,16078.95703125,16753.89769345238,24.13630454174279
-0.0081992323140225,3685.934814453125,3608.247151692709,3616.2495525681,83.0561467149003,63.25179174792735,3629.419189453125,0,Test,2022-05-17,0.0025197715047204916,0.020192702605799084,0.04809771472954183,0.004531181886246763,0.005549762081433872,72.955810546875,169.14934430803578,3713.3610447644496,3480.5329703025145,232.8280744619351,16259.2998046875,0.026321935902047233,16057.24986049107,16695.976236979168,29.702050181420987
-0.0024408695575151,3681.353445870536,3608.982293991816,3617.44679228492,83.17767034602527,57.7242952332365,3628.989501953125,0,Test,2022-05-18,-0.0042142213245405236,0.01086308641647804,0.048719857881214024,0.0050485041833622036,0.005456093640062276,39.56110491071422,171.02280970982156,3723.1276640754013,3478.370522308528,244.75714176687325,16240.2998046875,-0.0011685620062508173,16048.45703125,16651.53097098214,31.65962080249693
-0.00011839015489,3673.5543387276784,3610.207228887649,3618.496129527484,83.27862810039824,64.28110182104061,3643.6943359375,1,Test,2022-05-19,-0.005805244124454267,-0.0008475348422952722,0.03883905048896752,0.005132610737001473,0.005244751209407923,-3.1161063058029868,137.34308733258922,3730.9585177624554,3477.672795016562,253.2857227458935,15809.400390625,-0.026532725334179386,15986.93568638393,16596.804780505954,20.091249696865134
0.0040520464378475,3665.417550223214,3612.42589750744,3620.786875564759,83.53229097501028,64.54712938361226,3680.170166015625,1,Test,2022-05-20,-0.005566366542745005,-0.008524793099130457,0.0272120531284068,0.0047122127036518776,0.005096424061336561,-31.515590122768117,97.10121372767844,3736.8290870560904,3477.7010573356492,259.1280297204412,16266.150390625,0.028891038794289337,16001.08579799107,16555.35714285714,34.59270990888824
0.0100106723328481,3653.290841238839,3615.582252139137,3626.185356514837,84.832426159429,65.55283014549366,3787.257568359375,1,Test,2022-05-21,-0.007622904196600611,-0.011289268881272907,0.019039769761386216,0.002966329187166146,0.005053360247583054,-41.71390206473279,68.25819614955344,3740.8191736021854,3478.45538694469,262.36378665749544,16266.150390625,0.028891038794289337,16001.08579799107,16555.35714285714,34.59270990888824
0.0290984920568739,3668.0297502790177,3625.0978422619046,3640.82828486434,92.38755592472414,70.49454045827966,3793.941650390625,1,Test,2022-05-22,-0.0015038809662943908,-0.004857672497055265,0.015236940572654456,0.0024395234135945187,0.004885657132693637,-17.905064174107338,55.05074637276766,3746.9080751962465,3480.3763242178156,266.53175097843086,16266.150390625,0.028891038794289337,16001.08579799107,16555.35714285714,34.59270990888824
0.0017648871011817,3685.967459542411,3639.0611514136895,3654.747681730366,94.7763654313878,62.05516572671781,3949.296875,1,Test,2022-05-23,0.005606430655613837,0.0012533471017435183,0.012130048736097576,0.003348343827134857,0.00476434508682537,4.614013671875,44.17511858258922,3754.7994335109292,3484.0326814444275,270.7667520665018,16214.7001953125,-0.0031630222318707046,16059.185825892857,16499.266694568454,34.36483045168208
0.0409482377235241,3730.395612444197,3661.548921130952,3681.524881118514,109.32321043199364,70.61724990533226,3899.071533203125,0,Test,2022-05-24,0.021105566065255044,0.015473100021219599,0.014612451187538067,0.0055747440499972255,0.005111054414718694,56.84127371651857,53.725167410715585,3768.9351970114553,3486.880400086759,282.05479692469635,16125.150390625,-0.005522754266735541,16108.185825892857,16449.419131324405,38.63436732273118
-0.0127175402069197,3768.917375837053,3678.434488932292,3701.3018494898415,117.42110397117006,69.4686127963938,3947.48291015625,1,Test,2022-05-25,0.027504582139869838,0.028236844560188157,0.019471338203409738,0.006224433333081309,0.005449197163379479,103.49982561383877,71.98423549107065,3787.6874246123693,3490.611075666648,297.0763489457213,16025.7998046875,-0.006161219184365629,16134.400111607143,16405.221540178572,36.991251492607454
0.0124161294659179,3814.416434151786,3700.3165922619046,3723.6819459140615,122.84237866236312,70.73100004027549,3947.101318359375,0,Test,2022-05-26,0.0348481032508412,0.044104233666298676,0.03231706023236436,0.006442087967685646,0.00581079593992896,161.12559291294656,119.41169084821377,3812.0316151459087,3494.7017484143594,317.3298667315494,16170.150390625,0.009007387318995308,16121.664481026786,16356.14295014881,44.97206271572072
-9.66671181509282e-05,3857.7602887834814,3721.6567266555057,3743.9927979545446,125.01983642534614,69.88141545163953,3934.68798828125,0,Test,2022-05-27,0.03414240460566953,0.05172546337445372,0.04661652551656692,0.0057739357408639475,0.006058899516409528,189.73053850446377,171.82547433035643,3840.175806779965,3500.6550386441418,339.52076813582335,16352.4501953125,0.011273847198922216,16137.685965401786,16323.47865513393,51.02409645698004
-0.0031449230908733,3894.119977678572,3741.360421316964,3761.328724347881,124.40447613889532,64.93737896304654,3962.1875,1,Test,2022-05-28,0.03321977887979366,0.056471610349485335,0.057795735980391116,0.0033575463780476022,0.0060485283012950515,208.15251813616123,212.76653180803623,3869.6283789507397,3509.581400625152,360.0469783255876,16352.4501953125,0.011273847198922216,16137.685965401786,16323.47865513393,51.02409645698004
0.0069889942482483,3919.1099679129466,3761.357619512649,3779.588613043528,124.54918857214594,77.03517280237033,3915.017822265625,0,Test,2022-05-29,0.027446802300819417,0.05058829547172383,0.06684415324868054,0.002829823289134976,0.00606926354983139,188.71435546874955,245.55562918526812,3901.1050727995216,3516.3945784281577,384.7104943713639,16352.4501953125,0.011273847198922216,16137.685965401786,16323.47865513393,51.02409645698004
-0.0119049584943607,3936.406563895089,3772.4595889136895,3791.9003593364464,127.46683553496683,72.59451901115682,3917.97802734375,1,Test,2022-05-30,0.020386511660735795,0.04443960197478147,0.07393128066824817,0.0029621350495143816,0.0059156591423283585,167.48918805803623,270.989013671875,3932.9053746676723,3521.4032992999614,411.50207536771086,16661.400390625,0.018893205092962884,16259.40025111607,16295.685779389882,57.75211445150391
0.0007561153518356,3931.932442801339,3782.7542898995534,3803.361965518928,130.17519197534844,76.9606421816251,3941.944580078125,1,Test,2022-05-31,0.009710143842385888,0.03080838463189073,0.07627139849287556,0.004704484001822537,0.0058051159129495,117.51600864955344,278.6416015625,3958.140737696329,3530.857916042509,427.28282165382006,16584.55078125,-0.004612433983534836,16304.886021205357,16271.019112723214,57.6693676696332
0.0061170717566845,3938.0571637834814,3796.109328497024,3815.9603850243097,131.4918887229507,79.27557974660385,3918.550537109375,0,Test,2022-06-01,0.004834566017708486,0.02081437647472928,0.07361647311718866,0.005001423799100728,0.005632444731788607,80.296875,270.02741350446377,3981.606055286671,3539.9004144398914,441.7056408467797,16522.75,-0.0037264067061659745,16348.893136160714,16245.002464657739,64.74167268227286
-0.0059346453237772,3933.923967633928,3807.2982468377977,3825.286762486588,131.43497211478714,76.0055640288691,3848.70263671875,0,Test,2022-06-02,-0.0006306757751934899,0.010221562299958853,0.06727040073281043,0.004936803429946896,0.005537280947010147,39.80398995535597,247.9565080915172,4001.6596701018343,3549.059962292139,452.59970780969525,16628.0,0.006370004993115463,16420.72879464286,16242.640578497023,66.89232675101746
-0.0178249329003551,3919.867013113839,3814.3482840401775,3827.415478325876,129.38317995203542,66.75254605726215,3811.320068359375,0,Test,2022-06-03,-0.0030685750233551135,0.00019316763425636374,0.05079123512733763,0.004659427250194578,0.0056818760166248315,0.7570452008926623,189.4714006696422,4017.595477802628,3557.44381139938,460.1516664032479,16584.30078125,-0.002628050201467391,16500.5146484375,16237.957263764882,64.9163902841619
-0.009713031088119,3902.243024553572,3816.551281156994,3825.952259238012,128.8948757871229,60.70124329566182,3902.6044921875,1,Test,2022-06-04,-0.009094367537189618,-0.008678864539772624,0.03537505214926817,0.004037602329621029,0.005819770905538899,-34.16353934151721,133.32564871651903,4029.1602748945675,3566.4100027282007,462.7502721663668,16584.30078125,-0.002628050201467391,16500.5146484375,16237.957263764882,64.9163902841619
0.0239508679908426,3893.731166294642,3826.956961495536,3832.920644051602,126.4637956197378,59.66093751341908,3869.1845703125,0,Test,2022-06-05,-0.010216974621260921,-0.009715649254512626,0.020793411918196503,0.003056865877544177,0.006107359483910241,-38.20127650669701,79.31473214285643,4037.5753611643413,3577.8675587575335,459.7078024068078,16584.30078125,-0.002628050201467391,16500.5146484375,16237.957263764882,64.9163902841619
-0.0085634918787959,3887.183558872768,3836.519194103423,3836.217364620774,121.36256714811556,56.031867251361504,3820.438720703125,0,Test,2022-06-06,-0.00833789874292401,-0.012918452626481614,0.007627034311809222,0.0019514848923617338,0.006307097195561542,-50.87360491071331,29.42327008928669,4042.7578422466377,3592.8099521172016,449.947890129436,16569.55078125,-0.0008893953501298846,16557.571847098214,16245.495396205357,57.44024910666987
-0.0125984813398131,3873.2493722098216,3845.192475818452,3834.782942446442,112.68659353492276,37.5403613982855,3919.12353515625,1,Test,2022-06-07,-0.007429996584353504,-0.015423428597833189,-0.005359517834165994,0.0020316668322455044,0.0061191663509580245,-60.67459542410643,-20.870605468750455,4044.0691150918638,3610.688271905905,433.38084318595884,16416.349609375,-0.009245946006475991,16566.700334821428,16250.947777157739,53.96660199233325
0.0258307544414591,3869.989222935268,3858.987920851935,3842.450269056425,102.1950236799478,51.77275083842677,3933.016845703125,1,Test,2022-06-08,-0.006097478830817016,-0.012724357742674886,-0.012533648042501011,0.0014104711408106311,0.00576702655250368,-49.877790178571104,-49.12074497767844,4042.0158366264186,3632.3850387921084,409.6307978343102,16356.25,-0.0036609606157923524,16523.107421875,16256.481119791666,64.79290034616994
0.0035450044945626,3872.055838448661,3873.4654134114585,3850.683594206125,88.61600101294837,48.63795913394678,3910.243408203125,0,Test,2022-06-09,-0.0038916918110484255,-0.007735854972375722,-0.016347581074743767,0.0017624874891262585,0.004972360961882819,-30.187186104911234,-64.35072544642844,4036.0612669371626,3659.0034373039102,377.05782963325237,16478.099609375,0.00744972774168895,16507.90011160714,16271.29064360119,57.00218225367053
-0.0057903228980268,3880.847377232143,3886.158226376488,3856.0981227513066,71.49493969772159,46.67008106324485,3909.52734375,0,Test,2022-06-10,0.001961661719185104,-0.003308854287123131,-0.01299235587394787,0.0023298088686368097,0.004031080546540334,-12.88378906249909,-51.085065569196104,4024.102888185922,3693.717469654479,330.38541853144307,16201.7998046875,-0.016767698414100085,16462.05008370536,16290.043015252977,49.628936753519625
-0.0001831252887282,3894.876988002232,3897.079996744792,3860.955324660279,53.77758652806205,47.67778598983307,3896.4931640625,0,Test,2022-06-11,0.006430964954493357,0.0019791782438220995,-0.010964842303041733,0.002554530023546614,0.003259441431691168,7.693429129463766,-43.180175781249545,4009.3521174285765,3731.1529641841475,278.199153244429,16201.7998046875,-0.016767698414100085,16462.05008370536,16290.043015252977,49.628936753519625
-0.0033339528135893,3894.003941127232,3902.281691778274,3864.186037333208,47.54563313078373,43.770367317834335,3830.990234375,0,Test,2022-06-12,0.005668333204452036,0.005358438593270565,-0.010147635499601737,0.002413306216939643,0.0026901288277967317,20.754568917410325,-39.920026506696104,3989.568108627596,3771.7406211436105,217.82748748398535,16201.7998046875,-0.016767698414100085,16462.05008370536,16290.043015252977,49.628936753519625
-0.0168107390233956,3888.547607421875,3904.045910063244,3861.1682370642793,43.86985875156716,42.29961209108812,3880.833984375,1,Test,2022-06-13,0.001984162076279272,0.004795461542017154,-0.007989915368859624,0.0023826365910897384,0.0023013469717026195,18.558384486606883,-31.31940569196422,3971.3800594056247,3805.7438698633487,165.63618954227604,15774.400390625,-0.026379749115209128,16340.10728236607,16289.67396763393,41.552875899938755
0.0130106700749998,3897.175502232143,3900.785772414434,3862.956032274345,42.871456329839056,46.86542735856288,3923.134033203125,1,Test,2022-06-14,0.0005901378238624133,0.006487422917316854,-0.0012986178178917562,0.0018580307746152828,0.0024419740617367836,25.119663783482338,-5.067522321428896,3955.7008871501043,3834.2488547583785,121.45203239172588,15732.099609375,-0.00268160945598539,16218.3642578125,16284.426339285714,42.72695482934223
0.0108997316036794,3897.7484305245534,3901.931605747768,3868.426759631506,43.14404355554083,48.46022993430677,3936.263427734375,1,Test,2022-06-15,0.0009616039053719216,0.0043549904568687126,0.0010317261409020784,0.001738955981490924,0.002372830390719394,16.901053292410325,4.017264229911234,3946.574865107533,3851.7080764382254,94.86678866930743,15692.150390625,-0.0025393443813560568,16093.02134486607,16257.419224330357,37.51762168911158
0.0033466596909843,3898.212227957589,3901.39734468006,3874.59372945904,42.618029295942485,51.47470128721307,4003.00830078125,1,Test,2022-06-16,0.002485406252264344,0.0008563145808277994,0.002837187623838222,0.0017652766731177153,0.002381338203286714,3.3352399553573377,11.028669084821104,3944.4350524581455,3857.8930830050235,86.54196945312196,15360.599609375,-0.021128447854290244,15942.199916294643,16215.528738839286,25.972031975623196
0.0169564040294152,3911.46435546875,3904.059581938244,3886.2677813974224,47.1237859045291,62.9135681997795,3961.709716796875,0,Test,2022-06-17,0.00366646388606906,0.004483923130407463,0.009866388550429317,0.0019468330834696082,0.0024507462634026428,17.460414341518117,38.21498325892844,3945.4029519216388,3858.659621320549,86.74333060108984,15293.5,-0.00436829362663993,15790.378487723214,16190.96205357143,12.463622087757201
-0.0103168869213473,3918.918980189732,3905.3463309151775,3893.1261391610087,48.35477874631482,62.50388719147067,4017.6650390625,1,Test,2022-06-18,0.005431481800976412,0.00781046700055521,0.012643383336698788,0.0016699450423635273,0.0021572218345562314,30.371372767856883,48.929757254463766,3945.377650891091,3858.665823578776,86.71182731231511,15293.5,-0.00436829362663993,15790.378487723214,16190.96205357143,12.463622087757201
0.014124033880722,3936.229248046875,3907.988118489584,3904.447857333872,52.91583240189115,60.163596447718575,4028.789306640625,1,Test,2022-06-19,0.00975242441051094,0.010021038516834446,0.01657347214908067,0.0020388125554536376,0.002288618139109538,39.05374581473188,64.17340959821422,3945.339242048633,3858.6865008364125,86.65274121222046,15293.5,-0.00436829362663993,15790.378487723214,16190.96205357143,12.463622087757201
0.0027688389823361,3964.486258370536,3913.405808221726,3915.751625452667,59.13071879172231,64.67638325834338,3965.05224609375,0,Test,2022-06-20,0.013555512228471178,0.017122148603367027,0.021551705854004677,0.002500147371598415,0.002737222342839648,66.73782784598234,83.63888113839266,3953.6328440054244,3853.64828043654,99.98456356888437,15350.150390625,0.0037042135956451006,15629.242885044643,16147.343005952382,15.747263360189379
-0.015820400546094,3976.517438616072,3915.647437686012,3920.233500056402,60.19541697584838,62.94108471107332,3797.76123046875,0,Test,2022-06-21,0.01469753743762059,0.02008746730023714,0.020960983072206174,0.0024891936545210704,0.0023525997958907647,78.30521065848279,81.64045061384013,3963.4635098659555,3847.6636420592677,115.79986780668787,15638.7998046875,0.018804337854487096,15548.81431361607,16119.919177827382,28.214402444548313
-0.0421913773746134,3958.607038225447,3908.781563895089,3909.0996573666152,65.0712832095835,40.327295822465885,3791.649658203125,0,Test,2022-06-22,0.005685083049894901,0.012052438287155853,0.016590403624376915,0.0036786940189444256,0.00283344770484978,47.14268275669701,64.60309709821513,3968.1899037199246,3845.4055552644504,122.78434845547417,15413.2998046875,-0.014419265085317434,15497.228515625,16086.021530877977,21.738000295377347
-0.001609256584272,3937.947928292411,3902.7386648995534,3898.422384715389,69.8366090494565,38.59136991828912,3793.607177734375,1,Test,2022-06-23,-0.0066940148984228065,0.004855662543387762,0.012704054536004206,0.004619962222156489,0.0033697822590967414,19.028948102678896,49.40032087053578,3970.422422827942,3844.981127674291,125.44129515365057,15556.650390625,0.009300447519609234,15472.164341517857,16063.681082589286,27.149618390892456
0.0005162712032253,3908.033482142857,3900.115071614584,3888.8937295352966,72.9343130301631,40.25996690677873,3734.3583984375,0,Test,2022-06-24,-0.01722209383722695,-0.007163141201191103,0.0027861152017647495,0.0056128878493833505,0.004086761757263311,-28.195765904018117,10.857979910713766,3970.659285180961,3845.3233110801993,125.33597410076163,15699.25,0.009166472588529428,15473.17857142857,16041.257254464286,31.68944285188303
-0.0156180586236289,3875.554722377232,3896.450230189732,3874.8450630718607,79.27703013080895,36.67469474960404,3702.466064453125,0,Test,2022-06-25,-0.020980186981490734,-0.022432045465042405,-0.005693981677605264,0.006288443095823226,0.0045996926335338025,-88.9315359933039,-22.19370814732156,3971.1331545299845,3843.031797339435,128.1013571905496,15699.25,0.009166472588529428,15473.17857142857,16041.257254464286,31.68944285188303
-0.0085402445565265,3830.526297433036,3886.919828869048,3859.174245015612,89.82803911001756,35.6518005863239,3667.51806640625,0,Test,2022-06-26,-0.02727858082825274,-0.03671331596972571,-0.017363326203513663,0.006653536711752308,0.005497137164216416,-145.99114118303623,-67.68593052455344,3976.4936497148683,3832.005576010578,144.4880737042904,15699.25,0.009166472588529428,15473.17857142857,16041.257254464286,31.68944285188303
-0.0094391136714002,3778.916120256697,3877.316662016369,3841.750956051124,101.80066038516776,37.33917330293846,3701.320068359375,1,Test,2022-06-27,-0.03303895999769224,-0.04539246159914401,-0.03388711315411397,0.005403120164621069,0.006409194575269203,-179.69091796875,-132.548235212053,3990.253731166957,3808.812169363176,181.44156180378104,15832.0498046875,0.008458990377725017,15540.528599330357,16016.476283482143,37.60026858489335
0.009216587714385,3741.240094866072,3871.644345238096,3828.98451171551,108.24313168457014,35.74247100848174,3739.944091796875,1,Test,2022-06-28,-0.03465687808138407,-0.04995186249495076,-0.04533874933925219,0.003266100437254198,0.006613494720323983,-196.70783342633877,-177.67888532365987,4007.756288576676,3778.4346991465386,229.32158943013746,15850.2001953125,0.0011464333961117568,15620.057198660714,15977.847702752977,39.06618125838453
0.0104352022316784,3732.980503627232,3863.111990792411,3820.889928086543,111.3313459675083,35.365053507997914,3708.481689453125,0,Test,2022-06-29,-0.02546537635603041,-0.04479311124520857,-0.051635393065709634,0.003822269236206927,0.0065599832467093345,-175.052978515625,-203.24874441964312,4021.2251401989643,3751.0583140421068,270.1668261568575,15799.099609375,-0.0032239710103227903,15684.192801339286,15940.445265997023,34.866722791939196
-0.008412532800359,3721.099365234375,3852.419840494792,3810.6709973016864,115.00357594727406,32.32051129485939,3769.115234375,1,Test,2022-06-30,-0.015299824918684535,-0.03985374177560708,-0.06139178629318709,0.004161943731480565,0.006495927997688341,-154.45535714285688,-243.38689313616078,4032.126805286185,3724.1818477551105,307.9449575310746,15780.25,-0.001193081241402827,15704.399972098214,15905.088123139882,39.38669746898747
0.0163499647562817,3717.600516183036,3845.6994512648807,3806.8932006719874,115.5777023850258,31.672305117611643,3822.587646484375,1,Test,2022-07-01,-0.006318647850341308,-0.029480487139763367,-0.06511147667018546,0.004965923748325092,0.006250749726209547,-112.92578125,-258.91692243303623,4038.833089578268,3699.7479162811073,339.0851732971605,15752.0498046875,-0.0017870563085186086,15752.79282924107,15863.376209077382,49.295712236272905
0.0141869931759308,3730.204694475447,3841.559465680803,3808.3199684731135,114.73106212787133,39.30258542816016,3799.622802734375,0,Test,2022-07-02,-0.0007435905837407386,-0.012890316755149622,-0.057697655145984794,0.006284865874073012,0.006363034829368632,-48.71142578125,-228.40234375,4041.1180074053154,3681.083073788881,360.0349336164345,15752.0498046875,-0.0017870563085186086,15752.79282924107,15863.376209077382,49.295712236272905
-0.0060076696399938,3744.084228515625,3836.946591331845,3807.529317042319,114.35874562446824,32.33817327357865,3793.2255859375,0,Test,2022-07-03,0.00617690123945458,0.0007602114746541044,-0.04922962499934569,0.0064393236901472955,0.006298791785956644,2.8441336495529868,-193.86369977678578,4040.7214451827667,3667.033298120804,373.6881470619628,15752.0498046875,-0.0017870563085186086,15752.79282924107,15863.376209077382,49.295712236272905
-0.0016836452271713,3762.0424455915177,3835.148274739584,3806.228977850972,114.753341856925,30.771649777299487,3768.399169921875,0,Test,2022-07-04,0.011954466117330975,0.007785184502315801,-0.037356649378369466,0.005178132494570315,0.0060123281692017316,29.06194196428578,-145.99103655133922,4037.1189129927407,3657.1225246467675,379.9963883459732,15835.349609375,0.005288188249805481,15792.607003348214,15827.711867559523,53.17155582859776
-0.0065449352940313,3771.625174386161,3829.794235956101,3802.789904402872,115.13749778385085,32.8589541100027,3804.779296875,1,Test,2022-07-05,0.011104076934989271,0.013578194020788636,-0.026816689593102017,0.003196162516282803,0.005971468356422481,50.52580915178578,-103.9295479910711,4032.105350766265,3649.523761259405,382.5815895068599,15810.849609375,-0.0015471713984448465,15808.5498046875,15791.583240327382,53.68105071120706
0.0096540003626737,3780.8873465401775,3824.158296130952,3802.9707582639744,113.22085876146572,50.79260565593867,3820.773193359375,1,Test,2022-07-06,0.009829671497305847,0.0170235693915064,-0.012958780866776154,0.002843642292380493,0.006190004533635588,63.28683035714175,-49.63895089285825,4026.023563058083,3643.8730608258466,382.15050223223625,15989.7998046875,0.011318189707300252,15831.085518973214,15771.27134486607,71.55237758181562
0.0042036331772281,3796.928989955357,3818.658761160714,3804.589161454465,110.26967239000116,53.21733417338058,3763.29052734375,0,Test,2022-07-07,0.009273298977453104,0.01788756943519232,0.004766676244043255,0.001887782381059276,0.006469621710758882,66.72429547990987,18.01286969865987,4017.4857289725205,3640.9573583600686,376.5283706124519,16132.900390625,0.00894949203151052,15871.471261160714,15760.635649181548,77.32954841729207
-0.0150447731667328,3796.0968889508927,3807.243629092262,3800.834740171673,102.35538371153908,47.01683326967105,3697.978271484375,0,Test,2022-07-08,0.006488373959036009,0.01389195788896247,0.014662730189409112,0.0016486022775495115,0.006328672964901784,52.01266043526766,54.85679408482065,4006.9874612673866,3639.1734169413176,367.81404432606905,16220.599609375,0.005436047866567373,15931.685546875,15748.373744419643,77.77881661879687
-0.0173550926735052,3778.2955496651775,3794.684988839286,3791.484152109191,98.56458016753878,46.46239953735072,3687.665771484375,0,Test,2022-07-09,-0.00068549962943798,0.004320287266483591,0.012139106002271971,0.0033116894464524337,0.006124010038773768,16.25310407365987,45.31504603794565,3992.062777074627,3638.304731295909,353.75804577871804,16220.599609375,0.005436047866567373,15931.685546875,15748.373744419643,77.77881661879687
-0.0027886859367242,3762.301688058036,3778.970738002232,3782.046117506935,86.84666029589461,48.49777473807329,3653.48193359375,0,Test,2022-07-10,-0.009119818144855074,-0.002472007661695197,0.011072620959442059,0.003874118902899253,0.005499019725037352,-9.323486328125,41.20232282366078,3968.6341022256906,3641.514949113595,327.1191531120958,16220.599609375,0.005436047866567373,15931.685546875,15748.373744419643,77.77881661879687
-0.0092697766036603,3742.338309151786,3761.0989583333335,3770.358464423918,69.81316502177137,48.5731233340448,3690.1484375,1,Test,2022-07-11,-0.014161540490596924,-0.010195764606334312,0.006654236478896625,0.003974239137381253,0.004434935879017912,-38.54903738839175,24.73779296875,3937.640094704139,3649.0910436887175,288.54905101542136,16216.0,-0.00028356592763323363,15993.935546875,15749.04994419643,72.49941948328302
0.0100360435805366,3731.1596330915177,3748.00830078125,3763.066643794471,53.533130586263056,48.870896980422366,3699.79248046875,1,Test,2022-07-12,-0.012475444536846014,-0.01732172422445344,0.0002560016659367559,0.0037550144229880856,0.0036300227820410024,-65.76935686383922,0.954938616070649,3905.8353124888376,3658.151085390627,247.6842270982106,16058.2998046875,-0.0097249750439381,16037.685546875,15762.56896391369,76.54538614759119
0.0026134566487205,3716.161516462053,3743.3431222098216,3757.314447128496,53.2486107847271,45.689414308038046,3658.11279296875,0,Test,2022-07-13,-0.012263814925431604,-0.02105725296988692,-0.007457821552439348,0.003388075363757211,0.0037383161484317315,-79.93537248883968,-27.922712053572013,3873.9139446485688,3667.893812047859,206.02013260070999,15966.650390625,-0.005707292501522909,16056.442801339286,15773.738048735118,67.62380826048849
-0.0112654122413696,3692.92431640625,3736.9842238653273,3748.296114932155,55.13158407921438,44.708593166113616,3678.308349609375,1,Test,2022-07-14,-0.013204042142500927,-0.022595170795067343,-0.01837250115725364,0.0019416780511789609,0.0040003037012294835,-85.37123325892753,-69.11812918526766,3846.434707977108,3673.8621321456594,172.57257583144838,15938.650390625,-0.0017536552323109689,16074.70005580357,15785.476143973214,61.41524317216228
0.0055207583209142,3680.784005301339,3731.493803478423,3741.933590811903,54.951565737470624,39.57469685070048,3648.850830078125,0,Test,2022-07-15,-0.01350133276083898,-0.021666971315841832,-0.024085418058438446,0.0011361503644687176,0.004067207969255363,-81.51768275669656,-90.84116908482156,3825.0297639424066,3675.7900044727726,149.239759469634,16049.2001953125,0.0069359576863876615,16083.185825892857,15818.266648065477,60.57877299516072
-0.0080084421237763,3673.765799386161,3727.422014508928,3733.4715216542863,57.82169917708257,28.889665450800123,3695.49560546875,1,Test,2022-07-16,-0.011408469973139046,-0.018323439545252396,-0.028332382675204992,0.0014578749391661572,0.0039000728843369198,-68.572509765625,-107.12154715401675,3814.647235095773,3670.4964835147175,144.15075158105537,16049.2001953125,0.0069359576863876615,16083.185825892857,15818.266648065477,60.57877299516072
0.0127834152621761,3674.884347098214,3727.090087890625,3730.019165637419,57.99187890758284,38.03622470876333,3648.182373046875,0,Test,2022-07-17,-0.004885009212859059,-0.015082518982624027,-0.03214298797265036,0.002170881595126409,0.003676988494760299,-56.27528599330344,-122.04464285714266,3813.3136672158575,3661.426874078786,151.88679313707144,16049.2001953125,0.0069359576863876615,16083.185825892857,15818.266648065477,60.57877299516072
-0.0128029464713362,3674.127267020089,3726.1693405877977,3722.579457220097,59.12738740011011,34.767345084322315,3688.906982421875,1,Test,2022-07-18,-0.001808510978004274,-0.011311200887194506,-0.03213027103860655,0.002259304444823384,0.0032552017686414965,-42.034249441963766,-121.96962193080344,3815.0014935914514,3653.0277649185928,161.97372867285867,16278.5,0.014287304158276504,16103.985770089286,15865.171409970239,67.30505626977293
0.0111629861697368,3673.949916294642,3725.57824125744,3719.518323147531,59.44939800127165,41.92138134454415,3669.9052734375,0,Test,2022-07-19,5.011667006971088e-05,-0.005138041965093043,-0.0276171178244069,0.0024455740783510187,0.003064066168243323,-18.974400111607792,-104.34563337053532,3816.3947904804045,3645.7314092963807,170.66338118402382,16340.5498046875,0.003811764271124396,16121.121512276786,15912.333286830357,71.68492761717475
-0.0051510404233342,3669.6803152901775,3722.243059430803,3715.0080459011647,60.55746359627364,35.791151709812794,3744.050048828125,1,Test,2022-07-20,-0.0014161076421754792,-0.003016664383231782,-0.02461827371841252,0.0023273013389204997,0.002813682443671702,-11.103690011161689,-92.62137276785825,3818.080077785439,3638.9042169969266,179.17586078851218,16520.849609375,0.01103388850696918,16164.671456473214,15954.335658482143,76.26428931605224
0.0202034575462422,3681.957066127232,3723.936790829613,3717.648227985434,60.65066124129009,42.79951425167262,3799.33642578125,1,Test,2022-07-21,0.002131063661682253,0.0022296649237791843,-0.016134629751910268,0.0020764864416204193,0.0026636442155153002,8.191266741071104,-60.381243024553896,3818.5987525375563,3634.821197239228,183.77755529832848,16605.25,0.005108719746296009,16242.807198660714,16011.095191592261,79.0976396886667
0.0147664631167068,3699.246791294642,3725.375895182292,3725.0744277850536,62.11705720720952,53.39691993940743,3797.427001953125,0,Test,2022-07-22,0.006885470835572338,0.006629445145849289,-0.008553062569031211,0.0024070169787074225,0.003211101707186956,24.362444196427987,-31.912841796875455,3817.842565638248,3632.4815938204565,185.36097181779132,16719.44921875,0.006877295960614926,16350.349888392857,16066.466564360118,79.52908359568565
-0.0005025677155537,3720.471958705357,3724.177769252232,3731.651934527605,60.36624375291585,60.64386524003583,3781.432861328125,0,Test,2022-07-23,0.013840890500338654,0.012613795962178376,0.0011599178949055489,0.002730382376375634,0.0036749863268410285,46.34469168526766,4.310442243303896,3816.247690635211,3631.715241842467,184.5324487927437,16719.44921875,0.006877295960614926,16350.349888392857,16066.466564360118,79.52908359568565
-0.0042118362293136,3732.748709542411,3723.311581566221,3736.177473327653,59.35153927446666,59.91517871433896,3718.1259765625,0,Test,2022-07-24,0.01379474081391252,0.01600424463789918,0.010783972192236924,0.0026895977713330918,0.003731168995919658,58.79879324776857,39.82439313616078,3813.154679070606,3631.8788798021606,181.27579926844555,16719.44921875,0.006877295960614926,16350.349888392857,16066.466564360118,79.52908359568565
-0.0167415070126063,3742.740652901786,3719.735409691221,3734.536428167184,57.15000335351209,56.43904427192513,3769.592529296875,1,Test,2022-07-25,0.011757491203208348,0.019909183180669254,0.016832459473637096,0.0024643712522763486,0.003555352226276931,73.06033761160825,61.95664760044656,3809.304295904564,3632.840810819766,176.46348508479787,16631.0,-0.005290199311757782,16449.256975446428,16110.835611979166,76.27091922598082
0.0138420680361015,3754.267159598214,3719.792236328125,3737.7233464517008,57.20138139377179,57.68661119948296,3725.096435546875,0,Test,2022-07-26,0.009083578983516194,0.019639037656416614,0.021912491053595273,0.00215829055004385,0.0035311294641338547,72.31009347098234,80.50136021205344,3804.924483429903,3634.5586046002304,170.3658788296725,16483.849609375,-0.00884795806776506,16511.349748883928,16141.873697916666,66.15441994013463
-0.0118039531870304,3762.151611328125,3715.9978143601193,3736.575445460353,53.8251541273096,52.2935982838233,3705.2353515625,0,Test,2022-07-27,0.007877010769717474,0.017004764370280867,0.02374694166874103,0.0012441874855135733,0.0033073701820846377,62.90482003348279,87.26726422991078,3797.8009355058794,3638.204414661531,159.59652084434856,16641.80078125,0.0095821774414373,16563.249860491072,16179.56896391369,66.47995577633654
-0.0053316965957846,3756.6066545758927,3710.496012369792,3733.726346015093,48.18984777401259,54.44717963274951,3751.93017578125,1,Test,2022-07-28,0.0037047722404586203,0.00971239570452509,0.02244870184442438,0.002283459598301156,0.0027060346849015976,36.13469587053578,82.47938755580344,3789.3844794966667,3642.6718472332436,146.71263226342307,16929.599609375,0.017293731123692924,16647.399832589286,16233.402297247023,70.32569671369284
0.0126023908843087,3749.8343331473216,3709.955043247768,3735.3812396301983,47.628044289321565,56.61707363207355,3687.63427734375,0,Test,2022-07-29,-0.0011807434746777812,0.004577223096007721,0.020654722732097675,0.0027019052288595885,0.002539544501016747,17.08562360491078,75.88441685267935,3783.8652315408463,3645.344973537277,138.52025800356932,17158.25,0.013505953826479233,16738.45703125,16299.02134486607,73.937472958007
-0.0171367523981471,3734.149658203125,3709.462472098214,3731.0406066950654,47.8112384445835,53.280392316393886,3674.26513671875,0,Test,2022-07-30,-0.007443068759027116,-0.0022953753667115384,0.01756810876531345,0.0029696901688098863,0.0028201401210472465,-8.59099469866078,64.46934291294747,3779.455345906295,3646.939656186338,132.51568971995675,17158.25,0.013505953826479233,16738.45703125,16299.02134486607,73.937472958007
-0.0036253976450804,3718.839983258928,3708.8243466331846,3725.879200333583,48.20450985435396,48.09716701954561,3685.614501953125,1,Test,2022-07-31,-0.010053400525967038,-0.0094365091330042,0.010017204565204274,0.0031312690938923773,0.003150318863146167,-35.427176339286234,36.882917131696104,3776.924173197995,3647.120996305353,129.8031768926421,17158.25,0.013505953826479233,16738.45703125,16299.02134486607,73.937472958007
0.0030888803099577,3714.195486886161,3710.354468936012,3722.218773208087,46.85095669008325,53.58613392112853,3744.716796875,1,Test,2022-08-01,-0.009504112207338045,-0.012746994113040144,0.004041010625918995,0.002794897707495057,0.0031894064058560433,-47.95612444196422,14.948695591518572,3775.4634165993007,3646.885338283512,128.57807831578884,17340.05078125,0.010595531668439406,16843.428571428572,16374.640438988095,82.16844283730454
0.0160359405169896,3710.6418108258927,3712.952962239584,3724.2640480868968,47.18629738286909,55.164911040808754,3702.446044921875,0,Test,2022-08-02,-0.006295368297730253,-0.012235735059993758,-0.002642177656107081,0.0021281576889663296,0.003216676202157646,-45.96484375,-9.83014787946422,3775.144663981538,3646.6521203376583,128.4925436438798,17345.44921875,0.000311327663805816,16932.85714285714,16446.549944196428,86.1699958293668
-0.0112881038129238,3707.4060407366073,3713.079322451637,3722.280593253713,47.15283392342653,52.88713598068875,3700.089599609375,0,Test,2022-08-03,-0.0030745992228201624,-0.01131471116888072,-0.006789278030159718,0.0014350711237177667,0.003204566121828911,-42.42829241071422,-25.34266880580344,3775.340053340103,3647.9049034121294,127.43514992797373,17388.150390625,0.002461808358865669,17041.021484375,16521.659505208332,87.73365412579648
-0.0006364563545043,3706.670933314732,3715.078218005952,3720.2632301951367,45.56934343621368,45.5302877602835,3693.212890625,0,Test,2022-08-04,-0.0020258905590715415,-0.00735876368212196,-0.009637247923948156,0.001598211981135575,0.003121438671178045,-27.478724888393117,-36.069719587053896,3775.028208904007,3650.8054406495644,124.2227682544426,17382.0,-0.0003537116074355806,17169.328683035714,16587.954752604168,86.68997269194807
-0.0018585249895302,3698.2827497209823,3715.7879580543154,3717.804108416033,45.08147745696951,38.0316196391991,3658.347412109375,0,Test,2022-08-05,-0.003330707121569243,-0.005527861814567991,-0.014912207229073049,0.0016025846778879426,0.002948148145081394,-20.55723353794565,-55.98440987723188,3773.9246683552915,3654.3606762317627,119.5639921235288,17397.5,0.0008917270739845495,17277.285714285714,16648.173781622023,84.91419656786272
-0.0094404193714716,3694.098911830357,3716.24017624628,3712.398954206337,44.4192159339068,35.40017468430732,3593.3779296875,0,Test,2022-08-06,-0.003589336792364506,-0.005410747799021287,-0.01808877114172014,0.0012854419759732354,0.0024460101549994423,-20.096575055803896,-68.05269949776812,3772.810537302731,3657.396263757536,115.4142735451951,17397.5,0.0008917270739845495,17277.285714285714,16648.173781622023,84.91419656786272
-0.017759243478851,3682.5435965401775,3711.3774297805057,3701.5788610682607,51.78298800252357,32.09958769278535,3530.716552734375,0,Test,2022-08-07,-0.006509166097724894,-0.007572332690193306,-0.019715414693603717,0.000978542356648209,0.002274075084711299,-28.09821428571513,-74.06305803571513,3772.0845627062195,3658.963871306057,113.12069140016229,17397.5,0.0008917270739845495,17277.285714285714,16648.173781622023,84.91419656786272
-0.0174380146422767,3660.415318080357,3705.783819289434,3686.0459239469983,63.88162340769817,32.13908279883681,3561.398193359375,1,Test,2022-08-08,-0.010239193215684339,-0.012674824969242993,-0.023846124154480508,0.001988734918981625,0.0023863303947165068,-46.990722656250455,-89.41901506696468,3773.7765333617986,3655.91844082905,117.85809253274874,17525.099609375,0.007334364671648164,17362.35714285714,16710.292829241072,85.50702746880567
0.0086899189347948,3634.2269461495534,3699.711972191221,3674.714312075396,71.2058297001572,29.33967511915077,3573.083984375,1,Test,2022-08-09,-0.0162074614431853,-0.019544218644840572,-0.026759161040603385,0.0026687899533294358,0.002414898166816345,-72.44398716517844,-99.92271205357156,3779.394229927452,3646.755407349333,132.6388225781193,17525.099609375,0.007334364671648164,17362.35714285714,16710.292829241072,85.50702746880567
0.0032812368573147,3615.746651785714,3695.101434616816,3665.47519137536,76.19226124821395,33.864177163556604,3603.33251953125,1,Test,2022-08-10,-0.018138806236325467,-0.02231741149091293,-0.02772190573870026,0.0025920325680244514,0.0021535929714307936,-82.53609793526812,-103.09333147321377,3788.1385983323967,3631.389997510238,156.74860082215855,17534.75,0.0005506610997998429,17416.14285714286,16773.09044828869,83.85535348370679
0.0084656658753408,3601.924211774553,3688.4005998883927,3659.825857571349,77.84210156396317,39.416601417495976,3684.07568359375,1,Test,2022-08-11,-0.015979363329863494,-0.024951876561998487,-0.030227616049830375,0.0021272857022428234,0.0021312819130495184,-92.1747000558039,-112.27127511160779,3796.919109461075,3612.87722842955,184.041881031525,17659.0,0.007085929368824795,17461.70703125,16849.314267113095,84.2738656692145
0.0224079136812507,3600.618896484375,3682.91199311756,3662.030387209749,73.57553331860132,43.41826948124222,3745.197998046875,1,Test,2022-08-12,-0.009247647481340104,-0.02224676990457697,-0.029650642651770642,0.002489090104989878,0.00222601597018904,-81.92470005580253,-110.02291434151766,3801.6424717280015,3596.1685599405255,205.47391178747603,17698.150390625,0.0022170219505635025,17512.092912946428,16931.766648065477,83.46670727325429
0.016590949725957,3613.026123046875,3680.424897693452,3669.591079104033,70.32181123490672,55.61813789708401,3711.29443359375,0,Test,2022-08-13,-0.0007524113276839994,-0.012946398404412252,-0.025457130039897247,0.0036442359997959804,0.0027566927712472894,-47.38919503348188,-94.37991768973234,3801.1578400950148,3584.6809329239586,216.47690717105615,17698.150390625,0.0022170219505635025,17512.092912946428,16931.766648065477,83.46670727325429
-0.0090525426081092,3629.871337890625,3677.084972563244,3673.382293148553,66.86523952654733,53.47473081328752,3704.946533203125,0,Test,2022-08-14,0.007758943407169427,-0.0011984964955320532,-0.020719291462818923,0.004693823707358035,0.0032746242057916887,-4.3556082589284415,-76.79959542410688,3796.343593812666,3578.208247705191,218.13534610747502,17698.150390625,0.0022170219505635025,17512.092912946428,16931.766648065477,83.46670727325429
-0.0017104275891358,3654.761335100447,3676.4573800223216,3676.25176951715,66.52173944303023,51.83125548678223,3685.277587890625,0,Test,2022-08-15,0.015036981189243903,0.010790214877324011,-0.011768006279081478,0.005355923606517128,0.0040009761324343845,39.01468331473279,-43.521414620535325,3787.511344361919,3577.0899147061623,210.42142965575658,17698.150390625,0.0022170219505635025,17512.092912946428,16931.766648065477,83.46670727325429
-0.0053088337810627,3672.458391462053,3672.4423828125,3677.072298460193,63.07454009046889,43.91493105456399,3730.00146484375,1,Test,2022-08-16,0.01644944331735365,0.019582360855046943,-0.005858132357799084,0.004633547973939582,0.0043101008411830025,70.5341796875,-21.640520368303896,3776.1147564720195,3579.517180609453,196.59757586256637,17825.25,0.007181519343531395,17574.535714285714,17021.60472470238,89.78574663342165
0.0121358231195616,3694.875174386161,3672.675955636161,3681.8840408586975,63.2879945668474,52.80687853977757,3685.662353515625,0,Test,2022-08-17,0.017908027708031904,0.026177799042774952,0.0033486576662851153,0.00384380083963171,0.004679803202880805,94.25627790178578,12.331577845983247,3766.2546008752397,3583.20418818726,183.0504126879796,17944.25,0.006675923198833145,17654.85714285714,17111.845191592263,99.58237348197602
-0.0118871565456563,3706.636579241072,3671.7439081101193,3682.2275238275097,62.9276149350407,48.64618804822351,3669.3603515625,0,Test,2022-08-18,0.014193880087986388,0.025909155651289595,0.012627326995493737,0.002368737763288323,0.004768085519126302,93.61045619419701,46.22126116071513,3758.4998525167675,3586.639161155107,171.86069136166043,17956.5,0.0006826699360520383,17734.714285714286,17191.749953497023,99.5365191691786
-0.0044230861075961,3704.5343889508927,3667.81201171875,3681.057780894327,60.186743662190175,47.80064922493708,3656.471923828125,0,Test,2022-08-19,0.008734203105857263,0.02056906267748193,0.019345914232414607,0.002433470230195424,0.0047272681444576175,74.66305106026766,70.30744280133922,3753.4996533619806,3588.6778333846714,164.82181997730913,17758.44921875,-0.011029475746944017,17768.049944196428,17259.268973214286,83.49558702580852
-0.0035124453581907,3691.859235491072,3666.328090122768,3678.8227029792174,60.05760365792981,49.81976376430488,3642.573486328125,0,Test,2022-08-20,-0.0008162491972654173,0.010150567161345325,0.021050308839466902,0.0037550021669070155,0.004813157778398953,37.097900390625,76.11258370535779,3749.7064560478207,3589.7729559220456,159.93350012577503,17758.44921875,-0.011029475746944017,17768.049944196428,17259.268973214286,83.49558702580852
-0.0038010513384303,3682.041957310268,3664.8189639136895,3675.5273196473,60.24606747963732,55.24232467265551,3665.176025390625,1,Test,2022-08-21,-0.006635293588949431,0.0026095777886812055,0.022243040337665443,0.004234500489882831,0.0047915444422887855,9.58356584821513,80.11774553571513,3745.589076018003,3590.6749829942723,154.91409302373086,17758.44921875,-0.011029475746944017,17768.049944196428,17259.268973214286,83.49558702580852
0.0062051017357194,3676.360456194197,3663.845703125,3674.586292896693,60.05811937529778,65.66556151241534,3670.994873046875,1,Test,2022-08-22,-0.007605256099316282,-0.005010918452756585,0.021035705773742253,0.0038140335342470646,0.004500478941425876,-18.514718191963766,75.74155970982201,3741.3915524824397,3591.4443710666683,149.9471814157714,17490.69921875,-0.0150773300473388,17761.756975446428,17305.452287946428,63.02341880237248
0.0015876038738493,3674.320068359375,3660.335135323661,3674.259800183073,57.18029602588547,63.55410009504911,3691.81787109375,1,Test,2022-08-23,-0.00475076811246955,-0.008718553921008843,0.016964711359687135,0.0033945656339729366,0.003971958100810003,-32.31651088169701,61.2939453125,3737.351357176286,3592.175969135097,145.17538804118885,17577.5,0.00496268217550444,17750.114118303572,17351.749906994046,60.04989650360749
0.0056723037669601,3668.865269252232,3659.829031808036,3675.85598844768,56.83492766793988,64.35958880650426,3708.553466796875,1,Test,2022-08-24,-0.0035786360423936125,-0.009628502789729043,0.010742510610380673,0.0021225091405196904,0.003667064162306205,-35.66911969866078,38.99393136160688,3732.785751802444,3592.9610081026894,139.82474369975444,17604.94921875,0.001561611079505143,17736.799665178572,17393.916573660714,60.78193013948083
0.0045331585380095,3672.135428292411,3660.2320731026784,3678.828486479425,57.16376737834269,63.155324306818486,3783.862060546875,1,Test,2022-08-25,-0.0011492420158821792,-0.0053425133355707866,0.004753824285351316,0.0014333634608924143,0.0033914263481933664,-19.723807198661234,17.374093191963766,3729.644206857833,3593.487820904444,136.15638595338896,17522.44921875,-0.004686182219266755,17693.542410714286,17436.366536458332,55.40133130354318
0.020306729948549,3688.4928152901775,3664.548700241816,3688.376993212829,62.91234649164305,62.64773614110137,3755.00830078125,0,Test,2022-08-26,0.0038572434265724542,0.0017519784007626882,0.004366128113364676,0.0026345348894909965,0.003444413981446277,6.450857979909415,16.034423828124545,3728.844079098261,3593.7273390099976,135.1167400882632,17558.900390625,0.002080255529346653,17638.49246651786,17487.559430803572,56.945430676054734
-0.0076254787579267,3702.569440569197,3669.1515997023807,3694.434384809958,65.90099764973857,51.35421139083775,3826.2294921875,1,Test,2022-08-27,0.009186538300937519,0.007129057307436071,0.0020824157298668933,0.002767280656761632,0.003460005575089292,26.208984375,7.694266183036234,3731.7390376553094,3592.8349648558515,138.90407279945794,17558.900390625,0.002080255529346653,17638.49246651786,17487.559430803572,56.945430676054734
0.0189669864089068,3728.8060128348216,3680.239769345238,3706.415758207916,71.83618427994791,64.38370310983792,3863.931884765625,1,Test,2022-08-28,0.01543259655016671,0.014828850906223545,0.005981010849002377,0.0033513562788489485,0.0036708352828281263,54.48594447544656,22.169433593749545,3741.2389505162987,3590.1741214703075,151.06482904599125,17558.900390625,0.002080255529346653,17638.49246651786,17487.559430803572,56.945430676054734
0.0098536673388531,3757.19970703125,3696.107166108631,3720.7354060767984,73.92803545307464,68.44862520057657,3813.774169921875,0,Test,2022-08-29,0.01862736222672212,0.024076773415291353,0.014216447345565486,0.003602594471930471,0.0037537320193258305,88.33443777901812,52.66531808035734,3756.114626209149,3587.5957218656285,168.51890434352026,17312.900390625,-0.014009988924553851,17546.549665178572,17519.516555059523,47.18751663855157
-0.0129810038943769,3777.596749441964,3708.125069754464,3729.19347551726,71.40485795707238,63.92538022662788,3867.345947265625,1,Test,2022-08-30,0.020263579137960175,0.028719344155178517,0.023223397340469853,0.00328152443295908,0.00379118885275796,105.46132114955344,85.73751395089221,3772.224954877031,3587.6704029633697,184.55455191366127,17759.30078125,0.02578426378902554,17546.671316964286,17559.02613467262,56.42420508424634
0.0140469191296785,3802.672188895089,3722.1375441778273,3741.752791130748,72.44478230472416,64.6041738597689,3858.5458984375,0,Test,2022-08-31,0.0198096054892678,0.03095556351136053,0.032761775390778514,0.0023277748359287254,0.003837777145531615,114.17937360491169,120.6302315848211,3789.885407877164,3590.084747675292,199.80066020187223,17759.30078125,0.02578426378902554,17546.671316964286,17559.02613467262,56.42420508424634
-0.0022754749505528,3824.099679129464,3734.2905622209823,3752.370346340452,72.9232206143665,69.88610291569572,3840.65673828125,0,Test,2022-09-01,0.017805806801543422,0.032823216555685875,0.04018627245496176,0.0013879683378267109,0.003947197857945351,121.53023856026721,147.7392229352672,3808.675176624108,3593.6430571928563,215.03211943125189,17542.80078125,-0.012190795272107646,17554.114397321428,17577.338076636905,50.19832907036496
-0.0046362439704278,3832.213204520089,3741.746802920387,3760.3963819714336,75.49193514437466,69.63185686593157,3833.250732421875,0,Test,2022-09-02,0.01445798974869228,0.02773198480407202,0.042972069178288885,0.0019386256616086288,0.0038647553556267387,103.40719168526766,157.89313616071422,3826.287496321667,3597.9494456426187,228.33805067904814,17539.44921875,-0.0001910505934481499,17548.678571428572,17586.83324032738,46.86835529560557
-0.0019283175675546,3843.390694754464,3745.939790271577,3767.019504739656,78.09369366401766,70.5180242469306,3759.81689453125,0,Test,2022-09-03,0.010707866425690105,0.02294021996273332,0.047569319856164416,0.0020909193145156203,0.003478470129225932,86.19098772321422,174.52542550223234,3844.278654991118,3601.310222659553,242.96843233156505,17539.44921875,-0.0001910505934481499,17548.678571428572,17586.83324032738,46.86835529560557
-0.0191570661604567,3833.903180803572,3748.2503836495534,3766.364721993437,77.7343738021227,61.95569638846248,3773.8115234375,1,Test,2022-09-04,0.0025636103911232944,0.014905357849517742,0.04405277410653263,0.003446747361918574,0.0034554020102368233,56.30643136160779,161.76775251116123,3858.4210385035226,3605.082023717459,253.33901478606367,17539.44921875,-0.0001910505934481499,17548.678571428572,17586.83324032738,46.86835529560557
0.003722157035521,3821.0288434709823,3751.5296688988096,3767.041703942897,77.26738570227049,61.27587348101552,4024.119873046875,1,Test,2022-09-05,-0.002918512215321134,0.0048273039757409375,0.035932299401911116,0.003974877776636448,0.0036626174630320246,18.356654575893117,132.5360281808048,3868.6043926101406,3609.7557148117344,258.84867779840624,17665.80078125,0.007203850071011875,17557.371651785714,17602.088076636905,49.189620805359276
0.0663277294201947,3851.078229631697,3767.665015811012,3790.4124465887135,95.87849633919868,74.31300301895419,4009.93359375,0,Test,2022-09-06,0.002000196047652558,0.007054876380307773,0.040109656671198035,0.004369510567129336,0.003764983320155673,26.978550502232792,148.5087890625,3883.798902981659,3610.18150996477,273.61739301688885,17655.599609375,-0.0005774531254664206,17576.393136160714,17614.823753720237,45.48575633759044
-0.0035253123029195,3871.4478934151775,3780.9951171875,3810.3689145124654,108.9490060380478,72.10459136934934,4018.829833984375,1,Test,2022-09-07,0.009792817095536588,0.010238127891426085,0.038254036302605154,0.004196550653947647,0.003520696864167103,39.23468889508831,142.64188058035597,3901.343277130226,3609.1182672336136,292.2250098966124,17624.400390625,-0.0017671004916441913,17585.75027901786,17626.366629464286,41.07191728917495
0.0022185505137144,3894.345598493304,3796.86023530506,3829.319907191731,118.2347228160015,71.79733717154573,4150.6923828125,1,Test,2022-09-08,0.01918769996923686,0.013257799632075962,0.03650215643459087,0.004231757876118455,0.003451016435360114,50.954903738839675,137.1458914620539,3921.2551705003525,3608.1874948177283,313.0676756826242,17798.75,0.009892512965589573,17655.157366071428,17645.473772321428,45.96207647497595
0.0328111799392594,3938.636404854911,3819.780808221726,3858.535586793618,137.385871894365,73.87335627449441,4147.65576171875,0,Test,2022-09-09,0.02273601573437456,0.027317649693330726,0.04263018688713549,0.005350187675901444,0.003948144742041248,104.73322405133877,161.03965541294656,3947.6820382608007,3606.4383439936623,341.2436942671384,17833.349609375,0.0019439347917691308,17665.735770089286,17660.15234375,52.09230154807073
-0.0007315938676458,3983.5514090401775,3843.1705147879466,3884.81923905954,149.47259004478946,76.44208889812518,4133.1474609375,0,Test,2022-09-10,0.028956483132750677,0.04253371859437771,0.04756634575899232,0.006003261020008591,0.004319998523053926,162.5225655691952,180.8792201450883,3979.8341233209508,3604.437204106505,375.3969192144459,17833.349609375,0.0019439347917691308,17665.735770089286,17660.15234375,52.09230154807073
-0.0034979520034319,4036.884347098214,3866.531180245536,3907.394531957536,154.79477227319563,72.37814221346261,4147.607421875,1,Test,2022-09-11,0.03660146358352412,0.04824781694561597,0.05564307571009475,0.005631549205357886,0.004825187127891598,185.8061174665172,212.78466796875,4019.091474363446,3601.23224215441,417.85923220903624,17833.349609375,0.0019439347917691308,17665.735770089286,17660.15234375,52.09230154807073
0.0034985349722365,4090.283761160714,3889.504103887649,3929.232067404578,159.15488149128686,71.40910368961033,4151.36669921875,1,Test,2022-09-12,0.03850250206362715,0.056525587782738196,0.06734243187102207,0.0033877298811826506,0.005214292618912058,218.8358677455367,258.070556640625,4064.3375438315625,3597.582541966429,466.75500186513364,17936.349609375,0.005775695663245095,17721.95703125,17679.27613467262,63.71101782402873
0.0009063725086233,4108.461879185268,3912.378952752976,3949.42612484223,160.69269242846374,77.39696362219196,4167.03271484375,1,Test,2022-09-13,0.03135656034502832,0.05498132491754304,0.06896805593888189,0.003915582033194887,0.005230629231627057,214.11628069196422,265.0711844308039,4104.15976857984,3601.719978211454,502.43979036838573,18070.05078125,0.007454201929980142,17797.757254464286,17698.84998139881,64.72890764076759
0.0037737007496707,4130.90461077009,3935.008231026786,3969.208542115096,161.5379842116715,75.91516747827694,4230.03271484375,1,Test,2022-09-14,0.023290304003744655,0.04881593174688126,0.07746711796312677,0.0038865121632423068,0.005229516328390134,192.2682059151789,297.00142996651766,4140.982089550896,3610.774575488167,530.2075140627285,18003.75,-0.0036690976717561608,17846.035714285714,17713.40234375,61.65466492538676
0.0151186718010594,4161.076450892857,3959.840576171875,3992.919830544973,165.03007907635185,79.37085479126291,4223.525390625,0,Test,2022-09-15,0.017307525312633354,0.0445645163383126,0.08899372952991857,0.0037155405079337964,0.005240941915657218,177.52504185267935,340.04760742187455,4178.184040415174,3620.830988184157,557.3530522310175,17877.400390625,-0.007017960667916379,17877.721540178572,17715.885695684523,60.113975969324436
-0.0015383626220939,4171.481166294643,3980.776925223214,4013.88397237043,169.418835798583,80.82552324941425,4208.341796875,0,Test,2022-09-16,0.015338900289826318,0.03334175755943547,0.08319824152042443,0.004422155308412269,0.005219964054642837,134.5968191964289,320.4029366629461,4210.622147145664,3635.2840540262114,575.3380931194524,17530.849609375,-0.019384853148544656,17864.35714285714,17696.19996279762,49.32075678722973
-0.0035950047284439,4180.150599888393,4002.364234561012,4031.5619564163,168.0896913973393,79.82580214064654,4227.6220703125,1,Test,2022-09-17,0.011921357125969312,0.021970807888931576,0.07973830850165342,0.004708210158754251,0.005263800320316251,89.8668387276789,308.7027064732156,4239.7994301167455,3651.2412297604883,588.5582003562572,17530.849609375,-0.019384853148544656,17864.35714285714,17696.19996279762,49.32075678722973
0.0045814418999465,4193.64697265625,4021.4781668526784,4049.385603134136,169.87176657950732,90.70352847609192,4238.94970703125,1,Test,2022-09-18,0.007827426904498225,0.020734059600882704,0.07685537058620162,0.0038718079826161366,0.004751513911851928,85.18509347098188,299.3013741629461,4267.493097565968,3667.192288873764,600.3008086922041,17530.849609375,-0.019384853148544656,17864.35714285714,17696.19996279762,49.32075678722973
0.0026794345687368,4206.695870535715,4039.336158389137,4066.6187034884174,172.17786099103944,90.6601816598658,4129.00146484375,0,Test,2022-09-19,0.008441774716761108,0.018347375915682473,0.06805895191299816,0.001851836887750705,0.003977076314935642,75.791259765625,268.0594656808039,4293.155083660408,3684.440214888699,608.7148687717095,17622.25,0.0052136885924867205,17839.14285714286,17680.283296130954,58.09707264754088
-0.0259376142172967,4203.500837053572,4054.346981956845,4072.289863611631,165.12633822947302,62.14969526422218,4005.605224609375,0,Test,2022-09-20,0.0055859798845050435,0.01019553153165731,0.055214406801490146,0.00256111613786237,0.004455228087865127,42.424386160714675,219.94942801339403,4314.377594698083,3703.300568666871,611.077026031212,17816.25,0.011008809885230342,17836.700055803572,17683.035714285714,51.71755680225065
-0.029885249807981,4180.43976702009,4060.930757068452,4066.2276237023343,159.97347522106483,49.59984182365053,4021.17431640625,1,Test,2022-09-21,-0.0031493365374517523,0.002147582685457561,0.03556094442613045,0.003962460365383894,0.005458074796857441,8.958600725446558,143.55541992187545,4328.370382577519,3724.941789576499,603.4285930010201,17718.349609375,-0.005495005437451739,17805.557198660714,17693.87620907738,55.70239271969638
0.0038868263155895,4150.60285295759,4068.674967447917,4062.1318684936,153.49133043509624,50.2141059787807,4049.372314453125,1,Test,2022-09-22,-0.01333422222676195,-0.0070685843068889476,0.01474692107418929,0.0043094094393286275,0.006415099952739611,-29.54774693080344,60.319091796875455,4334.532981689727,3750.618155308041,583.9148263816865,17629.80078125,-0.004997577656902563,17742.66434151786,17696.366722470237,52.78098398499495
0.0070123789291671,4125.723842075893,4078.6138044084814,4060.971909035375,144.4814278501475,38.58598404485,4022.475830078125,0,Test,2022-09-23,-0.018502909358808606,-0.016196673449919485,0.004201563358316562,0.004560963555343166,0.006674665751318947,-67.92313058035688,17.261962890625,4335.085848739817,3778.298602990093,556.7872457497242,17327.349609375,-0.017155677232420508,17646.035714285714,17683.14769345238,40.60146461101897
-0.0066421366785662,4099.17156110491,4087.6245233444943,4057.4722654938064,133.92927998927948,36.617509726204666,4076.654541015625,1,Test,2022-09-24,-0.01944010928139961,-0.025560276459232423,-0.007681864544256234,0.004562555944105465,0.00671970756736304,-107.52430943080435,-31.73304966517935,4328.204999540158,3811.7062902198873,516.4987093202703,17327.349609375,-0.017155677232420508,17646.035714285714,17683.14769345238,40.60146461101897
0.0134689960179195,4077.604771205357,4102.712030319941,4059.216108723064,111.04576749513,44.4327783153714,4044.7451171875,0,Test,2022-09-25,-0.01758734437823095,-0.029950289229979332,-0.020060116816548512,0.0037555845675442756,0.006124877082913446,-125.89606584821468,-83.4716796875,4312.9298689540165,3852.6390135794663,460.2908553745501,17327.349609375,-0.017155677232420508,17646.035714285714,17683.14769345238,40.60146461101897
-0.0078273553736479,4049.861258370536,4115.613630022322,4057.900564038011,83.16020454211674,40.20023594384983,4045.9990234375,1,Test,2022-09-26,-0.018387702766646252,-0.031235591451335032,-0.029155089781248478,0.0021592698344346127,0.005260634075819405,-130.5785086495539,-121.61990792410734,4296.381351438632,3889.0658339687334,407.3155174698986,17016.30078125,-0.017951321762256445,17523.021484375,17659.045386904763,34.78874299783348
0.0003100087183915,4038.003766741072,4116.6554943266365,4056.818605801601,82.08674776369517,39.91339636029134,4140.76318359375,1,Test,2022-09-27,-0.01492198934639144,-0.027128369108184613,-0.034005194250923965,0.0014042777403982527,0.005072084487705276,-112.59908621651766,-142.1468331473211,4278.553098208882,3923.549674531074,355.0034236778083,17007.400390625,-0.0005230508522044985,17448.243024553572,17632.78348214286,35.16186002818225
0.0234216962503708,4057.3120465959823,4122.8854747953865,4064.449931055432,78.46694654377009,47.81601599098477,4257.21728515625,1,Test,2022-09-28,-0.004976628620967594,-0.01658176797540789,-0.0325098719442074,0.004223329881070198,0.005005877544835498,-68.41179547991078,-136.33492606026766,4259.648523672447,3958.750893877777,300.8976297946697,16858.599609375,-0.00874917846539458,17339.15011160714,17611.15011160714,27.109173412312316
0.0281238255845943,4091.032470703125,4134.237258184524,4081.974235973688,79.89135440706306,52.07557889839304,4328.50830078125,1,Test,2022-09-29,0.010166079701494413,-0.0019855451962570436,-0.02749507057135081,0.00608954138419482,0.005143920257483925,-8.139090401785325,-115.66339983258968,4244.628990255503,3989.010033879543,255.6189563759599,16818.099609375,-0.0024023347691036756,17196.557198660714,17566.331008184523,25.351466181100875
0.0167459189535785,4130.909040178572,4142.704682849702,4104.386423683466,90.4481603337855,57.29401667068111,4360.6103515625,1,Test,2022-09-30,0.023007723321783802,0.013072446194302811,-0.017269366580139223,0.007195231815974266,0.005859716948988374,53.304268973214675,-72.591796875,4235.585127551972,4012.789659696912,222.79546785505954,17094.349609375,0.01642575596626905,17107.41434151786,17544.97619047619,31.14393287284892
0.0074164235229619,4179.213971819197,4152.845377604167,4127.679508036105,102.20475868039524,60.33633544448967,4387.79638671875,1,Test,2022-10-01,0.03004499624954593,0.03194003576821447,-0.00029322159131761616,0.007655986020510359,0.00670993359793302,129.35271344866078,-1.225795200893117,4237.271226447565,4025.3365232734177,211.93470317414722,17094.349609375,0.01642575596626905,17107.41434151786,17544.97619047619,31.14393287284892
0.0062344564096419,4223.662806919643,4164.971516927083,4151.326497007254,114.15829237266384,60.757533523317925,4340.0771484375,0,Test,2022-10-02,0.032419771088671556,0.04597792644666354,0.017602251179004824,0.007214191265577176,0.007253670241232206,185.6590401785711,73.05995396205344,4249.701965996846,4026.243688300028,223.4582776968182,17094.349609375,0.01642575596626905,17107.41434151786,17544.97619047619,31.14393287284892
-0.0108754450014338,4265.853097098215,4174.1367420014885,4168.485647137277,120.25779733027268,56.475333210356325,4303.34716796875,0,Test,2022-10-03,0.03266691558858681,0.051398819737612955,0.03396476845910623,0.005089882775221771,0.007663001069785196,208.54105050223234,140.12925502232156,4270.269513061963,4021.415263026207,248.8542500357562,16887.349609375,-0.012109264448790458,17001.34988839286,17513.923828125,24.356024064241325
-0.0084629787011905,4302.617117745535,4181.373907180059,4180.745785394684,123.35228168717218,62.318666578345976,4340.5107421875,1,Test,2022-10-04,0.029527836276978636,0.05171913167583475,0.04963089580612423,0.002228458526945081,0.00790115946011151,211.58464704241032,203.445556640625,4296.9030817725225,4011.952945013191,284.9501367593316,17274.30078125,0.02291367093271912,16993.771484375,17495.28097098214,36.11446961213402
0.008635969343903,4331.152483258928,4189.634765625,4195.2698723758485,128.06277620370227,76.94697599790047,4335.40087890625,0,Test,2022-10-05,0.0254493981297903,0.04847442563676019,0.0621805511519995,0.0016687769755462803,0.007715540492203645,200.24344308035688,253.54771205357156,4325.905486091387,3999.958143930934,325.94734216045254,17274.30078125,0.02291367093271912,16993.771484375,17495.28097098214,36.11446961213402
-0.0011772493111432,4342.321568080357,4194.652297247024,4208.009054787703,131.73620807600548,75.71595035001306,4343.98095703125,1,Test,2022-10-06,0.01792571596854997,0.039028295119849954,0.07221489603016495,0.003084220532196227,0.007195581322687149,163.10759626116032,292.4603097098211,4353.167766821511,3989.7799033793817,363.38786344212895,17331.80078125,0.0033286441360573793,17038.842912946428,17479.861979166668,39.334603446103564
0.0019790737614937,4344.531947544643,4200.388276599702,4220.370136809844,135.62135392975708,74.91031628038708,4349.5244140625,1,Test,2022-10-07,0.009741705722834615,0.028617137813885085,0.07591082091806944,0.004247032615540025,0.006748632374751365,120.869140625,306.5281808035711,4377.221323131464,3982.1644818350537,395.05684129640986,17314.650390625,-0.0009895331040011834,17082.735770089286,17465.111979166668,45.149008450911616
0.0012761236953116,4342.9482421875,4207.111258370535,4232.111434741903,139.4797823495666,78.68919727532177,4389.96533203125,1,Test,2022-10-08,0.0027234688628869907,0.01807262072426452,0.07040035183667026,0.004571035733986028,0.006220275688920359,77.09514508928532,285.63619559151766,4397.759141540735,3976.556790378907,421.2023511618281,17314.650390625,-0.0009895331040011834,17082.735770089286,17465.111979166668,45.149008450911616
0.0092977792785804,4343.258091517857,4214.841889880952,4246.461789040935,145.0606936076929,78.162878979069,4358.44140625,0,Test,2022-10-09,0.00021567344168715863,0.009445640330091987,0.061653292321921294,0.004336170763094128,0.0057445406608486165,40.64097377232156,252.22562081473188,4415.810625726502,3972.1615282913544,443.64909743514727,17314.650390625,-0.0009895331040011834,17082.735770089286,17465.111979166668,45.149008450911616
-0.0071809054051603,4345.881556919643,4220.531970796131,4256.641754241759,148.3596665902365,78.21708599568169,4350.0546875,0,Test,2022-10-10,0.0003106455174677336,0.003400728493777594,0.052040002491020365,0.0035587185245553473,0.004898814758716839,14.729073660714675,214.97251674107156,4433.120181548474,3969.0900444559907,464.0301370924831,17241.0,-0.00425364584114718,17137.364397321428,17438.55245535714,41.37697971646519
-0.0019242472178181,4352.554059709822,4231.058314732143,4265.133839083417,149.3792542135499,77.00340151984278,4318.14501953125,0,Test,2022-10-11,0.002211819479912336,0.002356456441338084,0.04147672003861791,0.002402891979152773,0.0044648021809511355,10.232491629464675,173.340087890625,4451.077887091305,3968.3437681821333,482.73411890917123,16983.55078125,-0.014932383199930399,17161.00027901786,17398.085844494046,31.69168799491557
-0.0073354636346166,4349.358956473215,4245.941162109375,4269.953037305948,141.13588275623786,67.73319613233778,4314.9638671875,0,Test,2022-10-12,0.0014046747457334696,0.0011110538458116714,0.02975998684072101,0.0011393205886973039,0.004755697335685752,4.8270089285715585,125.69614955357156,4467.05982703823,3972.2374385867706,494.8223884514591,17123.599609375,0.008246145339619648,17165.178850446428,17359.383463541668,37.16135995682677
-0.0007366941891394,4346.439383370535,4259.931140718006,4274.044930931544,132.00769625020848,57.46335060361856,4296.45458984375,0,Test,2022-10-13,0.00012835749055417622,0.0008038643309451476,0.018891012990376543,0.0008144361931368923,0.004877197694003078,3.4911411830353245,80.58628627232065,4480.137150254269,3981.2316695001964,498.9054807540724,17014.349609375,-0.006380083772817624,17183.321707589286,17309.111979166668,36.832177341103645
-0.0042895555822612,4339.64990234375,4271.696963355655,4276.082172650835,123.006596200079,45.20277459486004,4289.5126953125,0,Test,2022-10-14,-0.002964732244343904,-0.000830756335008842,0.008607036969540793,0.0010091357645027588,0.004850281425487658,-3.608189174106883,37.032784598214675,4488.627885251996,3996.7887686263543,491.83911662564196,17185.69921875,0.010070888003887335,17170.66434151786,17270.157180059523,46.7892101523382
-0.0016157262659448,4331.076799665178,4284.413004557292,4277.303129256441,108.95481389707552,38.49276095340457,4345.71630859375,1,Test,2022-10-15,-0.004203414110216519,-0.0034066177507512396,-1.7474239025871974e-05,0.0012242770524152347,0.004440845866854316,-14.804757254464675,-0.07568359375,4491.401748185158,4019.362108539173,472.03963964598506,17185.69921875,0.010070888003887335,17170.66434151786,17270.157180059523,46.7892101523382
0.013102563688101,4324.755510602678,4297.225469680059,4283.522509196197,98.6332096270193,43.774093060620594,4318.24169921875,0,Test,2022-10-16,-0.004988881899703812,-0.006386721158610165,-0.004045314747485151,0.0012641465408006524,0.0038919018089529933,-27.798549107143117,-17.56605747767844,4485.992373644633,4052.2609083029124,433.7314653417202,17185.69921875,0.010070888003887335,17170.66434151786,17270.157180059523,46.7892101523382
-0.0063222280112184,4319.0126953125,4310.249116443452,4286.678799198247,79.90733115942253,46.56349756473172,4355.2119140625,1,Test,2022-10-17,-0.004755500442582772,-0.006977180192393573,-0.005873878369467511,0.001161933011367632,0.0031399989960717327,-30.346261160714675,-25.519252232143117,4471.532059147149,4094.822115657539,376.70994348960994,17311.80078125,0.007337586960815656,17167.807198660714,17243.22386532738,57.31109053621236
0.0085614047148956,4319.749441964285,4324.973539806548,4292.909082367725,52.60427333668621,58.15639978560645,4359.935546875,1,Test,2022-10-18,-0.00261536754595737,-0.006140645031969316,-0.005341716946534403,0.0007176978561160443,0.0022164150284779416,-26.68994140625,-23.198800223214675,4452.16491118256,4140.433003158957,311.73190802360295,17486.94921875,0.010117285874136073,17192.421316964286,17241.133370535714,60.96286817268117
0.0010845931049296,4325.719517299107,4335.410319010417,4299.002397322932,31.894846374190937,53.40190387582051,4350.9228515625,0,Test,2022-10-19,0.00022290432235183566,-0.0032100250845396028,-0.0040381146708738935,0.0011827007959509563,0.0013250193792533633,-13.930385044643117,-17.53857421875,4430.614983750867,4185.451635250249,245.16334850061867,17512.25,0.0014468379208691928,17231.171316964286,17235.89527529762,65.83723661707627
-0.0020671625109136,4330.856515066965,4339.872488839285,4303.722438617438,26.5084726797952,52.68173343794026,4343.595703125,0,Test,2022-10-20,0.0027422516649044937,-5.086139276744284e-05,-0.0034573058781952604,0.001399394632024731,0.001150201462508058,-0.220284598213766,-15.025041852678442,4408.08763585458,4227.973730635375,180.11390521920475,17563.94921875,0.0029521745492440132,17314.085379464286,17223.880952380954,67.97358242267183
-0.0016840446699414,4337.590959821428,4340.590936569941,4307.347280845398,26.38925967200705,49.93315020953045,4189.83251953125,0,Test,2022-10-21,0.004130220536362916,0.0029679016969357264,-0.0034377746222388206,0.0015017965552449667,0.0012301652566461892,12.83544921875,-14.963099888393117,4388.158131510102,4263.740933780077,124.41719773002478,17576.30078125,0.0007032337856462956,17378.756975446428,17217.116722470237,63.30657555432605
-0.0353999759883556,4323.350934709822,4332.458658854167,4296.66412072593,41.7530664109395,31.70218075089265,4141.630859375,0,Test,2022-10-22,-0.0005475580605290853,0.001004451642855786,-0.005979736789644585,0.0018252112723757992,0.0014947838583089638,4.3382393973215585,-26.008021763393117,4370.482347029792,4291.385531039403,79.09681599038959,17576.30078125,0.0007032337856462956,17378.756975446428,17217.116722470237,63.30657555432605
-0.0115044360201879,4294.195870535715,4320.736490885417,4282.5701878758455,57.15494832625486,22.042553846458304,4130.78564453125,0,Test,2022-10-23,-0.008464987099828458,-0.005915521668995449,-0.012019841582216473,0.0030731574035583564,0.002267032380226151,-25.55357142857065,-52.24351283482065,4363.141943681567,4301.560211731379,61.58173195018753,17576.30078125,0.0007032337856462956,17378.756975446428,17217.116722470237,63.30657555432605
-0.0026185855794464,4267.416434151785,4310.770228794643,4268.771593026337,70.34030543662567,23.118975769896466,4114.9755859375,0,Test,2022-10-24,-0.01617822572936478,-0.013478239380560919,-0.016644998978593395,0.003661766628547606,0.0026447617404533746,-58.30308314732156,-72.23346819196468,4371.0458602537265,4290.136226799844,80.90963345388263,17730.75,0.008787356376761757,17481.09988839286,17221.923828125,73.98203489721772
-0.0038273732781755,4233.096958705357,4301.800153459822,4254.790137836442,82.32432946466372,22.72066906156861,4117.67431640625,1,Test,2022-10-25,-0.02087593104687957,-0.022572799634784535,-0.02262251294352391,0.0042304745149714705,0.0030615375002902715,-97.75955636160779,-97.97984095982156,4385.155817050426,4266.220717547788,118.93509950263797,17656.349609375,-0.004196122026705051,17548.33565848214,17237.590494791668,63.211914491236364
0.0006558314654339,4198.488211495535,4291.188895089285,4242.32506316097,90.99042360018905,25.044918223304947,4121.0,1,Test,2022-10-26,-0.022287678980101977,-0.03206912537728546,-0.029196401691976126,0.004166445155126336,0.003449716941764623,-139.10274832589312,-126.26729910714312,4400.146217739516,4236.846981200218,163.29923653929836,17656.349609375,-0.004196122026705051,17548.33565848214,17237.590494791668,63.211914491236364
0.0008076606691547,4165.64208984375,4280.979329427083,4231.295511964519,97.57196431001412,25.86359007512437,4138.1123046875,1,Test,2022-10-27,-0.0238491710097809,-0.03647838152575433,-0.035510570653150886,0.0035540664254197028,0.00367801251791527,-157.70884486607156,-153.37060546875,4414.936833812709,4204.167379356934,210.7694544557744,17736.94921875,0.004564907874966551,17609.071149553572,17271.907087053572,63.79041672539097
0.0041524641318855,4136.287318638393,4271.176060267857,4222.824311302971,101.2001384023486,30.22751301459317,4153.72900390625,1,Test,2022-10-28,-0.022869695877831164,-0.036772554549921344,-0.04247054737565237,0.0016943959915973236,0.0038004076981871158,-157.90855189732156,-183.4621233258922,4428.608856217569,4169.829264597164,258.779591620405,17786.80078125,0.002810605244745412,17651.907087053572,17309.021391369046,65.72104910612671
0.0037738703227216,4131.129673549107,4261.852469308035,4216.542919721451,102.63020764927406,33.40399399861782,4114.9755859375,0,Test,2022-10-29,-0.016043521990129594,-0.031936597401647226,-0.04498438767742807,0.0024136990134874994,0.003826544287196776,-136.28676060267844,-194.58984375,4436.287851348837,4140.9374276690205,295.35042367981623,17786.80078125,0.002810605244745412,17651.907087053572,17309.021391369046,65.72104910612671
-0.0093297896738823,4127.32177734375,4248.757719494048,4207.309525741091,103.00926700779448,20.54137486924442,4133.67724609375,1,Test,2022-10-30,-0.009199137053427786,-0.02498765853781837,-0.0469964167630863,0.003184943793908653,0.003849756538035198,-105.77518136160688,-203.53473772321468,4439.213167397165,4116.156133663104,323.0570337340614,17786.80078125,0.002810605244745412,17651.907087053572,17309.021391369046,65.72104910612671
0.0045447803433296,4127.73486328125,4238.054664248512,4200.615682136788,102.71940488144284,25.896758329911165,4080.510986328125,0,Test,2022-10-31,-0.0020676647191807396,-0.016852101196940694,-0.04838079442807075,0.00382414383286522,0.003924927557495455,-70.75334821428532,-209.85609654017844,4437.0690236072005,4095.818357810211,341.2506657969893,18012.19921875,0.012672230395564199,17723.32840401786,17363.95470610119,73.32163867035226
-0.0128617346252337,4122.81134905134,4225.219249906994,4189.697073426909,104.8431740602653,15.581358214497868,4099.3095703125,1,Test,2022-11-01,-0.0020135713848509207,-0.010281906094821713,-0.04638522032723713,0.0037120296024134455,0.0038504531535570453,-42.830740792410325,-200.53958565848188,4432.510244505955,4077.7223761692676,354.7878683366871,18145.400390625,0.007395053222392978,17806.39285714286,17427.159505208332,87.99003735990037
0.0046069190960054,4120.18781389509,4214.79851422991,4181.480027689235,106.01401919625272,18.457399092539035,4119.16845703125,1,Test,2022-11-02,-0.0017284728047667341,-0.0038922597738213494,-0.04052168598888739,0.0032859722643180244,0.0036955008298318677,-16.09950474330344,-174.008056640625,4425.481407274958,4062.1260564527206,363.35535082223714,18082.849609375,-0.003447197631545107,17878.756975446428,17474.230933779763,83.03993563369329
0.0048444466996515,4119.926164899553,4205.47492327009,4175.815339447599,105.37218297858912,22.6691504186293,4100.2734375,0,Test,2022-11-03,-0.0018917635556391366,-0.0027119721564993204,-0.034561958395219916,0.002469596964200883,0.0035879104489599614,-11.203508649553442,-147.49026925223188,4416.652385879197,4048.9827041040608,367.66968177513627,18052.69921875,-0.0016673473084335422,17924.74972098214,17529.723772321428,87.82549053926947
-0.0045870956063952,4114.520612444197,4196.132963634673,4168.947893815999,105.59907087314348,22.067071673686456,4099.98388671875,0,Test,2022-11-04,-0.0020109425111218826,-0.003101566970092673,-0.02801172461153012,0.0005766513513130942,0.0033476426464465353,-12.801164899553442,-118.57634626116032,4406.9630682460775,4037.0164030150827,369.94666523099477,18117.150390625,0.003570168155688336,17990.57840401786,17569.859468005954,86.79721920017283
-7.061743214531457e-05,4106.842738560268,4187.107782273066,4162.67843862534,105.31799803883946,34.07355540283925,4075.352783203125,0,Test,2022-11-05,-0.0032389483046904033,-0.005061401813093669,-0.0218282077544818,0.0006993926672426609,0.0033843546243385223,-20.892124720981883,-91.64547293526721,4396.25156234262,4025.9366317142985,370.31493062832124,18117.150390625,0.003570168155688336,17990.57840401786,17569.859468005954,86.79721920017283
-0.0060076098336419,4101.182338169643,4174.233328683035,4154.739742677866,101.41236284438132,37.180413456752696,3999.9658203125,0,Test,2022-11-06,-0.004549554040458759,-0.0052461801063667934,-0.015474145469978384,0.000728763270850617,0.0033110112498729435,-21.62901088169656,-64.45975167410688,4384.2547918563,4016.150366486334,368.1044253699656,18117.150390625,0.003570168155688336,17990.57840401786,17569.859468005954,86.79721920017283
-0.0184982667516142,4082.0807059151775,4159.077334449405,4140.669386099196,102.59052418657656,29.75206923862902,3987.8671875,0,Test,2022-11-07,-0.00788424936574772,-0.009248876435049458,-0.013105137179169613,0.0014722851296691604,0.003228233915712524,-38.10710797991214,-54.206612723215585,4370.553395233148,4006.084889504574,364.46850572857375,18202.80078125,0.004727586225111935,18057.12862723214,17611.33565848214,86.36131763865686
-0.0030246840488138,4068.845877511161,4141.584728422619,4126.778277135633,98.72047345363416,30.09786007538284,3968.730712890625,0,Test,2022-11-08,-0.00925208571839009,-0.012398350199472108,-0.015076698375443898,0.0015806828623296976,0.002909142780025964,-51.08028738839266,-62.283796037946104,4353.085369123712,3997.865551635215,355.2198174884966,18202.80078125,0.004727586225111935,18057.12862723214,17611.33565848214,86.36131763865686
-0.0047986740053326,4050.1917550223216,4122.955926804316,4112.410316749723,92.14889882697868,27.82067287661989,3947.6669921875,0,Test,2022-11-09,-0.012433142187498691,-0.015634593548350506,-0.018687668779502675,0.001757706296862311,0.0025346911121013407,-64.328857421875,-77.13002232142844,4331.553132201158,3991.331312553307,340.2218196478516,18157.0,-0.002516139235956394,18110.014229910714,17651.44754464286,80.5720416769148
-0.0053074199856163,4025.691545758928,4103.753266834077,4097.43365088043,83.91725024311528,25.48395205991268,3961.211669921875,1,Test,2022-11-10,-0.0138138278536577,-0.019759995200057112,-0.024721383737618452,0.0018599110657172891,0.0022833089850092005,-81.15119280134013,-102.04331752232201,4304.784501171714,3986.9100021764993,317.87449899521425,18028.19921875,-0.007093725904609771,18112.299944196428,17688.93322172619,71.50943703486573
0.003431058840875,4005.825578962053,4085.544503348214,4085.049834429652,69.52448128187255,24.72426695019608,3984.452880859375,1,Test,2022-11-11,-0.015488494881908954,-0.023251041125410654,-0.028375242082373076,0.0017132702026214793,0.0020084216931027213,-95.35675920759013,-116.98577008928669,4277.260443137657,3982.68152463578,294.5789185018766,18349.69921875,0.017833173247033374,18141.485491071428,17753.98790922619,76.74153957416034
0.0058671974320319,3989.321149553572,4075.7645205543154,4075.904656832354,68.55945829565657,26.329398446392204,3942.70556640625,0,Test,2022-11-12,-0.01502906754804112,-0.022723596872347818,-0.03176230556776505,0.001481871704246177,0.0020407554680380645,-92.75955636160552,-130.86666434151766,4253.300816031118,3976.1536796441046,277.1471363870137,18349.69921875,0.017833173247033374,18141.485491071428,17753.98790922619,76.74153957416034
-0.0104775525527411,3970.3715471540177,4066.291887555803,4063.795648611799,72.62573608260446,26.11077330595984,3880.5185546875,0,Test,2022-11-13,-0.01374173802838674,-0.0242020300895196,-0.036300315044403675,0.0008474899630959881,0.002070731446918643,-98.47433035714312,-149.55461774553578,4233.114248549439,3966.6357584260068,266.4784901234325,18349.69921875,0.017833173247033374,18141.485491071428,17753.98790922619,76.74153957416034
-0.0157726745432409,3953.307652064732,4054.374407087053,4047.1340946186806,81.50450422885002,18.672000096678488,3929.5625,1,Test,2022-11-14,-0.013110387824456615,-0.02392086815086014,-0.03918146864834815,0.0008556855108725295,0.0019318482181111404,-96.88410295758968,-161.21296037946468,4218.982340570957,3952.788735740427,266.1936048305297,18329.150390625,-0.0011198455015547504,18176.671316964286,17811.395089285714,75.4796702824545
0.0126385029787468,3944.978410993304,4045.545212518601,4036.445767835164,84.59555108076904,31.127810827887444,3911.8291015625,0,Test,2022-11-15,-0.011115359455387663,-0.0200495079784877,-0.03941332499712635,0.0011908778169359574,0.001877942287601949,-80.71313476562409,-161.86432756696422,4209.404336485117,3937.015759776043,272.38857670907373,18403.400390625,0.004050924260950772,18226.771484375,17877.540364583332,74.07215839114943
-0.0045128175051294,3936.849609375,4035.743059430803,4025.1169799921945,87.68916969799746,26.497837453373336,3921.155029296875,1,Test,2022-11-16,-0.008443022871007178,-0.017218914859724155,-0.040069598287596486,0.0014758792467319693,0.0017670206497699243,-68.97596958705299,-164.33272879464312,4203.593432279333,3919.947415934953,283.64601634437986,18409.650390625,0.0003396111515991951,18268.557198660714,17935.823753720237,78.34080387978544
0.0023840325055739,3933.062186104911,4026.226632254464,4015.6658935653472,88.81094253271614,24.504158548553704,3953.3359375,1,Test,2022-11-17,-0.0051211460735284264,-0.014102390191112368,-0.03650553003382073,0.0015741006966044633,0.001655383311274337,-56.258963448661234,-149.01851981026675,4199.924909667758,3903.29342529318,296.63148437457767,18343.900390625,-0.00357149639481924,18288.714285714286,17984.971354166668,73.09284280081505
0.0082069971635105,3931.937081473214,4017.427757626488,4009.999533923042,86.28919279605404,31.70648231791164,3938.260009765625,0,Test,2022-11-18,-0.003305805041606269,-0.009680319643725399,-0.03364806634595141,0.0017495938626586078,0.0017693635425605873,-38.43446568080344,-136.90879603794656,4194.173855112846,3889.125220640502,305.04863447234356,18307.650390625,-0.00197613371355454,18310.235770089286,18024.05236235119,70.02416340408149
-0.0038134699334225,3925.3380998883927,4007.167329334077,4003.477758999641,81.97414051645272,30.580576618981524,3947.343994140625,1,Test,2022-11-19,-0.0029240409537601986,-0.007074974840809878,-0.03082660345133237,0.0016492972812762558,0.001781212380191645,-27.96955217633922,-124.8536551339289,4186.911507177571,3876.189200830241,310.72230634733023,18307.650390625,-0.00197613371355454,18310.235770089286,18024.05236235119,70.02416340408149
0.0023065984349623,3926.000732421875,3999.184872581845,3998.374689467003,79.06114519098433,34.03283549000476,3835.050048828125,0,Test,2022-11-20,-0.0017954086024836169,-0.004810591236328321,-0.02476364922744201,0.0014728306607806694,0.0019448703820939893,-18.977678571428896,-99.69081333705299,4176.726139906474,3866.201155015401,310.52498489107256,18307.650390625,-0.00197613371355454,18310.235770089286,18024.05236235119,70.02416340408149
-0.028447975519536,3919.5052315848216,3984.964529854911,3983.5269948634686,80.50427141503167,31.1635517745432,3850.2705078125,1,Test,2022-11-21,-0.003161762162210091,-0.004405649062355743,-0.02154870342597337,0.0008906249455578506,0.0019267598149735675,-17.34437779017844,-86.32034737723143,4165.238241338164,3857.3584418370597,307.8797995011041,18159.94921875,-0.008067729540576885,18329.057198660714,18054.895182291668,56.041188177006305
0.0039687771451706,3908.177804129464,3974.000697544642,3971.4127687679256,82.49478485128571,34.39518451247065,3830.89453125,0,Test,2022-11-22,-0.0043716732985157325,-0.006326973944973613,-0.02034013868078488,0.001053974402219224,0.0019242041487741845,-24.88438197544656,-81.14334542410779,4152.246066077363,3849.149616121297,303.09644995606595,18244.19921875,0.00463933015368867,18313.985770089286,18087.288039434523,54.20812958892851
-0.0050323676020125,3896.61572265625,3961.219029017857,3958.638383539024,82.9017670901837,34.376509903305305,3837.8525390625,1,Test,2022-11-23,-0.007484718360584175,-0.008983195327156634,-0.018576554768693132,0.0012010130528677038,0.0018609006154421662,-35.32135881696422,-73.75582449776766,4136.942896947328,3842.121741027001,294.8211559203273,18267.25,0.0012634580983039712,18305.14285714286,18120.190383184523,58.12763100126546
0.0018162880120402,3884.7153669084814,3947.8230329241073,3947.657852222976,78.72636846363318,37.14154703941124,4000.494873046875,1,Test,2022-11-24,-0.0088760857865402,-0.010348849435687146,-0.017350606427108173,0.0013100968155951216,0.0016081485772305813,-40.622732979911234,-68.59228515625045,4120.162035858533,3835.922077562227,284.2399582963062,18484.099609375,0.011870949889830174,18316.671316964286,18156.06417410714,66.32727434007731
0.0423784739848562,3891.4523577008927,3943.071672712053,3952.461217752421,71.76905141314158,53.409347099775054,4011.36669921875,1,Test,2022-11-25,-0.0042796022255945365,-0.008799890034577262,-0.013568148597024599,0.0018152575499278622,0.0018187191812197574,-34.54837472098234,-53.526053292411234,4100.672947805115,3833.8721275297066,266.8008202754081,18512.75,0.0015500019600884762,18331.399832589286,18196.845145089286,65.38935531664325
0.0027176203237062,3901.896170479911,3938.851806640625,3957.816261522087,64.29803647586574,52.38707313682532,4007.59814453125,0,Test,2022-11-26,0.0013551369186750595,-0.004492674474066427,-0.008878530389337946,0.002391507231338898,0.0021127280645718708,-17.60906110491078,-34.95343889508922,4077.7337167519963,3836.8827418138517,240.85097493814465,18512.75,0.0015500019600884762,18331.399832589286,18196.845145089286,65.38935531664325
-0.0009394690064695,3910.50390625,3935.6253952752977,3962.341887250193,58.54899142070158,56.17128592138832,4057.560546875,1,Test,2022-11-27,0.00663846302902793,0.0005951884067501023,-0.005735551279765327,0.0026468869005160447,0.002127609784206619,2.3261021205357792,-22.55827985491078,4055.3881757694517,3842.070602829878,213.31757293957344,18512.75,0.0015500019600884762,18331.399832589286,18196.845145089286,65.38935531664325
0.0124669192224096,3942.291120256697,3938.368001302084,3970.998129034266,62.90080253268624,67.23749078894198,4056.303466796875,0,Test,2022-11-28,0.013064213019388093,0.011721812170205625,0.0026333175147359444,0.00413711689103834,0.0030675280063352395,45.67539760044701,10.354038783482792,4032.8381772577545,3851.96512561613,180.87305164162444,18562.75,0.0027008413120686026,18362.6640625,18236.168991815477,64.40197429910194
-0.0003098117855796,3971.7244001116073,3941.626871744792,3978.7531597399575,67.21822625022402,63.60609420170204,4010.83544921875,0,Test,2022-11-29,0.01789597328601089,0.022397788508342842,0.011817147731690625,0.0044244140474532815,0.0036248686358415685,87.00903320312591,46.386300223214675,4014.9565510985794,3862.0000162842334,152.956534814346,18618.05078125,0.00297912654375021,18407.006975446428,18275.75232514881,68.30798249070091
-0.0112092248398835,3997.430245535714,3943.631859188988,3981.6697315107567,68.67917745865795,60.03133602069148,4006.53515625,0,Test,2022-11-30,0.022228935546332984,0.02723350515267109,0.01819396326749434,0.003962683233769758,0.0038721559076797412,105.97788783482156,71.42951311383922,4007.5696287728947,3866.560808587597,141.00882018529774,18758.349609375,0.007535634625419174,18492.492745535714,18311.283296130954,78.73136450482882
-0.0010721688843124,4021.527762276786,3946.435105096726,3983.930224668869,70.04002743816622,58.7397306284553,3884.3837890625,0,Test,2022-12-01,0.020099135148327063,0.030659860378130288,0.026029441131964592,0.002674562624887429,0.004033375899783786,119.631591796875,102.02253069196422,4011.8421445323456,3863.8585111596185,147.98363337272713,18812.5,0.002886735334004964,18573.678571428572,18343.049944196428,73.06391014035702
-0.0304880307856402,4004.940464564732,3942.776634579613,3974.880548704654,71.22606801140793,44.03971721008758,3903.760009765625,1,Test,2022-12-02,0.008363134272909578,0.024149460166450032,0.024759022051920487,0.004284458555665161,0.004293366628320468,94.43655831473188,96.76266043526766,4015.1955291063673,3862.067058086714,153.12847101965326,18696.099609375,-0.006187396179402005,18634.942801339286,18372.25232514881,66.6923730289321
0.0049882353946806,3989.568080357143,3938.9341169084814,3968.415045164742,71.04167052234477,47.03979782677186,3935.940673828125,1,Test,2022-12-03,-0.0019668048460261822,0.011992254924432899,0.023854638054360056,0.0052499725234199735,0.004445649166960417,47.276960100446104,92.95235770089312,4018.282492700897,3860.8997478124966,157.38274488840034,18696.099609375,-0.006187396179402005,18634.942801339286,18372.25232514881,66.6923730289321
0.0082435047190394,3979.331298828125,3938.6119791666665,3965.4628295886855,71.03905146292787,49.058863543676566,4101.91796875,1,Test,2022-12-04,-0.010492645069984818,0.0019152634851260508,0.024355949659946585,0.005690540540168594,0.004551795859424205,7.606898716517662,94.61593191964357,4021.37878985561,3860.405815334123,160.97297452148723,18696.099609375,-0.006187396179402005,18634.942801339286,18372.25232514881,66.6923730289321
0.0421696637923265,3985.668073381697,3949.154808407738,3977.867842239714,78.0675222818642,70.23227232259366,4170.0478515625,1,Test,2022-12-05,-0.004812154226399801,-0.002942433371327269,0.02421093900696447,0.005122756838444909,0.004489874867237867,-11.762172154017208,94.21571568080435,4025.867786224061,3859.9857852045097,165.88200101955135,18701.05078125,0.00026482378562620035,18665.93582589286,18403.12620907738,64.45110329328541
0.0166092748152302,4001.917271205357,3960.606491815476,3995.338752178149,91.52777626483616,72.44303773176262,4206.3837890625,1,Test,2022-12-06,0.0030953703758098694,-0.004876378389173763,0.02563397290839342,0.004607513622797671,0.004385887660981725,-19.610491071428896,100.0211007254461,4033.1254034887334,3859.234934122873,173.89046936586055,18642.75,-0.0031175136590962937,18684.507254464286,18428.154761904763,60.77265383122569
0.0087135540870075,4029.8527483258927,3974.632905505952,4014.524664622181,105.22413618094704,75.7403080795571,4186.91064453125,0,Test,2022-12-07,0.01269596464929812,0.006220388038619351,0.030520067218227975,0.00470932840267516,0.00437763626999739,24.91228376116078,119.34884207589266,4045.351808052242,3856.6875857814625,188.66422227077965,18560.5,-0.004411902750398933,18684.18582589286,18445.188058035714,59.85973971474956
-0.004629426487874,4055.620675223214,3987.2879348028273,4030.1961173411873,114.07918014383338,73.52476403530075,4102.20703125,0,Test,2022-12-08,0.017551035498589496,0.016556327285473404,0.028747129907326086,0.004773923116620584,0.004194392730623027,66.0525948660711,113.32955496651721,4061.914441135262,3852.4933120734427,209.42112906181956,18609.349609375,0.002631912360927746,18682.942801339286,18466.728515625,63.57777488687385
-0.0202305758284777,4086.73828125,3994.377034505209,4036.74256406017,116.46447643525649,57.65955217102736,4127.28466796875,1,Test,2022-12-09,0.021195093325628855,0.02699121393926296,0.028958172710866092,0.004655024141368267,0.004344527196091965,107.406982421875,115.01388113839266,4083.632546107414,3846.9152252374515,236.71732086996235,18496.599609375,-0.006058782405979346,18645.549944196428,18489.033296130954,65.6428388623786
0.0061132060200064,4118.670375279018,4003.378208705357,4044.973664415495,119.18333778624655,58.546479311328014,4132.89013671875,1,Test,2022-12-10,0.022039918701749706,0.033370140074026056,0.03032951728893929,0.0038582409673624395,0.004483374212172568,133.0023018973211,121.2401297433039,4109.989169362017,3839.8255662685633,270.1636030934533,18496.599609375,-0.006058782405979346,18645.549944196428,18489.033296130954,65.6428388623786
0.0013581492920764,4146.806012834822,4012.2137393043154,4052.966070988518,121.67322379903467,59.21265971487206,4158.1123046875,1,Test,2022-12-11,0.02248369483089996,0.03620483178699607,0.03115190493851272,0.002271626414046944,0.004520886761938243,144.88874162946468,125.27825055803578,4138.843465367425,3833.7013483881565,305.1421169792684,18496.599609375,-0.006058782405979346,18645.549944196428,18489.033296130954,65.6428388623786
0.0061027917835665,4154.833775111607,4027.59765625,4062.524819506607,118.53626513398656,57.67267524609343,4208.0263671875,1,Test,2022-12-12,0.016662553159821902,0.031013794942664985,0.03742710082037792,0.0021640144669623908,0.004409474133892684,124.98102678571422,149.893310546875,4163.938913871016,3833.271496982779,330.66741688823686,18497.150390625,2.977743269738653e-05,18600.5,18496.054780505954,62.745013137565564
0.0120040198153694,4160.25927734375,4044.633649553572,4075.752232932143,117.48016827772578,60.77706357329378,4313.990234375,1,Test,2022-12-13,0.010097652464337914,0.025800884870668117,0.042784380050315374,0.002741783504835625,0.004318354854339556,104.63860212053578,170.69119698660688,4184.747466860259,3838.8272994622866,345.92016739797236,18608.0,0.0059927938646799905,18587.91434151786,18509.333333333332,65.77323800534502
0.0251813695878342,4175.631626674107,4067.638206845238,4097.410233063311,120.78637238629707,69.82928940316765,4296.0634765625,0,Test,2022-12-14,0.006951280997969711,0.02175166093506653,0.04932997860816224,0.0027396946630876854,0.004225539941374547,88.89334542410688,196.30032784598188,4203.184713075596,3849.4816792235106,353.70303385208535,18660.30078125,0.002810661073194387,18582.092912946428,18521.56668526786,59.62213277188672
-0.0041554933689128,4191.224888392857,4089.4577752976193,4115.469618835965,118.56762646174757,68.60630768245952,4302.490234375,1,Test,2022-12-15,0.00875874108351593,0.017616003832043425,0.0515739924214893,0.0027134122845984426,0.004148212619723916,72.55451311383877,205.55681501115987,4220.833693875136,3861.8099514931673,359.023742381969,18414.900390625,-0.013150934355333654,18549.54296875,18521.81668526786,45.67937008960527
0.0014959643514491,4219.836774553572,4103.838506789434,4132.4714929758775,125.35771961392952,81.56409012561025,4283.54931640625,0,Test,2022-12-16,0.014320621201248995,0.017611328210847432,0.054453775173263,0.002574887979650426,0.00371889256820169,73.03076171875,217.91950334821468,4241.003736110324,3873.4339696653456,367.56976644497854,18269.0,-0.00792295301794177,18507.90011160714,18518.25,38.04196760518139
-0.0044023151563298,4242.160295758928,4116.799583798364,4146.205840560457,129.32677939467322,78.69027274641994,4278.62109375,0,Test,2022-12-17,0.015932600150797338,0.02101805400024115,0.0526836985597634,0.0021976626397717395,0.0030215557995833327,87.32652064732156,212.30754743303578,4261.65293456121,3885.9504101653533,375.70252439585647,18269.0,-0.00792295301794177,18507.90011160714,18518.25,38.04196760518139
-0.0011504998057042,4262.97900390625,4129.705438523066,4158.243590850415,131.3909778689743,76.9986231581037,4305.1962890625,1,Test,2022-12-18,0.017120082416028026,0.024690703082353327,0.05112862994062506,0.0019212552365447545,0.0022608615921041195,102.7197265625,207.35832868303578,4285.025292352701,3894.646840738816,390.3784516138853,18269.0,-0.00792295301794177,18507.90011160714,18518.25,38.04196760518139
0.0062111588594091,4283.991001674107,4141.49761672247,4171.602927051514,135.63623589200415,70.52389131330739,4323.50927734375,1,Test,2022-12-19,0.015203011525800614,0.025950415335441956,0.048266540906009237,0.0017190307976024458,0.002047459163665441,108.359375,197.25272042410688,4310.56282478245,3900.335968465317,410.22685631713284,18420.44921875,0.008289956688926514,18480.91434151786,18523.62137276786,42.539972334219144
0.0042536941527555,4300.488560267857,4154.2217029389885,4185.412595259899,139.7165024949883,67.2271109293757,4266.78271484375,0,Test,2022-12-20,0.013749660654558848,0.026069627563434672,0.0441448740545356,0.0011264705778135937,0.002057610927497193,109.263671875,181.81818498883877,4336.6040831616,3904.600541559382,432.0035416022183,18385.30078125,-0.0019081205394395617,18465.014508928572,18534.352399553572,34.701733420690516
-0.0131204905231177,4293.74462890625,4166.40966796875,4192.80987885843,137.73251408270227,56.48339069115564,4182.9970703125,0,Test,2022-12-21,0.007216930923612086,0.017514387001496656,0.035434166830239366,0.0026595146484308736,0.0026556856853943377,73.90785435267844,146.93861607142844,4358.09142519029,3910.3348861936383,447.7565389966512,18199.099609375,-0.01012771964355863,18422.43582589286,18532.20479910714,27.30336900011129
-0.0196367263417861,4277.59228515625,4174.812616257441,4191.917805354255,132.7850501357827,49.63087140139914,4201.6962890625,1,Test,2022-12-22,-0.001493634443993086,0.008352345721764465,0.02954594977541447,0.003969103395126369,0.003395526399592869,35.43198939732156,122.75851004464312,4371.784753084055,3923.906740359024,447.87801272503157,18127.349609375,-0.003942502735851727,18353.771484375,18525.542875744046,28.236368582643507
0.0044702920981494,4263.193150111607,4189.922735305059,4192.80675841864,114.9383724738184,60.71838886971745,4128.298828125,0,Test,2022-12-23,-0.008672365856480013,5.0233933866605796e-05,0.0247421773273655,0.004164031000222594,0.0036998078611575943,0.214146205356883,102.93387276785688,4378.062347059881,3944.9916533586447,433.07069370123645,17806.80078125,-0.01768316025411787,18231.842912946428,18493.290550595237,22.43797195253505
-0.0174685307761444,4241.014508928572,4200.61505998884,4186.942401119219,95.84470455809456,50.09895687919448,4030.114501953125,0,Test,2022-12-24,-0.012280683770220069,-0.010031882123174629,0.01565820170457477,0.004438630777609211,0.004026325412789163,-42.976492745535325,65.38288225446468,4375.878188572077,3973.344132856494,402.53405571558324,17806.80078125,-0.01768316025411787,18231.842912946428,18493.290550595237,22.43797195253505
-0.0237832410539109,4205.513567243303,4205.099527994792,4172.685319376847,84.35630916484008,41.50620415585024,4018.51806640625,0,Test,2022-12-25,-0.016850301082472985,-0.022084698446131368,0.0034091892539618307,0.004799425787754513,0.004653462024215724,-94.97499302455344,14.288678850446558,4366.393423956347,4004.8134468583858,361.5799770979611,17806.80078125,-0.01768316025411787,18231.842912946428,18493.290550595237,22.43797195253505
-0.0028774456758623,4164.559535435268,4201.12810407366,4158.670114561338,91.14678523991545,38.19755388092075,4039.005615234375,1,Test,2022-12-26,-0.023136088655461573,-0.03008681340787822,-0.013099378500049053,0.004499691155678991,0.005452964495376165,-129.18509347098188,-55.27723911830344,4353.098397296708,4034.372699941015,318.7256973556928,18014.599609375,0.011669632893506865,18174.657087053572,18469.56910342262,32.27314567291528
0.0050982846137723,4123.916155133928,4194.887997581845,4147.791523713432,97.63573397406849,34.96127954539037,4028.955078125,0,Test,2022-12-27,-0.02761092977826818,-0.03592584794852838,-0.02787356732917745,0.0033152066928250684,0.006046925688493116,-153.67613002232156,-118.244140625,4342.228212432869,4054.649225485657,287.57898694721234,18132.30078125,0.006533654614990558,18155.12862723214,18449.07152157738,38.1529602739045
-0.0024883691845998,4089.9407784598216,4186.439011346726,4136.98821047812,104.05700811919972,19.419360111142893,4024.84814453125,0,Test,2022-12-28,-0.027481254533019972,-0.04063910912580859,-0.04059091665426229,0.0027508104589164923,0.0062317462602263455,-173.25237165178532,-173.03822544642844,4337.439793313748,4062.869654928439,274.57013838530884,18122.5,-0.0005405150382313817,18112.564453125,18425.47386532738,36.23279976758905
-0.0010193545259534,4067.348074776786,4178.721749441965,4126.793659028404,109.8676307693177,20.01281658143874,4019.001220703125,0,Test,2022-12-29,-0.023342555156513622,-0.04094926668752663,-0.050570350594261515,0.002481073736363833,0.0061282884414385315,-173.66643415178578,-216.6429268973211,4340.069392544992,4058.3010350498735,281.76835749511883,18191.0,0.00377983170092433,18084.807198660714,18398.457217261905,41.13639015812843
-0.0014527066905789,4041.248779296875,4174.759567987351,4116.994346453379,114.18064514146384,18.61552408140274,3957.152587890625,0,Test,2022-12-30,-0.020045843011172626,-0.03905938842425449,-0.060281472055545904,0.0019015296103550884,0.005643471625981948,-164.26478794642844,-259.2397809709819,4349.170693372316,4041.4575746243354,307.71311874798084,18105.30078125,-0.00471107793689185,18071.407366071428,18364.781063988095,39.169733749499315
